
> @haiyue/native-led-sudoku@0.1.0 build:ios
> node scripts/ios.mjs build ios --for-device

Canvas binding patch: {
  version: '2.1.18',
  queueSha256: 'a38a58942c488ccece244424b1c4e91c8f3e257dd201b85dd63871988ff30369',
  file: 'WebGPU/GPURenderPassEncoder.js',
  sha256: '7a14f279e042bb748781c10a6c56a6122931525f56943096815fb1143b583cf7'
}
Preparing project...
assets by status 7.26 MiB [1m[33m[compared for emit][39m[22m
  assets by path [1m[32micons/*.png[39m[22m 7.63 KiB
    asset [1m[32micons/settings.png[39m[22m 1.82 KiB [1m[33m[compared for emit][39m[22m [from: src/icons/settings.png] [1m[32m[copied][39m[22m
    asset [1m[32micons/help.png[39m[22m 1.39 KiB [1m[33m[compared for emit][39m[22m [from: src/icons/help.png] [1m[32m[copied][39m[22m
    asset [1m[32micons/hint.png[39m[22m 1.21 KiB [1m[33m[compared for emit][39m[22m [from: src/icons/hint.png] [1m[32m[copied][39m[22m
    + 4 assets
  assets by path [1m[32m*.mjs[39m[22m 7.13 MiB
    asset [1m[32mvendor.mjs[39m[22m 7.12 MiB [1m[33m[compared for emit][39m[22m [javascript module] (name: vendor) (id hint: vendor) 1 related asset
    asset [1m[32mruntime.mjs[39m[22m 6.24 KiB [1m[33m[compared for emit][39m[22m [javascript module] (name: runtime) 1 related asset
  asset [1m[32mbranding/haiyue-moon.png[39m[22m 127 KiB [1m[33m[compared for emit][39m[22m [from: ../../bridge/branding/assets/haiyue-moon.png] [1m[32m[copied][39m[22m
  asset [1m[32mtns_modules/inspector_modules.mjs[39m[22m 778 bytes [1m[33m[compared for emit][39m[22m [javascript module] (name: tns_modules/inspector_modules) 1 related asset
assets by status 541 KiB [1m[32m[emitted][39m[22m
  asset [1m[32mbundle.mjs[39m[22m 428 KiB [1m[32m[emitted][39m[22m [javascript module] (name: bundle) 1 related asset
  asset [1m[32msrc_generator_worker_ts.mjs[39m[22m 113 KiB [1m[32m[emitted][39m[22m [javascript module] 1 related asset
  asset [1m[32micons/back.png[39m[22m 380 bytes [1m[32m[emitted][39m[22m [from: src/icons/back.png] [1m[32m[copied][39m[22m
Entrypoint [1mbundle[39m[22m 7.55 MiB (8.14 MiB) = [1m[32mruntime.mjs[39m[22m 6.24 KiB [1m[32mvendor.mjs[39m[22m 7.12 MiB [1m[32mbundle.mjs[39m[22m 428 KiB 3 auxiliary assets
Entrypoint [1mtns_modules/inspector_modules[39m[22m 7.13 MiB (7.46 MiB) = [1m[32mruntime.mjs[39m[22m 6.24 KiB [1m[32mvendor.mjs[39m[22m 7.12 MiB [1m[32mtns_modules/inspector_modules.mjs[39m[22m 778 bytes 3 auxiliary assets
orphan modules 1.24 MiB [1m[33m[orphan][39m[22m 30 modules
runtime modules 3.82 KiB 11 modules
modules by path [1m./node_modules/[39m[22m 6.22 MiB 671 modules
modules by path [1m../../[39m[22m 256 KiB
  javascript modules 243 KiB 42 modules
  json modules 12.3 KiB
    [1m../../../Games/games/led-sudoku/evidence/hints/little-killer-45-stalled.json[39m[22m 2.58 KiB [1m[33m[built][39m[22m [1m[33m[code generated][39m[22m
    + 5 modules
modules by path [1m./src/[39m[22m 95.4 KiB
  modules by path [1m./src/*.ts[39m[22m 88.7 KiB
    [1m./src/app.ts[39m[22m 988 bytes [1m[33m[built][39m[22m [1m[33m[code generated][39m[22m
    + 16 modules
  [1m./src/ sync \.(xml%7Cjs%7C(%3F<%21\.d\.)ts%7Cs%3Fcss)$[39m[22m 547 bytes [1m[33m[built][39m[22m [1m[33m[code generated][39m[22m
  [1m./src/app.css[39m[22m 6.15 KiB [1m[33m[built][39m[22m [1m[33m[code generated][39m[22m
[1mexternal "~/package.json"[39m[22m 42 bytes [1m[33m[built][39m[22m [1m[33m[code generated][39m[22m
webpack 5.110.3 compiled [1m[32msuccessfully[39m[22m in 6910 ms
Webpack compilation complete.
Updating runtime package.json with configuration values...
Project successfully prepared (ios)
Building project...
Searching for devices...
Xcode build...
In file included from /Users/qingque/Desktop/HaiyueStudio/Native/examples/led-sudoku/node_modules/@nativescript/canvas/platforms/ios/src/cpp/webgl/WebGLShaderPrecisionFormatImpl.cpp:5:
In file included from /Users/qingque/Desktop/HaiyueStudio/Native/examples/led-sudoku/node_modules/@nativescript/canvas/platforms/ios/src/cpp/webgl/WebGLShaderPrecisionFormatImpl.h:8:
/Users/qingque/Desktop/HaiyueStudio/Native/examples/led-sudoku/node_modules/@nativescript/canvas/platforms/ios/src/cpp/Helpers.h:63:13: warning: unused function 'LogToConsole' [-Wunused-function]
   63 | static void LogToConsole(const std::string &message) {
      |             ^~~~~~~~~~~~
/Users/qingque/Desktop/HaiyueStudio/Native/examples/led-sudoku/node_modules/@nativescript/canvas/platforms/ios/src/cpp/Helpers.h:160:13: warning: unused function 'SetFastMethod' [-Wunused-function]
  160 | static void SetFastMethod(v8::Isolate *isolate,
      |             ^~~~~~~~~~~~~
/Users/qingque/Desktop/HaiyueStudio/Native/examples/led-sudoku/node_modules/@nativescript/canvas/platforms/ios/src/cpp/Helpers.h:185:13: warning: unused function 'SetFastMethodWithOverLoads' [-Wunused-function]
  185 | static void SetFastMethodWithOverLoads(v8::Isolate *isolate,
      |             ^~~~~~~~~~~~~~~~~~~~~~~~~~
/Users/qingque/Desktop/HaiyueStudio/Native/examples/led-sudoku/node_modules/@nativescript/canvas/platforms/ios/src/cpp/Helpers.h:210:13: warning: unused function 'SetFastMethod' [-Wunused-function]
  210 | static void SetFastMethod(v8::Local<v8::Context> context,
      |             ^~~~~~~~~~~~~
/Users/qingque/Desktop/HaiyueStudio/Native/examples/led-sudoku/node_modules/@nativescript/canvas/platforms/ios/src/cpp/Helpers.h:234:13: warning: unused function 'SetFastMethodNoSideEffect' [-Wunused-function]
  234 | static void SetFastMethodNoSideEffect(v8::Local<v8::Context> context,
      |             ^~~~~~~~~~~~~~~~~~~~~~~~~
/Users/qingque/Desktop/HaiyueStudio/Native/examples/led-sudoku/node_modules/@nativescript/canvas/platforms/ios/src/cpp/Helpers.h:258:13: warning: unused function 'SetFastMethodNoSideEffect' [-Wunused-function]
  258 | static void SetFastMethodNoSideEffect(v8::Isolate *isolate,
      |             ^~~~~~~~~~~~~~~~~~~~~~~~~
6 warnings generated.
/Users/qingque/Desktop/HaiyueStudio/Native/examples/led-sudoku/node_modules/@nativescript/canvas/platforms/ios/src/cpp/webgl/WebGLRenderingContextBase.cpp:84:10: warning: unused variable 'raf' [-Wunused-variable]
   84 |     auto raf = this->GetRaf();
      |          ^~~
In file included from /Users/qingque/Desktop/HaiyueStudio/Native/examples/led-sudoku/node_modules/@nativescript/canvas/platforms/ios/src/cpp/webgl/WebGLRenderingContextBase.cpp:5:
In file included from /Users/qingque/Desktop/HaiyueStudio/Native/examples/led-sudoku/node_modules/@nativescript/canvas/platforms/ios/src/cpp/webgl/WebGLRenderingContextBase.h:12:
/Users/qingque/Desktop/HaiyueStudio/Native/examples/led-sudoku/node_modules/@nativescript/canvas/platforms/ios/src/cpp/Helpers.h:63:13: warning: unused function 'LogToConsole' [-Wunused-function]
   63 | static void LogToConsole(const std::string &message) {
      |             ^~~~~~~~~~~~
/Users/qingque/Desktop/HaiyueStudio/Native/examples/led-sudoku/node_modules/@nativescript/canvas/platforms/ios/src/cpp/Helpers.h:160:13: warning: unused function 'SetFastMethod' [-Wunused-function]
  160 | static void SetFastMethod(v8::Isolate *isolate,
      |             ^~~~~~~~~~~~~
/Users/qingque/Desktop/HaiyueStudio/Native/examples/led-sudoku/node_modules/@nativescript/canvas/platforms/ios/src/cpp/Helpers.h:185:13: warning: unused function 'SetFastMethodWithOverLoads' [-Wunused-function]
  185 | static void SetFastMethodWithOverLoads(v8::Isolate *isolate,
      |             ^~~~~~~~~~~~~~~~~~~~~~~~~~
/Users/qingque/Desktop/HaiyueStudio/Native/examples/led-sudoku/node_modules/@nativescript/canvas/platforms/ios/src/cpp/Helpers.h:210:13: warning: unused function 'SetFastMethod' [-Wunused-function]
  210 | static void SetFastMethod(v8::Local<v8::Context> context,
      |             ^~~~~~~~~~~~~
/Users/qingque/Desktop/HaiyueStudio/Native/examples/led-sudoku/node_modules/@nativescript/canvas/platforms/ios/src/cpp/Helpers.h:234:13: warning: unused function 'SetFastMethodNoSideEffect' [-Wunused-function]
  234 | static void SetFastMethodNoSideEffect(v8::Local<v8::Context> context,
      |             ^~~~~~~~~~~~~~~~~~~~~~~~~
/Users/qingque/Desktop/HaiyueStudio/Native/examples/led-sudoku/node_modules/@nativescript/canvas/platforms/ios/src/cpp/Helpers.h:258:13: warning: unused function 'SetFastMethodNoSideEffect' [-Wunused-function]
  258 | static void SetFastMethodNoSideEffect(v8::Isolate *isolate,
      |             ^~~~~~~~~~~~~~~~~~~~~~~~~
7 warnings generated.
In file included from /Users/qingque/Desktop/HaiyueStudio/Native/examples/led-sudoku/node_modules/@nativescript/canvas/platforms/ios/src/cpp/webgl/WebGLRenderingContext.cpp:5:
In file included from /Users/qingque/Desktop/HaiyueStudio/Native/examples/led-sudoku/node_modules/@nativescript/canvas/platforms/ios/src/cpp/webgl/WebGLRenderingContext.h:32:
/Users/qingque/Desktop/HaiyueStudio/Native/examples/led-sudoku/node_modules/@nativescript/canvas/platforms/ios/src/cpp/webgl/extensions/EXT_blend_minmaxImpl.h:23:9: warning: ignoring return value of function declared with 'warn_unused_result' attribute [-Wunused-result]
   23 |         object->Set(context, ConvertToV8String(isolate, "ext_name"),
      |         ^~~~~~~~~~~ ~~~~~~~~~~~~~~~~~~~~~~~~~~~~~~~~~~~~~~~~~~~~~~~~
   24 |                     ConvertToV8String(isolate, "EXT_blend_minmax"));
      |                     ~~~~~~~~~~~~~~~~~~~~~~~~~~~~~~~~~~~~~~~~~~~~~~
In file included from /Users/qingque/Desktop/HaiyueStudio/Native/examples/led-sudoku/node_modules/@nativescript/canvas/platforms/ios/src/cpp/webgl/WebGLRenderingContext.cpp:5:
In file included from /Users/qingque/Desktop/HaiyueStudio/Native/examples/led-sudoku/node_modules/@nativescript/canvas/platforms/ios/src/cpp/webgl/WebGLRenderingContext.h:33:
/Users/qingque/Desktop/HaiyueStudio/Native/examples/led-sudoku/node_modules/@nativescript/canvas/platforms/ios/src/cpp/webgl/extensions/EXT_color_buffer_half_floatImpl.h:23:9: warning: ignoring return value of function declared with 'warn_unused_result' attribute [-Wunused-result]
   23 |         object->Set(context, ConvertToV8String(isolate, "ext_name"),
      |         ^~~~~~~~~~~ ~~~~~~~~~~~~~~~~~~~~~~~~~~~~~~~~~~~~~~~~~~~~~~~~
   24 |                     ConvertToV8String(isolate, "EXT_color_buffer_half_float"));
      |                     ~~~~~~~~~~~~~~~~~~~~~~~~~~~~~~~~~~~~~~~~~~~~~~~~~~~~~~~~~
In file included from /Users/qingque/Desktop/HaiyueStudio/Native/examples/led-sudoku/node_modules/@nativescript/canvas/platforms/ios/src/cpp/webgl/WebGLRenderingContext.cpp:5:
In file included from /Users/qingque/Desktop/HaiyueStudio/Native/examples/led-sudoku/node_modules/@nativescript/canvas/platforms/ios/src/cpp/webgl/WebGLRenderingContext.h:34:
/Users/qingque/Desktop/HaiyueStudio/Native/examples/led-sudoku/node_modules/@nativescript/canvas/platforms/ios/src/cpp/webgl/extensions/EXT_disjoint_timer_queryImpl.h:33:9: warning: ignoring return value of function declared with 'warn_unused_result' attribute [-Wunused-result]
   33 |         object->Set(context, ConvertToV8String(isolate, "ext_name"),
      |         ^~~~~~~~~~~ ~~~~~~~~~~~~~~~~~~~~~~~~~~~~~~~~~~~~~~~~~~~~~~~~
   34 |                     ConvertToV8String(isolate, "EXT_disjoint_timer_query"));
      |                     ~~~~~~~~~~~~~~~~~~~~~~~~~~~~~~~~~~~~~~~~~~~~~~~~~~~~~~
In file included from /Users/qingque/Desktop/HaiyueStudio/Native/examples/led-sudoku/node_modules/@nativescript/canvas/platforms/ios/src/cpp/webgl/WebGLRenderingContext.cpp:5:
In file included from /Users/qingque/Desktop/HaiyueStudio/Native/examples/led-sudoku/node_modules/@nativescript/canvas/platforms/ios/src/cpp/webgl/WebGLRenderingContext.h:51:
/Users/qingque/Desktop/HaiyueStudio/Native/examples/led-sudoku/node_modules/@nativescript/canvas/platforms/ios/src/cpp/webgl/extensions/WEBGL_compressed_texture_s3tc_srgbImpl.h:58:9: warning: ignoring return value of function declared with 'warn_unused_result' attribute [-Wunused-result]
   58 |         object->Set(context, ConvertToV8String(isolate, "ext_name"),
      |         ^~~~~~~~~~~ ~~~~~~~~~~~~~~~~~~~~~~~~~~~~~~~~~~~~~~~~~~~~~~~~
   59 |                     ConvertToV8String(isolate, "WEBGL_compressed_texture_s3tc_srgb"));
      |                     ~~~~~~~~~~~~~~~~~~~~~~~~~~~~~~~~~~~~~~~~~~~~~~~~~~~~~~~~~~~~~~~~
In file included from /Users/qingque/Desktop/HaiyueStudio/Native/examples/led-sudoku/node_modules/@nativescript/canvas/platforms/ios/src/cpp/webgl/WebGLRenderingContext.cpp:5:
/Users/qingque/Desktop/HaiyueStudio/Native/examples/led-sudoku/node_modules/@nativescript/canvas/platforms/ios/src/cpp/webgl/WebGLRenderingContext.h:1801:16: warning: implicit conversion loses integer precision: 'uintptr_t' (aka 'unsigned long') to 'int32_t' (aka 'int') [-Wshorten-64-to-32]
 1801 |         return canvas_native_webgl_get_vertex_attrib_offset(
      |         ~~~~~~ ^~~~~~~~~~~~~~~~~~~~~~~~~~~~~~~~~~~~~~~~~~~~~
 1802 |                 index,
      |                 ~~~~~~
 1803 |                 pname,
      |                 ~~~~~~
 1804 |                 ptr->GetState());
      |                 ~~~~~~~~~~~~~~~~
In file included from /Users/qingque/Desktop/HaiyueStudio/Native/examples/led-sudoku/node_modules/@nativescript/canvas/platforms/ios/src/cpp/webgl/WebGLRenderingContext.cpp:5:
In file included from /Users/qingque/Desktop/HaiyueStudio/Native/examples/led-sudoku/node_modules/@nativescript/canvas/platforms/ios/src/cpp/webgl/WebGLRenderingContext.h:11:
In file included from /Users/qingque/Desktop/HaiyueStudio/Native/examples/led-sudoku/node_modules/@nativescript/canvas/platforms/ios/src/cpp/webgl/WebGLRenderingContextBase.h:12:
/Users/qingque/Desktop/HaiyueStudio/Native/examples/led-sudoku/node_modules/@nativescript/canvas/platforms/ios/src/cpp/Helpers.h:63:13: warning: unused function 'LogToConsole' [-Wunused-function]
   63 | static void LogToConsole(const std::string &message) {
      |             ^~~~~~~~~~~~
/Users/qingque/Desktop/HaiyueStudio/Native/examples/led-sudoku/node_modules/@nativescript/canvas/platforms/ios/src/cpp/Helpers.h:210:13: warning: unused function 'SetFastMethod' [-Wunused-function]
  210 | static void SetFastMethod(v8::Local<v8::Context> context,
      |             ^~~~~~~~~~~~~
/Users/qingque/Desktop/HaiyueStudio/Native/examples/led-sudoku/node_modules/@nativescript/canvas/platforms/ios/src/cpp/Helpers.h:234:13: warning: unused function 'SetFastMethodNoSideEffect' [-Wunused-function]
  234 | static void SetFastMethodNoSideEffect(v8::Local<v8::Context> context,
      |             ^~~~~~~~~~~~~~~~~~~~~~~~~
/Users/qingque/Desktop/HaiyueStudio/Native/examples/led-sudoku/node_modules/@nativescript/canvas/platforms/ios/src/cpp/Helpers.h:258:13: warning: unused function 'SetFastMethodNoSideEffect' [-Wunused-function]
  258 | static void SetFastMethodNoSideEffect(v8::Isolate *isolate,
      |             ^~~~~~~~~~~~~~~~~~~~~~~~~
9 warnings generated.
In file included from /Users/qingque/Desktop/HaiyueStudio/Native/examples/led-sudoku/node_modules/@nativescript/canvas/platforms/ios/src/cpp/webgl/WebGLActiveInfoImpl.cpp:5:
In file included from /Users/qingque/Desktop/HaiyueStudio/Native/examples/led-sudoku/node_modules/@nativescript/canvas/platforms/ios/src/cpp/webgl/WebGLActiveInfoImpl.h:7:
/Users/qingque/Desktop/HaiyueStudio/Native/examples/led-sudoku/node_modules/@nativescript/canvas/platforms/ios/src/cpp/Helpers.h:63:13: warning: unused function 'LogToConsole' [-Wunused-function]
   63 | static void LogToConsole(const std::string &message) {
      |             ^~~~~~~~~~~~
/Users/qingque/Desktop/HaiyueStudio/Native/examples/led-sudoku/node_modules/@nativescript/canvas/platforms/ios/src/cpp/Helpers.h:160:13: warning: unused function 'SetFastMethod' [-Wunused-function]
  160 | static void SetFastMethod(v8::Isolate *isolate,
      |             ^~~~~~~~~~~~~
/Users/qingque/Desktop/HaiyueStudio/Native/examples/led-sudoku/node_modules/@nativescript/canvas/platforms/ios/src/cpp/Helpers.h:185:13: warning: unused function 'SetFastMethodWithOverLoads' [-Wunused-function]
  185 | static void SetFastMethodWithOverLoads(v8::Isolate *isolate,
      |             ^~~~~~~~~~~~~~~~~~~~~~~~~~
/Users/qingque/Desktop/HaiyueStudio/Native/examples/led-sudoku/node_modules/@nativescript/canvas/platforms/ios/src/cpp/Helpers.h:210:13: warning: unused function 'SetFastMethod' [-Wunused-function]
  210 | static void SetFastMethod(v8::Local<v8::Context> context,
      |             ^~~~~~~~~~~~~
/Users/qingque/Desktop/HaiyueStudio/Native/examples/led-sudoku/node_modules/@nativescript/canvas/platforms/ios/src/cpp/Helpers.h:234:13: warning: unused function 'SetFastMethodNoSideEffect' [-Wunused-function]
  234 | static void SetFastMethodNoSideEffect(v8::Local<v8::Context> context,
      |             ^~~~~~~~~~~~~~~~~~~~~~~~~
/Users/qingque/Desktop/HaiyueStudio/Native/examples/led-sudoku/node_modules/@nativescript/canvas/platforms/ios/src/cpp/Helpers.h:258:13: warning: unused function 'SetFastMethodNoSideEffect' [-Wunused-function]
  258 | static void SetFastMethodNoSideEffect(v8::Isolate *isolate,
      |             ^~~~~~~~~~~~~~~~~~~~~~~~~
6 warnings generated.
In file included from /Users/qingque/Desktop/HaiyueStudio/Native/examples/led-sudoku/node_modules/@nativescript/canvas/platforms/ios/src/cpp/webgl2/WebGL2RenderingContext.cpp:5:
In file included from /Users/qingque/Desktop/HaiyueStudio/Native/examples/led-sudoku/node_modules/@nativescript/canvas/platforms/ios/src/cpp/webgl2/WebGL2RenderingContext.h:15:
In file included from /Users/qingque/Desktop/HaiyueStudio/Native/examples/led-sudoku/node_modules/@nativescript/canvas/platforms/ios/src/cpp/webgl/WebGLRenderingContext.h:32:
/Users/qingque/Desktop/HaiyueStudio/Native/examples/led-sudoku/node_modules/@nativescript/canvas/platforms/ios/src/cpp/webgl/extensions/EXT_blend_minmaxImpl.h:23:9: warning: ignoring return value of function declared with 'warn_unused_result' attribute [-Wunused-result]
   23 |         object->Set(context, ConvertToV8String(isolate, "ext_name"),
      |         ^~~~~~~~~~~ ~~~~~~~~~~~~~~~~~~~~~~~~~~~~~~~~~~~~~~~~~~~~~~~~
   24 |                     ConvertToV8String(isolate, "EXT_blend_minmax"));
      |                     ~~~~~~~~~~~~~~~~~~~~~~~~~~~~~~~~~~~~~~~~~~~~~~
In file included from /Users/qingque/Desktop/HaiyueStudio/Native/examples/led-sudoku/node_modules/@nativescript/canvas/platforms/ios/src/cpp/webgl2/WebGL2RenderingContext.cpp:5:
In file included from /Users/qingque/Desktop/HaiyueStudio/Native/examples/led-sudoku/node_modules/@nativescript/canvas/platforms/ios/src/cpp/webgl2/WebGL2RenderingContext.h:15:
In file included from /Users/qingque/Desktop/HaiyueStudio/Native/examples/led-sudoku/node_modules/@nativescript/canvas/platforms/ios/src/cpp/webgl/WebGLRenderingContext.h:33:
/Users/qingque/Desktop/HaiyueStudio/Native/examples/led-sudoku/node_modules/@nativescript/canvas/platforms/ios/src/cpp/webgl/extensions/EXT_color_buffer_half_floatImpl.h:23:9: warning: ignoring return value of function declared with 'warn_unused_result' attribute [-Wunused-result]
   23 |         object->Set(context, ConvertToV8String(isolate, "ext_name"),
      |         ^~~~~~~~~~~ ~~~~~~~~~~~~~~~~~~~~~~~~~~~~~~~~~~~~~~~~~~~~~~~~
   24 |                     ConvertToV8String(isolate, "EXT_color_buffer_half_float"));
      |                     ~~~~~~~~~~~~~~~~~~~~~~~~~~~~~~~~~~~~~~~~~~~~~~~~~~~~~~~~~
In file included from /Users/qingque/Desktop/HaiyueStudio/Native/examples/led-sudoku/node_modules/@nativescript/canvas/platforms/ios/src/cpp/webgl2/WebGL2RenderingContext.cpp:5:
In file included from /Users/qingque/Desktop/HaiyueStudio/Native/examples/led-sudoku/node_modules/@nativescript/canvas/platforms/ios/src/cpp/webgl2/WebGL2RenderingContext.h:15:
In file included from /Users/qingque/Desktop/HaiyueStudio/Native/examples/led-sudoku/node_modules/@nativescript/canvas/platforms/ios/src/cpp/webgl/WebGLRenderingContext.h:34:
/Users/qingque/Desktop/HaiyueStudio/Native/examples/led-sudoku/node_modules/@nativescript/canvas/platforms/ios/src/cpp/webgl/extensions/EXT_disjoint_timer_queryImpl.h:33:9: warning: ignoring return value of function declared with 'warn_unused_result' attribute [-Wunused-result]
   33 |         object->Set(context, ConvertToV8String(isolate, "ext_name"),
      |         ^~~~~~~~~~~ ~~~~~~~~~~~~~~~~~~~~~~~~~~~~~~~~~~~~~~~~~~~~~~~~
   34 |                     ConvertToV8String(isolate, "EXT_disjoint_timer_query"));
      |                     ~~~~~~~~~~~~~~~~~~~~~~~~~~~~~~~~~~~~~~~~~~~~~~~~~~~~~~
In file included from /Users/qingque/Desktop/HaiyueStudio/Native/examples/led-sudoku/node_modules/@nativescript/canvas/platforms/ios/src/cpp/webgl2/WebGL2RenderingContext.cpp:5:
In file included from /Users/qingque/Desktop/HaiyueStudio/Native/examples/led-sudoku/node_modules/@nativescript/canvas/platforms/ios/src/cpp/webgl2/WebGL2RenderingContext.h:15:
In file included from /Users/qingque/Desktop/HaiyueStudio/Native/examples/led-sudoku/node_modules/@nativescript/canvas/platforms/ios/src/cpp/webgl/WebGLRenderingContext.h:51:
/Users/qingque/Desktop/HaiyueStudio/Native/examples/led-sudoku/node_modules/@nativescript/canvas/platforms/ios/src/cpp/webgl/extensions/WEBGL_compressed_texture_s3tc_srgbImpl.h:58:9: warning: ignoring return value of function declared with 'warn_unused_result' attribute [-Wunused-result]
   58 |         object->Set(context, ConvertToV8String(isolate, "ext_name"),
      |         ^~~~~~~~~~~ ~~~~~~~~~~~~~~~~~~~~~~~~~~~~~~~~~~~~~~~~~~~~~~~~
   59 |                     ConvertToV8String(isolate, "WEBGL_compressed_texture_s3tc_srgb"));
      |                     ~~~~~~~~~~~~~~~~~~~~~~~~~~~~~~~~~~~~~~~~~~~~~~~~~~~~~~~~~~~~~~~~
In file included from /Users/qingque/Desktop/HaiyueStudio/Native/examples/led-sudoku/node_modules/@nativescript/canvas/platforms/ios/src/cpp/webgl2/WebGL2RenderingContext.cpp:5:
In file included from /Users/qingque/Desktop/HaiyueStudio/Native/examples/led-sudoku/node_modules/@nativescript/canvas/platforms/ios/src/cpp/webgl2/WebGL2RenderingContext.h:15:
/Users/qingque/Desktop/HaiyueStudio/Native/examples/led-sudoku/node_modules/@nativescript/canvas/platforms/ios/src/cpp/webgl/WebGLRenderingContext.h:1801:16: warning: implicit conversion loses integer precision: 'uintptr_t' (aka 'unsigned long') to 'int32_t' (aka 'int') [-Wshorten-64-to-32]
 1801 |         return canvas_native_webgl_get_vertex_attrib_offset(
      |         ~~~~~~ ^~~~~~~~~~~~~~~~~~~~~~~~~~~~~~~~~~~~~~~~~~~~~
 1802 |                 index,
      |                 ~~~~~~
 1803 |                 pname,
      |                 ~~~~~~
 1804 |                 ptr->GetState());
      |                 ~~~~~~~~~~~~~~~~
/Users/qingque/Desktop/HaiyueStudio/Native/examples/led-sudoku/node_modules/@nativescript/canvas/platforms/ios/src/cpp/webgl2/WebGL2RenderingContext.cpp:489:10: warning: unused variable 'isolate' [-Wunused-variable]
  489 |     auto isolate = args.GetIsolate();
      |          ^~~~~~~
/Users/qingque/Desktop/HaiyueStudio/Native/examples/led-sudoku/node_modules/@nativescript/canvas/platforms/ios/src/cpp/webgl2/WebGL2RenderingContext.cpp:979:10: warning: unused variable 'isolate' [-Wunused-variable]
  979 |     auto isolate = args.GetIsolate();
      |          ^~~~~~~
/Users/qingque/Desktop/HaiyueStudio/Native/examples/led-sudoku/node_modules/@nativescript/canvas/platforms/ios/src/cpp/webgl2/WebGL2RenderingContext.cpp:1001:10: warning: unused variable 'isolate' [-Wunused-variable]
 1001 |     auto isolate = args.GetIsolate();
      |          ^~~~~~~
/Users/qingque/Desktop/HaiyueStudio/Native/examples/led-sudoku/node_modules/@nativescript/canvas/platforms/ios/src/cpp/webgl2/WebGL2RenderingContext.cpp:1025:10: warning: unused variable 'isolate' [-Wunused-variable]
 1025 |     auto isolate = args.GetIsolate();
      |          ^~~~~~~
/Users/qingque/Desktop/HaiyueStudio/Native/examples/led-sudoku/node_modules/@nativescript/canvas/platforms/ios/src/cpp/webgl2/WebGL2RenderingContext.cpp:1049:10: warning: unused variable 'isolate' [-Wunused-variable]
 1049 |     auto isolate = args.GetIsolate();
      |          ^~~~~~~
/Users/qingque/Desktop/HaiyueStudio/Native/examples/led-sudoku/node_modules/@nativescript/canvas/platforms/ios/src/cpp/webgl2/WebGL2RenderingContext.cpp:1073:10: warning: unused variable 'isolate' [-Wunused-variable]
 1073 |     auto isolate = args.GetIsolate();
      |          ^~~~~~~
/Users/qingque/Desktop/HaiyueStudio/Native/examples/led-sudoku/node_modules/@nativescript/canvas/platforms/ios/src/cpp/webgl2/WebGL2RenderingContext.cpp:1216:10: warning: unused variable 'isolate' [-Wunused-variable]
 1216 |     auto isolate = args.GetIsolate();
      |          ^~~~~~~
/Users/qingque/Desktop/HaiyueStudio/Native/examples/led-sudoku/node_modules/@nativescript/canvas/platforms/ios/src/cpp/webgl2/WebGL2RenderingContext.cpp:1436:25: warning: ignoring return value of function declared with 'warn_unused_result' attribute [-Wunused-result]
 1436 |                         array->Set(
      |                         ^~~~~~~~~~
 1437 |                                    context, j,
      |                                    ~~~~~~~~~~~
 1438 |                                    v8::Integer::NewFromUnsigned(isolate, item));
      |                                    ~~~~~~~~~~~~~~~~~~~~~~~~~~~~~~~~~~~~~~~~~~~
/Users/qingque/Desktop/HaiyueStudio/Native/examples/led-sudoku/node_modules/@nativescript/canvas/platforms/ios/src/cpp/webgl2/WebGL2RenderingContext.cpp:1458:25: warning: ignoring return value of function declared with 'warn_unused_result' attribute [-Wunused-result]
 1458 |                         array->Set(
      |                         ^~~~~~~~~~
 1459 |                                    context, j,
      |                                    ~~~~~~~~~~~
 1460 |                                    v8::Integer::New(isolate, item));
      |                                    ~~~~~~~~~~~~~~~~~~~~~~~~~~~~~~~
/Users/qingque/Desktop/HaiyueStudio/Native/examples/led-sudoku/node_modules/@nativescript/canvas/platforms/ios/src/cpp/webgl2/WebGL2RenderingContext.cpp:1479:25: warning: ignoring return value of function declared with 'warn_unused_result' attribute [-Wunused-result]
 1479 |                         array->Set(
      |                         ^~~~~~~~~~
 1480 |                                    context, j,
      |                                    ~~~~~~~~~~~
 1481 |                                    v8::Boolean::New(isolate, item));
      |                                    ~~~~~~~~~~~~~~~~~~~~~~~~~~~~~~~
/Users/qingque/Desktop/HaiyueStudio/Native/examples/led-sudoku/node_modules/@nativescript/canvas/platforms/ios/src/cpp/webgl2/WebGL2RenderingContext.cpp:1560:10: warning: unused variable 'context' [-Wunused-variable]
 1560 |     auto context = isolate->GetCurrentContext();
      |          ^~~~~~~
/Users/qingque/Desktop/HaiyueStudio/Native/examples/led-sudoku/node_modules/@nativescript/canvas/platforms/ios/src/cpp/webgl2/WebGL2RenderingContext.cpp:1610:89: warning: implicit conversion loses integer precision: 'intptr_t' (aka 'long') to 'uint32_t' (aka 'unsigned int') [-Wshorten-64-to-32]
 1610 |                                       WebGLBuffer::NewInstance(isolate, new WebGLBuffer(buffer)));
      |                                                                             ~~~~~~~~~~~ ^~~~~~
/Users/qingque/Desktop/HaiyueStudio/Native/examples/led-sudoku/node_modules/@nativescript/canvas/platforms/ios/src/cpp/webgl2/WebGL2RenderingContext.cpp:1976:10: warning: unused variable 'context' [-Wunused-variable]
 1976 |     auto context = isolate->GetCurrentContext();
      |          ^~~~~~~
/Users/qingque/Desktop/HaiyueStudio/Native/examples/led-sudoku/node_modules/@nativescript/canvas/platforms/ios/src/cpp/webgl2/WebGL2RenderingContext.cpp:2027:34: warning: variable length arrays in C++ are a Clang extension [-Wvla-cxx-extension]
 2027 |             const char *cStrings[store.size()];
      |                                  ^~~~~~~~~~~~
/Users/qingque/Desktop/HaiyueStudio/Native/examples/led-sudoku/node_modules/@nativescript/canvas/platforms/ios/src/cpp/webgl2/WebGL2RenderingContext.cpp:2027:40: note: non-constexpr function 'size' cannot be used in a constant expression
 2027 |             const char *cStrings[store.size()];
      |                                        ^
In file included from /Users/qingque/Desktop/HaiyueStudio/Native/examples/led-sudoku/node_modules/@nativescript/canvas/platforms/ios/src/cpp/webgl2/WebGL2RenderingContext.cpp:5:
In file included from /Users/qingque/Desktop/HaiyueStudio/Native/examples/led-sudoku/node_modules/@nativescript/canvas/platforms/ios/src/cpp/webgl2/WebGL2RenderingContext.h:8:
In file included from /Applications/Xcode.app/Contents/Developer/Platforms/iPhoneOS.platform/Developer/SDKs/iPhoneOS26.2.sdk/usr/include/c++/v1/vector:314:
/Applications/Xcode.app/Contents/Developer/Platforms/iPhoneOS.platform/Developer/SDKs/iPhoneOS26.2.sdk/usr/include/c++/v1/__vector/vector.h:384:65: note: declared here
  384 |   _LIBCPP_CONSTEXPR_SINCE_CXX20 _LIBCPP_HIDE_FROM_ABI size_type size() const _NOEXCEPT {
      |                                                                 ^
/Users/qingque/Desktop/HaiyueStudio/Native/examples/led-sudoku/node_modules/@nativescript/canvas/platforms/ios/src/cpp/webgl2/WebGL2RenderingContext.cpp:2045:17: warning: ignoring return value of function declared with 'warn_unused_result' attribute [-Wunused-result]
 2045 |                 result->Set(context,
      |                 ^~~~~~~~~~~ ~~~~~~~~
 2046 |                             j,
      |                             ~~
 2047 |                             v8::Integer::NewFromUnsigned(isolate, item));
      |                             ~~~~~~~~~~~~~~~~~~~~~~~~~~~~~~~~~~~~~~~~~~~
/Users/qingque/Desktop/HaiyueStudio/Native/examples/led-sudoku/node_modules/@nativescript/canvas/platforms/ios/src/cpp/webgl2/WebGL2RenderingContext.cpp:2135:10: warning: unused variable 'context' [-Wunused-variable]
 2135 |     auto context = isolate->GetCurrentContext();
      |          ^~~~~~~
/Users/qingque/Desktop/HaiyueStudio/Native/examples/led-sudoku/node_modules/@nativescript/canvas/platforms/ios/src/cpp/webgl2/WebGL2RenderingContext.cpp:2160:10: warning: unused variable 'context' [-Wunused-variable]
 2160 |     auto context = isolate->GetCurrentContext();
      |          ^~~~~~~
/Users/qingque/Desktop/HaiyueStudio/Native/examples/led-sudoku/node_modules/@nativescript/canvas/platforms/ios/src/cpp/webgl2/WebGL2RenderingContext.cpp:2185:10: warning: unused variable 'context' [-Wunused-variable]
 2185 |     auto context = isolate->GetCurrentContext();
      |          ^~~~~~~
/Users/qingque/Desktop/HaiyueStudio/Native/examples/led-sudoku/node_modules/@nativescript/canvas/platforms/ios/src/cpp/webgl2/WebGL2RenderingContext.cpp:2210:10: warning: unused variable 'context' [-Wunused-variable]
 2210 |     auto context = isolate->GetCurrentContext();
      |          ^~~~~~~
/Users/qingque/Desktop/HaiyueStudio/Native/examples/led-sudoku/node_modules/@nativescript/canvas/platforms/ios/src/cpp/webgl2/WebGL2RenderingContext.cpp:2235:10: warning: unused variable 'context' [-Wunused-variable]
 2235 |     auto context = isolate->GetCurrentContext();
      |          ^~~~~~~
/Users/qingque/Desktop/HaiyueStudio/Native/examples/led-sudoku/node_modules/@nativescript/canvas/platforms/ios/src/cpp/webgl2/WebGL2RenderingContext.cpp:2958:34: warning: variable length arrays in C++ are a Clang extension [-Wvla-cxx-extension]
 2958 |             const char *cStrings[store.size()];
      |                                  ^~~~~~~~~~~~
/Users/qingque/Desktop/HaiyueStudio/Native/examples/led-sudoku/node_modules/@nativescript/canvas/platforms/ios/src/cpp/webgl2/WebGL2RenderingContext.cpp:2958:40: note: non-constexpr function 'size' cannot be used in a constant expression
 2958 |             const char *cStrings[store.size()];
      |                                        ^
In file included from /Users/qingque/Desktop/HaiyueStudio/Native/examples/led-sudoku/node_modules/@nativescript/canvas/platforms/ios/src/cpp/webgl2/WebGL2RenderingContext.cpp:5:
In file included from /Users/qingque/Desktop/HaiyueStudio/Native/examples/led-sudoku/node_modules/@nativescript/canvas/platforms/ios/src/cpp/webgl2/WebGL2RenderingContext.h:8:
In file included from /Applications/Xcode.app/Contents/Developer/Platforms/iPhoneOS.platform/Developer/SDKs/iPhoneOS26.2.sdk/usr/include/c++/v1/vector:314:
/Applications/Xcode.app/Contents/Developer/Platforms/iPhoneOS.platform/Developer/SDKs/iPhoneOS26.2.sdk/usr/include/c++/v1/__vector/vector.h:384:65: note: declared here
  384 |   _LIBCPP_CONSTEXPR_SINCE_CXX20 _LIBCPP_HIDE_FROM_ABI size_type size() const _NOEXCEPT {
      |                                                                 ^
In file included from /Users/qingque/Desktop/HaiyueStudio/Native/examples/led-sudoku/node_modules/@nativescript/canvas/platforms/ios/src/cpp/webgl2/WebGL2RenderingContext.cpp:5:
In file included from /Users/qingque/Desktop/HaiyueStudio/Native/examples/led-sudoku/node_modules/@nativescript/canvas/platforms/ios/src/cpp/webgl2/WebGL2RenderingContext.h:10:
In file included from /Users/qingque/Desktop/HaiyueStudio/Native/examples/led-sudoku/node_modules/@nativescript/canvas/platforms/ios/src/cpp/canvas2d/CanvasRenderingContext2DImpl.h:16:
/Users/qingque/Desktop/HaiyueStudio/Native/examples/led-sudoku/node_modules/@nativescript/canvas/platforms/ios/src/cpp/Helpers.h:63:13: warning: unused function 'LogToConsole' [-Wunused-function]
   63 | static void LogToConsole(const std::string &message) {
      |             ^~~~~~~~~~~~
/Users/qingque/Desktop/HaiyueStudio/Native/examples/led-sudoku/node_modules/@nativescript/canvas/platforms/ios/src/cpp/Helpers.h:210:13: warning: unused function 'SetFastMethod' [-Wunused-function]
  210 | static void SetFastMethod(v8::Local<v8::Context> context,
      |             ^~~~~~~~~~~~~
/Users/qingque/Desktop/HaiyueStudio/Native/examples/led-sudoku/node_modules/@nativescript/canvas/platforms/ios/src/cpp/Helpers.h:234:13: warning: unused function 'SetFastMethodNoSideEffect' [-Wunused-function]
  234 | static void SetFastMethodNoSideEffect(v8::Local<v8::Context> context,
      |             ^~~~~~~~~~~~~~~~~~~~~~~~~
/Users/qingque/Desktop/HaiyueStudio/Native/examples/led-sudoku/node_modules/@nativescript/canvas/platforms/ios/src/cpp/Helpers.h:258:13: warning: unused function 'SetFastMethodNoSideEffect' [-Wunused-function]
  258 | static void SetFastMethodNoSideEffect(v8::Isolate *isolate,
      |             ^~~~~~~~~~~~~~~~~~~~~~~~~
30 warnings generated.
In file included from /Users/qingque/Desktop/HaiyueStudio/Native/examples/led-sudoku/node_modules/@nativescript/canvas/platforms/ios/src/cpp/webgl/extensions/WEBGL_lose_contextImpl.cpp:5:
In file included from /Users/qingque/Desktop/HaiyueStudio/Native/examples/led-sudoku/node_modules/@nativescript/canvas/platforms/ios/src/cpp/webgl/extensions/WEBGL_lose_contextImpl.h:9:
/Users/qingque/Desktop/HaiyueStudio/Native/examples/led-sudoku/node_modules/@nativescript/canvas/platforms/ios/src/cpp/Helpers.h:63:13: warning: unused function 'LogToConsole' [-Wunused-function]
   63 | static void LogToConsole(const std::string &message) {
      |             ^~~~~~~~~~~~
/Users/qingque/Desktop/HaiyueStudio/Native/examples/led-sudoku/node_modules/@nativescript/canvas/platforms/ios/src/cpp/Helpers.h:160:13: warning: unused function 'SetFastMethod' [-Wunused-function]
  160 | static void SetFastMethod(v8::Isolate *isolate,
      |             ^~~~~~~~~~~~~
/Users/qingque/Desktop/HaiyueStudio/Native/examples/led-sudoku/node_modules/@nativescript/canvas/platforms/ios/src/cpp/Helpers.h:185:13: warning: unused function 'SetFastMethodWithOverLoads' [-Wunused-function]
  185 | static void SetFastMethodWithOverLoads(v8::Isolate *isolate,
      |             ^~~~~~~~~~~~~~~~~~~~~~~~~~
/Users/qingque/Desktop/HaiyueStudio/Native/examples/led-sudoku/node_modules/@nativescript/canvas/platforms/ios/src/cpp/Helpers.h:210:13: warning: unused function 'SetFastMethod' [-Wunused-function]
  210 | static void SetFastMethod(v8::Local<v8::Context> context,
      |             ^~~~~~~~~~~~~
/Users/qingque/Desktop/HaiyueStudio/Native/examples/led-sudoku/node_modules/@nativescript/canvas/platforms/ios/src/cpp/Helpers.h:234:13: warning: unused function 'SetFastMethodNoSideEffect' [-Wunused-function]
  234 | static void SetFastMethodNoSideEffect(v8::Local<v8::Context> context,
      |             ^~~~~~~~~~~~~~~~~~~~~~~~~
/Users/qingque/Desktop/HaiyueStudio/Native/examples/led-sudoku/node_modules/@nativescript/canvas/platforms/ios/src/cpp/Helpers.h:258:13: warning: unused function 'SetFastMethodNoSideEffect' [-Wunused-function]
  258 | static void SetFastMethodNoSideEffect(v8::Isolate *isolate,
      |             ^~~~~~~~~~~~~~~~~~~~~~~~~
6 warnings generated.
In file included from /Users/qingque/Desktop/HaiyueStudio/Native/examples/led-sudoku/node_modules/@nativescript/canvas/platforms/ios/src/cpp/webgl/extensions/WEBGL_draw_buffersImpl.cpp:5:
In file included from /Users/qingque/Desktop/HaiyueStudio/Native/examples/led-sudoku/node_modules/@nativescript/canvas/platforms/ios/src/cpp/webgl/extensions/WEBGL_draw_buffersImpl.h:11:
/Users/qingque/Desktop/HaiyueStudio/Native/examples/led-sudoku/node_modules/@nativescript/canvas/platforms/ios/src/cpp/Helpers.h:63:13: warning: unused function 'LogToConsole' [-Wunused-function]
   63 | static void LogToConsole(const std::string &message) {
      |             ^~~~~~~~~~~~
/Users/qingque/Desktop/HaiyueStudio/Native/examples/led-sudoku/node_modules/@nativescript/canvas/platforms/ios/src/cpp/Helpers.h:185:13: warning: unused function 'SetFastMethodWithOverLoads' [-Wunused-function]
  185 | static void SetFastMethodWithOverLoads(v8::Isolate *isolate,
      |             ^~~~~~~~~~~~~~~~~~~~~~~~~~
/Users/qingque/Desktop/HaiyueStudio/Native/examples/led-sudoku/node_modules/@nativescript/canvas/platforms/ios/src/cpp/Helpers.h:210:13: warning: unused function 'SetFastMethod' [-Wunused-function]
  210 | static void SetFastMethod(v8::Local<v8::Context> context,
      |             ^~~~~~~~~~~~~
/Users/qingque/Desktop/HaiyueStudio/Native/examples/led-sudoku/node_modules/@nativescript/canvas/platforms/ios/src/cpp/Helpers.h:234:13: warning: unused function 'SetFastMethodNoSideEffect' [-Wunused-function]
  234 | static void SetFastMethodNoSideEffect(v8::Local<v8::Context> context,
      |             ^~~~~~~~~~~~~~~~~~~~~~~~~
/Users/qingque/Desktop/HaiyueStudio/Native/examples/led-sudoku/node_modules/@nativescript/canvas/platforms/ios/src/cpp/Helpers.h:258:13: warning: unused function 'SetFastMethodNoSideEffect' [-Wunused-function]
  258 | static void SetFastMethodNoSideEffect(v8::Isolate *isolate,
      |             ^~~~~~~~~~~~~~~~~~~~~~~~~
5 warnings generated.
In file included from /Users/qingque/Desktop/HaiyueStudio/Native/examples/led-sudoku/node_modules/@nativescript/canvas/platforms/ios/src/cpp/canvas2d/TextMetricsImpl.cpp:5:
In file included from /Users/qingque/Desktop/HaiyueStudio/Native/examples/led-sudoku/node_modules/@nativescript/canvas/platforms/ios/src/cpp/canvas2d/TextMetricsImpl.h:8:
/Users/qingque/Desktop/HaiyueStudio/Native/examples/led-sudoku/node_modules/@nativescript/canvas/platforms/ios/src/cpp/Helpers.h:63:13: warning: unused function 'LogToConsole' [-Wunused-function]
   63 | static void LogToConsole(const std::string &message) {
      |             ^~~~~~~~~~~~
/Users/qingque/Desktop/HaiyueStudio/Native/examples/led-sudoku/node_modules/@nativescript/canvas/platforms/ios/src/cpp/Helpers.h:160:13: warning: unused function 'SetFastMethod' [-Wunused-function]
  160 | static void SetFastMethod(v8::Isolate *isolate,
      |             ^~~~~~~~~~~~~
/Users/qingque/Desktop/HaiyueStudio/Native/examples/led-sudoku/node_modules/@nativescript/canvas/platforms/ios/src/cpp/Helpers.h:185:13: warning: unused function 'SetFastMethodWithOverLoads' [-Wunused-function]
  185 | static void SetFastMethodWithOverLoads(v8::Isolate *isolate,
      |             ^~~~~~~~~~~~~~~~~~~~~~~~~~
/Users/qingque/Desktop/HaiyueStudio/Native/examples/led-sudoku/node_modules/@nativescript/canvas/platforms/ios/src/cpp/Helpers.h:210:13: warning: unused function 'SetFastMethod' [-Wunused-function]
  210 | static void SetFastMethod(v8::Local<v8::Context> context,
      |             ^~~~~~~~~~~~~
/Users/qingque/Desktop/HaiyueStudio/Native/examples/led-sudoku/node_modules/@nativescript/canvas/platforms/ios/src/cpp/Helpers.h:234:13: warning: unused function 'SetFastMethodNoSideEffect' [-Wunused-function]
  234 | static void SetFastMethodNoSideEffect(v8::Local<v8::Context> context,
      |             ^~~~~~~~~~~~~~~~~~~~~~~~~
/Users/qingque/Desktop/HaiyueStudio/Native/examples/led-sudoku/node_modules/@nativescript/canvas/platforms/ios/src/cpp/Helpers.h:258:13: warning: unused function 'SetFastMethodNoSideEffect' [-Wunused-function]
  258 | static void SetFastMethodNoSideEffect(v8::Isolate *isolate,
      |             ^~~~~~~~~~~~~~~~~~~~~~~~~
6 warnings generated.
/Users/qingque/Desktop/HaiyueStudio/Native/examples/led-sudoku/node_modules/@nativescript/canvas/platforms/ios/src/cpp/TextEncoderImpl.cpp:21:5: warning: ignoring return value of function declared with 'warn_unused_result' attribute [-Wunused-result]
   21 |     canvasModule->Set(context, ConvertToV8String(isolate, "TextEncoder"), func);
      |     ^~~~~~~~~~~~~~~~~ ~~~~~~~~~~~~~~~~~~~~~~~~~~~~~~~~~~~~~~~~~~~~~~~~~~~~~~~~
In file included from /Users/qingque/Desktop/HaiyueStudio/Native/examples/led-sudoku/node_modules/@nativescript/canvas/platforms/ios/src/cpp/TextEncoderImpl.cpp:7:
/Users/qingque/Desktop/HaiyueStudio/Native/examples/led-sudoku/node_modules/@nativescript/canvas/platforms/ios/src/cpp/Helpers.h:63:13: warning: unused function 'LogToConsole' [-Wunused-function]
   63 | static void LogToConsole(const std::string &message) {
      |             ^~~~~~~~~~~~
/Users/qingque/Desktop/HaiyueStudio/Native/examples/led-sudoku/node_modules/@nativescript/canvas/platforms/ios/src/cpp/Helpers.h:160:13: warning: unused function 'SetFastMethod' [-Wunused-function]
  160 | static void SetFastMethod(v8::Isolate *isolate,
      |             ^~~~~~~~~~~~~
/Users/qingque/Desktop/HaiyueStudio/Native/examples/led-sudoku/node_modules/@nativescript/canvas/platforms/ios/src/cpp/Helpers.h:185:13: warning: unused function 'SetFastMethodWithOverLoads' [-Wunused-function]
  185 | static void SetFastMethodWithOverLoads(v8::Isolate *isolate,
      |             ^~~~~~~~~~~~~~~~~~~~~~~~~~
/Users/qingque/Desktop/HaiyueStudio/Native/examples/led-sudoku/node_modules/@nativescript/canvas/platforms/ios/src/cpp/Helpers.h:210:13: warning: unused function 'SetFastMethod' [-Wunused-function]
  210 | static void SetFastMethod(v8::Local<v8::Context> context,
      |             ^~~~~~~~~~~~~
/Users/qingque/Desktop/HaiyueStudio/Native/examples/led-sudoku/node_modules/@nativescript/canvas/platforms/ios/src/cpp/Helpers.h:234:13: warning: unused function 'SetFastMethodNoSideEffect' [-Wunused-function]
  234 | static void SetFastMethodNoSideEffect(v8::Local<v8::Context> context,
      |             ^~~~~~~~~~~~~~~~~~~~~~~~~
/Users/qingque/Desktop/HaiyueStudio/Native/examples/led-sudoku/node_modules/@nativescript/canvas/platforms/ios/src/cpp/Helpers.h:258:13: warning: unused function 'SetFastMethodNoSideEffect' [-Wunused-function]
  258 | static void SetFastMethodNoSideEffect(v8::Isolate *isolate,
      |             ^~~~~~~~~~~~~~~~~~~~~~~~~
7 warnings generated.
/Users/qingque/Desktop/HaiyueStudio/Native/examples/led-sudoku/node_modules/@nativescript/canvas/platforms/ios/src/cpp/TextDecoderImpl.cpp:22:4: warning: ignoring return value of function declared with 'warn_unused_result' attribute [-Wunused-result]
   22 |    canvasModule->Set(context, ConvertToV8String(isolate, "TextDecoder"), func);
      |    ^~~~~~~~~~~~~~~~~ ~~~~~~~~~~~~~~~~~~~~~~~~~~~~~~~~~~~~~~~~~~~~~~~~~~~~~~~~
/Users/qingque/Desktop/HaiyueStudio/Native/examples/led-sudoku/node_modules/@nativescript/canvas/platforms/ios/src/cpp/TextDecoderImpl.cpp:217:9: warning: ignoring return value of function declared with 'warn_unused_result' attribute [-Wunused-result]
  217 |         resolver->Reject(context, msg);
      |         ^~~~~~~~~~~~~~~~ ~~~~~~~~~~~~
/Users/qingque/Desktop/HaiyueStudio/Native/examples/led-sudoku/node_modules/@nativescript/canvas/platforms/ios/src/cpp/TextDecoderImpl.cpp:224:9: warning: ignoring return value of function declared with 'warn_unused_result' attribute [-Wunused-result]
  224 |         resolver->Resolve(context, v8::String::Empty(isolate));
      |         ^~~~~~~~~~~~~~~~~ ~~~~~~~~~~~~~~~~~~~~~~~~~~~~~~~~~~~
/Users/qingque/Desktop/HaiyueStudio/Native/examples/led-sudoku/node_modules/@nativescript/canvas/platforms/ios/src/cpp/TextDecoderImpl.cpp:232:9: warning: ignoring return value of function declared with 'warn_unused_result' attribute [-Wunused-result]
  232 |         resolver->Reject(context, msg);
      |         ^~~~~~~~~~~~~~~~ ~~~~~~~~~~~~
/Users/qingque/Desktop/HaiyueStudio/Native/examples/led-sudoku/node_modules/@nativescript/canvas/platforms/ios/src/cpp/TextDecoderImpl.cpp:259:25: warning: ignoring return value of function declared with 'warn_unused_result' attribute [-Wunused-result]
  259 |                         callback->Resolve(context, v8::String::Empty(isolate));
      |                         ^~~~~~~~~~~~~~~~~ ~~~~~~~~~~~~~~~~~~~~~~~~~~~~~~~~~~~
In file included from /Users/qingque/Desktop/HaiyueStudio/Native/examples/led-sudoku/node_modules/@nativescript/canvas/platforms/ios/src/cpp/TextDecoderImpl.cpp:7:
/Users/qingque/Desktop/HaiyueStudio/Native/examples/led-sudoku/node_modules/@nativescript/canvas/platforms/ios/src/cpp/Helpers.h:63:13: warning: unused function 'LogToConsole' [-Wunused-function]
   63 | static void LogToConsole(const std::string &message) {
      |             ^~~~~~~~~~~~
/Users/qingque/Desktop/HaiyueStudio/Native/examples/led-sudoku/node_modules/@nativescript/canvas/platforms/ios/src/cpp/Helpers.h:160:13: warning: unused function 'SetFastMethod' [-Wunused-function]
  160 | static void SetFastMethod(v8::Isolate *isolate,
      |             ^~~~~~~~~~~~~
/Users/qingque/Desktop/HaiyueStudio/Native/examples/led-sudoku/node_modules/@nativescript/canvas/platforms/ios/src/cpp/Helpers.h:185:13: warning: unused function 'SetFastMethodWithOverLoads' [-Wunused-function]
  185 | static void SetFastMethodWithOverLoads(v8::Isolate *isolate,
      |             ^~~~~~~~~~~~~~~~~~~~~~~~~~
/Users/qingque/Desktop/HaiyueStudio/Native/examples/led-sudoku/node_modules/@nativescript/canvas/platforms/ios/src/cpp/Helpers.h:210:13: warning: unused function 'SetFastMethod' [-Wunused-function]
  210 | static void SetFastMethod(v8::Local<v8::Context> context,
      |             ^~~~~~~~~~~~~
/Users/qingque/Desktop/HaiyueStudio/Native/examples/led-sudoku/node_modules/@nativescript/canvas/platforms/ios/src/cpp/Helpers.h:234:13: warning: unused function 'SetFastMethodNoSideEffect' [-Wunused-function]
  234 | static void SetFastMethodNoSideEffect(v8::Local<v8::Context> context,
      |             ^~~~~~~~~~~~~~~~~~~~~~~~~
/Users/qingque/Desktop/HaiyueStudio/Native/examples/led-sudoku/node_modules/@nativescript/canvas/platforms/ios/src/cpp/Helpers.h:258:13: warning: unused function 'SetFastMethodNoSideEffect' [-Wunused-function]
  258 | static void SetFastMethodNoSideEffect(v8::Isolate *isolate,
      |             ^~~~~~~~~~~~~~~~~~~~~~~~~
11 warnings generated.
/Users/qingque/Desktop/HaiyueStudio/Native/examples/led-sudoku/node_modules/@nativescript/canvas/platforms/ios/src/cpp/canvas2d/Path2D.cpp:23:5: warning: ignoring return value of function declared with 'warn_unused_result' attribute [-Wunused-result]
   23 |     canvasModule->Set(context, ConvertToV8String(isolate, "Path2D"), func);
      |     ^~~~~~~~~~~~~~~~~ ~~~~~~~~~~~~~~~~~~~~~~~~~~~~~~~~~~~~~~~~~~~~~~~~~~~
In file included from /Users/qingque/Desktop/HaiyueStudio/Native/examples/led-sudoku/node_modules/@nativescript/canvas/platforms/ios/src/cpp/canvas2d/Path2D.cpp:5:
In file included from /Users/qingque/Desktop/HaiyueStudio/Native/examples/led-sudoku/node_modules/@nativescript/canvas/platforms/ios/src/cpp/canvas2d/Path2D.h:8:
/Users/qingque/Desktop/HaiyueStudio/Native/examples/led-sudoku/node_modules/@nativescript/canvas/platforms/ios/src/cpp/Helpers.h:63:13: warning: unused function 'LogToConsole' [-Wunused-function]
   63 | static void LogToConsole(const std::string &message) {
      |             ^~~~~~~~~~~~
/Users/qingque/Desktop/HaiyueStudio/Native/examples/led-sudoku/node_modules/@nativescript/canvas/platforms/ios/src/cpp/Helpers.h:210:13: warning: unused function 'SetFastMethod' [-Wunused-function]
  210 | static void SetFastMethod(v8::Local<v8::Context> context,
      |             ^~~~~~~~~~~~~
/Users/qingque/Desktop/HaiyueStudio/Native/examples/led-sudoku/node_modules/@nativescript/canvas/platforms/ios/src/cpp/Helpers.h:234:13: warning: unused function 'SetFastMethodNoSideEffect' [-Wunused-function]
  234 | static void SetFastMethodNoSideEffect(v8::Local<v8::Context> context,
      |             ^~~~~~~~~~~~~~~~~~~~~~~~~
/Users/qingque/Desktop/HaiyueStudio/Native/examples/led-sudoku/node_modules/@nativescript/canvas/platforms/ios/src/cpp/Helpers.h:258:13: warning: unused function 'SetFastMethodNoSideEffect' [-Wunused-function]
  258 | static void SetFastMethodNoSideEffect(v8::Isolate *isolate,
      |             ^~~~~~~~~~~~~~~~~~~~~~~~~
5 warnings generated.
In file included from /Users/qingque/Desktop/HaiyueStudio/Native/examples/led-sudoku/node_modules/@nativescript/canvas/platforms/ios/src/cpp/OnRafCallback.cpp:6:
In file included from /Users/qingque/Desktop/HaiyueStudio/Native/examples/led-sudoku/node_modules/@nativescript/canvas/platforms/ios/src/cpp/canvas2d/CanvasRenderingContext2DImpl.h:16:
/Users/qingque/Desktop/HaiyueStudio/Native/examples/led-sudoku/node_modules/@nativescript/canvas/platforms/ios/src/cpp/Helpers.h:63:13: warning: unused function 'LogToConsole' [-Wunused-function]
   63 | static void LogToConsole(const std::string &message) {
      |             ^~~~~~~~~~~~
/Users/qingque/Desktop/HaiyueStudio/Native/examples/led-sudoku/node_modules/@nativescript/canvas/platforms/ios/src/cpp/Helpers.h:160:13: warning: unused function 'SetFastMethod' [-Wunused-function]
  160 | static void SetFastMethod(v8::Isolate *isolate,
      |             ^~~~~~~~~~~~~
/Users/qingque/Desktop/HaiyueStudio/Native/examples/led-sudoku/node_modules/@nativescript/canvas/platforms/ios/src/cpp/Helpers.h:185:13: warning: unused function 'SetFastMethodWithOverLoads' [-Wunused-function]
  185 | static void SetFastMethodWithOverLoads(v8::Isolate *isolate,
      |             ^~~~~~~~~~~~~~~~~~~~~~~~~~
/Users/qingque/Desktop/HaiyueStudio/Native/examples/led-sudoku/node_modules/@nativescript/canvas/platforms/ios/src/cpp/Helpers.h:210:13: warning: unused function 'SetFastMethod' [-Wunused-function]
  210 | static void SetFastMethod(v8::Local<v8::Context> context,
      |             ^~~~~~~~~~~~~
/Users/qingque/Desktop/HaiyueStudio/Native/examples/led-sudoku/node_modules/@nativescript/canvas/platforms/ios/src/cpp/Helpers.h:234:13: warning: unused function 'SetFastMethodNoSideEffect' [-Wunused-function]
  234 | static void SetFastMethodNoSideEffect(v8::Local<v8::Context> context,
      |             ^~~~~~~~~~~~~~~~~~~~~~~~~
/Users/qingque/Desktop/HaiyueStudio/Native/examples/led-sudoku/node_modules/@nativescript/canvas/platforms/ios/src/cpp/Helpers.h:258:13: warning: unused function 'SetFastMethodNoSideEffect' [-Wunused-function]
  258 | static void SetFastMethodNoSideEffect(v8::Isolate *isolate,
      |             ^~~~~~~~~~~~~~~~~~~~~~~~~
6 warnings generated.
In file included from /Users/qingque/Desktop/HaiyueStudio/Native/examples/led-sudoku/node_modules/@nativescript/canvas/platforms/ios/src/cpp/webgl/extensions/OES_vertex_array_objectImpl.cpp:5:
In file included from /Users/qingque/Desktop/HaiyueStudio/Native/examples/led-sudoku/node_modules/@nativescript/canvas/platforms/ios/src/cpp/webgl/extensions/OES_vertex_array_objectImpl.h:8:
In file included from /Users/qingque/Desktop/HaiyueStudio/Native/examples/led-sudoku/node_modules/@nativescript/canvas/platforms/ios/src/cpp/webgl2/WebGLVertexArrayObject.h:9:
/Users/qingque/Desktop/HaiyueStudio/Native/examples/led-sudoku/node_modules/@nativescript/canvas/platforms/ios/src/cpp/Helpers.h:63:13: warning: unused function 'LogToConsole' [-Wunused-function]
   63 | static void LogToConsole(const std::string &message) {
      |             ^~~~~~~~~~~~
/Users/qingque/Desktop/HaiyueStudio/Native/examples/led-sudoku/node_modules/@nativescript/canvas/platforms/ios/src/cpp/Helpers.h:185:13: warning: unused function 'SetFastMethodWithOverLoads' [-Wunused-function]
  185 | static void SetFastMethodWithOverLoads(v8::Isolate *isolate,
      |             ^~~~~~~~~~~~~~~~~~~~~~~~~~
/Users/qingque/Desktop/HaiyueStudio/Native/examples/led-sudoku/node_modules/@nativescript/canvas/platforms/ios/src/cpp/Helpers.h:210:13: warning: unused function 'SetFastMethod' [-Wunused-function]
  210 | static void SetFastMethod(v8::Local<v8::Context> context,
      |             ^~~~~~~~~~~~~
/Users/qingque/Desktop/HaiyueStudio/Native/examples/led-sudoku/node_modules/@nativescript/canvas/platforms/ios/src/cpp/Helpers.h:234:13: warning: unused function 'SetFastMethodNoSideEffect' [-Wunused-function]
  234 | static void SetFastMethodNoSideEffect(v8::Local<v8::Context> context,
      |             ^~~~~~~~~~~~~~~~~~~~~~~~~
/Users/qingque/Desktop/HaiyueStudio/Native/examples/led-sudoku/node_modules/@nativescript/canvas/platforms/ios/src/cpp/Helpers.h:258:13: warning: unused function 'SetFastMethodNoSideEffect' [-Wunused-function]
  258 | static void SetFastMethodNoSideEffect(v8::Isolate *isolate,
      |             ^~~~~~~~~~~~~~~~~~~~~~~~~
5 warnings generated.
/Users/qingque/Desktop/HaiyueStudio/Native/examples/led-sudoku/node_modules/@nativescript/canvas/platforms/ios/src/cpp/canvas2d/MatrixImpl.cpp:20:5: warning: ignoring return value of function declared with 'warn_unused_result' attribute [-Wunused-result]
   20 |     canvasModule->Set(context, ConvertToV8String(isolate, "DOMMatrix"), func);
      |     ^~~~~~~~~~~~~~~~~ ~~~~~~~~~~~~~~~~~~~~~~~~~~~~~~~~~~~~~~~~~~~~~~~~~~~~~~
/Users/qingque/Desktop/HaiyueStudio/Native/examples/led-sudoku/node_modules/@nativescript/canvas/platforms/ios/src/cpp/canvas2d/MatrixImpl.cpp:936:14: warning: unused variable 'context' [-Wunused-variable]
  936 |         auto context = isolate->GetCurrentContext();
      |              ^~~~~~~
/Users/qingque/Desktop/HaiyueStudio/Native/examples/led-sudoku/node_modules/@nativescript/canvas/platforms/ios/src/cpp/canvas2d/MatrixImpl.cpp:953:14: warning: unused variable 'context' [-Wunused-variable]
  953 |         auto context = isolate->GetCurrentContext();
      |              ^~~~~~~
In file included from /Users/qingque/Desktop/HaiyueStudio/Native/examples/led-sudoku/node_modules/@nativescript/canvas/platforms/ios/src/cpp/canvas2d/MatrixImpl.cpp:6:
In file included from /Users/qingque/Desktop/HaiyueStudio/Native/examples/led-sudoku/node_modules/@nativescript/canvas/platforms/ios/src/cpp/canvas2d/MatrixImpl.h:8:
/Users/qingque/Desktop/HaiyueStudio/Native/examples/led-sudoku/node_modules/@nativescript/canvas/platforms/ios/src/cpp/Helpers.h:63:13: warning: unused function 'LogToConsole' [-Wunused-function]
   63 | static void LogToConsole(const std::string &message) {
      |             ^~~~~~~~~~~~
/Users/qingque/Desktop/HaiyueStudio/Native/examples/led-sudoku/node_modules/@nativescript/canvas/platforms/ios/src/cpp/Helpers.h:160:13: warning: unused function 'SetFastMethod' [-Wunused-function]
  160 | static void SetFastMethod(v8::Isolate *isolate,
      |             ^~~~~~~~~~~~~
/Users/qingque/Desktop/HaiyueStudio/Native/examples/led-sudoku/node_modules/@nativescript/canvas/platforms/ios/src/cpp/Helpers.h:185:13: warning: unused function 'SetFastMethodWithOverLoads' [-Wunused-function]
  185 | static void SetFastMethodWithOverLoads(v8::Isolate *isolate,
      |             ^~~~~~~~~~~~~~~~~~~~~~~~~~
/Users/qingque/Desktop/HaiyueStudio/Native/examples/led-sudoku/node_modules/@nativescript/canvas/platforms/ios/src/cpp/Helpers.h:210:13: warning: unused function 'SetFastMethod' [-Wunused-function]
  210 | static void SetFastMethod(v8::Local<v8::Context> context,
      |             ^~~~~~~~~~~~~
/Users/qingque/Desktop/HaiyueStudio/Native/examples/led-sudoku/node_modules/@nativescript/canvas/platforms/ios/src/cpp/Helpers.h:234:13: warning: unused function 'SetFastMethodNoSideEffect' [-Wunused-function]
  234 | static void SetFastMethodNoSideEffect(v8::Local<v8::Context> context,
      |             ^~~~~~~~~~~~~~~~~~~~~~~~~
/Users/qingque/Desktop/HaiyueStudio/Native/examples/led-sudoku/node_modules/@nativescript/canvas/platforms/ios/src/cpp/Helpers.h:258:13: warning: unused function 'SetFastMethodNoSideEffect' [-Wunused-function]
  258 | static void SetFastMethodNoSideEffect(v8::Isolate *isolate,
      |             ^~~~~~~~~~~~~~~~~~~~~~~~~
9 warnings generated.
In file included from /Users/qingque/Desktop/HaiyueStudio/Native/examples/led-sudoku/node_modules/@nativescript/canvas/platforms/ios/src/cpp/JSIRuntime.cpp:5:
In file included from /Users/qingque/Desktop/HaiyueStudio/Native/examples/led-sudoku/node_modules/@nativescript/canvas/platforms/ios/src/cpp/CanvasJSIModule.h:19:
In file included from /Users/qingque/Desktop/HaiyueStudio/Native/examples/led-sudoku/node_modules/@nativescript/canvas/platforms/ios/src/cpp/webgl/WebGLRenderingContext.h:32:
/Users/qingque/Desktop/HaiyueStudio/Native/examples/led-sudoku/node_modules/@nativescript/canvas/platforms/ios/src/cpp/webgl/extensions/EXT_blend_minmaxImpl.h:23:9: warning: ignoring return value of function declared with 'warn_unused_result' attribute [-Wunused-result]
   23 |         object->Set(context, ConvertToV8String(isolate, "ext_name"),
      |         ^~~~~~~~~~~ ~~~~~~~~~~~~~~~~~~~~~~~~~~~~~~~~~~~~~~~~~~~~~~~~
   24 |                     ConvertToV8String(isolate, "EXT_blend_minmax"));
      |                     ~~~~~~~~~~~~~~~~~~~~~~~~~~~~~~~~~~~~~~~~~~~~~~
In file included from /Users/qingque/Desktop/HaiyueStudio/Native/examples/led-sudoku/node_modules/@nativescript/canvas/platforms/ios/src/cpp/JSIRuntime.cpp:5:
In file included from /Users/qingque/Desktop/HaiyueStudio/Native/examples/led-sudoku/node_modules/@nativescript/canvas/platforms/ios/src/cpp/CanvasJSIModule.h:19:
In file included from /Users/qingque/Desktop/HaiyueStudio/Native/examples/led-sudoku/node_modules/@nativescript/canvas/platforms/ios/src/cpp/webgl/WebGLRenderingContext.h:33:
/Users/qingque/Desktop/HaiyueStudio/Native/examples/led-sudoku/node_modules/@nativescript/canvas/platforms/ios/src/cpp/webgl/extensions/EXT_color_buffer_half_floatImpl.h:23:9: warning: ignoring return value of function declared with 'warn_unused_result' attribute [-Wunused-result]
   23 |         object->Set(context, ConvertToV8String(isolate, "ext_name"),
      |         ^~~~~~~~~~~ ~~~~~~~~~~~~~~~~~~~~~~~~~~~~~~~~~~~~~~~~~~~~~~~~
   24 |                     ConvertToV8String(isolate, "EXT_color_buffer_half_float"));
      |                     ~~~~~~~~~~~~~~~~~~~~~~~~~~~~~~~~~~~~~~~~~~~~~~~~~~~~~~~~~
In file included from /Users/qingque/Desktop/HaiyueStudio/Native/examples/led-sudoku/node_modules/@nativescript/canvas/platforms/ios/src/cpp/JSIRuntime.cpp:5:
In file included from /Users/qingque/Desktop/HaiyueStudio/Native/examples/led-sudoku/node_modules/@nativescript/canvas/platforms/ios/src/cpp/CanvasJSIModule.h:19:
In file included from /Users/qingque/Desktop/HaiyueStudio/Native/examples/led-sudoku/node_modules/@nativescript/canvas/platforms/ios/src/cpp/webgl/WebGLRenderingContext.h:34:
/Users/qingque/Desktop/HaiyueStudio/Native/examples/led-sudoku/node_modules/@nativescript/canvas/platforms/ios/src/cpp/webgl/extensions/EXT_disjoint_timer_queryImpl.h:33:9: warning: ignoring return value of function declared with 'warn_unused_result' attribute [-Wunused-result]
   33 |         object->Set(context, ConvertToV8String(isolate, "ext_name"),
      |         ^~~~~~~~~~~ ~~~~~~~~~~~~~~~~~~~~~~~~~~~~~~~~~~~~~~~~~~~~~~~~
   34 |                     ConvertToV8String(isolate, "EXT_disjoint_timer_query"));
      |                     ~~~~~~~~~~~~~~~~~~~~~~~~~~~~~~~~~~~~~~~~~~~~~~~~~~~~~~
In file included from /Users/qingque/Desktop/HaiyueStudio/Native/examples/led-sudoku/node_modules/@nativescript/canvas/platforms/ios/src/cpp/JSIRuntime.cpp:5:
In file included from /Users/qingque/Desktop/HaiyueStudio/Native/examples/led-sudoku/node_modules/@nativescript/canvas/platforms/ios/src/cpp/CanvasJSIModule.h:19:
In file included from /Users/qingque/Desktop/HaiyueStudio/Native/examples/led-sudoku/node_modules/@nativescript/canvas/platforms/ios/src/cpp/webgl/WebGLRenderingContext.h:51:
/Users/qingque/Desktop/HaiyueStudio/Native/examples/led-sudoku/node_modules/@nativescript/canvas/platforms/ios/src/cpp/webgl/extensions/WEBGL_compressed_texture_s3tc_srgbImpl.h:58:9: warning: ignoring return value of function declared with 'warn_unused_result' attribute [-Wunused-result]
   58 |         object->Set(context, ConvertToV8String(isolate, "ext_name"),
      |         ^~~~~~~~~~~ ~~~~~~~~~~~~~~~~~~~~~~~~~~~~~~~~~~~~~~~~~~~~~~~~
   59 |                     ConvertToV8String(isolate, "WEBGL_compressed_texture_s3tc_srgb"));
      |                     ~~~~~~~~~~~~~~~~~~~~~~~~~~~~~~~~~~~~~~~~~~~~~~~~~~~~~~~~~~~~~~~~
In file included from /Users/qingque/Desktop/HaiyueStudio/Native/examples/led-sudoku/node_modules/@nativescript/canvas/platforms/ios/src/cpp/JSIRuntime.cpp:5:
In file included from /Users/qingque/Desktop/HaiyueStudio/Native/examples/led-sudoku/node_modules/@nativescript/canvas/platforms/ios/src/cpp/CanvasJSIModule.h:19:
/Users/qingque/Desktop/HaiyueStudio/Native/examples/led-sudoku/node_modules/@nativescript/canvas/platforms/ios/src/cpp/webgl/WebGLRenderingContext.h:1801:16: warning: implicit conversion loses integer precision: 'uintptr_t' (aka 'unsigned long') to 'int32_t' (aka 'int') [-Wshorten-64-to-32]
 1801 |         return canvas_native_webgl_get_vertex_attrib_offset(
      |         ~~~~~~ ^~~~~~~~~~~~~~~~~~~~~~~~~~~~~~~~~~~~~~~~~~~~~
 1802 |                 index,
      |                 ~~~~~~
 1803 |                 pname,
      |                 ~~~~~~
 1804 |                 ptr->GetState());
      |                 ~~~~~~~~~~~~~~~~
In file included from /Users/qingque/Desktop/HaiyueStudio/Native/examples/led-sudoku/node_modules/@nativescript/canvas/platforms/ios/src/cpp/JSIRuntime.cpp:5:
In file included from /Users/qingque/Desktop/HaiyueStudio/Native/examples/led-sudoku/node_modules/@nativescript/canvas/platforms/ios/src/cpp/CanvasJSIModule.h:25:
In file included from /Users/qingque/Desktop/HaiyueStudio/Native/examples/led-sudoku/node_modules/@nativescript/canvas/platforms/ios/src/cpp/webgpu/GPUQueueImpl.h:12:
/Users/qingque/Desktop/HaiyueStudio/Native/examples/led-sudoku/node_modules/@nativescript/canvas/platforms/ios/src/cpp/webgpu/GPUUtils.h:61:13: warning: ignoring return value of function declared with 'warn_unused_result' attribute [-Wunused-result]
   61 |             entriesArray->Get(context, i).ToLocal(&entryVal);
      |             ^~~~~~~~~~~~~~~~~~~~~~~~~~~~~~~~~~~~~ ~~~~~~~~~
/Users/qingque/Desktop/HaiyueStudio/Native/examples/led-sudoku/node_modules/@nativescript/canvas/platforms/ios/src/cpp/webgpu/GPUUtils.h:68:17: warning: ignoring return value of function declared with 'warn_unused_result' attribute [-Wunused-result]
   68 |                 entryObj->Get(context, ConvertToV8String(isolate, "resource")).ToLocal(
      |                 ^~~~~~~~~~~~~~~~~~~~~~~~~~~~~~~~~~~~~~~~~~~~~~~~~~~~~~~~~~~~~~~~~~~~~~
   69 |                         &resourceVal);
      |                         ~~~~~~~~~~~~
/Users/qingque/Desktop/HaiyueStudio/Native/examples/led-sudoku/node_modules/@nativescript/canvas/platforms/ios/src/cpp/webgpu/GPUUtils.h:102:29: warning: ignoring return value of function declared with 'warn_unused_result' attribute [-Wunused-result]
  102 |                             resourceObj->Get(context,
      |                             ^~~~~~~~~~~~~~~~~~~~~~~~~
  103 |                                              ConvertToV8String(isolate, "buffer")).ToLocal(
      |                                              ~~~~~~~~~~~~~~~~~~~~~~~~~~~~~~~~~~~~~~~~~~~~~
  104 |                                     &bufferVal);
      |                                     ~~~~~~~~~~
/Users/qingque/Desktop/HaiyueStudio/Native/examples/led-sudoku/node_modules/@nativescript/canvas/platforms/ios/src/cpp/webgpu/GPUUtils.h:117:37: warning: ignoring return value of function declared with 'warn_unused_result' attribute [-Wunused-result]
  117 |                                     resourceObj->Get(context,
      |                                     ^~~~~~~~~~~~~~~~~~~~~~~~~
  118 |                                                      ConvertToV8String(isolate,
      |                                                      ~~~~~~~~~~~~~~~~~~~~~~~~~~
  119 |                                                                        "offset")).ToLocal(
      |                                                                        ~~~~~~~~~~~~~~~~~~
  120 |                                             &offsetVal);
      |                                             ~~~~~~~~~~
/Users/qingque/Desktop/HaiyueStudio/Native/examples/led-sudoku/node_modules/@nativescript/canvas/platforms/ios/src/cpp/webgpu/GPUUtils.h:129:37: warning: ignoring return value of function declared with 'warn_unused_result' attribute [-Wunused-result]
  129 |                                     resourceObj->Get(context,
      |                                     ^~~~~~~~~~~~~~~~~~~~~~~~~
  130 |                                                      ConvertToV8String(isolate,
      |                                                      ~~~~~~~~~~~~~~~~~~~~~~~~~~
  131 |                                                                        "size")).ToLocal(
      |                                                                        ~~~~~~~~~~~~~~~~
  132 |                                             &sizeVal);
      |                                             ~~~~~~~~
/Users/qingque/Desktop/HaiyueStudio/Native/examples/led-sudoku/node_modules/@nativescript/canvas/platforms/ios/src/cpp/webgpu/GPUUtils.h:168:13: warning: ignoring return value of function declared with 'warn_unused_result' attribute [-Wunused-result]
  168 |             entriesArray->Get(context, i).ToLocal(&entryVal);
      |             ^~~~~~~~~~~~~~~~~~~~~~~~~~~~~~~~~~~~~ ~~~~~~~~~
/Users/qingque/Desktop/HaiyueStudio/Native/examples/led-sudoku/node_modules/@nativescript/canvas/platforms/ios/src/cpp/webgpu/GPUUtils.h:183:17: warning: ignoring return value of function declared with 'warn_unused_result' attribute [-Wunused-result]
  183 |                 entryObj->Get(context, ConvertToV8String(isolate, "buffer")).ToLocal(
      |                 ^~~~~~~~~~~~~~~~~~~~~~~~~~~~~~~~~~~~~~~~~~~~~~~~~~~~~~~~~~~~~~~~~~~~
  184 |                         &bufferVal);
      |                         ~~~~~~~~~~
/Users/qingque/Desktop/HaiyueStudio/Native/examples/led-sudoku/node_modules/@nativescript/canvas/platforms/ios/src/cpp/webgpu/GPUUtils.h:189:21: warning: ignoring return value of function declared with 'warn_unused_result' attribute [-Wunused-result]
  189 |                     bufferObj->Get(context, ConvertToV8String(isolate, "type")).ToLocal(
      |                     ^~~~~~~~~~~~~~~~~~~~~~~~~~~~~~~~~~~~~~~~~~~~~~~~~~~~~~~~~~~~~~~~~~~
  190 |                             &bufferType);
      |                             ~~~~~~~~~~~
/Users/qingque/Desktop/HaiyueStudio/Native/examples/led-sudoku/node_modules/@nativescript/canvas/platforms/ios/src/cpp/webgpu/GPUUtils.h:208:21: warning: ignoring return value of function declared with 'warn_unused_result' attribute [-Wunused-result]
  208 |                     bufferObj->Get(context,
      |                     ^~~~~~~~~~~~~~~~~~~~~~~
  209 |                                    ConvertToV8String(isolate, "hasDynamicOffset")).ToLocal(
      |                                    ~~~~~~~~~~~~~~~~~~~~~~~~~~~~~~~~~~~~~~~~~~~~~~~~~~~~~~~
  210 |                             &hasDynamicOffsetVal);
      |                             ~~~~~~~~~~~~~~~~~~~~
/Users/qingque/Desktop/HaiyueStudio/Native/examples/led-sudoku/node_modules/@nativescript/canvas/platforms/ios/src/cpp/webgpu/GPUUtils.h:220:21: warning: ignoring return value of function declared with 'warn_unused_result' attribute [-Wunused-result]
  220 |                     bufferObj->Get(context,
      |                     ^~~~~~~~~~~~~~~~~~~~~~~
  221 |                                    ConvertToV8String(isolate, "minBindingSize")).ToLocal(
      |                                    ~~~~~~~~~~~~~~~~~~~~~~~~~~~~~~~~~~~~~~~~~~~~~~~~~~~~~
  222 |                             &minBindingSizeVal);
      |                             ~~~~~~~~~~~~~~~~~~
/Users/qingque/Desktop/HaiyueStudio/Native/examples/led-sudoku/node_modules/@nativescript/canvas/platforms/ios/src/cpp/webgpu/GPUUtils.h:252:17: warning: ignoring return value of function declared with 'warn_unused_result' attribute [-Wunused-result]
  252 |                 entryObj->Get(context, ConvertToV8String(isolate, "externalTexture")).ToLocal(
      |                 ^~~~~~~~~~~~~~~~~~~~~~~~~~~~~~~~~~~~~~~~~~~~~~~~~~~~~~~~~~~~~~~~~~~~~~~~~~~~~
  253 |                         &externalTextureVal);
      |                         ~~~~~~~~~~~~~~~~~~~
/Users/qingque/Desktop/HaiyueStudio/Native/examples/led-sudoku/node_modules/@nativescript/canvas/platforms/ios/src/cpp/webgpu/GPUUtils.h:278:17: warning: ignoring return value of function declared with 'warn_unused_result' attribute [-Wunused-result]
  278 |                 entryObj->Get(context, ConvertToV8String(isolate, "sampler")).ToLocal(
      |                 ^~~~~~~~~~~~~~~~~~~~~~~~~~~~~~~~~~~~~~~~~~~~~~~~~~~~~~~~~~~~~~~~~~~~~
  279 |                         &samplerVal);
      |                         ~~~~~~~~~~~
/Users/qingque/Desktop/HaiyueStudio/Native/examples/led-sudoku/node_modules/@nativescript/canvas/platforms/ios/src/cpp/webgpu/GPUUtils.h:284:21: warning: ignoring return value of function declared with 'warn_unused_result' attribute [-Wunused-result]
  284 |                     samplerObj->Get(context, ConvertToV8String(isolate, "type")).ToLocal(
      |                     ^~~~~~~~~~~~~~~~~~~~~~~~~~~~~~~~~~~~~~~~~~~~~~~~~~~~~~~~~~~~~~~~~~~~
  285 |                             &samplerType);
      |                             ~~~~~~~~~~~~
/Users/qingque/Desktop/HaiyueStudio/Native/examples/led-sudoku/node_modules/@nativescript/canvas/platforms/ios/src/cpp/webgpu/GPUUtils.h:324:17: warning: ignoring return value of function declared with 'warn_unused_result' attribute [-Wunused-result]
  324 |                 entryObj->Get(context, ConvertToV8String(isolate, "storageTexture")).ToLocal(
      |                 ^~~~~~~~~~~~~~~~~~~~~~~~~~~~~~~~~~~~~~~~~~~~~~~~~~~~~~~~~~~~~~~~~~~~~~~~~~~~
  325 |                         &storageTextureVal);
      |                         ~~~~~~~~~~~~~~~~~~
/Users/qingque/Desktop/HaiyueStudio/Native/examples/led-sudoku/node_modules/@nativescript/canvas/platforms/ios/src/cpp/webgpu/GPUUtils.h:338:21: warning: ignoring return value of function declared with 'warn_unused_result' attribute [-Wunused-result]
  338 |                     storageTextureObj->Get(context,
      |                     ^~~~~~~~~~~~~~~~~~~~~~~~~~~~~~~
  339 |                                            ConvertToV8String(isolate, "access")).ToLocal(
      |                                            ~~~~~~~~~~~~~~~~~~~~~~~~~~~~~~~~~~~~~~~~~~~~~
  340 |                             &accessVal);
      |                             ~~~~~~~~~~
/Users/qingque/Desktop/HaiyueStudio/Native/examples/led-sudoku/node_modules/@nativescript/canvas/platforms/ios/src/cpp/webgpu/GPUUtils.h:361:21: warning: ignoring return value of function declared with 'warn_unused_result' attribute [-Wunused-result]
  361 |                     storageTextureObj->Get(context,
      |                     ^~~~~~~~~~~~~~~~~~~~~~~~~~~~~~~
  362 |                                            ConvertToV8String(isolate, "viewDimension")).ToLocal(
      |                                            ~~~~~~~~~~~~~~~~~~~~~~~~~~~~~~~~~~~~~~~~~~~~~~~~~~~~
  363 |                             &viewDimensionVal);
      |                             ~~~~~~~~~~~~~~~~~
/Users/qingque/Desktop/HaiyueStudio/Native/examples/led-sudoku/node_modules/@nativescript/canvas/platforms/ios/src/cpp/webgpu/GPUUtils.h:386:21: warning: ignoring return value of function declared with 'warn_unused_result' attribute [-Wunused-result]
  386 |                     storageTextureObj->Get(context,
      |                     ^~~~~~~~~~~~~~~~~~~~~~~~~~~~~~~
  387 |                                            ConvertToV8String(isolate, "format")).ToLocal(
      |                                            ~~~~~~~~~~~~~~~~~~~~~~~~~~~~~~~~~~~~~~~~~~~~~
  388 |                             &formatVal);
      |                             ~~~~~~~~~~
/Users/qingque/Desktop/HaiyueStudio/Native/examples/led-sudoku/node_modules/@nativescript/canvas/platforms/ios/src/cpp/webgpu/GPUUtils.h:424:17: warning: ignoring return value of function declared with 'warn_unused_result' attribute [-Wunused-result]
  424 |                 entryObj->Get(context, ConvertToV8String(isolate, "texture")).ToLocal(
      |                 ^~~~~~~~~~~~~~~~~~~~~~~~~~~~~~~~~~~~~~~~~~~~~~~~~~~~~~~~~~~~~~~~~~~~~
  425 |                         &textureVal);
      |                         ~~~~~~~~~~~
/Users/qingque/Desktop/HaiyueStudio/Native/examples/led-sudoku/node_modules/@nativescript/canvas/platforms/ios/src/cpp/webgpu/GPUUtils.h:433:21: warning: ignoring return value of function declared with 'warn_unused_result' attribute [-Wunused-result]
  433 |                     textureObj->Get(context,
      |                     ^~~~~~~~~~~~~~~~~~~~~~~~
  434 |                                     ConvertToV8String(isolate, "multisampled")).ToLocal(
      |                                     ~~~~~~~~~~~~~~~~~~~~~~~~~~~~~~~~~~~~~~~~~~~~~~~~~~~
  435 |                             &multisampledVal);
      |                             ~~~~~~~~~~~~~~~~
/Users/qingque/Desktop/HaiyueStudio/Native/examples/led-sudoku/node_modules/@nativescript/canvas/platforms/ios/src/cpp/webgpu/GPUUtils.h:443:21: warning: ignoring return value of function declared with 'warn_unused_result' attribute [-Wunused-result]
  443 |                     textureObj->Get(context, ConvertToV8String(isolate, "sampleType")).ToLocal(
      |                     ^~~~~~~~~~~~~~~~~~~~~~~~~~~~~~~~~~~~~~~~~~~~~~~~~~~~~~~~~~~~~~~~~~~~~~~~~~
  444 |                             &sampleTypeVal);
      |                             ~~~~~~~~~~~~~~
/Users/qingque/Desktop/HaiyueStudio/Native/examples/led-sudoku/node_modules/@nativescript/canvas/platforms/ios/src/cpp/webgpu/GPUUtils.h:469:21: warning: ignoring return value of function declared with 'warn_unused_result' attribute [-Wunused-result]
  469 |                     textureObj->Get(context,
      |                     ^~~~~~~~~~~~~~~~~~~~~~~~
  470 |                                     ConvertToV8String(isolate, "viewDimension")).ToLocal(
      |                                     ~~~~~~~~~~~~~~~~~~~~~~~~~~~~~~~~~~~~~~~~~~~~~~~~~~~~
  471 |                             &viewDimensionVal);
      |                             ~~~~~~~~~~~~~~~~~
In file included from /Users/qingque/Desktop/HaiyueStudio/Native/examples/led-sudoku/node_modules/@nativescript/canvas/platforms/ios/src/cpp/JSIRuntime.cpp:5:
In file included from /Users/qingque/Desktop/HaiyueStudio/Native/examples/led-sudoku/node_modules/@nativescript/canvas/platforms/ios/src/cpp/CanvasJSIModule.h:9:
In file included from /Users/qingque/Desktop/HaiyueStudio/Native/examples/led-sudoku/node_modules/@nativescript/canvas/platforms/ios/src/cpp/canvas2d/CanvasRenderingContext2DImpl.h:16:
/Users/qingque/Desktop/HaiyueStudio/Native/examples/led-sudoku/node_modules/@nativescript/canvas/platforms/ios/src/cpp/Helpers.h:63:13: warning: unused function 'LogToConsole' [-Wunused-function]
   63 | static void LogToConsole(const std::string &message) {
      |             ^~~~~~~~~~~~
/Users/qingque/Desktop/HaiyueStudio/Native/examples/led-sudoku/node_modules/@nativescript/canvas/platforms/ios/src/cpp/Helpers.h:185:13: warning: unused function 'SetFastMethodWithOverLoads' [-Wunused-function]
  185 | static void SetFastMethodWithOverLoads(v8::Isolate *isolate,
      |             ^~~~~~~~~~~~~~~~~~~~~~~~~~
/Users/qingque/Desktop/HaiyueStudio/Native/examples/led-sudoku/node_modules/@nativescript/canvas/platforms/ios/src/cpp/Helpers.h:210:13: warning: unused function 'SetFastMethod' [-Wunused-function]
  210 | static void SetFastMethod(v8::Local<v8::Context> context,
      |             ^~~~~~~~~~~~~
/Users/qingque/Desktop/HaiyueStudio/Native/examples/led-sudoku/node_modules/@nativescript/canvas/platforms/ios/src/cpp/Helpers.h:234:13: warning: unused function 'SetFastMethodNoSideEffect' [-Wunused-function]
  234 | static void SetFastMethodNoSideEffect(v8::Local<v8::Context> context,
      |             ^~~~~~~~~~~~~~~~~~~~~~~~~
/Users/qingque/Desktop/HaiyueStudio/Native/examples/led-sudoku/node_modules/@nativescript/canvas/platforms/ios/src/cpp/Helpers.h:258:13: warning: unused function 'SetFastMethodNoSideEffect' [-Wunused-function]
  258 | static void SetFastMethodNoSideEffect(v8::Isolate *isolate,
      |             ^~~~~~~~~~~~~~~~~~~~~~~~~
31 warnings generated.
/Users/qingque/Desktop/HaiyueStudio/Native/examples/led-sudoku/node_modules/@nativescript/canvas/platforms/ios/src/cpp/canvas2d/ImageDataImpl.cpp:50:5: warning: ignoring return value of function declared with 'warn_unused_result' attribute [-Wunused-result]
   50 |     canvasModule->Set(context, ConvertToV8String(isolate, "ImageData"), func);
      |     ^~~~~~~~~~~~~~~~~ ~~~~~~~~~~~~~~~~~~~~~~~~~~~~~~~~~~~~~~~~~~~~~~~~~~~~~~
In file included from /Users/qingque/Desktop/HaiyueStudio/Native/examples/led-sudoku/node_modules/@nativescript/canvas/platforms/ios/src/cpp/canvas2d/ImageDataImpl.cpp:6:
/Users/qingque/Desktop/HaiyueStudio/Native/examples/led-sudoku/node_modules/@nativescript/canvas/platforms/ios/src/cpp/Helpers.h:63:13: warning: unused function 'LogToConsole' [-Wunused-function]
   63 | static void LogToConsole(const std::string &message) {
      |             ^~~~~~~~~~~~
/Users/qingque/Desktop/HaiyueStudio/Native/examples/led-sudoku/node_modules/@nativescript/canvas/platforms/ios/src/cpp/Helpers.h:160:13: warning: unused function 'SetFastMethod' [-Wunused-function]
  160 | static void SetFastMethod(v8::Isolate *isolate,
      |             ^~~~~~~~~~~~~
/Users/qingque/Desktop/HaiyueStudio/Native/examples/led-sudoku/node_modules/@nativescript/canvas/platforms/ios/src/cpp/Helpers.h:185:13: warning: unused function 'SetFastMethodWithOverLoads' [-Wunused-function]
  185 | static void SetFastMethodWithOverLoads(v8::Isolate *isolate,
      |             ^~~~~~~~~~~~~~~~~~~~~~~~~~
/Users/qingque/Desktop/HaiyueStudio/Native/examples/led-sudoku/node_modules/@nativescript/canvas/platforms/ios/src/cpp/Helpers.h:210:13: warning: unused function 'SetFastMethod' [-Wunused-function]
  210 | static void SetFastMethod(v8::Local<v8::Context> context,
      |             ^~~~~~~~~~~~~
/Users/qingque/Desktop/HaiyueStudio/Native/examples/led-sudoku/node_modules/@nativescript/canvas/platforms/ios/src/cpp/Helpers.h:234:13: warning: unused function 'SetFastMethodNoSideEffect' [-Wunused-function]
  234 | static void SetFastMethodNoSideEffect(v8::Local<v8::Context> context,
      |             ^~~~~~~~~~~~~~~~~~~~~~~~~
/Users/qingque/Desktop/HaiyueStudio/Native/examples/led-sudoku/node_modules/@nativescript/canvas/platforms/ios/src/cpp/Helpers.h:258:13: warning: unused function 'SetFastMethodNoSideEffect' [-Wunused-function]
  258 | static void SetFastMethodNoSideEffect(v8::Isolate *isolate,
      |             ^~~~~~~~~~~~~~~~~~~~~~~~~
7 warnings generated.
/Users/qingque/Desktop/HaiyueStudio/Native/examples/led-sudoku/node_modules/@nativescript/canvas/platforms/ios/src/cpp/ImageBitmapImpl.cpp:26:5: warning: ignoring return value of function declared with 'warn_unused_result' attribute [-Wunused-result]
   26 |     canvasModule->Set(context, ConvertToV8String(isolate, "ImageBitmap"), func);
      |     ^~~~~~~~~~~~~~~~~ ~~~~~~~~~~~~~~~~~~~~~~~~~~~~~~~~~~~~~~~~~~~~~~~~~~~~~~~~
/Users/qingque/Desktop/HaiyueStudio/Native/examples/led-sudoku/node_modules/@nativescript/canvas/platforms/ios/src/cpp/ImageBitmapImpl.cpp:139:9: warning: ignoring return value of function declared with 'warn_unused_result' attribute [-Wunused-result]
  139 |         config->Get(context, ConvertToV8String(isolate, "flipY")).ToLocal(&flipYValue);
      |         ^~~~~~~~~~~~~~~~~~~~~~~~~~~~~~~~~~~~~~~~~~~~~~~~~~~~~~~~~~~~~~~~~ ~~~~~~~~~~~
/Users/qingque/Desktop/HaiyueStudio/Native/examples/led-sudoku/node_modules/@nativescript/canvas/platforms/ios/src/cpp/ImageBitmapImpl.cpp:146:9: warning: ignoring return value of function declared with 'warn_unused_result' attribute [-Wunused-result]
  146 |         config->Get(context, ConvertToV8String(isolate, "premultiplyAlpha")).ToLocal(
      |         ^~~~~~~~~~~~~~~~~~~~~~~~~~~~~~~~~~~~~~~~~~~~~~~~~~~~~~~~~~~~~~~~~~~~~~~~~~~~
  147 |                 &premultiplyAlphaValue);
      |                 ~~~~~~~~~~~~~~~~~~~~~~
/Users/qingque/Desktop/HaiyueStudio/Native/examples/led-sudoku/node_modules/@nativescript/canvas/platforms/ios/src/cpp/ImageBitmapImpl.cpp:162:9: warning: ignoring return value of function declared with 'warn_unused_result' attribute [-Wunused-result]
  162 |         config->Get(context, ConvertToV8String(isolate, "colorSpaceConversion")).ToLocal(
      |         ^~~~~~~~~~~~~~~~~~~~~~~~~~~~~~~~~~~~~~~~~~~~~~~~~~~~~~~~~~~~~~~~~~~~~~~~~~~~~~~~
  163 |                 &colorSpaceConversionValue);
      |                 ~~~~~~~~~~~~~~~~~~~~~~~~~~
/Users/qingque/Desktop/HaiyueStudio/Native/examples/led-sudoku/node_modules/@nativescript/canvas/platforms/ios/src/cpp/ImageBitmapImpl.cpp:175:9: warning: ignoring return value of function declared with 'warn_unused_result' attribute [-Wunused-result]
  175 |         config->Get(context, ConvertToV8String(isolate, "resizeQuality")).ToLocal(
      |         ^~~~~~~~~~~~~~~~~~~~~~~~~~~~~~~~~~~~~~~~~~~~~~~~~~~~~~~~~~~~~~~~~~~~~~~~~
  176 |                 &resizeQualityValue);
      |                 ~~~~~~~~~~~~~~~~~~~
/Users/qingque/Desktop/HaiyueStudio/Native/examples/led-sudoku/node_modules/@nativescript/canvas/platforms/ios/src/cpp/ImageBitmapImpl.cpp:195:9: warning: ignoring return value of function declared with 'warn_unused_result' attribute [-Wunused-result]
  195 |         config->Get(context, ConvertToV8String(isolate, "resizeWidth")).ToLocal(&resizeWidthValue);
      |         ^~~~~~~~~~~~~~~~~~~~~~~~~~~~~~~~~~~~~~~~~~~~~~~~~~~~~~~~~~~~~~~~~~~~~~~ ~~~~~~~~~~~~~~~~~
/Users/qingque/Desktop/HaiyueStudio/Native/examples/led-sudoku/node_modules/@nativescript/canvas/platforms/ios/src/cpp/ImageBitmapImpl.cpp:204:9: warning: ignoring return value of function declared with 'warn_unused_result' attribute [-Wunused-result]
  204 |         config->Get(context, ConvertToV8String(isolate, "resizeHeight")).ToLocal(
      |         ^~~~~~~~~~~~~~~~~~~~~~~~~~~~~~~~~~~~~~~~~~~~~~~~~~~~~~~~~~~~~~~~~~~~~~~~
  205 |                 &resizeHeightValue);
      |                 ~~~~~~~~~~~~~~~~~~
In file included from /Users/qingque/Desktop/HaiyueStudio/Native/examples/led-sudoku/node_modules/@nativescript/canvas/platforms/ios/src/cpp/ImageBitmapImpl.cpp:5:
In file included from /Users/qingque/Desktop/HaiyueStudio/Native/examples/led-sudoku/node_modules/@nativescript/canvas/platforms/ios/src/cpp/ImageBitmapImpl.h:7:
In file included from /Users/qingque/Desktop/HaiyueStudio/Native/examples/led-sudoku/node_modules/@nativescript/canvas/platforms/ios/src/cpp/ImageAssetImpl.h:10:
/Users/qingque/Desktop/HaiyueStudio/Native/examples/led-sudoku/node_modules/@nativescript/canvas/platforms/ios/src/cpp/Helpers.h:63:13: warning: unused function 'LogToConsole' [-Wunused-function]
   63 | static void LogToConsole(const std::string &message) {
      |             ^~~~~~~~~~~~
/Users/qingque/Desktop/HaiyueStudio/Native/examples/led-sudoku/node_modules/@nativescript/canvas/platforms/ios/src/cpp/Helpers.h:160:13: warning: unused function 'SetFastMethod' [-Wunused-function]
  160 | static void SetFastMethod(v8::Isolate *isolate,
      |             ^~~~~~~~~~~~~
/Users/qingque/Desktop/HaiyueStudio/Native/examples/led-sudoku/node_modules/@nativescript/canvas/platforms/ios/src/cpp/Helpers.h:185:13: warning: unused function 'SetFastMethodWithOverLoads' [-Wunused-function]
  185 | static void SetFastMethodWithOverLoads(v8::Isolate *isolate,
      |             ^~~~~~~~~~~~~~~~~~~~~~~~~~
/Users/qingque/Desktop/HaiyueStudio/Native/examples/led-sudoku/node_modules/@nativescript/canvas/platforms/ios/src/cpp/Helpers.h:210:13: warning: unused function 'SetFastMethod' [-Wunused-function]
  210 | static void SetFastMethod(v8::Local<v8::Context> context,
      |             ^~~~~~~~~~~~~
/Users/qingque/Desktop/HaiyueStudio/Native/examples/led-sudoku/node_modules/@nativescript/canvas/platforms/ios/src/cpp/Helpers.h:234:13: warning: unused function 'SetFastMethodNoSideEffect' [-Wunused-function]
  234 | static void SetFastMethodNoSideEffect(v8::Local<v8::Context> context,
      |             ^~~~~~~~~~~~~~~~~~~~~~~~~
/Users/qingque/Desktop/HaiyueStudio/Native/examples/led-sudoku/node_modules/@nativescript/canvas/platforms/ios/src/cpp/Helpers.h:258:13: warning: unused function 'SetFastMethodNoSideEffect' [-Wunused-function]
  258 | static void SetFastMethodNoSideEffect(v8::Isolate *isolate,
      |             ^~~~~~~~~~~~~~~~~~~~~~~~~
13 warnings generated.
In file included from /Users/qingque/Desktop/HaiyueStudio/Native/examples/led-sudoku/node_modules/@nativescript/canvas/platforms/ios/src/cpp/ImageAssetImpl.cpp:7:
In file included from /Users/qingque/Desktop/HaiyueStudio/Native/examples/led-sudoku/node_modules/@nativescript/canvas/platforms/ios/src/cpp/JSIRuntime.h:5:
In file included from /Users/qingque/Desktop/HaiyueStudio/Native/examples/led-sudoku/node_modules/@nativescript/canvas/platforms/ios/src/cpp/CanvasJSIModule.h:19:
In file included from /Users/qingque/Desktop/HaiyueStudio/Native/examples/led-sudoku/node_modules/@nativescript/canvas/platforms/ios/src/cpp/webgl/WebGLRenderingContext.h:32:
/Users/qingque/Desktop/HaiyueStudio/Native/examples/led-sudoku/node_modules/@nativescript/canvas/platforms/ios/src/cpp/webgl/extensions/EXT_blend_minmaxImpl.h:23:9: warning: ignoring return value of function declared with 'warn_unused_result' attribute [-Wunused-result]
   23 |         object->Set(context, ConvertToV8String(isolate, "ext_name"),
      |         ^~~~~~~~~~~ ~~~~~~~~~~~~~~~~~~~~~~~~~~~~~~~~~~~~~~~~~~~~~~~~
   24 |                     ConvertToV8String(isolate, "EXT_blend_minmax"));
      |                     ~~~~~~~~~~~~~~~~~~~~~~~~~~~~~~~~~~~~~~~~~~~~~~
In file included from /Users/qingque/Desktop/HaiyueStudio/Native/examples/led-sudoku/node_modules/@nativescript/canvas/platforms/ios/src/cpp/ImageAssetImpl.cpp:7:
In file included from /Users/qingque/Desktop/HaiyueStudio/Native/examples/led-sudoku/node_modules/@nativescript/canvas/platforms/ios/src/cpp/JSIRuntime.h:5:
In file included from /Users/qingque/Desktop/HaiyueStudio/Native/examples/led-sudoku/node_modules/@nativescript/canvas/platforms/ios/src/cpp/CanvasJSIModule.h:19:
In file included from /Users/qingque/Desktop/HaiyueStudio/Native/examples/led-sudoku/node_modules/@nativescript/canvas/platforms/ios/src/cpp/webgl/WebGLRenderingContext.h:33:
/Users/qingque/Desktop/HaiyueStudio/Native/examples/led-sudoku/node_modules/@nativescript/canvas/platforms/ios/src/cpp/webgl/extensions/EXT_color_buffer_half_floatImpl.h:23:9: warning: ignoring return value of function declared with 'warn_unused_result' attribute [-Wunused-result]
   23 |         object->Set(context, ConvertToV8String(isolate, "ext_name"),
      |         ^~~~~~~~~~~ ~~~~~~~~~~~~~~~~~~~~~~~~~~~~~~~~~~~~~~~~~~~~~~~~
   24 |                     ConvertToV8String(isolate, "EXT_color_buffer_half_float"));
      |                     ~~~~~~~~~~~~~~~~~~~~~~~~~~~~~~~~~~~~~~~~~~~~~~~~~~~~~~~~~
In file included from /Users/qingque/Desktop/HaiyueStudio/Native/examples/led-sudoku/node_modules/@nativescript/canvas/platforms/ios/src/cpp/ImageAssetImpl.cpp:7:
In file included from /Users/qingque/Desktop/HaiyueStudio/Native/examples/led-sudoku/node_modules/@nativescript/canvas/platforms/ios/src/cpp/JSIRuntime.h:5:
In file included from /Users/qingque/Desktop/HaiyueStudio/Native/examples/led-sudoku/node_modules/@nativescript/canvas/platforms/ios/src/cpp/CanvasJSIModule.h:19:
In file included from /Users/qingque/Desktop/HaiyueStudio/Native/examples/led-sudoku/node_modules/@nativescript/canvas/platforms/ios/src/cpp/webgl/WebGLRenderingContext.h:34:
/Users/qingque/Desktop/HaiyueStudio/Native/examples/led-sudoku/node_modules/@nativescript/canvas/platforms/ios/src/cpp/webgl/extensions/EXT_disjoint_timer_queryImpl.h:33:9: warning: ignoring return value of function declared with 'warn_unused_result' attribute [-Wunused-result]
   33 |         object->Set(context, ConvertToV8String(isolate, "ext_name"),
      |         ^~~~~~~~~~~ ~~~~~~~~~~~~~~~~~~~~~~~~~~~~~~~~~~~~~~~~~~~~~~~~
   34 |                     ConvertToV8String(isolate, "EXT_disjoint_timer_query"));
      |                     ~~~~~~~~~~~~~~~~~~~~~~~~~~~~~~~~~~~~~~~~~~~~~~~~~~~~~~
In file included from /Users/qingque/Desktop/HaiyueStudio/Native/examples/led-sudoku/node_modules/@nativescript/canvas/platforms/ios/src/cpp/ImageAssetImpl.cpp:7:
In file included from /Users/qingque/Desktop/HaiyueStudio/Native/examples/led-sudoku/node_modules/@nativescript/canvas/platforms/ios/src/cpp/JSIRuntime.h:5:
In file included from /Users/qingque/Desktop/HaiyueStudio/Native/examples/led-sudoku/node_modules/@nativescript/canvas/platforms/ios/src/cpp/CanvasJSIModule.h:19:
In file included from /Users/qingque/Desktop/HaiyueStudio/Native/examples/led-sudoku/node_modules/@nativescript/canvas/platforms/ios/src/cpp/webgl/WebGLRenderingContext.h:51:
/Users/qingque/Desktop/HaiyueStudio/Native/examples/led-sudoku/node_modules/@nativescript/canvas/platforms/ios/src/cpp/webgl/extensions/WEBGL_compressed_texture_s3tc_srgbImpl.h:58:9: warning: ignoring return value of function declared with 'warn_unused_result' attribute [-Wunused-result]
   58 |         object->Set(context, ConvertToV8String(isolate, "ext_name"),
      |         ^~~~~~~~~~~ ~~~~~~~~~~~~~~~~~~~~~~~~~~~~~~~~~~~~~~~~~~~~~~~~
   59 |                     ConvertToV8String(isolate, "WEBGL_compressed_texture_s3tc_srgb"));
      |                     ~~~~~~~~~~~~~~~~~~~~~~~~~~~~~~~~~~~~~~~~~~~~~~~~~~~~~~~~~~~~~~~~
In file included from /Users/qingque/Desktop/HaiyueStudio/Native/examples/led-sudoku/node_modules/@nativescript/canvas/platforms/ios/src/cpp/ImageAssetImpl.cpp:7:
In file included from /Users/qingque/Desktop/HaiyueStudio/Native/examples/led-sudoku/node_modules/@nativescript/canvas/platforms/ios/src/cpp/JSIRuntime.h:5:
In file included from /Users/qingque/Desktop/HaiyueStudio/Native/examples/led-sudoku/node_modules/@nativescript/canvas/platforms/ios/src/cpp/CanvasJSIModule.h:19:
/Users/qingque/Desktop/HaiyueStudio/Native/examples/led-sudoku/node_modules/@nativescript/canvas/platforms/ios/src/cpp/webgl/WebGLRenderingContext.h:1801:16: warning: implicit conversion loses integer precision: 'uintptr_t' (aka 'unsigned long') to 'int32_t' (aka 'int') [-Wshorten-64-to-32]
 1801 |         return canvas_native_webgl_get_vertex_attrib_offset(
      |         ~~~~~~ ^~~~~~~~~~~~~~~~~~~~~~~~~~~~~~~~~~~~~~~~~~~~~
 1802 |                 index,
      |                 ~~~~~~
 1803 |                 pname,
      |                 ~~~~~~
 1804 |                 ptr->GetState());
      |                 ~~~~~~~~~~~~~~~~
In file included from /Users/qingque/Desktop/HaiyueStudio/Native/examples/led-sudoku/node_modules/@nativescript/canvas/platforms/ios/src/cpp/ImageAssetImpl.cpp:7:
In file included from /Users/qingque/Desktop/HaiyueStudio/Native/examples/led-sudoku/node_modules/@nativescript/canvas/platforms/ios/src/cpp/JSIRuntime.h:5:
In file included from /Users/qingque/Desktop/HaiyueStudio/Native/examples/led-sudoku/node_modules/@nativescript/canvas/platforms/ios/src/cpp/CanvasJSIModule.h:25:
In file included from /Users/qingque/Desktop/HaiyueStudio/Native/examples/led-sudoku/node_modules/@nativescript/canvas/platforms/ios/src/cpp/webgpu/GPUQueueImpl.h:12:
/Users/qingque/Desktop/HaiyueStudio/Native/examples/led-sudoku/node_modules/@nativescript/canvas/platforms/ios/src/cpp/webgpu/GPUUtils.h:61:13: warning: ignoring return value of function declared with 'warn_unused_result' attribute [-Wunused-result]
   61 |             entriesArray->Get(context, i).ToLocal(&entryVal);
      |             ^~~~~~~~~~~~~~~~~~~~~~~~~~~~~~~~~~~~~ ~~~~~~~~~
/Users/qingque/Desktop/HaiyueStudio/Native/examples/led-sudoku/node_modules/@nativescript/canvas/platforms/ios/src/cpp/webgpu/GPUUtils.h:68:17: warning: ignoring return value of function declared with 'warn_unused_result' attribute [-Wunused-result]
   68 |                 entryObj->Get(context, ConvertToV8String(isolate, "resource")).ToLocal(
      |                 ^~~~~~~~~~~~~~~~~~~~~~~~~~~~~~~~~~~~~~~~~~~~~~~~~~~~~~~~~~~~~~~~~~~~~~
   69 |                         &resourceVal);
      |                         ~~~~~~~~~~~~
/Users/qingque/Desktop/HaiyueStudio/Native/examples/led-sudoku/node_modules/@nativescript/canvas/platforms/ios/src/cpp/webgpu/GPUUtils.h:102:29: warning: ignoring return value of function declared with 'warn_unused_result' attribute [-Wunused-result]
  102 |                             resourceObj->Get(context,
      |                             ^~~~~~~~~~~~~~~~~~~~~~~~~
  103 |                                              ConvertToV8String(isolate, "buffer")).ToLocal(
      |                                              ~~~~~~~~~~~~~~~~~~~~~~~~~~~~~~~~~~~~~~~~~~~~~
  104 |                                     &bufferVal);
      |                                     ~~~~~~~~~~
/Users/qingque/Desktop/HaiyueStudio/Native/examples/led-sudoku/node_modules/@nativescript/canvas/platforms/ios/src/cpp/webgpu/GPUUtils.h:117:37: warning: ignoring return value of function declared with 'warn_unused_result' attribute [-Wunused-result]
  117 |                                     resourceObj->Get(context,
      |                                     ^~~~~~~~~~~~~~~~~~~~~~~~~
  118 |                                                      ConvertToV8String(isolate,
      |                                                      ~~~~~~~~~~~~~~~~~~~~~~~~~~
  119 |                                                                        "offset")).ToLocal(
      |                                                                        ~~~~~~~~~~~~~~~~~~
  120 |                                             &offsetVal);
      |                                             ~~~~~~~~~~
/Users/qingque/Desktop/HaiyueStudio/Native/examples/led-sudoku/node_modules/@nativescript/canvas/platforms/ios/src/cpp/webgpu/GPUUtils.h:129:37: warning: ignoring return value of function declared with 'warn_unused_result' attribute [-Wunused-result]
  129 |                                     resourceObj->Get(context,
      |                                     ^~~~~~~~~~~~~~~~~~~~~~~~~
  130 |                                                      ConvertToV8String(isolate,
      |                                                      ~~~~~~~~~~~~~~~~~~~~~~~~~~
  131 |                                                                        "size")).ToLocal(
      |                                                                        ~~~~~~~~~~~~~~~~
  132 |                                             &sizeVal);
      |                                             ~~~~~~~~
/Users/qingque/Desktop/HaiyueStudio/Native/examples/led-sudoku/node_modules/@nativescript/canvas/platforms/ios/src/cpp/webgpu/GPUUtils.h:168:13: warning: ignoring return value of function declared with 'warn_unused_result' attribute [-Wunused-result]
  168 |             entriesArray->Get(context, i).ToLocal(&entryVal);
      |             ^~~~~~~~~~~~~~~~~~~~~~~~~~~~~~~~~~~~~ ~~~~~~~~~
/Users/qingque/Desktop/HaiyueStudio/Native/examples/led-sudoku/node_modules/@nativescript/canvas/platforms/ios/src/cpp/webgpu/GPUUtils.h:183:17: warning: ignoring return value of function declared with 'warn_unused_result' attribute [-Wunused-result]
  183 |                 entryObj->Get(context, ConvertToV8String(isolate, "buffer")).ToLocal(
      |                 ^~~~~~~~~~~~~~~~~~~~~~~~~~~~~~~~~~~~~~~~~~~~~~~~~~~~~~~~~~~~~~~~~~~~
  184 |                         &bufferVal);
      |                         ~~~~~~~~~~
/Users/qingque/Desktop/HaiyueStudio/Native/examples/led-sudoku/node_modules/@nativescript/canvas/platforms/ios/src/cpp/webgpu/GPUUtils.h:189:21: warning: ignoring return value of function declared with 'warn_unused_result' attribute [-Wunused-result]
  189 |                     bufferObj->Get(context, ConvertToV8String(isolate, "type")).ToLocal(
      |                     ^~~~~~~~~~~~~~~~~~~~~~~~~~~~~~~~~~~~~~~~~~~~~~~~~~~~~~~~~~~~~~~~~~~
  190 |                             &bufferType);
      |                             ~~~~~~~~~~~
/Users/qingque/Desktop/HaiyueStudio/Native/examples/led-sudoku/node_modules/@nativescript/canvas/platforms/ios/src/cpp/webgpu/GPUUtils.h:208:21: warning: ignoring return value of function declared with 'warn_unused_result' attribute [-Wunused-result]
  208 |                     bufferObj->Get(context,
      |                     ^~~~~~~~~~~~~~~~~~~~~~~
  209 |                                    ConvertToV8String(isolate, "hasDynamicOffset")).ToLocal(
      |                                    ~~~~~~~~~~~~~~~~~~~~~~~~~~~~~~~~~~~~~~~~~~~~~~~~~~~~~~~
  210 |                             &hasDynamicOffsetVal);
      |                             ~~~~~~~~~~~~~~~~~~~~
/Users/qingque/Desktop/HaiyueStudio/Native/examples/led-sudoku/node_modules/@nativescript/canvas/platforms/ios/src/cpp/webgpu/GPUUtils.h:220:21: warning: ignoring return value of function declared with 'warn_unused_result' attribute [-Wunused-result]
  220 |                     bufferObj->Get(context,
      |                     ^~~~~~~~~~~~~~~~~~~~~~~
  221 |                                    ConvertToV8String(isolate, "minBindingSize")).ToLocal(
      |                                    ~~~~~~~~~~~~~~~~~~~~~~~~~~~~~~~~~~~~~~~~~~~~~~~~~~~~~
  222 |                             &minBindingSizeVal);
      |                             ~~~~~~~~~~~~~~~~~~
/Users/qingque/Desktop/HaiyueStudio/Native/examples/led-sudoku/node_modules/@nativescript/canvas/platforms/ios/src/cpp/webgpu/GPUUtils.h:252:17: warning: ignoring return value of function declared with 'warn_unused_result' attribute [-Wunused-result]
  252 |                 entryObj->Get(context, ConvertToV8String(isolate, "externalTexture")).ToLocal(
      |                 ^~~~~~~~~~~~~~~~~~~~~~~~~~~~~~~~~~~~~~~~~~~~~~~~~~~~~~~~~~~~~~~~~~~~~~~~~~~~~
  253 |                         &externalTextureVal);
      |                         ~~~~~~~~~~~~~~~~~~~
/Users/qingque/Desktop/HaiyueStudio/Native/examples/led-sudoku/node_modules/@nativescript/canvas/platforms/ios/src/cpp/webgpu/GPUUtils.h:278:17: warning: ignoring return value of function declared with 'warn_unused_result' attribute [-Wunused-result]
  278 |                 entryObj->Get(context, ConvertToV8String(isolate, "sampler")).ToLocal(
      |                 ^~~~~~~~~~~~~~~~~~~~~~~~~~~~~~~~~~~~~~~~~~~~~~~~~~~~~~~~~~~~~~~~~~~~~
  279 |                         &samplerVal);
      |                         ~~~~~~~~~~~
/Users/qingque/Desktop/HaiyueStudio/Native/examples/led-sudoku/node_modules/@nativescript/canvas/platforms/ios/src/cpp/webgpu/GPUUtils.h:284:21: warning: ignoring return value of function declared with 'warn_unused_result' attribute [-Wunused-result]
  284 |                     samplerObj->Get(context, ConvertToV8String(isolate, "type")).ToLocal(
      |                     ^~~~~~~~~~~~~~~~~~~~~~~~~~~~~~~~~~~~~~~~~~~~~~~~~~~~~~~~~~~~~~~~~~~~
  285 |                             &samplerType);
      |                             ~~~~~~~~~~~~
/Users/qingque/Desktop/HaiyueStudio/Native/examples/led-sudoku/node_modules/@nativescript/canvas/platforms/ios/src/cpp/webgpu/GPUUtils.h:324:17: warning: ignoring return value of function declared with 'warn_unused_result' attribute [-Wunused-result]
  324 |                 entryObj->Get(context, ConvertToV8String(isolate, "storageTexture")).ToLocal(
      |                 ^~~~~~~~~~~~~~~~~~~~~~~~~~~~~~~~~~~~~~~~~~~~~~~~~~~~~~~~~~~~~~~~~~~~~~~~~~~~
  325 |                         &storageTextureVal);
      |                         ~~~~~~~~~~~~~~~~~~
/Users/qingque/Desktop/HaiyueStudio/Native/examples/led-sudoku/node_modules/@nativescript/canvas/platforms/ios/src/cpp/webgpu/GPUUtils.h:338:21: warning: ignoring return value of function declared with 'warn_unused_result' attribute [-Wunused-result]
  338 |                     storageTextureObj->Get(context,
      |                     ^~~~~~~~~~~~~~~~~~~~~~~~~~~~~~~
  339 |                                            ConvertToV8String(isolate, "access")).ToLocal(
      |                                            ~~~~~~~~~~~~~~~~~~~~~~~~~~~~~~~~~~~~~~~~~~~~~
  340 |                             &accessVal);
      |                             ~~~~~~~~~~
/Users/qingque/Desktop/HaiyueStudio/Native/examples/led-sudoku/node_modules/@nativescript/canvas/platforms/ios/src/cpp/webgpu/GPUUtils.h:361:21: warning: ignoring return value of function declared with 'warn_unused_result' attribute [-Wunused-result]
  361 |                     storageTextureObj->Get(context,
      |                     ^~~~~~~~~~~~~~~~~~~~~~~~~~~~~~~
  362 |                                            ConvertToV8String(isolate, "viewDimension")).ToLocal(
      |                                            ~~~~~~~~~~~~~~~~~~~~~~~~~~~~~~~~~~~~~~~~~~~~~~~~~~~~
  363 |                             &viewDimensionVal);
      |                             ~~~~~~~~~~~~~~~~~
/Users/qingque/Desktop/HaiyueStudio/Native/examples/led-sudoku/node_modules/@nativescript/canvas/platforms/ios/src/cpp/webgpu/GPUUtils.h:386:21: warning: ignoring return value of function declared with 'warn_unused_result' attribute [-Wunused-result]
  386 |                     storageTextureObj->Get(context,
      |                     ^~~~~~~~~~~~~~~~~~~~~~~~~~~~~~~
  387 |                                            ConvertToV8String(isolate, "format")).ToLocal(
      |                                            ~~~~~~~~~~~~~~~~~~~~~~~~~~~~~~~~~~~~~~~~~~~~~
  388 |                             &formatVal);
      |                             ~~~~~~~~~~
/Users/qingque/Desktop/HaiyueStudio/Native/examples/led-sudoku/node_modules/@nativescript/canvas/platforms/ios/src/cpp/webgpu/GPUUtils.h:424:17: warning: ignoring return value of function declared with 'warn_unused_result' attribute [-Wunused-result]
  424 |                 entryObj->Get(context, ConvertToV8String(isolate, "texture")).ToLocal(
      |                 ^~~~~~~~~~~~~~~~~~~~~~~~~~~~~~~~~~~~~~~~~~~~~~~~~~~~~~~~~~~~~~~~~~~~~
  425 |                         &textureVal);
      |                         ~~~~~~~~~~~
/Users/qingque/Desktop/HaiyueStudio/Native/examples/led-sudoku/node_modules/@nativescript/canvas/platforms/ios/src/cpp/webgpu/GPUUtils.h:433:21: warning: ignoring return value of function declared with 'warn_unused_result' attribute [-Wunused-result]
  433 |                     textureObj->Get(context,
      |                     ^~~~~~~~~~~~~~~~~~~~~~~~
  434 |                                     ConvertToV8String(isolate, "multisampled")).ToLocal(
      |                                     ~~~~~~~~~~~~~~~~~~~~~~~~~~~~~~~~~~~~~~~~~~~~~~~~~~~
  435 |                             &multisampledVal);
      |                             ~~~~~~~~~~~~~~~~
/Users/qingque/Desktop/HaiyueStudio/Native/examples/led-sudoku/node_modules/@nativescript/canvas/platforms/ios/src/cpp/webgpu/GPUUtils.h:443:21: warning: ignoring return value of function declared with 'warn_unused_result' attribute [-Wunused-result]
  443 |                     textureObj->Get(context, ConvertToV8String(isolate, "sampleType")).ToLocal(
      |                     ^~~~~~~~~~~~~~~~~~~~~~~~~~~~~~~~~~~~~~~~~~~~~~~~~~~~~~~~~~~~~~~~~~~~~~~~~~
  444 |                             &sampleTypeVal);
      |                             ~~~~~~~~~~~~~~
/Users/qingque/Desktop/HaiyueStudio/Native/examples/led-sudoku/node_modules/@nativescript/canvas/platforms/ios/src/cpp/webgpu/GPUUtils.h:469:21: warning: ignoring return value of function declared with 'warn_unused_result' attribute [-Wunused-result]
  469 |                     textureObj->Get(context,
      |                     ^~~~~~~~~~~~~~~~~~~~~~~~
  470 |                                     ConvertToV8String(isolate, "viewDimension")).ToLocal(
      |                                     ~~~~~~~~~~~~~~~~~~~~~~~~~~~~~~~~~~~~~~~~~~~~~~~~~~~~
  471 |                             &viewDimensionVal);
      |                             ~~~~~~~~~~~~~~~~~
/Users/qingque/Desktop/HaiyueStudio/Native/examples/led-sudoku/node_modules/@nativescript/canvas/platforms/ios/src/cpp/ImageAssetImpl.cpp:366:13: warning: ignoring return value of function declared with 'warn_unused_result' attribute [-Wunused-result]
  366 |             callback->Call(context, context->Global(), 1,
      |             ^~~~~~~~~~~~~~ ~~~~~~~~~~~~~~~~~~~~~~~~~~~~~~
  367 |                            args);  // ignore JS return value
      |                            ~~~~
/Users/qingque/Desktop/HaiyueStudio/Native/examples/led-sudoku/node_modules/@nativescript/canvas/platforms/ios/src/cpp/ImageAssetImpl.cpp:487:13: warning: ignoring return value of function declared with 'warn_unused_result' attribute [-Wunused-result]
  487 |             callback->Call(context, context->Global(), 1,
      |             ^~~~~~~~~~~~~~ ~~~~~~~~~~~~~~~~~~~~~~~~~~~~~~
  488 |                            args);  // ignore JS return value
      |                            ~~~~
/Users/qingque/Desktop/HaiyueStudio/Native/examples/led-sudoku/node_modules/@nativescript/canvas/platforms/ios/src/cpp/ImageAssetImpl.cpp:564:5: warning: ignoring return value of function declared with 'warn_unused_result' attribute [-Wunused-result]
  564 |     args[0]->Uint32Value(context).To(&width);
      |     ^~~~~~~~~~~~~~~~~~~~~~~~~~~~~~~~ ~~~~~~
/Users/qingque/Desktop/HaiyueStudio/Native/examples/led-sudoku/node_modules/@nativescript/canvas/platforms/ios/src/cpp/ImageAssetImpl.cpp:565:5: warning: ignoring return value of function declared with 'warn_unused_result' attribute [-Wunused-result]
  565 |     args[1]->Uint32Value(context).To(&height);
      |     ^~~~~~~~~~~~~~~~~~~~~~~~~~~~~~~~ ~~~~~~~
/Users/qingque/Desktop/HaiyueStudio/Native/examples/led-sudoku/node_modules/@nativescript/canvas/platforms/ios/src/cpp/ImageAssetImpl.cpp:636:13: warning: ignoring return value of function declared with 'warn_unused_result' attribute [-Wunused-result]
  636 |             callback->Call(context, context->Global(), 1,
      |             ^~~~~~~~~~~~~~ ~~~~~~~~~~~~~~~~~~~~~~~~~~~~~~
  637 |                            args);  // ignore JS return value
      |                            ~~~~
/Users/qingque/Desktop/HaiyueStudio/Native/examples/led-sudoku/node_modules/@nativescript/canvas/platforms/ios/src/cpp/ImageAssetImpl.cpp:771:13: warning: ignoring return value of function declared with 'warn_unused_result' attribute [-Wunused-result]
  771 |             callback->Call(context, context->Global(), 1,
      |             ^~~~~~~~~~~~~~ ~~~~~~~~~~~~~~~~~~~~~~~~~~~~~~
  772 |                            args);  // ignore JS return value
      |                            ~~~~
In file included from /Users/qingque/Desktop/HaiyueStudio/Native/examples/led-sudoku/node_modules/@nativescript/canvas/platforms/ios/src/cpp/ImageAssetImpl.cpp:5:
In file included from /Users/qingque/Desktop/HaiyueStudio/Native/examples/led-sudoku/node_modules/@nativescript/canvas/platforms/ios/src/cpp/ImageAssetImpl.h:10:
/Users/qingque/Desktop/HaiyueStudio/Native/examples/led-sudoku/node_modules/@nativescript/canvas/platforms/ios/src/cpp/Helpers.h:63:13: warning: unused function 'LogToConsole' [-Wunused-function]
   63 | static void LogToConsole(const std::string &message) {
      |             ^~~~~~~~~~~~
/Users/qingque/Desktop/HaiyueStudio/Native/examples/led-sudoku/node_modules/@nativescript/canvas/platforms/ios/src/cpp/Helpers.h:185:13: warning: unused function 'SetFastMethodWithOverLoads' [-Wunused-function]
  185 | static void SetFastMethodWithOverLoads(v8::Isolate *isolate,
      |             ^~~~~~~~~~~~~~~~~~~~~~~~~~
/Users/qingque/Desktop/HaiyueStudio/Native/examples/led-sudoku/node_modules/@nativescript/canvas/platforms/ios/src/cpp/Helpers.h:210:13: warning: unused function 'SetFastMethod' [-Wunused-function]
  210 | static void SetFastMethod(v8::Local<v8::Context> context,
      |             ^~~~~~~~~~~~~
/Users/qingque/Desktop/HaiyueStudio/Native/examples/led-sudoku/node_modules/@nativescript/canvas/platforms/ios/src/cpp/Helpers.h:234:13: warning: unused function 'SetFastMethodNoSideEffect' [-Wunused-function]
  234 | static void SetFastMethodNoSideEffect(v8::Local<v8::Context> context,
      |             ^~~~~~~~~~~~~~~~~~~~~~~~~
/Users/qingque/Desktop/HaiyueStudio/Native/examples/led-sudoku/node_modules/@nativescript/canvas/platforms/ios/src/cpp/Helpers.h:258:13: warning: unused function 'SetFastMethodNoSideEffect' [-Wunused-function]
  258 | static void SetFastMethodNoSideEffect(v8::Isolate *isolate,
      |             ^~~~~~~~~~~~~~~~~~~~~~~~~
37 warnings generated.
In file included from /Users/qingque/Desktop/HaiyueStudio/Native/examples/led-sudoku/node_modules/@nativescript/canvas/platforms/ios/src/cpp/webgpu/GPUTextureViewImpl.cpp:5:
In file included from /Users/qingque/Desktop/HaiyueStudio/Native/examples/led-sudoku/node_modules/@nativescript/canvas/platforms/ios/src/cpp/webgpu/GPUTextureViewImpl.h:9:
/Users/qingque/Desktop/HaiyueStudio/Native/examples/led-sudoku/node_modules/@nativescript/canvas/platforms/ios/src/cpp/Helpers.h:63:13: warning: unused function 'LogToConsole' [-Wunused-function]
   63 | static void LogToConsole(const std::string &message) {
      |             ^~~~~~~~~~~~
/Users/qingque/Desktop/HaiyueStudio/Native/examples/led-sudoku/node_modules/@nativescript/canvas/platforms/ios/src/cpp/Helpers.h:160:13: warning: unused function 'SetFastMethod' [-Wunused-function]
  160 | static void SetFastMethod(v8::Isolate *isolate,
      |             ^~~~~~~~~~~~~
/Users/qingque/Desktop/HaiyueStudio/Native/examples/led-sudoku/node_modules/@nativescript/canvas/platforms/ios/src/cpp/Helpers.h:185:13: warning: unused function 'SetFastMethodWithOverLoads' [-Wunused-function]
  185 | static void SetFastMethodWithOverLoads(v8::Isolate *isolate,
      |             ^~~~~~~~~~~~~~~~~~~~~~~~~~
/Users/qingque/Desktop/HaiyueStudio/Native/examples/led-sudoku/node_modules/@nativescript/canvas/platforms/ios/src/cpp/Helpers.h:210:13: warning: unused function 'SetFastMethod' [-Wunused-function]
  210 | static void SetFastMethod(v8::Local<v8::Context> context,
      |             ^~~~~~~~~~~~~
/Users/qingque/Desktop/HaiyueStudio/Native/examples/led-sudoku/node_modules/@nativescript/canvas/platforms/ios/src/cpp/Helpers.h:234:13: warning: unused function 'SetFastMethodNoSideEffect' [-Wunused-function]
  234 | static void SetFastMethodNoSideEffect(v8::Local<v8::Context> context,
      |             ^~~~~~~~~~~~~~~~~~~~~~~~~
/Users/qingque/Desktop/HaiyueStudio/Native/examples/led-sudoku/node_modules/@nativescript/canvas/platforms/ios/src/cpp/Helpers.h:258:13: warning: unused function 'SetFastMethodNoSideEffect' [-Wunused-function]
  258 | static void SetFastMethodNoSideEffect(v8::Isolate *isolate,
      |             ^~~~~~~~~~~~~~~~~~~~~~~~~
6 warnings generated.
/Users/qingque/Desktop/HaiyueStudio/Native/examples/led-sudoku/node_modules/@nativescript/canvas/platforms/ios/src/cpp/webgpu/GPUTextureImpl.cpp:339:9: warning: ignoring return value of function declared with 'warn_unused_result' attribute [-Wunused-result]
  339 |         descObj->Get(context, ConvertToV8String(isolate, "format")).ToLocal(&formatVal);
      |         ^~~~~~~~~~~~~~~~~~~~~~~~~~~~~~~~~~~~~~~~~~~~~~~~~~~~~~~~~~~~~~~~~~~ ~~~~~~~~~~
/Users/qingque/Desktop/HaiyueStudio/Native/examples/led-sudoku/node_modules/@nativescript/canvas/platforms/ios/src/cpp/webgpu/GPUTextureImpl.cpp:355:9: warning: ignoring return value of function declared with 'warn_unused_result' attribute [-Wunused-result]
  355 |         descObj->Get(context, ConvertToV8String(isolate, "label")).ToLocal(&labelVal);
      |         ^~~~~~~~~~~~~~~~~~~~~~~~~~~~~~~~~~~~~~~~~~~~~~~~~~~~~~~~~~~~~~~~~~ ~~~~~~~~~
In file included from /Users/qingque/Desktop/HaiyueStudio/Native/examples/led-sudoku/node_modules/@nativescript/canvas/platforms/ios/src/cpp/webgpu/GPUTextureImpl.cpp:5:
In file included from /Users/qingque/Desktop/HaiyueStudio/Native/examples/led-sudoku/node_modules/@nativescript/canvas/platforms/ios/src/cpp/webgpu/GPUTextureImpl.h:9:
/Users/qingque/Desktop/HaiyueStudio/Native/examples/led-sudoku/node_modules/@nativescript/canvas/platforms/ios/src/cpp/Helpers.h:63:13: warning: unused function 'LogToConsole' [-Wunused-function]
   63 | static void LogToConsole(const std::string &message) {
      |             ^~~~~~~~~~~~
/Users/qingque/Desktop/HaiyueStudio/Native/examples/led-sudoku/node_modules/@nativescript/canvas/platforms/ios/src/cpp/Helpers.h:160:13: warning: unused function 'SetFastMethod' [-Wunused-function]
  160 | static void SetFastMethod(v8::Isolate *isolate,
      |             ^~~~~~~~~~~~~
/Users/qingque/Desktop/HaiyueStudio/Native/examples/led-sudoku/node_modules/@nativescript/canvas/platforms/ios/src/cpp/Helpers.h:185:13: warning: unused function 'SetFastMethodWithOverLoads' [-Wunused-function]
  185 | static void SetFastMethodWithOverLoads(v8::Isolate *isolate,
      |             ^~~~~~~~~~~~~~~~~~~~~~~~~~
/Users/qingque/Desktop/HaiyueStudio/Native/examples/led-sudoku/node_modules/@nativescript/canvas/platforms/ios/src/cpp/Helpers.h:210:13: warning: unused function 'SetFastMethod' [-Wunused-function]
  210 | static void SetFastMethod(v8::Local<v8::Context> context,
      |             ^~~~~~~~~~~~~
/Users/qingque/Desktop/HaiyueStudio/Native/examples/led-sudoku/node_modules/@nativescript/canvas/platforms/ios/src/cpp/Helpers.h:234:13: warning: unused function 'SetFastMethodNoSideEffect' [-Wunused-function]
  234 | static void SetFastMethodNoSideEffect(v8::Local<v8::Context> context,
      |             ^~~~~~~~~~~~~~~~~~~~~~~~~
/Users/qingque/Desktop/HaiyueStudio/Native/examples/led-sudoku/node_modules/@nativescript/canvas/platforms/ios/src/cpp/Helpers.h:258:13: warning: unused function 'SetFastMethodNoSideEffect' [-Wunused-function]
  258 | static void SetFastMethodNoSideEffect(v8::Isolate *isolate,
      |             ^~~~~~~~~~~~~~~~~~~~~~~~~
8 warnings generated.
In file included from /Users/qingque/Desktop/HaiyueStudio/Native/examples/led-sudoku/node_modules/@nativescript/canvas/platforms/ios/src/cpp/webgpu/GPUSupportedLimitsImpl.cpp:5:
In file included from /Users/qingque/Desktop/HaiyueStudio/Native/examples/led-sudoku/node_modules/@nativescript/canvas/platforms/ios/src/cpp/webgpu/GPUSupportedLimitsImpl.h:8:
/Users/qingque/Desktop/HaiyueStudio/Native/examples/led-sudoku/node_modules/@nativescript/canvas/platforms/ios/src/cpp/Helpers.h:63:13: warning: unused function 'LogToConsole' [-Wunused-function]
   63 | static void LogToConsole(const std::string &message) {
      |             ^~~~~~~~~~~~
/Users/qingque/Desktop/HaiyueStudio/Native/examples/led-sudoku/node_modules/@nativescript/canvas/platforms/ios/src/cpp/Helpers.h:160:13: warning: unused function 'SetFastMethod' [-Wunused-function]
  160 | static void SetFastMethod(v8::Isolate *isolate,
      |             ^~~~~~~~~~~~~
/Users/qingque/Desktop/HaiyueStudio/Native/examples/led-sudoku/node_modules/@nativescript/canvas/platforms/ios/src/cpp/Helpers.h:185:13: warning: unused function 'SetFastMethodWithOverLoads' [-Wunused-function]
  185 | static void SetFastMethodWithOverLoads(v8::Isolate *isolate,
      |             ^~~~~~~~~~~~~~~~~~~~~~~~~~
/Users/qingque/Desktop/HaiyueStudio/Native/examples/led-sudoku/node_modules/@nativescript/canvas/platforms/ios/src/cpp/Helpers.h:210:13: warning: unused function 'SetFastMethod' [-Wunused-function]
  210 | static void SetFastMethod(v8::Local<v8::Context> context,
      |             ^~~~~~~~~~~~~
/Users/qingque/Desktop/HaiyueStudio/Native/examples/led-sudoku/node_modules/@nativescript/canvas/platforms/ios/src/cpp/Helpers.h:234:13: warning: unused function 'SetFastMethodNoSideEffect' [-Wunused-function]
  234 | static void SetFastMethodNoSideEffect(v8::Local<v8::Context> context,
      |             ^~~~~~~~~~~~~~~~~~~~~~~~~
/Users/qingque/Desktop/HaiyueStudio/Native/examples/led-sudoku/node_modules/@nativescript/canvas/platforms/ios/src/cpp/Helpers.h:258:13: warning: unused function 'SetFastMethodNoSideEffect' [-Wunused-function]
  258 | static void SetFastMethodNoSideEffect(v8::Isolate *isolate,
      |             ^~~~~~~~~~~~~~~~~~~~~~~~~
6 warnings generated.
/Users/qingque/Desktop/HaiyueStudio/Native/examples/led-sudoku/node_modules/@nativescript/canvas/platforms/ios/src/cpp/webgpu/GPUShaderModuleImpl.cpp:93:9: warning: ignoring return value of function declared with 'warn_unused_result' attribute [-Wunused-result]
   93 |         resolver->Reject(context, v8::Null(isolate));
      |         ^~~~~~~~~~~~~~~~ ~~~~~~~~~~~~~~~~~~~~~~~~~~
/Users/qingque/Desktop/HaiyueStudio/Native/examples/led-sudoku/node_modules/@nativescript/canvas/platforms/ios/src/cpp/webgpu/GPUShaderModuleImpl.cpp:101:5: warning: ignoring return value of function declared with 'warn_unused_result' attribute [-Wunused-result]
  101 |     resolver->Resolve(context, GPUCompilationInfoImpl::NewInstance(isolate, info));
      |     ^~~~~~~~~~~~~~~~~ ~~~~~~~~~~~~~~~~~~~~~~~~~~~~~~~~~~~~~~~~~~~~~~~~~~~~~~~~~~~
In file included from /Users/qingque/Desktop/HaiyueStudio/Native/examples/led-sudoku/node_modules/@nativescript/canvas/platforms/ios/src/cpp/webgpu/GPUShaderModuleImpl.cpp:5:
In file included from /Users/qingque/Desktop/HaiyueStudio/Native/examples/led-sudoku/node_modules/@nativescript/canvas/platforms/ios/src/cpp/webgpu/GPUShaderModuleImpl.h:9:
/Users/qingque/Desktop/HaiyueStudio/Native/examples/led-sudoku/node_modules/@nativescript/canvas/platforms/ios/src/cpp/Helpers.h:63:13: warning: unused function 'LogToConsole' [-Wunused-function]
   63 | static void LogToConsole(const std::string &message) {
      |             ^~~~~~~~~~~~
/Users/qingque/Desktop/HaiyueStudio/Native/examples/led-sudoku/node_modules/@nativescript/canvas/platforms/ios/src/cpp/Helpers.h:160:13: warning: unused function 'SetFastMethod' [-Wunused-function]
  160 | static void SetFastMethod(v8::Isolate *isolate,
      |             ^~~~~~~~~~~~~
/Users/qingque/Desktop/HaiyueStudio/Native/examples/led-sudoku/node_modules/@nativescript/canvas/platforms/ios/src/cpp/Helpers.h:185:13: warning: unused function 'SetFastMethodWithOverLoads' [-Wunused-function]
  185 | static void SetFastMethodWithOverLoads(v8::Isolate *isolate,
      |             ^~~~~~~~~~~~~~~~~~~~~~~~~~
/Users/qingque/Desktop/HaiyueStudio/Native/examples/led-sudoku/node_modules/@nativescript/canvas/platforms/ios/src/cpp/Helpers.h:210:13: warning: unused function 'SetFastMethod' [-Wunused-function]
  210 | static void SetFastMethod(v8::Local<v8::Context> context,
      |             ^~~~~~~~~~~~~
/Users/qingque/Desktop/HaiyueStudio/Native/examples/led-sudoku/node_modules/@nativescript/canvas/platforms/ios/src/cpp/Helpers.h:234:13: warning: unused function 'SetFastMethodNoSideEffect' [-Wunused-function]
  234 | static void SetFastMethodNoSideEffect(v8::Local<v8::Context> context,
      |             ^~~~~~~~~~~~~~~~~~~~~~~~~
/Users/qingque/Desktop/HaiyueStudio/Native/examples/led-sudoku/node_modules/@nativescript/canvas/platforms/ios/src/cpp/Helpers.h:258:13: warning: unused function 'SetFastMethodNoSideEffect' [-Wunused-function]
  258 | static void SetFastMethodNoSideEffect(v8::Isolate *isolate,
      |             ^~~~~~~~~~~~~~~~~~~~~~~~~
8 warnings generated.
In file included from /Users/qingque/Desktop/HaiyueStudio/Native/examples/led-sudoku/node_modules/@nativescript/canvas/platforms/ios/src/cpp/webgpu/GPUSamplerImpl.cpp:5:
In file included from /Users/qingque/Desktop/HaiyueStudio/Native/examples/led-sudoku/node_modules/@nativescript/canvas/platforms/ios/src/cpp/webgpu/GPUSamplerImpl.h:9:
/Users/qingque/Desktop/HaiyueStudio/Native/examples/led-sudoku/node_modules/@nativescript/canvas/platforms/ios/src/cpp/Helpers.h:63:13: warning: unused function 'LogToConsole' [-Wunused-function]
   63 | static void LogToConsole(const std::string &message) {
      |             ^~~~~~~~~~~~
/Users/qingque/Desktop/HaiyueStudio/Native/examples/led-sudoku/node_modules/@nativescript/canvas/platforms/ios/src/cpp/Helpers.h:160:13: warning: unused function 'SetFastMethod' [-Wunused-function]
  160 | static void SetFastMethod(v8::Isolate *isolate,
      |             ^~~~~~~~~~~~~
/Users/qingque/Desktop/HaiyueStudio/Native/examples/led-sudoku/node_modules/@nativescript/canvas/platforms/ios/src/cpp/Helpers.h:185:13: warning: unused function 'SetFastMethodWithOverLoads' [-Wunused-function]
  185 | static void SetFastMethodWithOverLoads(v8::Isolate *isolate,
      |             ^~~~~~~~~~~~~~~~~~~~~~~~~~
/Users/qingque/Desktop/HaiyueStudio/Native/examples/led-sudoku/node_modules/@nativescript/canvas/platforms/ios/src/cpp/Helpers.h:210:13: warning: unused function 'SetFastMethod' [-Wunused-function]
  210 | static void SetFastMethod(v8::Local<v8::Context> context,
      |             ^~~~~~~~~~~~~
/Users/qingque/Desktop/HaiyueStudio/Native/examples/led-sudoku/node_modules/@nativescript/canvas/platforms/ios/src/cpp/Helpers.h:234:13: warning: unused function 'SetFastMethodNoSideEffect' [-Wunused-function]
  234 | static void SetFastMethodNoSideEffect(v8::Local<v8::Context> context,
      |             ^~~~~~~~~~~~~~~~~~~~~~~~~
/Users/qingque/Desktop/HaiyueStudio/Native/examples/led-sudoku/node_modules/@nativescript/canvas/platforms/ios/src/cpp/Helpers.h:258:13: warning: unused function 'SetFastMethodNoSideEffect' [-Wunused-function]
  258 | static void SetFastMethodNoSideEffect(v8::Isolate *isolate,
      |             ^~~~~~~~~~~~~~~~~~~~~~~~~
6 warnings generated.
In file included from /Users/qingque/Desktop/HaiyueStudio/Native/examples/led-sudoku/node_modules/@nativescript/canvas/platforms/ios/src/cpp/webgpu/GPURenderPipelineImpl.cpp:5:
In file included from /Users/qingque/Desktop/HaiyueStudio/Native/examples/led-sudoku/node_modules/@nativescript/canvas/platforms/ios/src/cpp/webgpu/GPURenderPipelineImpl.h:9:
/Users/qingque/Desktop/HaiyueStudio/Native/examples/led-sudoku/node_modules/@nativescript/canvas/platforms/ios/src/cpp/Helpers.h:63:13: warning: unused function 'LogToConsole' [-Wunused-function]
   63 | static void LogToConsole(const std::string &message) {
      |             ^~~~~~~~~~~~
/Users/qingque/Desktop/HaiyueStudio/Native/examples/led-sudoku/node_modules/@nativescript/canvas/platforms/ios/src/cpp/Helpers.h:160:13: warning: unused function 'SetFastMethod' [-Wunused-function]
  160 | static void SetFastMethod(v8::Isolate *isolate,
      |             ^~~~~~~~~~~~~
/Users/qingque/Desktop/HaiyueStudio/Native/examples/led-sudoku/node_modules/@nativescript/canvas/platforms/ios/src/cpp/Helpers.h:185:13: warning: unused function 'SetFastMethodWithOverLoads' [-Wunused-function]
  185 | static void SetFastMethodWithOverLoads(v8::Isolate *isolate,
      |             ^~~~~~~~~~~~~~~~~~~~~~~~~~
/Users/qingque/Desktop/HaiyueStudio/Native/examples/led-sudoku/node_modules/@nativescript/canvas/platforms/ios/src/cpp/Helpers.h:210:13: warning: unused function 'SetFastMethod' [-Wunused-function]
  210 | static void SetFastMethod(v8::Local<v8::Context> context,
      |             ^~~~~~~~~~~~~
/Users/qingque/Desktop/HaiyueStudio/Native/examples/led-sudoku/node_modules/@nativescript/canvas/platforms/ios/src/cpp/Helpers.h:234:13: warning: unused function 'SetFastMethodNoSideEffect' [-Wunused-function]
  234 | static void SetFastMethodNoSideEffect(v8::Local<v8::Context> context,
      |             ^~~~~~~~~~~~~~~~~~~~~~~~~
/Users/qingque/Desktop/HaiyueStudio/Native/examples/led-sudoku/node_modules/@nativescript/canvas/platforms/ios/src/cpp/Helpers.h:258:13: warning: unused function 'SetFastMethodNoSideEffect' [-Wunused-function]
  258 | static void SetFastMethodNoSideEffect(v8::Isolate *isolate,
      |             ^~~~~~~~~~~~~~~~~~~~~~~~~
6 warnings generated.
In file included from /Users/qingque/Desktop/HaiyueStudio/Native/examples/led-sudoku/node_modules/@nativescript/canvas/platforms/ios/src/cpp/webgpu/GPURenderPassEncoderImpl.cpp:5:
In file included from /Users/qingque/Desktop/HaiyueStudio/Native/examples/led-sudoku/node_modules/@nativescript/canvas/platforms/ios/src/cpp/webgpu/GPURenderPassEncoderImpl.h:11:
/Users/qingque/Desktop/HaiyueStudio/Native/examples/led-sudoku/node_modules/@nativescript/canvas/platforms/ios/src/cpp/webgpu/GPUUtils.h:61:13: warning: ignoring return value of function declared with 'warn_unused_result' attribute [-Wunused-result]
   61 |             entriesArray->Get(context, i).ToLocal(&entryVal);
      |             ^~~~~~~~~~~~~~~~~~~~~~~~~~~~~~~~~~~~~ ~~~~~~~~~
/Users/qingque/Desktop/HaiyueStudio/Native/examples/led-sudoku/node_modules/@nativescript/canvas/platforms/ios/src/cpp/webgpu/GPUUtils.h:68:17: warning: ignoring return value of function declared with 'warn_unused_result' attribute [-Wunused-result]
   68 |                 entryObj->Get(context, ConvertToV8String(isolate, "resource")).ToLocal(
      |                 ^~~~~~~~~~~~~~~~~~~~~~~~~~~~~~~~~~~~~~~~~~~~~~~~~~~~~~~~~~~~~~~~~~~~~~
   69 |                         &resourceVal);
      |                         ~~~~~~~~~~~~
/Users/qingque/Desktop/HaiyueStudio/Native/examples/led-sudoku/node_modules/@nativescript/canvas/platforms/ios/src/cpp/webgpu/GPUUtils.h:102:29: warning: ignoring return value of function declared with 'warn_unused_result' attribute [-Wunused-result]
  102 |                             resourceObj->Get(context,
      |                             ^~~~~~~~~~~~~~~~~~~~~~~~~
  103 |                                              ConvertToV8String(isolate, "buffer")).ToLocal(
      |                                              ~~~~~~~~~~~~~~~~~~~~~~~~~~~~~~~~~~~~~~~~~~~~~
  104 |                                     &bufferVal);
      |                                     ~~~~~~~~~~
/Users/qingque/Desktop/HaiyueStudio/Native/examples/led-sudoku/node_modules/@nativescript/canvas/platforms/ios/src/cpp/webgpu/GPUUtils.h:117:37: warning: ignoring return value of function declared with 'warn_unused_result' attribute [-Wunused-result]
  117 |                                     resourceObj->Get(context,
      |                                     ^~~~~~~~~~~~~~~~~~~~~~~~~
  118 |                                                      ConvertToV8String(isolate,
      |                                                      ~~~~~~~~~~~~~~~~~~~~~~~~~~
  119 |                                                                        "offset")).ToLocal(
      |                                                                        ~~~~~~~~~~~~~~~~~~
  120 |                                             &offsetVal);
      |                                             ~~~~~~~~~~
/Users/qingque/Desktop/HaiyueStudio/Native/examples/led-sudoku/node_modules/@nativescript/canvas/platforms/ios/src/cpp/webgpu/GPUUtils.h:129:37: warning: ignoring return value of function declared with 'warn_unused_result' attribute [-Wunused-result]
  129 |                                     resourceObj->Get(context,
      |                                     ^~~~~~~~~~~~~~~~~~~~~~~~~
  130 |                                                      ConvertToV8String(isolate,
      |                                                      ~~~~~~~~~~~~~~~~~~~~~~~~~~
  131 |                                                                        "size")).ToLocal(
      |                                                                        ~~~~~~~~~~~~~~~~
  132 |                                             &sizeVal);
      |                                             ~~~~~~~~
/Users/qingque/Desktop/HaiyueStudio/Native/examples/led-sudoku/node_modules/@nativescript/canvas/platforms/ios/src/cpp/webgpu/GPUUtils.h:168:13: warning: ignoring return value of function declared with 'warn_unused_result' attribute [-Wunused-result]
  168 |             entriesArray->Get(context, i).ToLocal(&entryVal);
      |             ^~~~~~~~~~~~~~~~~~~~~~~~~~~~~~~~~~~~~ ~~~~~~~~~
/Users/qingque/Desktop/HaiyueStudio/Native/examples/led-sudoku/node_modules/@nativescript/canvas/platforms/ios/src/cpp/webgpu/GPUUtils.h:183:17: warning: ignoring return value of function declared with 'warn_unused_result' attribute [-Wunused-result]
  183 |                 entryObj->Get(context, ConvertToV8String(isolate, "buffer")).ToLocal(
      |                 ^~~~~~~~~~~~~~~~~~~~~~~~~~~~~~~~~~~~~~~~~~~~~~~~~~~~~~~~~~~~~~~~~~~~
  184 |                         &bufferVal);
      |                         ~~~~~~~~~~
/Users/qingque/Desktop/HaiyueStudio/Native/examples/led-sudoku/node_modules/@nativescript/canvas/platforms/ios/src/cpp/webgpu/GPUUtils.h:189:21: warning: ignoring return value of function declared with 'warn_unused_result' attribute [-Wunused-result]
  189 |                     bufferObj->Get(context, ConvertToV8String(isolate, "type")).ToLocal(
      |                     ^~~~~~~~~~~~~~~~~~~~~~~~~~~~~~~~~~~~~~~~~~~~~~~~~~~~~~~~~~~~~~~~~~~
  190 |                             &bufferType);
      |                             ~~~~~~~~~~~
/Users/qingque/Desktop/HaiyueStudio/Native/examples/led-sudoku/node_modules/@nativescript/canvas/platforms/ios/src/cpp/webgpu/GPUUtils.h:208:21: warning: ignoring return value of function declared with 'warn_unused_result' attribute [-Wunused-result]
  208 |                     bufferObj->Get(context,
      |                     ^~~~~~~~~~~~~~~~~~~~~~~
  209 |                                    ConvertToV8String(isolate, "hasDynamicOffset")).ToLocal(
      |                                    ~~~~~~~~~~~~~~~~~~~~~~~~~~~~~~~~~~~~~~~~~~~~~~~~~~~~~~~
  210 |                             &hasDynamicOffsetVal);
      |                             ~~~~~~~~~~~~~~~~~~~~
/Users/qingque/Desktop/HaiyueStudio/Native/examples/led-sudoku/node_modules/@nativescript/canvas/platforms/ios/src/cpp/webgpu/GPUUtils.h:220:21: warning: ignoring return value of function declared with 'warn_unused_result' attribute [-Wunused-result]
  220 |                     bufferObj->Get(context,
      |                     ^~~~~~~~~~~~~~~~~~~~~~~
  221 |                                    ConvertToV8String(isolate, "minBindingSize")).ToLocal(
      |                                    ~~~~~~~~~~~~~~~~~~~~~~~~~~~~~~~~~~~~~~~~~~~~~~~~~~~~~
  222 |                             &minBindingSizeVal);
      |                             ~~~~~~~~~~~~~~~~~~
/Users/qingque/Desktop/HaiyueStudio/Native/examples/led-sudoku/node_modules/@nativescript/canvas/platforms/ios/src/cpp/webgpu/GPUUtils.h:252:17: warning: ignoring return value of function declared with 'warn_unused_result' attribute [-Wunused-result]
  252 |                 entryObj->Get(context, ConvertToV8String(isolate, "externalTexture")).ToLocal(
      |                 ^~~~~~~~~~~~~~~~~~~~~~~~~~~~~~~~~~~~~~~~~~~~~~~~~~~~~~~~~~~~~~~~~~~~~~~~~~~~~
  253 |                         &externalTextureVal);
      |                         ~~~~~~~~~~~~~~~~~~~
/Users/qingque/Desktop/HaiyueStudio/Native/examples/led-sudoku/node_modules/@nativescript/canvas/platforms/ios/src/cpp/webgpu/GPUUtils.h:278:17: warning: ignoring return value of function declared with 'warn_unused_result' attribute [-Wunused-result]
  278 |                 entryObj->Get(context, ConvertToV8String(isolate, "sampler")).ToLocal(
      |                 ^~~~~~~~~~~~~~~~~~~~~~~~~~~~~~~~~~~~~~~~~~~~~~~~~~~~~~~~~~~~~~~~~~~~~
  279 |                         &samplerVal);
      |                         ~~~~~~~~~~~
/Users/qingque/Desktop/HaiyueStudio/Native/examples/led-sudoku/node_modules/@nativescript/canvas/platforms/ios/src/cpp/webgpu/GPUUtils.h:284:21: warning: ignoring return value of function declared with 'warn_unused_result' attribute [-Wunused-result]
  284 |                     samplerObj->Get(context, ConvertToV8String(isolate, "type")).ToLocal(
      |                     ^~~~~~~~~~~~~~~~~~~~~~~~~~~~~~~~~~~~~~~~~~~~~~~~~~~~~~~~~~~~~~~~~~~~
  285 |                             &samplerType);
      |                             ~~~~~~~~~~~~
/Users/qingque/Desktop/HaiyueStudio/Native/examples/led-sudoku/node_modules/@nativescript/canvas/platforms/ios/src/cpp/webgpu/GPUUtils.h:324:17: warning: ignoring return value of function declared with 'warn_unused_result' attribute [-Wunused-result]
  324 |                 entryObj->Get(context, ConvertToV8String(isolate, "storageTexture")).ToLocal(
      |                 ^~~~~~~~~~~~~~~~~~~~~~~~~~~~~~~~~~~~~~~~~~~~~~~~~~~~~~~~~~~~~~~~~~~~~~~~~~~~
  325 |                         &storageTextureVal);
      |                         ~~~~~~~~~~~~~~~~~~
/Users/qingque/Desktop/HaiyueStudio/Native/examples/led-sudoku/node_modules/@nativescript/canvas/platforms/ios/src/cpp/webgpu/GPUUtils.h:338:21: warning: ignoring return value of function declared with 'warn_unused_result' attribute [-Wunused-result]
  338 |                     storageTextureObj->Get(context,
      |                     ^~~~~~~~~~~~~~~~~~~~~~~~~~~~~~~
  339 |                                            ConvertToV8String(isolate, "access")).ToLocal(
      |                                            ~~~~~~~~~~~~~~~~~~~~~~~~~~~~~~~~~~~~~~~~~~~~~
  340 |                             &accessVal);
      |                             ~~~~~~~~~~
/Users/qingque/Desktop/HaiyueStudio/Native/examples/led-sudoku/node_modules/@nativescript/canvas/platforms/ios/src/cpp/webgpu/GPUUtils.h:361:21: warning: ignoring return value of function declared with 'warn_unused_result' attribute [-Wunused-result]
  361 |                     storageTextureObj->Get(context,
      |                     ^~~~~~~~~~~~~~~~~~~~~~~~~~~~~~~
  362 |                                            ConvertToV8String(isolate, "viewDimension")).ToLocal(
      |                                            ~~~~~~~~~~~~~~~~~~~~~~~~~~~~~~~~~~~~~~~~~~~~~~~~~~~~
  363 |                             &viewDimensionVal);
      |                             ~~~~~~~~~~~~~~~~~
/Users/qingque/Desktop/HaiyueStudio/Native/examples/led-sudoku/node_modules/@nativescript/canvas/platforms/ios/src/cpp/webgpu/GPUUtils.h:386:21: warning: ignoring return value of function declared with 'warn_unused_result' attribute [-Wunused-result]
  386 |                     storageTextureObj->Get(context,
      |                     ^~~~~~~~~~~~~~~~~~~~~~~~~~~~~~~
  387 |                                            ConvertToV8String(isolate, "format")).ToLocal(
      |                                            ~~~~~~~~~~~~~~~~~~~~~~~~~~~~~~~~~~~~~~~~~~~~~
  388 |                             &formatVal);
      |                             ~~~~~~~~~~
/Users/qingque/Desktop/HaiyueStudio/Native/examples/led-sudoku/node_modules/@nativescript/canvas/platforms/ios/src/cpp/webgpu/GPUUtils.h:424:17: warning: ignoring return value of function declared with 'warn_unused_result' attribute [-Wunused-result]
  424 |                 entryObj->Get(context, ConvertToV8String(isolate, "texture")).ToLocal(
      |                 ^~~~~~~~~~~~~~~~~~~~~~~~~~~~~~~~~~~~~~~~~~~~~~~~~~~~~~~~~~~~~~~~~~~~~
  425 |                         &textureVal);
      |                         ~~~~~~~~~~~
/Users/qingque/Desktop/HaiyueStudio/Native/examples/led-sudoku/node_modules/@nativescript/canvas/platforms/ios/src/cpp/webgpu/GPUUtils.h:433:21: warning: ignoring return value of function declared with 'warn_unused_result' attribute [-Wunused-result]
  433 |                     textureObj->Get(context,
      |                     ^~~~~~~~~~~~~~~~~~~~~~~~
  434 |                                     ConvertToV8String(isolate, "multisampled")).ToLocal(
      |                                     ~~~~~~~~~~~~~~~~~~~~~~~~~~~~~~~~~~~~~~~~~~~~~~~~~~~
  435 |                             &multisampledVal);
      |                             ~~~~~~~~~~~~~~~~
/Users/qingque/Desktop/HaiyueStudio/Native/examples/led-sudoku/node_modules/@nativescript/canvas/platforms/ios/src/cpp/webgpu/GPUUtils.h:443:21: warning: ignoring return value of function declared with 'warn_unused_result' attribute [-Wunused-result]
  443 |                     textureObj->Get(context, ConvertToV8String(isolate, "sampleType")).ToLocal(
      |                     ^~~~~~~~~~~~~~~~~~~~~~~~~~~~~~~~~~~~~~~~~~~~~~~~~~~~~~~~~~~~~~~~~~~~~~~~~~
  444 |                             &sampleTypeVal);
      |                             ~~~~~~~~~~~~~~
/Users/qingque/Desktop/HaiyueStudio/Native/examples/led-sudoku/node_modules/@nativescript/canvas/platforms/ios/src/cpp/webgpu/GPUUtils.h:469:21: warning: ignoring return value of function declared with 'warn_unused_result' attribute [-Wunused-result]
  469 |                     textureObj->Get(context,
      |                     ^~~~~~~~~~~~~~~~~~~~~~~~
  470 |                                     ConvertToV8String(isolate, "viewDimension")).ToLocal(
      |                                     ~~~~~~~~~~~~~~~~~~~~~~~~~~~~~~~~~~~~~~~~~~~~~~~~~~~~
  471 |                             &viewDimensionVal);
      |                             ~~~~~~~~~~~~~~~~~
/Users/qingque/Desktop/HaiyueStudio/Native/examples/led-sudoku/node_modules/@nativescript/canvas/platforms/ios/src/cpp/webgpu/GPURenderPassEncoderImpl.cpp:435:13: warning: ignoring return value of function declared with 'warn_unused_result' attribute [-Wunused-result]
  435 |             bundlesArray->Get(context, i).ToLocal(&bundleVal);
      |             ^~~~~~~~~~~~~~~~~~~~~~~~~~~~~~~~~~~~~ ~~~~~~~~~~
In file included from /Users/qingque/Desktop/HaiyueStudio/Native/examples/led-sudoku/node_modules/@nativescript/canvas/platforms/ios/src/cpp/webgpu/GPURenderPassEncoderImpl.cpp:5:
In file included from /Users/qingque/Desktop/HaiyueStudio/Native/examples/led-sudoku/node_modules/@nativescript/canvas/platforms/ios/src/cpp/webgpu/GPURenderPassEncoderImpl.h:9:
/Users/qingque/Desktop/HaiyueStudio/Native/examples/led-sudoku/node_modules/@nativescript/canvas/platforms/ios/src/cpp/Helpers.h:63:13: warning: unused function 'LogToConsole' [-Wunused-function]
   63 | static void LogToConsole(const std::string &message) {
      |             ^~~~~~~~~~~~
/Users/qingque/Desktop/HaiyueStudio/Native/examples/led-sudoku/node_modules/@nativescript/canvas/platforms/ios/src/cpp/Helpers.h:160:13: warning: unused function 'SetFastMethod' [-Wunused-function]
  160 | static void SetFastMethod(v8::Isolate *isolate,
      |             ^~~~~~~~~~~~~
/Users/qingque/Desktop/HaiyueStudio/Native/examples/led-sudoku/node_modules/@nativescript/canvas/platforms/ios/src/cpp/Helpers.h:185:13: warning: unused function 'SetFastMethodWithOverLoads' [-Wunused-function]
  185 | static void SetFastMethodWithOverLoads(v8::Isolate *isolate,
      |             ^~~~~~~~~~~~~~~~~~~~~~~~~~
/Users/qingque/Desktop/HaiyueStudio/Native/examples/led-sudoku/node_modules/@nativescript/canvas/platforms/ios/src/cpp/Helpers.h:210:13: warning: unused function 'SetFastMethod' [-Wunused-function]
  210 | static void SetFastMethod(v8::Local<v8::Context> context,
      |             ^~~~~~~~~~~~~
/Users/qingque/Desktop/HaiyueStudio/Native/examples/led-sudoku/node_modules/@nativescript/canvas/platforms/ios/src/cpp/Helpers.h:234:13: warning: unused function 'SetFastMethodNoSideEffect' [-Wunused-function]
  234 | static void SetFastMethodNoSideEffect(v8::Local<v8::Context> context,
      |             ^~~~~~~~~~~~~~~~~~~~~~~~~
/Users/qingque/Desktop/HaiyueStudio/Native/examples/led-sudoku/node_modules/@nativescript/canvas/platforms/ios/src/cpp/Helpers.h:258:13: warning: unused function 'SetFastMethodNoSideEffect' [-Wunused-function]
  258 | static void SetFastMethodNoSideEffect(v8::Isolate *isolate,
      |             ^~~~~~~~~~~~~~~~~~~~~~~~~
28 warnings generated.
In file included from /Users/qingque/Desktop/HaiyueStudio/Native/examples/led-sudoku/node_modules/@nativescript/canvas/platforms/ios/src/cpp/webgpu/GPURenderBundleImpl.cpp:5:
In file included from /Users/qingque/Desktop/HaiyueStudio/Native/examples/led-sudoku/node_modules/@nativescript/canvas/platforms/ios/src/cpp/webgpu/GPURenderBundleImpl.h:9:
/Users/qingque/Desktop/HaiyueStudio/Native/examples/led-sudoku/node_modules/@nativescript/canvas/platforms/ios/src/cpp/Helpers.h:63:13: warning: unused function 'LogToConsole' [-Wunused-function]
   63 | static void LogToConsole(const std::string &message) {
      |             ^~~~~~~~~~~~
/Users/qingque/Desktop/HaiyueStudio/Native/examples/led-sudoku/node_modules/@nativescript/canvas/platforms/ios/src/cpp/Helpers.h:160:13: warning: unused function 'SetFastMethod' [-Wunused-function]
  160 | static void SetFastMethod(v8::Isolate *isolate,
      |             ^~~~~~~~~~~~~
/Users/qingque/Desktop/HaiyueStudio/Native/examples/led-sudoku/node_modules/@nativescript/canvas/platforms/ios/src/cpp/Helpers.h:185:13: warning: unused function 'SetFastMethodWithOverLoads' [-Wunused-function]
  185 | static void SetFastMethodWithOverLoads(v8::Isolate *isolate,
      |             ^~~~~~~~~~~~~~~~~~~~~~~~~~
/Users/qingque/Desktop/HaiyueStudio/Native/examples/led-sudoku/node_modules/@nativescript/canvas/platforms/ios/src/cpp/Helpers.h:210:13: warning: unused function 'SetFastMethod' [-Wunused-function]
  210 | static void SetFastMethod(v8::Local<v8::Context> context,
      |             ^~~~~~~~~~~~~
/Users/qingque/Desktop/HaiyueStudio/Native/examples/led-sudoku/node_modules/@nativescript/canvas/platforms/ios/src/cpp/Helpers.h:234:13: warning: unused function 'SetFastMethodNoSideEffect' [-Wunused-function]
  234 | static void SetFastMethodNoSideEffect(v8::Local<v8::Context> context,
      |             ^~~~~~~~~~~~~~~~~~~~~~~~~
/Users/qingque/Desktop/HaiyueStudio/Native/examples/led-sudoku/node_modules/@nativescript/canvas/platforms/ios/src/cpp/Helpers.h:258:13: warning: unused function 'SetFastMethodNoSideEffect' [-Wunused-function]
  258 | static void SetFastMethodNoSideEffect(v8::Isolate *isolate,
      |             ^~~~~~~~~~~~~~~~~~~~~~~~~
6 warnings generated.
/Users/qingque/Desktop/HaiyueStudio/Native/examples/led-sudoku/node_modules/@nativescript/canvas/platforms/ios/src/cpp/webgpu/GPURenderBundleEncoderImpl.cpp:298:9: warning: ignoring return value of function declared with 'warn_unused_result' attribute [-Wunused-result]
  298 |         options->Get(context, ConvertToV8String(isolate, "label")).ToLocal(&labelVal);
      |         ^~~~~~~~~~~~~~~~~~~~~~~~~~~~~~~~~~~~~~~~~~~~~~~~~~~~~~~~~~~~~~~~~~ ~~~~~~~~~
In file included from /Users/qingque/Desktop/HaiyueStudio/Native/examples/led-sudoku/node_modules/@nativescript/canvas/platforms/ios/src/cpp/webgpu/GPURenderBundleEncoderImpl.cpp:5:
In file included from /Users/qingque/Desktop/HaiyueStudio/Native/examples/led-sudoku/node_modules/@nativescript/canvas/platforms/ios/src/cpp/webgpu/GPURenderBundleEncoderImpl.h:9:
/Users/qingque/Desktop/HaiyueStudio/Native/examples/led-sudoku/node_modules/@nativescript/canvas/platforms/ios/src/cpp/Helpers.h:63:13: warning: unused function 'LogToConsole' [-Wunused-function]
   63 | static void LogToConsole(const std::string &message) {
      |             ^~~~~~~~~~~~
/Users/qingque/Desktop/HaiyueStudio/Native/examples/led-sudoku/node_modules/@nativescript/canvas/platforms/ios/src/cpp/Helpers.h:160:13: warning: unused function 'SetFastMethod' [-Wunused-function]
  160 | static void SetFastMethod(v8::Isolate *isolate,
      |             ^~~~~~~~~~~~~
/Users/qingque/Desktop/HaiyueStudio/Native/examples/led-sudoku/node_modules/@nativescript/canvas/platforms/ios/src/cpp/Helpers.h:185:13: warning: unused function 'SetFastMethodWithOverLoads' [-Wunused-function]
  185 | static void SetFastMethodWithOverLoads(v8::Isolate *isolate,
      |             ^~~~~~~~~~~~~~~~~~~~~~~~~~
/Users/qingque/Desktop/HaiyueStudio/Native/examples/led-sudoku/node_modules/@nativescript/canvas/platforms/ios/src/cpp/Helpers.h:210:13: warning: unused function 'SetFastMethod' [-Wunused-function]
  210 | static void SetFastMethod(v8::Local<v8::Context> context,
      |             ^~~~~~~~~~~~~
/Users/qingque/Desktop/HaiyueStudio/Native/examples/led-sudoku/node_modules/@nativescript/canvas/platforms/ios/src/cpp/Helpers.h:234:13: warning: unused function 'SetFastMethodNoSideEffect' [-Wunused-function]
  234 | static void SetFastMethodNoSideEffect(v8::Local<v8::Context> context,
      |             ^~~~~~~~~~~~~~~~~~~~~~~~~
/Users/qingque/Desktop/HaiyueStudio/Native/examples/led-sudoku/node_modules/@nativescript/canvas/platforms/ios/src/cpp/Helpers.h:258:13: warning: unused function 'SetFastMethodNoSideEffect' [-Wunused-function]
  258 | static void SetFastMethodNoSideEffect(v8::Isolate *isolate,
      |             ^~~~~~~~~~~~~~~~~~~~~~~~~
7 warnings generated.
/Users/qingque/Desktop/HaiyueStudio/Native/examples/led-sudoku/node_modules/@nativescript/canvas/platforms/ios/src/cpp/webgpu/GPUUtils.h:386:21: warning: ignoring return value of function declared with 'warn_unused_result' attribute [-Wunused-result]
  386 |                     storageTextureObj->Get(context,
      |                     ^~~~~~~~~~~~~~~~~~~~~~~~~~~~~~~
  387 |                                            ConvertToV8String(isolate, "format")).ToLocal(
      |                                            ~~~~~~~~~~~~~~~~~~~~~~~~~~~~~~~~~~~~~~~~~~~~~
  388 |                             &formatVal);
      |                             ~~~~~~~~~~
/Users/qingque/Desktop/HaiyueStudio/Native/examples/led-sudoku/node_modules/@nativescript/canvas/platforms/ios/src/cpp/webgpu/GPUUtils.h:424:17: warning: ignoring return value of function declared with 'warn_unused_result' attribute [-Wunused-result]
  424 |                 entryObj->Get(context, ConvertToV8String(isolate, "texture")).ToLocal(
      |                 ^~~~~~~~~~~~~~~~~~~~~~~~~~~~~~~~~~~~~~~~~~~~~~~~~~~~~~~~~~~~~~~~~~~~~
  425 |                         &textureVal);
      |                         ~~~~~~~~~~~
/Users/qingque/Desktop/HaiyueStudio/Native/examples/led-sudoku/node_modules/@nativescript/canvas/platforms/ios/src/cpp/webgpu/GPUUtils.h:433:21: warning: ignoring return value of function declared with 'warn_unused_result' attribute [-Wunused-result]
  433 |                     textureObj->Get(context,
      |                     ^~~~~~~~~~~~~~~~~~~~~~~~
  434 |                                     ConvertToV8String(isolate, "multisampled")).ToLocal(
      |                                     ~~~~~~~~~~~~~~~~~~~~~~~~~~~~~~~~~~~~~~~~~~~~~~~~~~~
  435 |                             &multisampledVal);
      |                             ~~~~~~~~~~~~~~~~
/Users/qingque/Desktop/HaiyueStudio/Native/examples/led-sudoku/node_modules/@nativescript/canvas/platforms/ios/src/cpp/webgpu/GPUUtils.h:443:21: warning: ignoring return value of function declared with 'warn_unused_result' attribute [-Wunused-result]
  443 |                     textureObj->Get(context, ConvertToV8String(isolate, "sampleType")).ToLocal(
      |                     ^~~~~~~~~~~~~~~~~~~~~~~~~~~~~~~~~~~~~~~~~~~~~~~~~~~~~~~~~~~~~~~~~~~~~~~~~~
  444 |                             &sampleTypeVal);
      |                             ~~~~~~~~~~~~~~
/Users/qingque/Desktop/HaiyueStudio/Native/examples/led-sudoku/node_modules/@nativescript/canvas/platforms/ios/src/cpp/webgpu/GPUUtils.h:469:21: warning: ignoring return value of function declared with 'warn_unused_result' attribute [-Wunused-result]
  469 |                     textureObj->Get(context,
      |                     ^~~~~~~~~~~~~~~~~~~~~~~~
  470 |                                     ConvertToV8String(isolate, "viewDimension")).ToLocal(
      |                                     ~~~~~~~~~~~~~~~~~~~~~~~~~~~~~~~~~~~~~~~~~~~~~~~~~~~~
  471 |                             &viewDimensionVal);
      |                             ~~~~~~~~~~~~~~~~~
/Users/qingque/Desktop/HaiyueStudio/Native/examples/led-sudoku/node_modules/@nativescript/canvas/platforms/ios/src/cpp/webgpu/GPUQueueImpl.cpp:132:9: warning: ignoring return value of function declared with 'warn_unused_result' attribute [-Wunused-result]
  132 |         sourceObj->Get(context, ConvertToV8String(isolate, "source")).ToLocal(&sourceSourceValue);
      |         ^~~~~~~~~~~~~~~~~~~~~~~~~~~~~~~~~~~~~~~~~~~~~~~~~~~~~~~~~~~~~~~~~~~~~ ~~~~~~~~~~~~~~~~~~
/Users/qingque/Desktop/HaiyueStudio/Native/examples/led-sudoku/node_modules/@nativescript/canvas/platforms/ios/src/cpp/webgpu/GPUQueueImpl.cpp:356:13: warning: ignoring return value of function declared with 'warn_unused_result' attribute [-Wunused-result]
  356 |             commandBuffersArray->Get(context, i).ToLocal(&item);
      |             ^~~~~~~~~~~~~~~~~~~~~~~~~~~~~~~~~~~~~~~~~~~~ ~~~~~
/Users/qingque/Desktop/HaiyueStudio/Native/examples/led-sudoku/node_modules/@nativescript/canvas/platforms/ios/src/cpp/webgpu/GPUQueueImpl.cpp:406:17: warning: ignoring return value of function declared with 'warn_unused_result' attribute [-Wunused-result]
  406 |                 callback->Call(context,
      |                 ^~~~~~~~~~~~~~ ~~~~~~~~
  407 |                                context->Global(),
      |                                ~~~~~~~~~~~~~~~~~~
  408 |                                0, nullptr);
      |                                ~~~~~~~~~~
In file included from /Users/qingque/Desktop/HaiyueStudio/Native/examples/led-sudoku/node_modules/@nativescript/canvas/platforms/ios/src/cpp/webgpu/GPUQueueImpl.cpp:5:
In file included from /Users/qingque/Desktop/HaiyueStudio/Native/examples/led-sudoku/node_modules/@nativescript/canvas/platforms/ios/src/cpp/webgpu/GPUQueueImpl.h:9:
/Users/qingque/Desktop/HaiyueStudio/Native/examples/led-sudoku/node_modules/@nativescript/canvas/platforms/ios/src/cpp/Helpers.h:63:13: warning: unused function 'LogToConsole' [-Wunused-function]
   63 | static void LogToConsole(const std::string &message) {
      |             ^~~~~~~~~~~~
/Users/qingque/Desktop/HaiyueStudio/Native/examples/led-sudoku/node_modules/@nativescript/canvas/platforms/ios/src/cpp/Helpers.h:160:13: warning: unused function 'SetFastMethod' [-Wunused-function]
  160 | static void SetFastMethod(v8::Isolate *isolate,
      |             ^~~~~~~~~~~~~
/Users/qingque/Desktop/HaiyueStudio/Native/examples/led-sudoku/node_modules/@nativescript/canvas/platforms/ios/src/cpp/Helpers.h:185:13: warning: unused function 'SetFastMethodWithOverLoads' [-Wunused-function]
  185 | static void SetFastMethodWithOverLoads(v8::Isolate *isolate,
      |             ^~~~~~~~~~~~~~~~~~~~~~~~~~
/Users/qingque/Desktop/HaiyueStudio/Native/examples/led-sudoku/node_modules/@nativescript/canvas/platforms/ios/src/cpp/Helpers.h:210:13: warning: unused function 'SetFastMethod' [-Wunused-function]
  210 | static void SetFastMethod(v8::Local<v8::Context> context,
      |             ^~~~~~~~~~~~~
/Users/qingque/Desktop/HaiyueStudio/Native/examples/led-sudoku/node_modules/@nativescript/canvas/platforms/ios/src/cpp/Helpers.h:234:13: warning: unused function 'SetFastMethodNoSideEffect' [-Wunused-function]
  234 | static void SetFastMethodNoSideEffect(v8::Local<v8::Context> context,
      |             ^~~~~~~~~~~~~~~~~~~~~~~~~
/Users/qingque/Desktop/HaiyueStudio/Native/examples/led-sudoku/node_modules/@nativescript/canvas/platforms/ios/src/cpp/Helpers.h:258:13: warning: unused function 'SetFastMethodNoSideEffect' [-Wunused-function]
  258 | static void SetFastMethodNoSideEffect(v8::Isolate *isolate,
      |             ^~~~~~~~~~~~~~~~~~~~~~~~~
30 warnings generated.
In file included from /Users/qingque/Desktop/HaiyueStudio/Native/examples/led-sudoku/node_modules/@nativescript/canvas/platforms/ios/src/cpp/webgpu/GPUQuerySetImpl.cpp:5:
In file included from /Users/qingque/Desktop/HaiyueStudio/Native/examples/led-sudoku/node_modules/@nativescript/canvas/platforms/ios/src/cpp/webgpu/GPUQuerySetImpl.h:8:
/Users/qingque/Desktop/HaiyueStudio/Native/examples/led-sudoku/node_modules/@nativescript/canvas/platforms/ios/src/cpp/Helpers.h:63:13: warning: unused function 'LogToConsole' [-Wunused-function]
   63 | static void LogToConsole(const std::string &message) {
      |             ^~~~~~~~~~~~
/Users/qingque/Desktop/HaiyueStudio/Native/examples/led-sudoku/node_modules/@nativescript/canvas/platforms/ios/src/cpp/Helpers.h:160:13: warning: unused function 'SetFastMethod' [-Wunused-function]
  160 | static void SetFastMethod(v8::Isolate *isolate,
      |             ^~~~~~~~~~~~~
/Users/qingque/Desktop/HaiyueStudio/Native/examples/led-sudoku/node_modules/@nativescript/canvas/platforms/ios/src/cpp/Helpers.h:185:13: warning: unused function 'SetFastMethodWithOverLoads' [-Wunused-function]
  185 | static void SetFastMethodWithOverLoads(v8::Isolate *isolate,
      |             ^~~~~~~~~~~~~~~~~~~~~~~~~~
/Users/qingque/Desktop/HaiyueStudio/Native/examples/led-sudoku/node_modules/@nativescript/canvas/platforms/ios/src/cpp/Helpers.h:210:13: warning: unused function 'SetFastMethod' [-Wunused-function]
  210 | static void SetFastMethod(v8::Local<v8::Context> context,
      |             ^~~~~~~~~~~~~
/Users/qingque/Desktop/HaiyueStudio/Native/examples/led-sudoku/node_modules/@nativescript/canvas/platforms/ios/src/cpp/Helpers.h:234:13: warning: unused function 'SetFastMethodNoSideEffect' [-Wunused-function]
  234 | static void SetFastMethodNoSideEffect(v8::Local<v8::Context> context,
      |             ^~~~~~~~~~~~~~~~~~~~~~~~~
/Users/qingque/Desktop/HaiyueStudio/Native/examples/led-sudoku/node_modules/@nativescript/canvas/platforms/ios/src/cpp/Helpers.h:258:13: warning: unused function 'SetFastMethodNoSideEffect' [-Wunused-function]
  258 | static void SetFastMethodNoSideEffect(v8::Isolate *isolate,
      |             ^~~~~~~~~~~~~~~~~~~~~~~~~
6 warnings generated.
In file included from /Users/qingque/Desktop/HaiyueStudio/Native/examples/led-sudoku/node_modules/@nativescript/canvas/platforms/ios/src/cpp/webgpu/GPUPipelineLayoutImpl.cpp:5:
In file included from /Users/qingque/Desktop/HaiyueStudio/Native/examples/led-sudoku/node_modules/@nativescript/canvas/platforms/ios/src/cpp/webgpu/GPUPipelineLayoutImpl.h:9:
/Users/qingque/Desktop/HaiyueStudio/Native/examples/led-sudoku/node_modules/@nativescript/canvas/platforms/ios/src/cpp/Helpers.h:63:13: warning: unused function 'LogToConsole' [-Wunused-function]
   63 | static void LogToConsole(const std::string &message) {
      |             ^~~~~~~~~~~~
/Users/qingque/Desktop/HaiyueStudio/Native/examples/led-sudoku/node_modules/@nativescript/canvas/platforms/ios/src/cpp/Helpers.h:160:13: warning: unused function 'SetFastMethod' [-Wunused-function]
  160 | static void SetFastMethod(v8::Isolate *isolate,
      |             ^~~~~~~~~~~~~
/Users/qingque/Desktop/HaiyueStudio/Native/examples/led-sudoku/node_modules/@nativescript/canvas/platforms/ios/src/cpp/Helpers.h:185:13: warning: unused function 'SetFastMethodWithOverLoads' [-Wunused-function]
  185 | static void SetFastMethodWithOverLoads(v8::Isolate *isolate,
      |             ^~~~~~~~~~~~~~~~~~~~~~~~~~
/Users/qingque/Desktop/HaiyueStudio/Native/examples/led-sudoku/node_modules/@nativescript/canvas/platforms/ios/src/cpp/Helpers.h:210:13: warning: unused function 'SetFastMethod' [-Wunused-function]
  210 | static void SetFastMethod(v8::Local<v8::Context> context,
      |             ^~~~~~~~~~~~~
/Users/qingque/Desktop/HaiyueStudio/Native/examples/led-sudoku/node_modules/@nativescript/canvas/platforms/ios/src/cpp/Helpers.h:234:13: warning: unused function 'SetFastMethodNoSideEffect' [-Wunused-function]
  234 | static void SetFastMethodNoSideEffect(v8::Local<v8::Context> context,
      |             ^~~~~~~~~~~~~~~~~~~~~~~~~
/Users/qingque/Desktop/HaiyueStudio/Native/examples/led-sudoku/node_modules/@nativescript/canvas/platforms/ios/src/cpp/Helpers.h:258:13: warning: unused function 'SetFastMethodNoSideEffect' [-Wunused-function]
  258 | static void SetFastMethodNoSideEffect(v8::Isolate *isolate,
      |             ^~~~~~~~~~~~~~~~~~~~~~~~~
6 warnings generated.
/Users/qingque/Desktop/HaiyueStudio/Native/examples/led-sudoku/node_modules/@nativescript/canvas/platforms/ios/src/cpp/webgpu/GPUImpl.cpp:86:9: warning: ignoring return value of function declared with 'warn_unused_result' attribute [-Wunused-result]
   86 |         args[1].As<v8::Function>()->Call(context, context->Global(), 0, nullptr);
      |         ^~~~~~~~~~~~~~~~~~~~~~~~~~~~~~~~ ~~~~~~~~~~~~~~~~~~~~~~~~~~~~~~~~~~~~~~
/Users/qingque/Desktop/HaiyueStudio/Native/examples/led-sudoku/node_modules/@nativescript/canvas/platforms/ios/src/cpp/webgpu/GPUImpl.cpp:100:9: warning: ignoring return value of function declared with 'warn_unused_result' attribute [-Wunused-result]
  100 |         options->Get(context, ConvertToV8String(isolate, "powerPreference")).ToLocal(&ppValue);
      |         ^~~~~~~~~~~~~~~~~~~~~~~~~~~~~~~~~~~~~~~~~~~~~~~~~~~~~~~~~~~~~~~~~~~~~~~~~~~~ ~~~~~~~~
/Users/qingque/Desktop/HaiyueStudio/Native/examples/led-sudoku/node_modules/@nativescript/canvas/platforms/ios/src/cpp/webgpu/GPUImpl.cpp:117:9: warning: ignoring return value of function declared with 'warn_unused_result' attribute [-Wunused-result]
  117 |         options->Get(context, ConvertToV8String(isolate, "forceFallbackAdapter")).ToLocal(
      |         ^~~~~~~~~~~~~~~~~~~~~~~~~~~~~~~~~~~~~~~~~~~~~~~~~~~~~~~~~~~~~~~~~~~~~~~~~~~~~~~~~
  118 |                 &forceFallbackValue);
      |                 ~~~~~~~~~~~~~~~~~~~
/Users/qingque/Desktop/HaiyueStudio/Native/examples/led-sudoku/node_modules/@nativescript/canvas/platforms/ios/src/cpp/webgpu/GPUImpl.cpp:122:9: warning: ignoring return value of function declared with 'warn_unused_result' attribute [-Wunused-result]
  122 |         options->Get(context, ConvertToV8String(isolate, "featureLevel")).ToLocal(
      |         ^~~~~~~~~~~~~~~~~~~~~~~~~~~~~~~~~~~~~~~~~~~~~~~~~~~~~~~~~~~~~~~~~~~~~~~~~
  123 |                 &featureLevelValue);
      |                 ~~~~~~~~~~~~~~~~~~
/Users/qingque/Desktop/HaiyueStudio/Native/examples/led-sudoku/node_modules/@nativescript/canvas/platforms/ios/src/cpp/webgpu/GPUImpl.cpp:167:29: warning: ignoring return value of function declared with 'warn_unused_result' attribute [-Wunused-result]
  167 |                             callback->Call(context, context->Global(),
      |                             ^~~~~~~~~~~~~~ ~~~~~~~~~~~~~~~~~~~~~~~~~~~
  168 |                                            2,
      |                                            ~~
  169 |                                            args);  // ignore JS return value
      |                                            ~~~~
/Users/qingque/Desktop/HaiyueStudio/Native/examples/led-sudoku/node_modules/@nativescript/canvas/platforms/ios/src/cpp/webgpu/GPUImpl.cpp:177:29: warning: ignoring return value of function declared with 'warn_unused_result' attribute [-Wunused-result]
  177 |                             callback->Call(context, context->Global(),
      |                             ^~~~~~~~~~~~~~ ~~~~~~~~~~~~~~~~~~~~~~~~~~~
  178 |                                            1,
      |                                            ~~
  179 |                                            args);  // ignore JS return value
      |                                            ~~~~
In file included from /Users/qingque/Desktop/HaiyueStudio/Native/examples/led-sudoku/node_modules/@nativescript/canvas/platforms/ios/src/cpp/webgpu/GPUImpl.cpp:5:
In file included from /Users/qingque/Desktop/HaiyueStudio/Native/examples/led-sudoku/node_modules/@nativescript/canvas/platforms/ios/src/cpp/webgpu/GPUImpl.h:9:
/Users/qingque/Desktop/HaiyueStudio/Native/examples/led-sudoku/node_modules/@nativescript/canvas/platforms/ios/src/cpp/Helpers.h:63:13: warning: unused function 'LogToConsole' [-Wunused-function]
   63 | static void LogToConsole(const std::string &message) {
      |             ^~~~~~~~~~~~
/Users/qingque/Desktop/HaiyueStudio/Native/examples/led-sudoku/node_modules/@nativescript/canvas/platforms/ios/src/cpp/Helpers.h:160:13: warning: unused function 'SetFastMethod' [-Wunused-function]
  160 | static void SetFastMethod(v8::Isolate *isolate,
      |             ^~~~~~~~~~~~~
/Users/qingque/Desktop/HaiyueStudio/Native/examples/led-sudoku/node_modules/@nativescript/canvas/platforms/ios/src/cpp/Helpers.h:185:13: warning: unused function 'SetFastMethodWithOverLoads' [-Wunused-function]
  185 | static void SetFastMethodWithOverLoads(v8::Isolate *isolate,
      |             ^~~~~~~~~~~~~~~~~~~~~~~~~~
/Users/qingque/Desktop/HaiyueStudio/Native/examples/led-sudoku/node_modules/@nativescript/canvas/platforms/ios/src/cpp/Helpers.h:210:13: warning: unused function 'SetFastMethod' [-Wunused-function]
  210 | static void SetFastMethod(v8::Local<v8::Context> context,
      |             ^~~~~~~~~~~~~
/Users/qingque/Desktop/HaiyueStudio/Native/examples/led-sudoku/node_modules/@nativescript/canvas/platforms/ios/src/cpp/Helpers.h:234:13: warning: unused function 'SetFastMethodNoSideEffect' [-Wunused-function]
  234 | static void SetFastMethodNoSideEffect(v8::Local<v8::Context> context,
      |             ^~~~~~~~~~~~~~~~~~~~~~~~~
/Users/qingque/Desktop/HaiyueStudio/Native/examples/led-sudoku/node_modules/@nativescript/canvas/platforms/ios/src/cpp/Helpers.h:258:13: warning: unused function 'SetFastMethodNoSideEffect' [-Wunused-function]
  258 | static void SetFastMethodNoSideEffect(v8::Isolate *isolate,
      |             ^~~~~~~~~~~~~~~~~~~~~~~~~
12 warnings generated.
/Users/qingque/Desktop/HaiyueStudio/Native/examples/led-sudoku/node_modules/@nativescript/canvas/platforms/ios/src/cpp/webgpu/GPUDeviceImpl.cpp:2143:17: warning: ignoring return value of function declared with 'warn_unused_result' attribute [-Wunused-result]
 2143 |                 buffer->Get(context, ConvertToV8String(isolate, "stepMode")).ToLocal(
      |                 ^~~~~~~~~~~~~~~~~~~~~~~~~~~~~~~~~~~~~~~~~~~~~~~~~~~~~~~~~~~~~~~~~~~~
 2144 |                         &stepModeVal);
      |                         ~~~~~~~~~~~~
/Users/qingque/Desktop/HaiyueStudio/Native/examples/led-sudoku/node_modules/@nativescript/canvas/platforms/ios/src/cpp/webgpu/GPUDeviceImpl.cpp:2184:9: warning: ignoring return value of function declared with 'warn_unused_result' attribute [-Wunused-result]
 2184 |         vertexObj->Get(context, ConvertToV8String(isolate, "entryPoint")).ToLocal(&entryPoint);
      |         ^~~~~~~~~~~~~~~~~~~~~~~~~~~~~~~~~~~~~~~~~~~~~~~~~~~~~~~~~~~~~~~~~~~~~~~~~ ~~~~~~~~~~~
/Users/qingque/Desktop/HaiyueStudio/Native/examples/led-sudoku/node_modules/@nativescript/canvas/platforms/ios/src/cpp/webgpu/GPUDeviceImpl.cpp:2269:5: warning: ignoring return value of function declared with 'warn_unused_result' attribute [-Wunused-result]
 2269 |     options->Get(context, ConvertToV8String(isolate, "depthStencil")).ToLocal(
      |     ^~~~~~~~~~~~~~~~~~~~~~~~~~~~~~~~~~~~~~~~~~~~~~~~~~~~~~~~~~~~~~~~~~~~~~~~~
 2270 |             &stencilValue);
      |             ~~~~~~~~~~~~~
/Users/qingque/Desktop/HaiyueStudio/Native/examples/led-sudoku/node_modules/@nativescript/canvas/platforms/ios/src/cpp/webgpu/GPUDeviceImpl.cpp:2298:9: warning: ignoring return value of function declared with 'warn_unused_result' attribute [-Wunused-result]
 2298 |         stencilObj->Get(context, ConvertToV8String(isolate, "format")).ToLocal(&formatValue);
      |         ^~~~~~~~~~~~~~~~~~~~~~~~~~~~~~~~~~~~~~~~~~~~~~~~~~~~~~~~~~~~~~~~~~~~~~ ~~~~~~~~~~~~
/Users/qingque/Desktop/HaiyueStudio/Native/examples/led-sudoku/node_modules/@nativescript/canvas/platforms/ios/src/cpp/webgpu/GPUDeviceImpl.cpp:2312:9: warning: ignoring return value of function declared with 'warn_unused_result' attribute [-Wunused-result]
 2312 |         stencilObj->Get(context, ConvertToV8String(isolate, "depthBias")).ToLocal(&depthBiasVal);
      |         ^~~~~~~~~~~~~~~~~~~~~~~~~~~~~~~~~~~~~~~~~~~~~~~~~~~~~~~~~~~~~~~~~~~~~~~~~ ~~~~~~~~~~~~~
/Users/qingque/Desktop/HaiyueStudio/Native/examples/led-sudoku/node_modules/@nativescript/canvas/platforms/ios/src/cpp/webgpu/GPUDeviceImpl.cpp:2319:9: warning: ignoring return value of function declared with 'warn_unused_result' attribute [-Wunused-result]
 2319 |         stencilObj->Get(context, ConvertToV8String(isolate, "depthBiasClamp")).ToLocal(
      |         ^~~~~~~~~~~~~~~~~~~~~~~~~~~~~~~~~~~~~~~~~~~~~~~~~~~~~~~~~~~~~~~~~~~~~~~~~~~~~~
 2320 |                 &depthBiasClampVal);
      |                 ~~~~~~~~~~~~~~~~~~
/Users/qingque/Desktop/HaiyueStudio/Native/examples/led-sudoku/node_modules/@nativescript/canvas/platforms/ios/src/cpp/webgpu/GPUDeviceImpl.cpp:2328:9: warning: ignoring return value of function declared with 'warn_unused_result' attribute [-Wunused-result]
 2328 |         stencilObj->Get(context, ConvertToV8String(isolate, "depthBiasSlopeScale")).ToLocal(
      |         ^~~~~~~~~~~~~~~~~~~~~~~~~~~~~~~~~~~~~~~~~~~~~~~~~~~~~~~~~~~~~~~~~~~~~~~~~~~~~~~~~~~
 2329 |                 &depthBiasSlopeScaleVal);
      |                 ~~~~~~~~~~~~~~~~~~~~~~~
/Users/qingque/Desktop/HaiyueStudio/Native/examples/led-sudoku/node_modules/@nativescript/canvas/platforms/ios/src/cpp/webgpu/GPUDeviceImpl.cpp:2337:9: warning: ignoring return value of function declared with 'warn_unused_result' attribute [-Wunused-result]
 2337 |         stencilObj->Get(context, ConvertToV8String(isolate, "depthCompare")).ToLocal(
      |         ^~~~~~~~~~~~~~~~~~~~~~~~~~~~~~~~~~~~~~~~~~~~~~~~~~~~~~~~~~~~~~~~~~~~~~~~~~~~
 2338 |                 &depthCompareVal);
      |                 ~~~~~~~~~~~~~~~~
/Users/qingque/Desktop/HaiyueStudio/Native/examples/led-sudoku/node_modules/@nativescript/canvas/platforms/ios/src/cpp/webgpu/GPUDeviceImpl.cpp:2395:9: warning: ignoring return value of function declared with 'warn_unused_result' attribute [-Wunused-result]
 2395 |         stencilObj->Get(context, ConvertToV8String(isolate, "stencilBack")).ToLocal(
      |         ^~~~~~~~~~~~~~~~~~~~~~~~~~~~~~~~~~~~~~~~~~~~~~~~~~~~~~~~~~~~~~~~~~~~~~~~~~~
 2396 |                 &stencilBackVal);
      |                 ~~~~~~~~~~~~~~~
/Users/qingque/Desktop/HaiyueStudio/Native/examples/led-sudoku/node_modules/@nativescript/canvas/platforms/ios/src/cpp/webgpu/GPUDeviceImpl.cpp:2402:13: warning: ignoring return value of function declared with 'warn_unused_result' attribute [-Wunused-result]
 2402 |             stencilBackObj->Get(context, ConvertToV8String(isolate, "compare")).ToLocal(
      |             ^~~~~~~~~~~~~~~~~~~~~~~~~~~~~~~~~~~~~~~~~~~~~~~~~~~~~~~~~~~~~~~~~~~~~~~~~~~
 2403 |                     &compareVal);
      |                     ~~~~~~~~~~~
/Users/qingque/Desktop/HaiyueStudio/Native/examples/led-sudoku/node_modules/@nativescript/canvas/platforms/ios/src/cpp/webgpu/GPUDeviceImpl.cpp:2409:13: warning: ignoring return value of function declared with 'warn_unused_result' attribute [-Wunused-result]
 2409 |             stencilBackObj->Get(context, ConvertToV8String(isolate, "depthFailOp")).ToLocal(
      |             ^~~~~~~~~~~~~~~~~~~~~~~~~~~~~~~~~~~~~~~~~~~~~~~~~~~~~~~~~~~~~~~~~~~~~~~~~~~~~~~
 2410 |                     &depthFailOpVal);
      |                     ~~~~~~~~~~~~~~~
/Users/qingque/Desktop/HaiyueStudio/Native/examples/led-sudoku/node_modules/@nativescript/canvas/platforms/ios/src/cpp/webgpu/GPUDeviceImpl.cpp:2417:13: warning: ignoring return value of function declared with 'warn_unused_result' attribute [-Wunused-result]
 2417 |             stencilBackObj->Get(context, ConvertToV8String(isolate, "failOp")).ToLocal(
      |             ^~~~~~~~~~~~~~~~~~~~~~~~~~~~~~~~~~~~~~~~~~~~~~~~~~~~~~~~~~~~~~~~~~~~~~~~~~
 2418 |                     &failOpVal);
      |                     ~~~~~~~~~~
/Users/qingque/Desktop/HaiyueStudio/Native/examples/led-sudoku/node_modules/@nativescript/canvas/platforms/ios/src/cpp/webgpu/GPUDeviceImpl.cpp:2424:13: warning: ignoring return value of function declared with 'warn_unused_result' attribute [-Wunused-result]
 2424 |             stencilBackObj->Get(context, ConvertToV8String(isolate, "passOp")).ToLocal(
      |             ^~~~~~~~~~~~~~~~~~~~~~~~~~~~~~~~~~~~~~~~~~~~~~~~~~~~~~~~~~~~~~~~~~~~~~~~~~
 2425 |                     &passOpVal);
      |                     ~~~~~~~~~~
/Users/qingque/Desktop/HaiyueStudio/Native/examples/led-sudoku/node_modules/@nativescript/canvas/platforms/ios/src/cpp/webgpu/GPUDeviceImpl.cpp:2434:9: warning: ignoring return value of function declared with 'warn_unused_result' attribute [-Wunused-result]
 2434 |         stencilObj->Get(context, ConvertToV8String(isolate, "stencilFront")).ToLocal(
      |         ^~~~~~~~~~~~~~~~~~~~~~~~~~~~~~~~~~~~~~~~~~~~~~~~~~~~~~~~~~~~~~~~~~~~~~~~~~~~
 2435 |                 &stencilFrontVal);
      |                 ~~~~~~~~~~~~~~~~
/Users/qingque/Desktop/HaiyueStudio/Native/examples/led-sudoku/node_modules/@nativescript/canvas/platforms/ios/src/cpp/webgpu/GPUDeviceImpl.cpp:2441:13: warning: ignoring return value of function declared with 'warn_unused_result' attribute [-Wunused-result]
 2441 |             stencilFrontObj->Get(context, ConvertToV8String(isolate, "compare")).ToLocal(
      |             ^~~~~~~~~~~~~~~~~~~~~~~~~~~~~~~~~~~~~~~~~~~~~~~~~~~~~~~~~~~~~~~~~~~~~~~~~~~~
 2442 |                     &compareVal);
      |                     ~~~~~~~~~~~
/Users/qingque/Desktop/HaiyueStudio/Native/examples/led-sudoku/node_modules/@nativescript/canvas/platforms/ios/src/cpp/webgpu/GPUDeviceImpl.cpp:2448:13: warning: ignoring return value of function declared with 'warn_unused_result' attribute [-Wunused-result]
 2448 |             stencilFrontObj->Get(context, ConvertToV8String(isolate, "depthFailOp")).ToLocal(
      |             ^~~~~~~~~~~~~~~~~~~~~~~~~~~~~~~~~~~~~~~~~~~~~~~~~~~~~~~~~~~~~~~~~~~~~~~~~~~~~~~~
 2449 |                     &depthFailOpVal);
      |                     ~~~~~~~~~~~~~~~
/Users/qingque/Desktop/HaiyueStudio/Native/examples/led-sudoku/node_modules/@nativescript/canvas/platforms/ios/src/cpp/webgpu/GPUDeviceImpl.cpp:2456:13: warning: ignoring return value of function declared with 'warn_unused_result' attribute [-Wunused-result]
 2456 |             stencilFrontObj->Get(context, ConvertToV8String(isolate, "failOp")).ToLocal(
      |             ^~~~~~~~~~~~~~~~~~~~~~~~~~~~~~~~~~~~~~~~~~~~~~~~~~~~~~~~~~~~~~~~~~~~~~~~~~~
 2457 |                     &failOpVal);
      |                     ~~~~~~~~~~
/Users/qingque/Desktop/HaiyueStudio/Native/examples/led-sudoku/node_modules/@nativescript/canvas/platforms/ios/src/cpp/webgpu/GPUDeviceImpl.cpp:2463:13: warning: ignoring return value of function declared with 'warn_unused_result' attribute [-Wunused-result]
 2463 |             stencilFrontObj->Get(context, ConvertToV8String(isolate, "passOp")).ToLocal(
      |             ^~~~~~~~~~~~~~~~~~~~~~~~~~~~~~~~~~~~~~~~~~~~~~~~~~~~~~~~~~~~~~~~~~~~~~~~~~~
 2464 |                     &passOpVal);
      |                     ~~~~~~~~~~
/Users/qingque/Desktop/HaiyueStudio/Native/examples/led-sudoku/node_modules/@nativescript/canvas/platforms/ios/src/cpp/webgpu/GPUDeviceImpl.cpp:2472:9: warning: ignoring return value of function declared with 'warn_unused_result' attribute [-Wunused-result]
 2472 |         stencilObj->Get(context, ConvertToV8String(isolate, "stencilReadMask")).ToLocal(
      |         ^~~~~~~~~~~~~~~~~~~~~~~~~~~~~~~~~~~~~~~~~~~~~~~~~~~~~~~~~~~~~~~~~~~~~~~~~~~~~~~
 2473 |                 &stencilReadMaskVal);
      |                 ~~~~~~~~~~~~~~~~~~~
/Users/qingque/Desktop/HaiyueStudio/Native/examples/led-sudoku/node_modules/@nativescript/canvas/platforms/ios/src/cpp/webgpu/GPUDeviceImpl.cpp:2481:9: warning: ignoring return value of function declared with 'warn_unused_result' attribute [-Wunused-result]
 2481 |         stencilObj->Get(context, ConvertToV8String(isolate, "stencilWriteMask")).ToLocal(
      |         ^~~~~~~~~~~~~~~~~~~~~~~~~~~~~~~~~~~~~~~~~~~~~~~~~~~~~~~~~~~~~~~~~~~~~~~~~~~~~~~~
 2482 |                 &stencilWriteMaskVal);
      |                 ~~~~~~~~~~~~~~~~~~~~
/Users/qingque/Desktop/HaiyueStudio/Native/examples/led-sudoku/node_modules/@nativescript/canvas/platforms/ios/src/cpp/webgpu/GPUDeviceImpl.cpp:2494:5: warning: ignoring return value of function declared with 'warn_unused_result' attribute [-Wunused-result]
 2494 |     options->Get(context, ConvertToV8String(isolate, "fragment")).ToLocal(
      |     ^~~~~~~~~~~~~~~~~~~~~~~~~~~~~~~~~~~~~~~~~~~~~~~~~~~~~~~~~~~~~~~~~~~~~
 2495 |             &fragmentValue);
      |             ~~~~~~~~~~~~~~
/Users/qingque/Desktop/HaiyueStudio/Native/examples/led-sudoku/node_modules/@nativescript/canvas/platforms/ios/src/cpp/webgpu/GPUDeviceImpl.cpp:2507:9: warning: ignoring return value of function declared with 'warn_unused_result' attribute [-Wunused-result]
 2507 |         fragmentValueObj->Get(context, ConvertToV8String(isolate, "targets")).ToLocal(&targetsVal);
      |         ^~~~~~~~~~~~~~~~~~~~~~~~~~~~~~~~~~~~~~~~~~~~~~~~~~~~~~~~~~~~~~~~~~~~~~~~~~~~~ ~~~~~~~~~~~
/Users/qingque/Desktop/HaiyueStudio/Native/examples/led-sudoku/node_modules/@nativescript/canvas/platforms/ios/src/cpp/webgpu/GPUDeviceImpl.cpp:2536:13: warning: ignoring return value of function declared with 'warn_unused_result' attribute [-Wunused-result]
 2536 |             state->Get(context, ConvertToV8String(isolate, "writeMask")).ToLocal(&writeMaskVal);
      |             ^~~~~~~~~~~~~~~~~~~~~~~~~~~~~~~~~~~~~~~~~~~~~~~~~~~~~~~~~~~~~~~~~~~~ ~~~~~~~~~~~~~
/Users/qingque/Desktop/HaiyueStudio/Native/examples/led-sudoku/node_modules/@nativescript/canvas/platforms/ios/src/cpp/webgpu/GPUDeviceImpl.cpp:2548:13: warning: ignoring return value of function declared with 'warn_unused_result' attribute [-Wunused-result]
 2548 |             state->Get(context, ConvertToV8String(isolate, "blend")).ToLocal(&blendVal);
      |             ^~~~~~~~~~~~~~~~~~~~~~~~~~~~~~~~~~~~~~~~~~~~~~~~~~~~~~~~~~~~~~~~ ~~~~~~~~~
/Users/qingque/Desktop/HaiyueStudio/Native/examples/led-sudoku/node_modules/@nativescript/canvas/platforms/ios/src/cpp/webgpu/GPUDeviceImpl.cpp:2557:17: warning: ignoring return value of function declared with 'warn_unused_result' attribute [-Wunused-result]
 2557 |                 alpha->Get(context,
      |                 ^~~~~~~~~~~~~~~~~~~
 2558 |                            ConvertToV8String(isolate,
      |                            ~~~~~~~~~~~~~~~~~~~~~~~~~~
 2559 |                                              "srcFactor")).ToLocal(&alphaSrcFactorVal);
      |                                              ~~~~~~~~~~~~~~~~~~~~~ ~~~~~~~~~~~~~~~~~~
/Users/qingque/Desktop/HaiyueStudio/Native/examples/led-sudoku/node_modules/@nativescript/canvas/platforms/ios/src/cpp/webgpu/GPUDeviceImpl.cpp:2565:17: warning: ignoring return value of function declared with 'warn_unused_result' attribute [-Wunused-result]
 2565 |                 alpha->Get(context,
      |                 ^~~~~~~~~~~~~~~~~~~
 2566 |                            ConvertToV8String(isolate,
      |                            ~~~~~~~~~~~~~~~~~~~~~~~~~~
 2567 |                                              "dstFactor")).ToLocal(&alphaDstFactorVal);
      |                                              ~~~~~~~~~~~~~~~~~~~~~ ~~~~~~~~~~~~~~~~~~
/Users/qingque/Desktop/HaiyueStudio/Native/examples/led-sudoku/node_modules/@nativescript/canvas/platforms/ios/src/cpp/webgpu/GPUDeviceImpl.cpp:2574:17: warning: ignoring return value of function declared with 'warn_unused_result' attribute [-Wunused-result]
 2574 |                 alpha->Get(context,
      |                 ^~~~~~~~~~~~~~~~~~~
 2575 |                            ConvertToV8String(isolate,
      |                            ~~~~~~~~~~~~~~~~~~~~~~~~~~
 2576 |                                              "operation")).ToLocal(&alphaOperationVal);
      |                                              ~~~~~~~~~~~~~~~~~~~~~ ~~~~~~~~~~~~~~~~~~
/Users/qingque/Desktop/HaiyueStudio/Native/examples/led-sudoku/node_modules/@nativescript/canvas/platforms/ios/src/cpp/webgpu/GPUDeviceImpl.cpp:2590:17: warning: ignoring return value of function declared with 'warn_unused_result' attribute [-Wunused-result]
 2590 |                 color->Get(context,
      |                 ^~~~~~~~~~~~~~~~~~~
 2591 |                            ConvertToV8String(isolate,
      |                            ~~~~~~~~~~~~~~~~~~~~~~~~~~
 2592 |                                              "srcFactor")).ToLocal(&colorSrcFactorVal);
      |                                              ~~~~~~~~~~~~~~~~~~~~~ ~~~~~~~~~~~~~~~~~~
/Users/qingque/Desktop/HaiyueStudio/Native/examples/led-sudoku/node_modules/@nativescript/canvas/platforms/ios/src/cpp/webgpu/GPUDeviceImpl.cpp:2598:17: warning: ignoring return value of function declared with 'warn_unused_result' attribute [-Wunused-result]
 2598 |                 color->Get(context,
      |                 ^~~~~~~~~~~~~~~~~~~
 2599 |                            ConvertToV8String(isolate,
      |                            ~~~~~~~~~~~~~~~~~~~~~~~~~~
 2600 |                                              "dstFactor")).ToLocal(&colorDstFactorVal);
      |                                              ~~~~~~~~~~~~~~~~~~~~~ ~~~~~~~~~~~~~~~~~~
/Users/qingque/Desktop/HaiyueStudio/Native/examples/led-sudoku/node_modules/@nativescript/canvas/platforms/ios/src/cpp/webgpu/GPUDeviceImpl.cpp:2607:17: warning: ignoring return value of function declared with 'warn_unused_result' attribute [-Wunused-result]
 2607 |                 color->Get(context,
      |                 ^~~~~~~~~~~~~~~~~~~
 2608 |                            ConvertToV8String(isolate,
      |                            ~~~~~~~~~~~~~~~~~~~~~~~~~~
 2609 |                                              "operation")).ToLocal(&colorOperationVal);
      |                                              ~~~~~~~~~~~~~~~~~~~~~ ~~~~~~~~~~~~~~~~~~
/Users/qingque/Desktop/HaiyueStudio/Native/examples/led-sudoku/node_modules/@nativescript/canvas/platforms/ios/src/cpp/webgpu/GPUDeviceImpl.cpp:2642:9: warning: ignoring return value of function declared with 'warn_unused_result' attribute [-Wunused-result]
 2642 |         fragmentValueObj->Get(context, ConvertToV8String(isolate, "constants")).ToLocal(
      |         ^~~~~~~~~~~~~~~~~~~~~~~~~~~~~~~~~~~~~~~~~~~~~~~~~~~~~~~~~~~~~~~~~~~~~~~~~~~~~~~
 2643 |                 &constantsVal);
      |                 ~~~~~~~~~~~~~
/Users/qingque/Desktop/HaiyueStudio/Native/examples/led-sudoku/node_modules/@nativescript/canvas/platforms/ios/src/cpp/webgpu/GPUDeviceImpl.cpp:2658:21: warning: ignoring return value of function declared with 'warn_unused_result' attribute [-Wunused-result]
 2658 |                     keyValues->Get(context, k).ToLocal(&keyVal);
      |                     ^~~~~~~~~~~~~~~~~~~~~~~~~~~~~~~~~~ ~~~~~~~
/Users/qingque/Desktop/HaiyueStudio/Native/examples/led-sudoku/node_modules/@nativescript/canvas/platforms/ios/src/cpp/webgpu/GPUDeviceImpl.cpp:2660:21: warning: ignoring return value of function declared with 'warn_unused_result' attribute [-Wunused-result]
 2660 |                     keyValues->Get(context, v).ToLocal(&valueVal);
      |                     ^~~~~~~~~~~~~~~~~~~~~~~~~~~~~~~~~~ ~~~~~~~~~
/Users/qingque/Desktop/HaiyueStudio/Native/examples/led-sudoku/node_modules/@nativescript/canvas/platforms/ios/src/cpp/webgpu/GPUDeviceImpl.cpp:2679:9: warning: ignoring return value of function declared with 'warn_unused_result' attribute [-Wunused-result]
 2679 |         fragmentValueObj->Get(context, ConvertToV8String(isolate, "entryPoint")).ToLocal(
      |         ^~~~~~~~~~~~~~~~~~~~~~~~~~~~~~~~~~~~~~~~~~~~~~~~~~~~~~~~~~~~~~~~~~~~~~~~~~~~~~~~
 2680 |                 &entryPoint);
      |                 ~~~~~~~~~~~
/Users/qingque/Desktop/HaiyueStudio/Native/examples/led-sudoku/node_modules/@nativescript/canvas/platforms/ios/src/cpp/webgpu/GPUDeviceImpl.cpp:2693:9: warning: ignoring return value of function declared with 'warn_unused_result' attribute [-Wunused-result]
 2693 |         fragmentValueObj->Get(context, ConvertToV8String(isolate, "module")).ToLocal(&moduleVal);
      |         ^~~~~~~~~~~~~~~~~~~~~~~~~~~~~~~~~~~~~~~~~~~~~~~~~~~~~~~~~~~~~~~~~~~~~~~~~~~~ ~~~~~~~~~~
/Users/qingque/Desktop/HaiyueStudio/Native/examples/led-sudoku/node_modules/@nativescript/canvas/platforms/ios/src/cpp/webgpu/GPUDeviceImpl.cpp:2705:5: warning: ignoring return value of function declared with 'warn_unused_result' attribute [-Wunused-result]
 2705 |     options->Get(context, ConvertToV8String(isolate, "label")).ToLocal(
      |     ^~~~~~~~~~~~~~~~~~~~~~~~~~~~~~~~~~~~~~~~~~~~~~~~~~~~~~~~~~~~~~~~~~
 2706 |             &labelVal);
      |             ~~~~~~~~~
/Users/qingque/Desktop/HaiyueStudio/Native/examples/led-sudoku/node_modules/@nativescript/canvas/platforms/ios/src/cpp/webgpu/GPUDeviceImpl.cpp:2714:5: warning: ignoring return value of function declared with 'warn_unused_result' attribute [-Wunused-result]
 2714 |     options->Get(context, ConvertToV8String(isolate, "layout")).ToLocal(
      |     ^~~~~~~~~~~~~~~~~~~~~~~~~~~~~~~~~~~~~~~~~~~~~~~~~~~~~~~~~~~~~~~~~~~
 2715 |             &layoutVal);
      |             ~~~~~~~~~~
/Users/qingque/Desktop/HaiyueStudio/Native/examples/led-sudoku/node_modules/@nativescript/canvas/platforms/ios/src/cpp/webgpu/GPUDeviceImpl.cpp:2740:5: warning: ignoring return value of function declared with 'warn_unused_result' attribute [-Wunused-result]
 2740 |     options->Get(context, ConvertToV8String(isolate, "multisample")).ToLocal(
      |     ^~~~~~~~~~~~~~~~~~~~~~~~~~~~~~~~~~~~~~~~~~~~~~~~~~~~~~~~~~~~~~~~~~~~~~~~
 2741 |             &multisampleValue);
      |             ~~~~~~~~~~~~~~~~~
/Users/qingque/Desktop/HaiyueStudio/Native/examples/led-sudoku/node_modules/@nativescript/canvas/platforms/ios/src/cpp/webgpu/GPUDeviceImpl.cpp:2757:9: warning: ignoring return value of function declared with 'warn_unused_result' attribute [-Wunused-result]
 2757 |         multisampleObj->Get(context, ConvertToV8String(isolate, "alphaToCoverageEnabled")).
      |         ^~~~~~~~~~~~~~~~~~~~~~~~~~~~~~~~~~~~~~~~~~~~~~~~~~~~~~~~~~~~~~~~~~~~~~~~~~~~~~~~~~~
 2758 |                 ToLocal(&alphaToCoverageEnabled);
      |                 ~~~~~~~ ~~~~~~~~~~~~~~~~~~~~~~~
/Users/qingque/Desktop/HaiyueStudio/Native/examples/led-sudoku/node_modules/@nativescript/canvas/platforms/ios/src/cpp/webgpu/GPUDeviceImpl.cpp:2765:9: warning: ignoring return value of function declared with 'warn_unused_result' attribute [-Wunused-result]
 2765 |         multisampleObj->Get(context, ConvertToV8String(isolate, "count")).
      |         ^~~~~~~~~~~~~~~~~~~~~~~~~~~~~~~~~~~~~~~~~~~~~~~~~~~~~~~~~~~~~~~~~~
 2766 |                 ToLocal(&count);
      |                 ~~~~~~~ ~~~~~~
/Users/qingque/Desktop/HaiyueStudio/Native/examples/led-sudoku/node_modules/@nativescript/canvas/platforms/ios/src/cpp/webgpu/GPUDeviceImpl.cpp:2772:9: warning: ignoring return value of function declared with 'warn_unused_result' attribute [-Wunused-result]
 2772 |         multisampleObj->Get(context, ConvertToV8String(isolate, "mask")).
      |         ^~~~~~~~~~~~~~~~~~~~~~~~~~~~~~~~~~~~~~~~~~~~~~~~~~~~~~~~~~~~~~~~~
 2773 |                 ToLocal(&mask);
      |                 ~~~~~~~ ~~~~~
/Users/qingque/Desktop/HaiyueStudio/Native/examples/led-sudoku/node_modules/@nativescript/canvas/platforms/ios/src/cpp/webgpu/GPUDeviceImpl.cpp:2788:5: warning: ignoring return value of function declared with 'warn_unused_result' attribute [-Wunused-result]
 2788 |     options->Get(context, ConvertToV8String(isolate, "primitive")).ToLocal(
      |     ^~~~~~~~~~~~~~~~~~~~~~~~~~~~~~~~~~~~~~~~~~~~~~~~~~~~~~~~~~~~~~~~~~~~~~
 2789 |             &primitiveValue);
      |             ~~~~~~~~~~~~~~~
/Users/qingque/Desktop/HaiyueStudio/Native/examples/led-sudoku/node_modules/@nativescript/canvas/platforms/ios/src/cpp/webgpu/GPUDeviceImpl.cpp:2969:9: warning: ignoring return value of function declared with 'warn_unused_result' attribute [-Wunused-result]
 2969 |         primitiveObj->Get(context, ConvertToV8String(isolate, "unclippedDepth")).ToLocal(
      |         ^~~~~~~~~~~~~~~~~~~~~~~~~~~~~~~~~~~~~~~~~~~~~~~~~~~~~~~~~~~~~~~~~~~~~~~~~~~~~~~~
 2970 |                 &unclippedDepthValue);
      |                 ~~~~~~~~~~~~~~~~~~~~
/Users/qingque/Desktop/HaiyueStudio/Native/examples/led-sudoku/node_modules/@nativescript/canvas/platforms/ios/src/cpp/webgpu/GPUDeviceImpl.cpp:2982:5: warning: ignoring return value of function declared with 'warn_unused_result' attribute [-Wunused-result]
 2982 |     options->Get(context, ConvertToV8String(isolate, "vertex")).ToLocal(
      |     ^~~~~~~~~~~~~~~~~~~~~~~~~~~~~~~~~~~~~~~~~~~~~~~~~~~~~~~~~~~~~~~~~~~
 2983 |             &vertexValue);
      |             ~~~~~~~~~~~~
/Users/qingque/Desktop/HaiyueStudio/Native/examples/led-sudoku/node_modules/@nativescript/canvas/platforms/ios/src/cpp/webgpu/GPUDeviceImpl.cpp:2998:9: warning: ignoring return value of function declared with 'warn_unused_result' attribute [-Wunused-result]
 2998 |         vertexObj->Get(context, ConvertToV8String(isolate, "module")).ToLocal(&moduleVal);
      |         ^~~~~~~~~~~~~~~~~~~~~~~~~~~~~~~~~~~~~~~~~~~~~~~~~~~~~~~~~~~~~~~~~~~~~ ~~~~~~~~~~
/Users/qingque/Desktop/HaiyueStudio/Native/examples/led-sudoku/node_modules/@nativescript/canvas/platforms/ios/src/cpp/webgpu/GPUDeviceImpl.cpp:3005:9: warning: ignoring return value of function declared with 'warn_unused_result' attribute [-Wunused-result]
 3005 |         vertexObj->Get(context, ConvertToV8String(isolate, "constants")).ToLocal(&constantsVal);
      |         ^~~~~~~~~~~~~~~~~~~~~~~~~~~~~~~~~~~~~~~~~~~~~~~~~~~~~~~~~~~~~~~~~~~~~~~~ ~~~~~~~~~~~~~
/Users/qingque/Desktop/HaiyueStudio/Native/examples/led-sudoku/node_modules/@nativescript/canvas/platforms/ios/src/cpp/webgpu/GPUDeviceImpl.cpp:3020:21: warning: ignoring return value of function declared with 'warn_unused_result' attribute [-Wunused-result]
 3020 |                     keyValues->Get(context, k).ToLocal(&keyVal);
      |                     ^~~~~~~~~~~~~~~~~~~~~~~~~~~~~~~~~~ ~~~~~~~
/Users/qingque/Desktop/HaiyueStudio/Native/examples/led-sudoku/node_modules/@nativescript/canvas/platforms/ios/src/cpp/webgpu/GPUDeviceImpl.cpp:3022:21: warning: ignoring return value of function declared with 'warn_unused_result' attribute [-Wunused-result]
 3022 |                     keyValues->Get(context, v).ToLocal(&valueVal);
      |                     ^~~~~~~~~~~~~~~~~~~~~~~~~~~~~~~~~~ ~~~~~~~~~
/Users/qingque/Desktop/HaiyueStudio/Native/examples/led-sudoku/node_modules/@nativescript/canvas/platforms/ios/src/cpp/webgpu/GPUDeviceImpl.cpp:3042:9: warning: ignoring return value of function declared with 'warn_unused_result' attribute [-Wunused-result]
 3042 |         vertexObj->Get(context, ConvertToV8String(isolate, "buffers")).ToLocal(&buffersVal);
      |         ^~~~~~~~~~~~~~~~~~~~~~~~~~~~~~~~~~~~~~~~~~~~~~~~~~~~~~~~~~~~~~~~~~~~~~ ~~~~~~~~~~~
/Users/qingque/Desktop/HaiyueStudio/Native/examples/led-sudoku/node_modules/@nativescript/canvas/platforms/ios/src/cpp/webgpu/GPUDeviceImpl.cpp:3054:17: warning: ignoring return value of function declared with 'warn_unused_result' attribute [-Wunused-result]
 3054 |                 buffer->Get(context, ConvertToV8String(isolate, "arrayStride")).ToLocal(
      |                 ^~~~~~~~~~~~~~~~~~~~~~~~~~~~~~~~~~~~~~~~~~~~~~~~~~~~~~~~~~~~~~~~~~~~~~~
 3055 |                         &arrayStride);
      |                         ~~~~~~~~~~~~
/Users/qingque/Desktop/HaiyueStudio/Native/examples/led-sudoku/node_modules/@nativescript/canvas/platforms/ios/src/cpp/webgpu/GPUDeviceImpl.cpp:3065:17: warning: ignoring return value of function declared with 'warn_unused_result' attribute [-Wunused-result]
 3065 |                 buffer->Get(context, ConvertToV8String(isolate, "attributes")).ToLocal(
      |                 ^~~~~~~~~~~~~~~~~~~~~~~~~~~~~~~~~~~~~~~~~~~~~~~~~~~~~~~~~~~~~~~~~~~~~~
 3066 |                         &attributesValue);
      |                         ~~~~~~~~~~~~~~~~
/Users/qingque/Desktop/HaiyueStudio/Native/examples/led-sudoku/node_modules/@nativescript/canvas/platforms/ios/src/cpp/webgpu/GPUDeviceImpl.cpp:3103:17: warning: ignoring return value of function declared with 'warn_unused_result' attribute [-Wunused-result]
 3103 |                 buffer->Get(context, ConvertToV8String(isolate, "stepMode")).ToLocal(
      |                 ^~~~~~~~~~~~~~~~~~~~~~~~~~~~~~~~~~~~~~~~~~~~~~~~~~~~~~~~~~~~~~~~~~~~
 3104 |                         &stepModeVal);
      |                         ~~~~~~~~~~~~
/Users/qingque/Desktop/HaiyueStudio/Native/examples/led-sudoku/node_modules/@nativescript/canvas/platforms/ios/src/cpp/webgpu/GPUDeviceImpl.cpp:3144:9: warning: ignoring return value of function declared with 'warn_unused_result' attribute [-Wunused-result]
 3144 |         vertexObj->Get(context, ConvertToV8String(isolate, "entryPoint")).ToLocal(&entryPoint);
      |         ^~~~~~~~~~~~~~~~~~~~~~~~~~~~~~~~~~~~~~~~~~~~~~~~~~~~~~~~~~~~~~~~~~~~~~~~~ ~~~~~~~~~~~
/Users/qingque/Desktop/HaiyueStudio/Native/examples/led-sudoku/node_modules/@nativescript/canvas/platforms/ios/src/cpp/webgpu/GPUDeviceImpl.cpp:3184:61: warning: ignoring return value of function declared with 'warn_unused_result' attribute [-Wunused-result]
 3184 |                                                             error->Set(context,
      |                                                             ^~~~~~~~~~ ~~~~~~~~
 3185 |                                                                        ConvertToV8String(isolate,
      |                                                                        ~~~~~~~~~~~~~~~~~~~~~~~~~~
 3186 |                                                                                          "error"),
      |                                                                                          ~~~~~~~~~
 3187 |                                                                        v8::Exception::Error(
      |                                                                        ~~~~~~~~~~~~~~~~~~~~~
 3188 |                                                                                ConvertToV8String(
      |                                                                                ~~~~~~~~~~~~~~~~~~
 3189 |                                                                                        isolate,
      |                                                                                        ~~~~~~~~
 3190 |                                                                                        "Internal Error")));
      |                                                                                        ~~~~~~~~~~~~~~~~~~
/Users/qingque/Desktop/HaiyueStudio/Native/examples/led-sudoku/node_modules/@nativescript/canvas/platforms/ios/src/cpp/webgpu/GPUDeviceImpl.cpp:3191:61: warning: ignoring return value of function declared with 'warn_unused_result' attribute [-Wunused-result]
 3191 |                                                             error->Set(context, ConvertToV8String(
      |                                                             ^~~~~~~~~~ ~~~~~~~~~~~~~~~~~~~~~~~~~~~
 3192 |                                                                                isolate,
      |                                                                                ~~~~~~~~
 3193 |                                                                                "type"),
      |                                                                                ~~~~~~~~
 3194 |                                                                        v8::Uint32::NewFromUnsigned(
      |                                                                        ~~~~~~~~~~~~~~~~~~~~~~~~~~~~
 3195 |                                                                                isolate,
      |                                                                                ~~~~~~~~
 3196 |                                                                                (uint32_t) CanvasGPUErrorType::CanvasGPUErrorTypeInternal));
      |                                                                                ~~~~~~~~~~~~~~~~~~~~~~~~~~~~~~~~~~~~~~~~~~~~~~~~~~~~~~~~~~
/Users/qingque/Desktop/HaiyueStudio/Native/examples/led-sudoku/node_modules/@nativescript/canvas/platforms/ios/src/cpp/webgpu/GPUDeviceImpl.cpp:3200:61: warning: ignoring return value of function declared with 'warn_unused_result' attribute [-Wunused-result]
 3200 |                                                             callback->Call(context,
      |                                                             ^~~~~~~~~~~~~~ ~~~~~~~~
 3201 |                                                                            context->Global(),
      |                                                                            ~~~~~~~~~~~~~~~~~~
 3202 |                                                                            1,
      |                                                                            ~~
 3203 |                                                                            args);  // ignore JS return value
      |                                                                            ~~~~
/Users/qingque/Desktop/HaiyueStudio/Native/examples/led-sudoku/node_modules/@nativescript/canvas/platforms/ios/src/cpp/webgpu/GPUDeviceImpl.cpp:3214:61: warning: ignoring return value of function declared with 'warn_unused_result' attribute [-Wunused-result]
 3214 |                                                             error->Set(context,
      |                                                             ^~~~~~~~~~ ~~~~~~~~
 3215 |                                                                        ConvertToV8String(isolate,
      |                                                                        ~~~~~~~~~~~~~~~~~~~~~~~~~~
 3216 |                                                                                          "error"),
      |                                                                                          ~~~~~~~~~
 3217 |                                                                        v8::Exception::Error(
      |                                                                        ~~~~~~~~~~~~~~~~~~~~~
 3218 |                                                                                ConvertToV8String(
      |                                                                                ~~~~~~~~~~~~~~~~~~
 3219 |                                                                                        isolate,
      |                                                                                        ~~~~~~~~
 3220 |                                                                                        pipelineData->errorMessage)));
      |                                                                                        ~~~~~~~~~~~~~~~~~~~~~~~~~~~~
/Users/qingque/Desktop/HaiyueStudio/Native/examples/led-sudoku/node_modules/@nativescript/canvas/platforms/ios/src/cpp/webgpu/GPUDeviceImpl.cpp:3221:61: warning: ignoring return value of function declared with 'warn_unused_result' attribute [-Wunused-result]
 3221 |                                                             error->Set(context, ConvertToV8String(
      |                                                             ^~~~~~~~~~ ~~~~~~~~~~~~~~~~~~~~~~~~~~~
 3222 |                                                                                isolate,
      |                                                                                ~~~~~~~~
 3223 |                                                                                "type"),
      |                                                                                ~~~~~~~~
 3224 |                                                                        v8::Uint32::NewFromUnsigned(
      |                                                                        ~~~~~~~~~~~~~~~~~~~~~~~~~~~~
 3225 |                                                                                isolate,
      |                                                                                ~~~~~~~~
 3226 |                                                                                (uint32_t) pipelineData->type));
      |                                                                                ~~~~~~~~~~~~~~~~~~~~~~~~~~~~~~
/Users/qingque/Desktop/HaiyueStudio/Native/examples/led-sudoku/node_modules/@nativescript/canvas/platforms/ios/src/cpp/webgpu/GPUDeviceImpl.cpp:3230:61: warning: ignoring return value of function declared with 'warn_unused_result' attribute [-Wunused-result]
 3230 |                                                             callback->Call(context,
      |                                                             ^~~~~~~~~~~~~~ ~~~~~~~~
 3231 |                                                                            context->Global(),
      |                                                                            ~~~~~~~~~~~~~~~~~~
 3232 |                                                                            1,
      |                                                                            ~~
 3233 |                                                                            args);  // ignore JS return value
      |                                                                            ~~~~
/Users/qingque/Desktop/HaiyueStudio/Native/examples/led-sudoku/node_modules/@nativescript/canvas/platforms/ios/src/cpp/webgpu/GPUDeviceImpl.cpp:3245:61: warning: ignoring return value of function declared with 'warn_unused_result' attribute [-Wunused-result]
 3245 |                                                             callback->Call(context,
      |                                                             ^~~~~~~~~~~~~~ ~~~~~~~~
 3246 |                                                                            context->Global(),
      |                                                                            ~~~~~~~~~~~~~~~~~~
 3247 |                                                                            2,
      |                                                                            ~~
 3248 |                                                                            args);  // ignore JS return value
      |                                                                            ~~~~
/Users/qingque/Desktop/HaiyueStudio/Native/examples/led-sudoku/node_modules/@nativescript/canvas/platforms/ios/src/cpp/webgpu/GPUDeviceImpl.cpp:3344:9: warning: ignoring return value of function declared with 'warn_unused_result' attribute [-Wunused-result]
 3344 |         options->Get(context, ConvertToV8String(isolate, "label")).ToLocal(&labelVal);
      |         ^~~~~~~~~~~~~~~~~~~~~~~~~~~~~~~~~~~~~~~~~~~~~~~~~~~~~~~~~~~~~~~~~~ ~~~~~~~~~
/Users/qingque/Desktop/HaiyueStudio/Native/examples/led-sudoku/node_modules/@nativescript/canvas/platforms/ios/src/cpp/webgpu/GPUDeviceImpl.cpp:3351:9: warning: ignoring return value of function declared with 'warn_unused_result' attribute [-Wunused-result]
 3351 |         options->Get(context, ConvertToV8String(isolate, "addressModeU")).ToLocal(&addressModeUVal);
      |         ^~~~~~~~~~~~~~~~~~~~~~~~~~~~~~~~~~~~~~~~~~~~~~~~~~~~~~~~~~~~~~~~~~~~~~~~~ ~~~~~~~~~~~~~~~~
/Users/qingque/Desktop/HaiyueStudio/Native/examples/led-sudoku/node_modules/@nativescript/canvas/platforms/ios/src/cpp/webgpu/GPUDeviceImpl.cpp:3363:9: warning: ignoring return value of function declared with 'warn_unused_result' attribute [-Wunused-result]
 3363 |         options->Get(context, ConvertToV8String(isolate, "addressModeV")).ToLocal(&addressModeVVal);
      |         ^~~~~~~~~~~~~~~~~~~~~~~~~~~~~~~~~~~~~~~~~~~~~~~~~~~~~~~~~~~~~~~~~~~~~~~~~ ~~~~~~~~~~~~~~~~
/Users/qingque/Desktop/HaiyueStudio/Native/examples/led-sudoku/node_modules/@nativescript/canvas/platforms/ios/src/cpp/webgpu/GPUDeviceImpl.cpp:3375:9: warning: ignoring return value of function declared with 'warn_unused_result' attribute [-Wunused-result]
 3375 |         options->Get(context, ConvertToV8String(isolate, "addressModeW")).ToLocal(&addressModeWVal);
      |         ^~~~~~~~~~~~~~~~~~~~~~~~~~~~~~~~~~~~~~~~~~~~~~~~~~~~~~~~~~~~~~~~~~~~~~~~~ ~~~~~~~~~~~~~~~~
/Users/qingque/Desktop/HaiyueStudio/Native/examples/led-sudoku/node_modules/@nativescript/canvas/platforms/ios/src/cpp/webgpu/GPUDeviceImpl.cpp:3387:9: warning: ignoring return value of function declared with 'warn_unused_result' attribute [-Wunused-result]
 3387 |         options->Get(context, ConvertToV8String(isolate, "magFilter")).ToLocal(&magFilterVal);
      |         ^~~~~~~~~~~~~~~~~~~~~~~~~~~~~~~~~~~~~~~~~~~~~~~~~~~~~~~~~~~~~~~~~~~~~~ ~~~~~~~~~~~~~
/Users/qingque/Desktop/HaiyueStudio/Native/examples/led-sudoku/node_modules/@nativescript/canvas/platforms/ios/src/cpp/webgpu/GPUDeviceImpl.cpp:3396:9: warning: ignoring return value of function declared with 'warn_unused_result' attribute [-Wunused-result]
 3396 |         options->Get(context, ConvertToV8String(isolate, "minFilter")).ToLocal(&minFilterVal);
      |         ^~~~~~~~~~~~~~~~~~~~~~~~~~~~~~~~~~~~~~~~~~~~~~~~~~~~~~~~~~~~~~~~~~~~~~ ~~~~~~~~~~~~~
/Users/qingque/Desktop/HaiyueStudio/Native/examples/led-sudoku/node_modules/@nativescript/canvas/platforms/ios/src/cpp/webgpu/GPUDeviceImpl.cpp:3406:9: warning: ignoring return value of function declared with 'warn_unused_result' attribute [-Wunused-result]
 3406 |         options->Get(context, ConvertToV8String(isolate, "mipmapFilter")).ToLocal(&mipmapFilterVal);
      |         ^~~~~~~~~~~~~~~~~~~~~~~~~~~~~~~~~~~~~~~~~~~~~~~~~~~~~~~~~~~~~~~~~~~~~~~~~ ~~~~~~~~~~~~~~~~
/Users/qingque/Desktop/HaiyueStudio/Native/examples/led-sudoku/node_modules/@nativescript/canvas/platforms/ios/src/cpp/webgpu/GPUDeviceImpl.cpp:3416:9: warning: ignoring return value of function declared with 'warn_unused_result' attribute [-Wunused-result]
 3416 |         options->Get(context, ConvertToV8String(isolate, "lodMinClamp")).ToLocal(&lodMinClampVal);
      |         ^~~~~~~~~~~~~~~~~~~~~~~~~~~~~~~~~~~~~~~~~~~~~~~~~~~~~~~~~~~~~~~~~~~~~~~~ ~~~~~~~~~~~~~~~
/Users/qingque/Desktop/HaiyueStudio/Native/examples/led-sudoku/node_modules/@nativescript/canvas/platforms/ios/src/cpp/webgpu/GPUDeviceImpl.cpp:3426:9: warning: ignoring return value of function declared with 'warn_unused_result' attribute [-Wunused-result]
 3426 |         options->Get(context, ConvertToV8String(isolate, "lodMaxClamp")).ToLocal(&lodMaxClampVal);
      |         ^~~~~~~~~~~~~~~~~~~~~~~~~~~~~~~~~~~~~~~~~~~~~~~~~~~~~~~~~~~~~~~~~~~~~~~~ ~~~~~~~~~~~~~~~
/Users/qingque/Desktop/HaiyueStudio/Native/examples/led-sudoku/node_modules/@nativescript/canvas/platforms/ios/src/cpp/webgpu/GPUDeviceImpl.cpp:3439:9: warning: ignoring return value of function declared with 'warn_unused_result' attribute [-Wunused-result]
 3439 |         options->Get(context, ConvertToV8String(isolate, "compare")).ToLocal(&compareVal);
      |         ^~~~~~~~~~~~~~~~~~~~~~~~~~~~~~~~~~~~~~~~~~~~~~~~~~~~~~~~~~~~~~~~~~~~ ~~~~~~~~~~~
/Users/qingque/Desktop/HaiyueStudio/Native/examples/led-sudoku/node_modules/@nativescript/canvas/platforms/ios/src/cpp/webgpu/GPUDeviceImpl.cpp:3472:9: warning: ignoring return value of function declared with 'warn_unused_result' attribute [-Wunused-result]
 3472 |         options->Get(context, ConvertToV8String(isolate, "maxAnisotropy")).ToLocal(
      |         ^~~~~~~~~~~~~~~~~~~~~~~~~~~~~~~~~~~~~~~~~~~~~~~~~~~~~~~~~~~~~~~~~~~~~~~~~~
 3473 |                 &maxAnisotropyVal);
      |                 ~~~~~~~~~~~~~~~~~
/Users/qingque/Desktop/HaiyueStudio/Native/examples/led-sudoku/node_modules/@nativescript/canvas/platforms/ios/src/cpp/webgpu/GPUDeviceImpl.cpp:3530:9: warning: ignoring return value of function declared with 'warn_unused_result' attribute [-Wunused-result]
 3530 |         desc->Get(context, ConvertToV8String(isolate, "label")).ToLocal(&labelVal);
      |         ^~~~~~~~~~~~~~~~~~~~~~~~~~~~~~~~~~~~~~~~~~~~~~~~~~~~~~~~~~~~~~~ ~~~~~~~~~
/Users/qingque/Desktop/HaiyueStudio/Native/examples/led-sudoku/node_modules/@nativescript/canvas/platforms/ios/src/cpp/webgpu/GPUDeviceImpl.cpp:3618:9: warning: ignoring return value of function declared with 'warn_unused_result' attribute [-Wunused-result]
 3618 |         options->Get(context, ConvertToV8String(isolate, "sampleCount")).ToLocal(
      |         ^~~~~~~~~~~~~~~~~~~~~~~~~~~~~~~~~~~~~~~~~~~~~~~~~~~~~~~~~~~~~~~~~~~~~~~~
 3619 |                 &sampleCountVal);
      |                 ~~~~~~~~~~~~~~~
/Users/qingque/Desktop/HaiyueStudio/Native/examples/led-sudoku/node_modules/@nativescript/canvas/platforms/ios/src/cpp/webgpu/GPUDeviceImpl.cpp:3627:9: warning: ignoring return value of function declared with 'warn_unused_result' attribute [-Wunused-result]
 3627 |         options->Get(context, ConvertToV8String(isolate, "mipLevelCount")).ToLocal(
      |         ^~~~~~~~~~~~~~~~~~~~~~~~~~~~~~~~~~~~~~~~~~~~~~~~~~~~~~~~~~~~~~~~~~~~~~~~~~
 3628 |                 &mipLevelCountVal);
      |                 ~~~~~~~~~~~~~~~~~
/Users/qingque/Desktop/HaiyueStudio/Native/examples/led-sudoku/node_modules/@nativescript/canvas/platforms/ios/src/cpp/webgpu/GPUDeviceImpl.cpp:3636:9: warning: ignoring return value of function declared with 'warn_unused_result' attribute [-Wunused-result]
 3636 |         options->Get(context, ConvertToV8String(isolate, "dimension")).ToLocal(
      |         ^~~~~~~~~~~~~~~~~~~~~~~~~~~~~~~~~~~~~~~~~~~~~~~~~~~~~~~~~~~~~~~~~~~~~~
 3637 |                 &dimensionVal);
      |                 ~~~~~~~~~~~~~
/Users/qingque/Desktop/HaiyueStudio/Native/examples/led-sudoku/node_modules/@nativescript/canvas/platforms/ios/src/cpp/webgpu/GPUDeviceImpl.cpp:3765:9: warning: ignoring return value of function declared with 'warn_unused_result' attribute [-Wunused-result]
 3765 |         callback->Call(context,
      |         ^~~~~~~~~~~~~~ ~~~~~~~~
 3766 |                        context->Global(),
      |                        ~~~~~~~~~~~~~~~~~~
 3767 |                        2, args);
      |                        ~~~~~~~
In file included from /Users/qingque/Desktop/HaiyueStudio/Native/examples/led-sudoku/node_modules/@nativescript/canvas/platforms/ios/src/cpp/webgpu/GPUDeviceImpl.cpp:5:
In file included from /Users/qingque/Desktop/HaiyueStudio/Native/examples/led-sudoku/node_modules/@nativescript/canvas/platforms/ios/src/cpp/webgpu/GPUDeviceImpl.h:9:
/Users/qingque/Desktop/HaiyueStudio/Native/examples/led-sudoku/node_modules/@nativescript/canvas/platforms/ios/src/cpp/Helpers.h:63:13: warning: unused function 'LogToConsole' [-Wunused-function]
   63 | static void LogToConsole(const std::string &message) {
      |             ^~~~~~~~~~~~
/Users/qingque/Desktop/HaiyueStudio/Native/examples/led-sudoku/node_modules/@nativescript/canvas/platforms/ios/src/cpp/Helpers.h:160:13: warning: unused function 'SetFastMethod' [-Wunused-function]
  160 | static void SetFastMethod(v8::Isolate *isolate,
      |             ^~~~~~~~~~~~~
/Users/qingque/Desktop/HaiyueStudio/Native/examples/led-sudoku/node_modules/@nativescript/canvas/platforms/ios/src/cpp/Helpers.h:185:13: warning: unused function 'SetFastMethodWithOverLoads' [-Wunused-function]
  185 | static void SetFastMethodWithOverLoads(v8::Isolate *isolate,
      |             ^~~~~~~~~~~~~~~~~~~~~~~~~~
/Users/qingque/Desktop/HaiyueStudio/Native/examples/led-sudoku/node_modules/@nativescript/canvas/platforms/ios/src/cpp/Helpers.h:210:13: warning: unused function 'SetFastMethod' [-Wunused-function]
  210 | static void SetFastMethod(v8::Local<v8::Context> context,
      |             ^~~~~~~~~~~~~
/Users/qingque/Desktop/HaiyueStudio/Native/examples/led-sudoku/node_modules/@nativescript/canvas/platforms/ios/src/cpp/Helpers.h:234:13: warning: unused function 'SetFastMethodNoSideEffect' [-Wunused-function]
  234 | static void SetFastMethodNoSideEffect(v8::Local<v8::Context> context,
      |             ^~~~~~~~~~~~~~~~~~~~~~~~~
/Users/qingque/Desktop/HaiyueStudio/Native/examples/led-sudoku/node_modules/@nativescript/canvas/platforms/ios/src/cpp/Helpers.h:258:13: warning: unused function 'SetFastMethodNoSideEffect' [-Wunused-function]
  258 | static void SetFastMethodNoSideEffect(v8::Isolate *isolate,
      |             ^~~~~~~~~~~~~~~~~~~~~~~~~
182 warnings generated.
In file included from /Users/qingque/Desktop/HaiyueStudio/Native/examples/led-sudoku/node_modules/@nativescript/canvas/platforms/ios/src/cpp/webgpu/GPUComputePipelineImpl.cpp:5:
In file included from /Users/qingque/Desktop/HaiyueStudio/Native/examples/led-sudoku/node_modules/@nativescript/canvas/platforms/ios/src/cpp/webgpu/GPUComputePipelineImpl.h:9:
/Users/qingque/Desktop/HaiyueStudio/Native/examples/led-sudoku/node_modules/@nativescript/canvas/platforms/ios/src/cpp/Helpers.h:63:13: warning: unused function 'LogToConsole' [-Wunused-function]
   63 | static void LogToConsole(const std::string &message) {
      |             ^~~~~~~~~~~~
/Users/qingque/Desktop/HaiyueStudio/Native/examples/led-sudoku/node_modules/@nativescript/canvas/platforms/ios/src/cpp/Helpers.h:160:13: warning: unused function 'SetFastMethod' [-Wunused-function]
  160 | static void SetFastMethod(v8::Isolate *isolate,
      |             ^~~~~~~~~~~~~
/Users/qingque/Desktop/HaiyueStudio/Native/examples/led-sudoku/node_modules/@nativescript/canvas/platforms/ios/src/cpp/Helpers.h:185:13: warning: unused function 'SetFastMethodWithOverLoads' [-Wunused-function]
  185 | static void SetFastMethodWithOverLoads(v8::Isolate *isolate,
      |             ^~~~~~~~~~~~~~~~~~~~~~~~~~
/Users/qingque/Desktop/HaiyueStudio/Native/examples/led-sudoku/node_modules/@nativescript/canvas/platforms/ios/src/cpp/Helpers.h:210:13: warning: unused function 'SetFastMethod' [-Wunused-function]
  210 | static void SetFastMethod(v8::Local<v8::Context> context,
      |             ^~~~~~~~~~~~~
/Users/qingque/Desktop/HaiyueStudio/Native/examples/led-sudoku/node_modules/@nativescript/canvas/platforms/ios/src/cpp/Helpers.h:234:13: warning: unused function 'SetFastMethodNoSideEffect' [-Wunused-function]
  234 | static void SetFastMethodNoSideEffect(v8::Local<v8::Context> context,
      |             ^~~~~~~~~~~~~~~~~~~~~~~~~
/Users/qingque/Desktop/HaiyueStudio/Native/examples/led-sudoku/node_modules/@nativescript/canvas/platforms/ios/src/cpp/Helpers.h:258:13: warning: unused function 'SetFastMethodNoSideEffect' [-Wunused-function]
  258 | static void SetFastMethodNoSideEffect(v8::Isolate *isolate,
      |             ^~~~~~~~~~~~~~~~~~~~~~~~~
6 warnings generated.
In file included from /Users/qingque/Desktop/HaiyueStudio/Native/examples/led-sudoku/node_modules/@nativescript/canvas/platforms/ios/src/cpp/webgpu/GPUComputePassEncoderImpl.cpp:5:
In file included from /Users/qingque/Desktop/HaiyueStudio/Native/examples/led-sudoku/node_modules/@nativescript/canvas/platforms/ios/src/cpp/webgpu/GPUComputePassEncoderImpl.h:8:
/Users/qingque/Desktop/HaiyueStudio/Native/examples/led-sudoku/node_modules/@nativescript/canvas/platforms/ios/src/cpp/Helpers.h:63:13: warning: unused function 'LogToConsole' [-Wunused-function]
   63 | static void LogToConsole(const std::string &message) {
      |             ^~~~~~~~~~~~
/Users/qingque/Desktop/HaiyueStudio/Native/examples/led-sudoku/node_modules/@nativescript/canvas/platforms/ios/src/cpp/Helpers.h:160:13: warning: unused function 'SetFastMethod' [-Wunused-function]
  160 | static void SetFastMethod(v8::Isolate *isolate,
      |             ^~~~~~~~~~~~~
/Users/qingque/Desktop/HaiyueStudio/Native/examples/led-sudoku/node_modules/@nativescript/canvas/platforms/ios/src/cpp/Helpers.h:185:13: warning: unused function 'SetFastMethodWithOverLoads' [-Wunused-function]
  185 | static void SetFastMethodWithOverLoads(v8::Isolate *isolate,
      |             ^~~~~~~~~~~~~~~~~~~~~~~~~~
/Users/qingque/Desktop/HaiyueStudio/Native/examples/led-sudoku/node_modules/@nativescript/canvas/platforms/ios/src/cpp/Helpers.h:210:13: warning: unused function 'SetFastMethod' [-Wunused-function]
  210 | static void SetFastMethod(v8::Local<v8::Context> context,
      |             ^~~~~~~~~~~~~
/Users/qingque/Desktop/HaiyueStudio/Native/examples/led-sudoku/node_modules/@nativescript/canvas/platforms/ios/src/cpp/Helpers.h:234:13: warning: unused function 'SetFastMethodNoSideEffect' [-Wunused-function]
  234 | static void SetFastMethodNoSideEffect(v8::Local<v8::Context> context,
      |             ^~~~~~~~~~~~~~~~~~~~~~~~~
/Users/qingque/Desktop/HaiyueStudio/Native/examples/led-sudoku/node_modules/@nativescript/canvas/platforms/ios/src/cpp/Helpers.h:258:13: warning: unused function 'SetFastMethodNoSideEffect' [-Wunused-function]
  258 | static void SetFastMethodNoSideEffect(v8::Isolate *isolate,
      |             ^~~~~~~~~~~~~~~~~~~~~~~~~
6 warnings generated.
In file included from /Users/qingque/Desktop/HaiyueStudio/Native/examples/led-sudoku/node_modules/@nativescript/canvas/platforms/ios/src/cpp/webgpu/GPUCompilationMessageImpl.cpp:5:
In file included from /Users/qingque/Desktop/HaiyueStudio/Native/examples/led-sudoku/node_modules/@nativescript/canvas/platforms/ios/src/cpp/webgpu/GPUCompilationMessageImpl.h:9:
/Users/qingque/Desktop/HaiyueStudio/Native/examples/led-sudoku/node_modules/@nativescript/canvas/platforms/ios/src/cpp/Helpers.h:63:13: warning: unused function 'LogToConsole' [-Wunused-function]
   63 | static void LogToConsole(const std::string &message) {
      |             ^~~~~~~~~~~~
/Users/qingque/Desktop/HaiyueStudio/Native/examples/led-sudoku/node_modules/@nativescript/canvas/platforms/ios/src/cpp/Helpers.h:160:13: warning: unused function 'SetFastMethod' [-Wunused-function]
  160 | static void SetFastMethod(v8::Isolate *isolate,
      |             ^~~~~~~~~~~~~
/Users/qingque/Desktop/HaiyueStudio/Native/examples/led-sudoku/node_modules/@nativescript/canvas/platforms/ios/src/cpp/Helpers.h:185:13: warning: unused function 'SetFastMethodWithOverLoads' [-Wunused-function]
  185 | static void SetFastMethodWithOverLoads(v8::Isolate *isolate,
      |             ^~~~~~~~~~~~~~~~~~~~~~~~~~
/Users/qingque/Desktop/HaiyueStudio/Native/examples/led-sudoku/node_modules/@nativescript/canvas/platforms/ios/src/cpp/Helpers.h:210:13: warning: unused function 'SetFastMethod' [-Wunused-function]
  210 | static void SetFastMethod(v8::Local<v8::Context> context,
      |             ^~~~~~~~~~~~~
/Users/qingque/Desktop/HaiyueStudio/Native/examples/led-sudoku/node_modules/@nativescript/canvas/platforms/ios/src/cpp/Helpers.h:234:13: warning: unused function 'SetFastMethodNoSideEffect' [-Wunused-function]
  234 | static void SetFastMethodNoSideEffect(v8::Local<v8::Context> context,
      |             ^~~~~~~~~~~~~~~~~~~~~~~~~
/Users/qingque/Desktop/HaiyueStudio/Native/examples/led-sudoku/node_modules/@nativescript/canvas/platforms/ios/src/cpp/Helpers.h:258:13: warning: unused function 'SetFastMethodNoSideEffect' [-Wunused-function]
  258 | static void SetFastMethodNoSideEffect(v8::Isolate *isolate,
      |             ^~~~~~~~~~~~~~~~~~~~~~~~~
6 warnings generated.
/Users/qingque/Desktop/HaiyueStudio/Native/examples/led-sudoku/node_modules/@nativescript/canvas/platforms/ios/src/cpp/webgpu/GPUCompilationInfoImpl.cpp:78:17: warning: ignoring return value of function declared with 'warn_unused_result' attribute [-Wunused-result]
   78 |                 array->Set(context, i, GPUCompilationMessageImpl::NewInstance(isolate, ret));
      |                 ^~~~~~~~~~ ~~~~~~~~~~~~~~~~~~~~~~~~~~~~~~~~~~~~~~~~~~~~~~~~~~~~~~~~~~~~~~~~
In file included from /Users/qingque/Desktop/HaiyueStudio/Native/examples/led-sudoku/node_modules/@nativescript/canvas/platforms/ios/src/cpp/webgpu/GPUCompilationInfoImpl.cpp:5:
In file included from /Users/qingque/Desktop/HaiyueStudio/Native/examples/led-sudoku/node_modules/@nativescript/canvas/platforms/ios/src/cpp/webgpu/GPUCompilationInfoImpl.h:9:
/Users/qingque/Desktop/HaiyueStudio/Native/examples/led-sudoku/node_modules/@nativescript/canvas/platforms/ios/src/cpp/Helpers.h:63:13: warning: unused function 'LogToConsole' [-Wunused-function]
   63 | static void LogToConsole(const std::string &message) {
      |             ^~~~~~~~~~~~
/Users/qingque/Desktop/HaiyueStudio/Native/examples/led-sudoku/node_modules/@nativescript/canvas/platforms/ios/src/cpp/Helpers.h:160:13: warning: unused function 'SetFastMethod' [-Wunused-function]
  160 | static void SetFastMethod(v8::Isolate *isolate,
      |             ^~~~~~~~~~~~~
/Users/qingque/Desktop/HaiyueStudio/Native/examples/led-sudoku/node_modules/@nativescript/canvas/platforms/ios/src/cpp/Helpers.h:185:13: warning: unused function 'SetFastMethodWithOverLoads' [-Wunused-function]
  185 | static void SetFastMethodWithOverLoads(v8::Isolate *isolate,
      |             ^~~~~~~~~~~~~~~~~~~~~~~~~~
/Users/qingque/Desktop/HaiyueStudio/Native/examples/led-sudoku/node_modules/@nativescript/canvas/platforms/ios/src/cpp/Helpers.h:210:13: warning: unused function 'SetFastMethod' [-Wunused-function]
  210 | static void SetFastMethod(v8::Local<v8::Context> context,
      |             ^~~~~~~~~~~~~
/Users/qingque/Desktop/HaiyueStudio/Native/examples/led-sudoku/node_modules/@nativescript/canvas/platforms/ios/src/cpp/Helpers.h:234:13: warning: unused function 'SetFastMethodNoSideEffect' [-Wunused-function]
  234 | static void SetFastMethodNoSideEffect(v8::Local<v8::Context> context,
      |             ^~~~~~~~~~~~~~~~~~~~~~~~~
/Users/qingque/Desktop/HaiyueStudio/Native/examples/led-sudoku/node_modules/@nativescript/canvas/platforms/ios/src/cpp/Helpers.h:258:13: warning: unused function 'SetFastMethodNoSideEffect' [-Wunused-function]
  258 | static void SetFastMethodNoSideEffect(v8::Isolate *isolate,
      |             ^~~~~~~~~~~~~~~~~~~~~~~~~
7 warnings generated.
In file included from /Users/qingque/Desktop/HaiyueStudio/Native/examples/led-sudoku/node_modules/@nativescript/canvas/platforms/ios/src/cpp/webgpu/GPUCommandEncoderImpl.cpp:5:
In file included from /Users/qingque/Desktop/HaiyueStudio/Native/examples/led-sudoku/node_modules/@nativescript/canvas/platforms/ios/src/cpp/webgpu/GPUCommandEncoderImpl.h:10:
/Users/qingque/Desktop/HaiyueStudio/Native/examples/led-sudoku/node_modules/@nativescript/canvas/platforms/ios/src/cpp/webgpu/GPUUtils.h:61:13: warning: ignoring return value of function declared with 'warn_unused_result' attribute [-Wunused-result]
   61 |             entriesArray->Get(context, i).ToLocal(&entryVal);
      |             ^~~~~~~~~~~~~~~~~~~~~~~~~~~~~~~~~~~~~ ~~~~~~~~~
/Users/qingque/Desktop/HaiyueStudio/Native/examples/led-sudoku/node_modules/@nativescript/canvas/platforms/ios/src/cpp/webgpu/GPUUtils.h:68:17: warning: ignoring return value of function declared with 'warn_unused_result' attribute [-Wunused-result]
   68 |                 entryObj->Get(context, ConvertToV8String(isolate, "resource")).ToLocal(
      |                 ^~~~~~~~~~~~~~~~~~~~~~~~~~~~~~~~~~~~~~~~~~~~~~~~~~~~~~~~~~~~~~~~~~~~~~
   69 |                         &resourceVal);
      |                         ~~~~~~~~~~~~
/Users/qingque/Desktop/HaiyueStudio/Native/examples/led-sudoku/node_modules/@nativescript/canvas/platforms/ios/src/cpp/webgpu/GPUUtils.h:102:29: warning: ignoring return value of function declared with 'warn_unused_result' attribute [-Wunused-result]
  102 |                             resourceObj->Get(context,
      |                             ^~~~~~~~~~~~~~~~~~~~~~~~~
  103 |                                              ConvertToV8String(isolate, "buffer")).ToLocal(
      |                                              ~~~~~~~~~~~~~~~~~~~~~~~~~~~~~~~~~~~~~~~~~~~~~
  104 |                                     &bufferVal);
      |                                     ~~~~~~~~~~
/Users/qingque/Desktop/HaiyueStudio/Native/examples/led-sudoku/node_modules/@nativescript/canvas/platforms/ios/src/cpp/webgpu/GPUUtils.h:117:37: warning: ignoring return value of function declared with 'warn_unused_result' attribute [-Wunused-result]
  117 |                                     resourceObj->Get(context,
      |                                     ^~~~~~~~~~~~~~~~~~~~~~~~~
  118 |                                                      ConvertToV8String(isolate,
      |                                                      ~~~~~~~~~~~~~~~~~~~~~~~~~~
  119 |                                                                        "offset")).ToLocal(
      |                                                                        ~~~~~~~~~~~~~~~~~~
  120 |                                             &offsetVal);
      |                                             ~~~~~~~~~~
/Users/qingque/Desktop/HaiyueStudio/Native/examples/led-sudoku/node_modules/@nativescript/canvas/platforms/ios/src/cpp/webgpu/GPUUtils.h:129:37: warning: ignoring return value of function declared with 'warn_unused_result' attribute [-Wunused-result]
  129 |                                     resourceObj->Get(context,
      |                                     ^~~~~~~~~~~~~~~~~~~~~~~~~
  130 |                                                      ConvertToV8String(isolate,
      |                                                      ~~~~~~~~~~~~~~~~~~~~~~~~~~
  131 |                                                                        "size")).ToLocal(
      |                                                                        ~~~~~~~~~~~~~~~~
  132 |                                             &sizeVal);
      |                                             ~~~~~~~~
/Users/qingque/Desktop/HaiyueStudio/Native/examples/led-sudoku/node_modules/@nativescript/canvas/platforms/ios/src/cpp/webgpu/GPUUtils.h:168:13: warning: ignoring return value of function declared with 'warn_unused_result' attribute [-Wunused-result]
  168 |             entriesArray->Get(context, i).ToLocal(&entryVal);
      |             ^~~~~~~~~~~~~~~~~~~~~~~~~~~~~~~~~~~~~ ~~~~~~~~~
/Users/qingque/Desktop/HaiyueStudio/Native/examples/led-sudoku/node_modules/@nativescript/canvas/platforms/ios/src/cpp/webgpu/GPUUtils.h:183:17: warning: ignoring return value of function declared with 'warn_unused_result' attribute [-Wunused-result]
  183 |                 entryObj->Get(context, ConvertToV8String(isolate, "buffer")).ToLocal(
      |                 ^~~~~~~~~~~~~~~~~~~~~~~~~~~~~~~~~~~~~~~~~~~~~~~~~~~~~~~~~~~~~~~~~~~~
  184 |                         &bufferVal);
      |                         ~~~~~~~~~~
/Users/qingque/Desktop/HaiyueStudio/Native/examples/led-sudoku/node_modules/@nativescript/canvas/platforms/ios/src/cpp/webgpu/GPUUtils.h:189:21: warning: ignoring return value of function declared with 'warn_unused_result' attribute [-Wunused-result]
  189 |                     bufferObj->Get(context, ConvertToV8String(isolate, "type")).ToLocal(
      |                     ^~~~~~~~~~~~~~~~~~~~~~~~~~~~~~~~~~~~~~~~~~~~~~~~~~~~~~~~~~~~~~~~~~~
  190 |                             &bufferType);
      |                             ~~~~~~~~~~~
/Users/qingque/Desktop/HaiyueStudio/Native/examples/led-sudoku/node_modules/@nativescript/canvas/platforms/ios/src/cpp/webgpu/GPUUtils.h:208:21: warning: ignoring return value of function declared with 'warn_unused_result' attribute [-Wunused-result]
  208 |                     bufferObj->Get(context,
      |                     ^~~~~~~~~~~~~~~~~~~~~~~
  209 |                                    ConvertToV8String(isolate, "hasDynamicOffset")).ToLocal(
      |                                    ~~~~~~~~~~~~~~~~~~~~~~~~~~~~~~~~~~~~~~~~~~~~~~~~~~~~~~~
  210 |                             &hasDynamicOffsetVal);
      |                             ~~~~~~~~~~~~~~~~~~~~
/Users/qingque/Desktop/HaiyueStudio/Native/examples/led-sudoku/node_modules/@nativescript/canvas/platforms/ios/src/cpp/webgpu/GPUUtils.h:220:21: warning: ignoring return value of function declared with 'warn_unused_result' attribute [-Wunused-result]
  220 |                     bufferObj->Get(context,
      |                     ^~~~~~~~~~~~~~~~~~~~~~~
  221 |                                    ConvertToV8String(isolate, "minBindingSize")).ToLocal(
      |                                    ~~~~~~~~~~~~~~~~~~~~~~~~~~~~~~~~~~~~~~~~~~~~~~~~~~~~~
  222 |                             &minBindingSizeVal);
      |                             ~~~~~~~~~~~~~~~~~~
/Users/qingque/Desktop/HaiyueStudio/Native/examples/led-sudoku/node_modules/@nativescript/canvas/platforms/ios/src/cpp/webgpu/GPUUtils.h:252:17: warning: ignoring return value of function declared with 'warn_unused_result' attribute [-Wunused-result]
  252 |                 entryObj->Get(context, ConvertToV8String(isolate, "externalTexture")).ToLocal(
      |                 ^~~~~~~~~~~~~~~~~~~~~~~~~~~~~~~~~~~~~~~~~~~~~~~~~~~~~~~~~~~~~~~~~~~~~~~~~~~~~
  253 |                         &externalTextureVal);
      |                         ~~~~~~~~~~~~~~~~~~~
/Users/qingque/Desktop/HaiyueStudio/Native/examples/led-sudoku/node_modules/@nativescript/canvas/platforms/ios/src/cpp/webgpu/GPUUtils.h:278:17: warning: ignoring return value of function declared with 'warn_unused_result' attribute [-Wunused-result]
  278 |                 entryObj->Get(context, ConvertToV8String(isolate, "sampler")).ToLocal(
      |                 ^~~~~~~~~~~~~~~~~~~~~~~~~~~~~~~~~~~~~~~~~~~~~~~~~~~~~~~~~~~~~~~~~~~~~
  279 |                         &samplerVal);
      |                         ~~~~~~~~~~~
/Users/qingque/Desktop/HaiyueStudio/Native/examples/led-sudoku/node_modules/@nativescript/canvas/platforms/ios/src/cpp/webgpu/GPUUtils.h:284:21: warning: ignoring return value of function declared with 'warn_unused_result' attribute [-Wunused-result]
  284 |                     samplerObj->Get(context, ConvertToV8String(isolate, "type")).ToLocal(
      |                     ^~~~~~~~~~~~~~~~~~~~~~~~~~~~~~~~~~~~~~~~~~~~~~~~~~~~~~~~~~~~~~~~~~~~
  285 |                             &samplerType);
      |                             ~~~~~~~~~~~~
/Users/qingque/Desktop/HaiyueStudio/Native/examples/led-sudoku/node_modules/@nativescript/canvas/platforms/ios/src/cpp/webgpu/GPUUtils.h:324:17: warning: ignoring return value of function declared with 'warn_unused_result' attribute [-Wunused-result]
  324 |                 entryObj->Get(context, ConvertToV8String(isolate, "storageTexture")).ToLocal(
      |                 ^~~~~~~~~~~~~~~~~~~~~~~~~~~~~~~~~~~~~~~~~~~~~~~~~~~~~~~~~~~~~~~~~~~~~~~~~~~~
  325 |                         &storageTextureVal);
      |                         ~~~~~~~~~~~~~~~~~~
/Users/qingque/Desktop/HaiyueStudio/Native/examples/led-sudoku/node_modules/@nativescript/canvas/platforms/ios/src/cpp/webgpu/GPUUtils.h:338:21: warning: ignoring return value of function declared with 'warn_unused_result' attribute [-Wunused-result]
  338 |                     storageTextureObj->Get(context,
      |                     ^~~~~~~~~~~~~~~~~~~~~~~~~~~~~~~
  339 |                                            ConvertToV8String(isolate, "access")).ToLocal(
      |                                            ~~~~~~~~~~~~~~~~~~~~~~~~~~~~~~~~~~~~~~~~~~~~~
  340 |                             &accessVal);
      |                             ~~~~~~~~~~
/Users/qingque/Desktop/HaiyueStudio/Native/examples/led-sudoku/node_modules/@nativescript/canvas/platforms/ios/src/cpp/webgpu/GPUUtils.h:361:21: warning: ignoring return value of function declared with 'warn_unused_result' attribute [-Wunused-result]
  361 |                     storageTextureObj->Get(context,
      |                     ^~~~~~~~~~~~~~~~~~~~~~~~~~~~~~~
  362 |                                            ConvertToV8String(isolate, "viewDimension")).ToLocal(
      |                                            ~~~~~~~~~~~~~~~~~~~~~~~~~~~~~~~~~~~~~~~~~~~~~~~~~~~~
  363 |                             &viewDimensionVal);
      |                             ~~~~~~~~~~~~~~~~~
/Users/qingque/Desktop/HaiyueStudio/Native/examples/led-sudoku/node_modules/@nativescript/canvas/platforms/ios/src/cpp/webgpu/GPUUtils.h:386:21: warning: ignoring return value of function declared with 'warn_unused_result' attribute [-Wunused-result]
  386 |                     storageTextureObj->Get(context,
      |                     ^~~~~~~~~~~~~~~~~~~~~~~~~~~~~~~
  387 |                                            ConvertToV8String(isolate, "format")).ToLocal(
      |                                            ~~~~~~~~~~~~~~~~~~~~~~~~~~~~~~~~~~~~~~~~~~~~~
  388 |                             &formatVal);
      |                             ~~~~~~~~~~
/Users/qingque/Desktop/HaiyueStudio/Native/examples/led-sudoku/node_modules/@nativescript/canvas/platforms/ios/src/cpp/webgpu/GPUUtils.h:424:17: warning: ignoring return value of function declared with 'warn_unused_result' attribute [-Wunused-result]
  424 |                 entryObj->Get(context, ConvertToV8String(isolate, "texture")).ToLocal(
      |                 ^~~~~~~~~~~~~~~~~~~~~~~~~~~~~~~~~~~~~~~~~~~~~~~~~~~~~~~~~~~~~~~~~~~~~
  425 |                         &textureVal);
      |                         ~~~~~~~~~~~
/Users/qingque/Desktop/HaiyueStudio/Native/examples/led-sudoku/node_modules/@nativescript/canvas/platforms/ios/src/cpp/webgpu/GPUUtils.h:433:21: warning: ignoring return value of function declared with 'warn_unused_result' attribute [-Wunused-result]
  433 |                     textureObj->Get(context,
      |                     ^~~~~~~~~~~~~~~~~~~~~~~~
  434 |                                     ConvertToV8String(isolate, "multisampled")).ToLocal(
      |                                     ~~~~~~~~~~~~~~~~~~~~~~~~~~~~~~~~~~~~~~~~~~~~~~~~~~~
  435 |                             &multisampledVal);
      |                             ~~~~~~~~~~~~~~~~
/Users/qingque/Desktop/HaiyueStudio/Native/examples/led-sudoku/node_modules/@nativescript/canvas/platforms/ios/src/cpp/webgpu/GPUUtils.h:443:21: warning: ignoring return value of function declared with 'warn_unused_result' attribute [-Wunused-result]
  443 |                     textureObj->Get(context, ConvertToV8String(isolate, "sampleType")).ToLocal(
      |                     ^~~~~~~~~~~~~~~~~~~~~~~~~~~~~~~~~~~~~~~~~~~~~~~~~~~~~~~~~~~~~~~~~~~~~~~~~~
  444 |                             &sampleTypeVal);
      |                             ~~~~~~~~~~~~~~
/Users/qingque/Desktop/HaiyueStudio/Native/examples/led-sudoku/node_modules/@nativescript/canvas/platforms/ios/src/cpp/webgpu/GPUUtils.h:469:21: warning: ignoring return value of function declared with 'warn_unused_result' attribute [-Wunused-result]
  469 |                     textureObj->Get(context,
      |                     ^~~~~~~~~~~~~~~~~~~~~~~~
  470 |                                     ConvertToV8String(isolate, "viewDimension")).ToLocal(
      |                                     ~~~~~~~~~~~~~~~~~~~~~~~~~~~~~~~~~~~~~~~~~~~~~~~~~~~~
  471 |                             &viewDimensionVal);
      |                             ~~~~~~~~~~~~~~~~~
/Users/qingque/Desktop/HaiyueStudio/Native/examples/led-sudoku/node_modules/@nativescript/canvas/platforms/ios/src/cpp/webgpu/GPUCommandEncoderImpl.cpp:170:3: warning: ignoring return value of function declared with 'warn_unused_result' attribute [-Wunused-result]
  170 |                 desc->Get(context, ConvertToV8String(isolate, "label")).ToLocal(&labelVal);
      |                 ^~~~~~~~~~~~~~~~~~~~~~~~~~~~~~~~~~~~~~~~~~~~~~~~~~~~~~~~~~~~~~~ ~~~~~~~~~
/Users/qingque/Desktop/HaiyueStudio/Native/examples/led-sudoku/node_modules/@nativescript/canvas/platforms/ios/src/cpp/webgpu/GPUCommandEncoderImpl.cpp:270:3: warning: ignoring return value of function declared with 'warn_unused_result' attribute [-Wunused-result]
  270 |                 desc->Get(context, ConvertToV8String(isolate, "label")).ToLocal(&labelVal);
      |                 ^~~~~~~~~~~~~~~~~~~~~~~~~~~~~~~~~~~~~~~~~~~~~~~~~~~~~~~~~~~~~~~ ~~~~~~~~~
/Users/qingque/Desktop/HaiyueStudio/Native/examples/led-sudoku/node_modules/@nativescript/canvas/platforms/ios/src/cpp/webgpu/GPUCommandEncoderImpl.cpp:276:3: warning: ignoring return value of function declared with 'warn_unused_result' attribute [-Wunused-result]
  276 |                 desc->Get(context, ConvertToV8String(isolate, "colorAttachments")).ToLocal(
      |                 ^~~~~~~~~~~~~~~~~~~~~~~~~~~~~~~~~~~~~~~~~~~~~~~~~~~~~~~~~~~~~~~~~~~~~~~~~~
  277 |                                                                                                                                                                                                                                                                                                                          &colorAttachmentsVal);
      |                                                                                                                                                                                                                                                                                                                          ~~~~~~~~~~~~~~~~~~~~
/Users/qingque/Desktop/HaiyueStudio/Native/examples/led-sudoku/node_modules/@nativescript/canvas/platforms/ios/src/cpp/webgpu/GPUCommandEncoderImpl.cpp:287:4: warning: ignoring return value of function declared with 'warn_unused_result' attribute [-Wunused-result]
  287 |                         colorAttachment->Get(context, ConvertToV8String(isolate, "clearValue")).ToLocal(
      |                         ^~~~~~~~~~~~~~~~~~~~~~~~~~~~~~~~~~~~~~~~~~~~~~~~~~~~~~~~~~~~~~~~~~~~~~~~~~~~~~~
  288 |                                                                                                                                                                                                                                                                                                                                                         &clearValueVal);
      |                                                                                                                                                                                                                                                                                                                                                         ~~~~~~~~~~~~~~
/Users/qingque/Desktop/HaiyueStudio/Native/examples/led-sudoku/node_modules/@nativescript/canvas/platforms/ios/src/cpp/webgpu/GPUCommandEncoderImpl.cpp:310:4: warning: ignoring return value of function declared with 'warn_unused_result' attribute [-Wunused-result]
  310 |                         colorAttachment->Get(context, ConvertToV8String(isolate, "resolveTarget")).ToLocal(
      |                         ^~~~~~~~~~~~~~~~~~~~~~~~~~~~~~~~~~~~~~~~~~~~~~~~~~~~~~~~~~~~~~~~~~~~~~~~~~~~~~~~~~
  311 |                                                                                                                                                                                                                                                                                                                                                                  &resolveTargetVal);
      |                                                                                                                                                                                                                                                                                                                                                                  ~~~~~~~~~~~~~~~~~
/Users/qingque/Desktop/HaiyueStudio/Native/examples/led-sudoku/node_modules/@nativescript/canvas/platforms/ios/src/cpp/webgpu/GPUCommandEncoderImpl.cpp:322:4: warning: ignoring return value of function declared with 'warn_unused_result' attribute [-Wunused-result]
  322 |                         colorAttachment->Get(context, ConvertToV8String(isolate,
      |                         ^~~~~~~~~~~~~~~~~~~~~~~~~~~~~~~~~~~~~~~~~~~~~~~~~~~~~~~~
  323 |                                                                                                                                                                                                                         "loadOp")).ToLocal(&loadVal);
      |                                                                                                                                                                                                                         ~~~~~~~~~~~~~~~~~~ ~~~~~~~~
/Users/qingque/Desktop/HaiyueStudio/Native/examples/led-sudoku/node_modules/@nativescript/canvas/platforms/ios/src/cpp/webgpu/GPUCommandEncoderImpl.cpp:325:4: warning: ignoring return value of function declared with 'warn_unused_result' attribute [-Wunused-result]
  325 |                         colorAttachment->Get(context, ConvertToV8String(isolate,
      |                         ^~~~~~~~~~~~~~~~~~~~~~~~~~~~~~~~~~~~~~~~~~~~~~~~~~~~~~~~
  326 |                                                                                                                                                                                                                         "storeOp")).ToLocal(&storeVal);
      |                                                                                                                                                                                                                         ~~~~~~~~~~~~~~~~~~~ ~~~~~~~~~
/Users/qingque/Desktop/HaiyueStudio/Native/examples/led-sudoku/node_modules/@nativescript/canvas/platforms/ios/src/cpp/webgpu/GPUCommandEncoderImpl.cpp:353:3: warning: ignoring return value of function declared with 'warn_unused_result' attribute [-Wunused-result]
  353 |                 desc->Get(context, ConvertToV8String(isolate, "maxDrawCount")).ToLocal(&maxDrawCountVal);
      |                 ^~~~~~~~~~~~~~~~~~~~~~~~~~~~~~~~~~~~~~~~~~~~~~~~~~~~~~~~~~~~~~~~~~~~~~ ~~~~~~~~~~~~~~~~
/Users/qingque/Desktop/HaiyueStudio/Native/examples/led-sudoku/node_modules/@nativescript/canvas/platforms/ios/src/cpp/webgpu/GPUCommandEncoderImpl.cpp:359:3: warning: ignoring return value of function declared with 'warn_unused_result' attribute [-Wunused-result]
  359 |                 desc->Get(context, ConvertToV8String(isolate, "depthStencilAttachment")).ToLocal(
      |                 ^~~~~~~~~~~~~~~~~~~~~~~~~~~~~~~~~~~~~~~~~~~~~~~~~~~~~~~~~~~~~~~~~~~~~~~~~~~~~~~~
  360 |                                                                                                                                                                                                                                                                                                                                                  &depthStencilAttachmentVal);
      |                                                                                                                                                                                                                                                                                                                                                  ~~~~~~~~~~~~~~~~~~~~~~~~~~
/Users/qingque/Desktop/HaiyueStudio/Native/examples/led-sudoku/node_modules/@nativescript/canvas/platforms/ios/src/cpp/webgpu/GPUCommandEncoderImpl.cpp:369:4: warning: ignoring return value of function declared with 'warn_unused_result' attribute [-Wunused-result]
  369 |                         depthStencilAttachmentObj->Get(context, ConvertToV8String(isolate,
      |                         ^~~~~~~~~~~~~~~~~~~~~~~~~~~~~~~~~~~~~~~~~~~~~~~~~~~~~~~~~~~~~~~~~~
  370 |                                                                                                                                                                                                                                                                 "view")).ToLocal(&viewVal);
      |                                                                                                                                                                                                                                                                 ~~~~~~~~~~~~~~~~ ~~~~~~~~
/Users/qingque/Desktop/HaiyueStudio/Native/examples/led-sudoku/node_modules/@nativescript/canvas/platforms/ios/src/cpp/webgpu/GPUCommandEncoderImpl.cpp:377:4: warning: ignoring return value of function declared with 'warn_unused_result' attribute [-Wunused-result]
  377 |                         depthStencilAttachmentObj->Get(context, ConvertToV8String(isolate,
      |                         ^~~~~~~~~~~~~~~~~~~~~~~~~~~~~~~~~~~~~~~~~~~~~~~~~~~~~~~~~~~~~~~~~~
  378 |                                                                                                                                                                                                                                                                 "depthClearValue")).ToLocal(
      |                                                                                                                                                                                                                                                                 ~~~~~~~~~~~~~~~~~~~~~~~~~~~
  379 |                                                                                                                                                                                                                                                                                                                                                                                 &depthClearValue);
      |                                                                                                                                                                                                                                                                                                                                                                                 ~~~~~~~~~~~~~~~~
/Users/qingque/Desktop/HaiyueStudio/Native/examples/led-sudoku/node_modules/@nativescript/canvas/platforms/ios/src/cpp/webgpu/GPUCommandEncoderImpl.cpp:392:4: warning: ignoring return value of function declared with 'warn_unused_result' attribute [-Wunused-result]
  392 |                         depthStencilAttachmentObj->Get(context, ConvertToV8String(isolate,
      |                         ^~~~~~~~~~~~~~~~~~~~~~~~~~~~~~~~~~~~~~~~~~~~~~~~~~~~~~~~~~~~~~~~~~
  393 |                                                                                                                                                                                                                                                                 "depthLoadOp")).ToLocal(
      |                                                                                                                                                                                                                                                                 ~~~~~~~~~~~~~~~~~~~~~~~
  394 |                                                                                                                                                                                                                                                                                                                                                                 &depthLoadOp);
      |                                                                                                                                                                                                                                                                                                                                                                 ~~~~~~~~~~~~
/Users/qingque/Desktop/HaiyueStudio/Native/examples/led-sudoku/node_modules/@nativescript/canvas/platforms/ios/src/cpp/webgpu/GPUCommandEncoderImpl.cpp:417:4: warning: ignoring return value of function declared with 'warn_unused_result' attribute [-Wunused-result]
  417 |                         depthStencilAttachmentObj->Get(context, ConvertToV8String(isolate,
      |                         ^~~~~~~~~~~~~~~~~~~~~~~~~~~~~~~~~~~~~~~~~~~~~~~~~~~~~~~~~~~~~~~~~~
  418 |                                                                                                                                                                                                                                                                 "depthStoreOp")).ToLocal(
      |                                                                                                                                                                                                                                                                 ~~~~~~~~~~~~~~~~~~~~~~~~
  419 |                                                                                                                                                                                                                                                                                                                                                                  &depthStoreOp);
      |                                                                                                                                                                                                                                                                                                                                                                  ~~~~~~~~~~~~~
/Users/qingque/Desktop/HaiyueStudio/Native/examples/led-sudoku/node_modules/@nativescript/canvas/platforms/ios/src/cpp/webgpu/GPUCommandEncoderImpl.cpp:442:4: warning: ignoring return value of function declared with 'warn_unused_result' attribute [-Wunused-result]
  442 |                         depthStencilAttachmentObj->Get(context, ConvertToV8String(isolate,
      |                         ^~~~~~~~~~~~~~~~~~~~~~~~~~~~~~~~~~~~~~~~~~~~~~~~~~~~~~~~~~~~~~~~~~
  443 |                                                                                                                                                                                                                                                                 "depthReadOnly")).ToLocal(
      |                                                                                                                                                                                                                                                                 ~~~~~~~~~~~~~~~~~~~~~~~~~
  444 |                                                                                                                                                                                                                                                                                                                                                                         &depthReadOnly);
      |                                                                                                                                                                                                                                                                                                                                                                         ~~~~~~~~~~~~~~
/Users/qingque/Desktop/HaiyueStudio/Native/examples/led-sudoku/node_modules/@nativescript/canvas/platforms/ios/src/cpp/webgpu/GPUCommandEncoderImpl.cpp:453:4: warning: ignoring return value of function declared with 'warn_unused_result' attribute [-Wunused-result]
  453 |                         depthStencilAttachmentObj->Get(context, ConvertToV8String(isolate,
      |                         ^~~~~~~~~~~~~~~~~~~~~~~~~~~~~~~~~~~~~~~~~~~~~~~~~~~~~~~~~~~~~~~~~~
  454 |                                                                                                                                                                                                                                                                 "stencilClearValue")).ToLocal(
      |                                                                                                                                                                                                                                                                 ~~~~~~~~~~~~~~~~~~~~~~~~~~~~~
  455 |                                                                                                                                                                                                                                                                                                                                                                                         &stencilClearValue);
      |                                                                                                                                                                                                                                                                                                                                                                                         ~~~~~~~~~~~~~~~~~~
/Users/qingque/Desktop/HaiyueStudio/Native/examples/led-sudoku/node_modules/@nativescript/canvas/platforms/ios/src/cpp/webgpu/GPUCommandEncoderImpl.cpp:466:4: warning: ignoring return value of function declared with 'warn_unused_result' attribute [-Wunused-result]
  466 |                         depthStencilAttachmentObj->Get(context, ConvertToV8String(isolate,
      |                         ^~~~~~~~~~~~~~~~~~~~~~~~~~~~~~~~~~~~~~~~~~~~~~~~~~~~~~~~~~~~~~~~~~
  467 |                                                                                                                                                                                                                                                                 "stencilLoadOp")).ToLocal(
      |                                                                                                                                                                                                                                                                 ~~~~~~~~~~~~~~~~~~~~~~~~~
  468 |                                                                                                                                                                                                                                                                                                                                                                         &stencilLoadOp);
      |                                                                                                                                                                                                                                                                                                                                                                         ~~~~~~~~~~~~~~
/Users/qingque/Desktop/HaiyueStudio/Native/examples/led-sudoku/node_modules/@nativescript/canvas/platforms/ios/src/cpp/webgpu/GPUCommandEncoderImpl.cpp:491:4: warning: ignoring return value of function declared with 'warn_unused_result' attribute [-Wunused-result]
  491 |                         depthStencilAttachmentObj->Get(context, ConvertToV8String(isolate,
      |                         ^~~~~~~~~~~~~~~~~~~~~~~~~~~~~~~~~~~~~~~~~~~~~~~~~~~~~~~~~~~~~~~~~~
  492 |                                                                                                                                                                                                                                                                 "stencilStoreOp")).ToLocal(
      |                                                                                                                                                                                                                                                                 ~~~~~~~~~~~~~~~~~~~~~~~~~~
  493 |                                                                                                                                                                                                                                                                                                                                                                          &stencilStoreOp);
      |                                                                                                                                                                                                                                                                                                                                                                          ~~~~~~~~~~~~~~~
/Users/qingque/Desktop/HaiyueStudio/Native/examples/led-sudoku/node_modules/@nativescript/canvas/platforms/ios/src/cpp/webgpu/GPUCommandEncoderImpl.cpp:516:4: warning: ignoring return value of function declared with 'warn_unused_result' attribute [-Wunused-result]
  516 |                         depthStencilAttachmentObj->Get(context, ConvertToV8String(isolate,
      |                         ^~~~~~~~~~~~~~~~~~~~~~~~~~~~~~~~~~~~~~~~~~~~~~~~~~~~~~~~~~~~~~~~~~
  517 |                                                                                                                                                                                                                                                                 "stencilReadOnly")).ToLocal(
      |                                                                                                                                                                                                                                                                 ~~~~~~~~~~~~~~~~~~~~~~~~~~~
  518 |                                                                                                                                                                                                                                                                                                                                                                                 &stencilReadOnly);
      |                                                                                                                                                                                                                                                                                                                                                                                 ~~~~~~~~~~~~~~~~
/Users/qingque/Desktop/HaiyueStudio/Native/examples/led-sudoku/node_modules/@nativescript/canvas/platforms/ios/src/cpp/webgpu/GPUCommandEncoderImpl.cpp:531:3: warning: ignoring return value of function declared with 'warn_unused_result' attribute [-Wunused-result]
  531 |                 desc->Get(context, ConvertToV8String(isolate, "occlusionQuerySet")).ToLocal(
      |                 ^~~~~~~~~~~~~~~~~~~~~~~~~~~~~~~~~~~~~~~~~~~~~~~~~~~~~~~~~~~~~~~~~~~~~~~~~~~
  532 |                                                                                                                                                                                                                                                                                                                                 &occlusionQuerySetVal);
      |                                                                                                                                                                                                                                                                                                                                 ~~~~~~~~~~~~~~~~~~~~~
/Users/qingque/Desktop/HaiyueStudio/Native/examples/led-sudoku/node_modules/@nativescript/canvas/platforms/ios/src/cpp/webgpu/GPUCommandEncoderImpl.cpp:543:3: warning: ignoring return value of function declared with 'warn_unused_result' attribute [-Wunused-result]
  543 |                 desc->Get(context, ConvertToV8String(isolate, "timestampWrites")).ToLocal(
      |                 ^~~~~~~~~~~~~~~~~~~~~~~~~~~~~~~~~~~~~~~~~~~~~~~~~~~~~~~~~~~~~~~~~~~~~~~~~
  544 |                                                                                                                                                                                                                                                                                                                         &timestampWritesVal);
      |                                                                                                                                                                                                                                                                                                                         ~~~~~~~~~~~~~~~~~~~
/Users/qingque/Desktop/HaiyueStudio/Native/examples/led-sudoku/node_modules/@nativescript/canvas/platforms/ios/src/cpp/webgpu/GPUCommandEncoderImpl.cpp:554:4: warning: ignoring return value of function declared with 'warn_unused_result' attribute [-Wunused-result]
  554 |                         timestampWrites->Get(context, ConvertToV8String(isolate, "querySet")).ToLocal(
      |                         ^~~~~~~~~~~~~~~~~~~~~~~~~~~~~~~~~~~~~~~~~~~~~~~~~~~~~~~~~~~~~~~~~~~~~~~~~~~~~
  555 |                                                                                                                                                                                                                                                                                                                                                 &querySetVal);
      |                                                                                                                                                                                                                                                                                                                                                 ~~~~~~~~~~~~
/Users/qingque/Desktop/HaiyueStudio/Native/examples/led-sudoku/node_modules/@nativescript/canvas/platforms/ios/src/cpp/webgpu/GPUCommandEncoderImpl.cpp:710:3: warning: ignoring return value of function declared with 'warn_unused_result' attribute [-Wunused-result]
  710 |                 src->Get(context, ConvertToV8String(isolate, "buffer")).ToLocal(&bufferVal);
      |                 ^~~~~~~~~~~~~~~~~~~~~~~~~~~~~~~~~~~~~~~~~~~~~~~~~~~~~~~~~~~~~~~ ~~~~~~~~~~
/Users/qingque/Desktop/HaiyueStudio/Native/examples/led-sudoku/node_modules/@nativescript/canvas/platforms/ios/src/cpp/webgpu/GPUCommandEncoderImpl.cpp:719:3: warning: ignoring return value of function declared with 'warn_unused_result' attribute [-Wunused-result]
  719 |                 src->Get(context, ConvertToV8String(isolate, "rowsPerImage")).ToLocal(&rowsPerImageVal);
      |                 ^~~~~~~~~~~~~~~~~~~~~~~~~~~~~~~~~~~~~~~~~~~~~~~~~~~~~~~~~~~~~~~~~~~~~ ~~~~~~~~~~~~~~~~
/Users/qingque/Desktop/HaiyueStudio/Native/examples/led-sudoku/node_modules/@nativescript/canvas/platforms/ios/src/cpp/webgpu/GPUCommandEncoderImpl.cpp:728:3: warning: ignoring return value of function declared with 'warn_unused_result' attribute [-Wunused-result]
  728 |                 src->Get(context, ConvertToV8String(isolate, "offset")).ToLocal(&offsetVal);
      |                 ^~~~~~~~~~~~~~~~~~~~~~~~~~~~~~~~~~~~~~~~~~~~~~~~~~~~~~~~~~~~~~~ ~~~~~~~~~~
/Users/qingque/Desktop/HaiyueStudio/Native/examples/led-sudoku/node_modules/@nativescript/canvas/platforms/ios/src/cpp/webgpu/GPUCommandEncoderImpl.cpp:736:3: warning: ignoring return value of function declared with 'warn_unused_result' attribute [-Wunused-result]
  736 |                 src->Get(context, ConvertToV8String(isolate, "bytesPerRow")).ToLocal(&bytesPerRowVal);
      |                 ^~~~~~~~~~~~~~~~~~~~~~~~~~~~~~~~~~~~~~~~~~~~~~~~~~~~~~~~~~~~~~~~~~~~ ~~~~~~~~~~~~~~~
/Users/qingque/Desktop/HaiyueStudio/Native/examples/led-sudoku/node_modules/@nativescript/canvas/platforms/ios/src/cpp/webgpu/GPUCommandEncoderImpl.cpp:755:3: warning: ignoring return value of function declared with 'warn_unused_result' attribute [-Wunused-result]
  755 |                 dst->Get(context, ConvertToV8String(isolate, "texture")).ToLocal(&textureVal);
      |                 ^~~~~~~~~~~~~~~~~~~~~~~~~~~~~~~~~~~~~~~~~~~~~~~~~~~~~~~~~~~~~~~~ ~~~~~~~~~~~
/Users/qingque/Desktop/HaiyueStudio/Native/examples/led-sudoku/node_modules/@nativescript/canvas/platforms/ios/src/cpp/webgpu/GPUCommandEncoderImpl.cpp:762:3: warning: ignoring return value of function declared with 'warn_unused_result' attribute [-Wunused-result]
  762 |                 dst->Get(context, ConvertToV8String(isolate, "mipLevel")).ToLocal(&mipLevelVal);
      |                 ^~~~~~~~~~~~~~~~~~~~~~~~~~~~~~~~~~~~~~~~~~~~~~~~~~~~~~~~~~~~~~~~~ ~~~~~~~~~~~~
/Users/qingque/Desktop/HaiyueStudio/Native/examples/led-sudoku/node_modules/@nativescript/canvas/platforms/ios/src/cpp/webgpu/GPUCommandEncoderImpl.cpp:769:3: warning: ignoring return value of function declared with 'warn_unused_result' attribute [-Wunused-result]
  769 |                 dst->Get(context, ConvertToV8String(isolate, "origin")).ToLocal(&originVal);
      |                 ^~~~~~~~~~~~~~~~~~~~~~~~~~~~~~~~~~~~~~~~~~~~~~~~~~~~~~~~~~~~~~~ ~~~~~~~~~~
/Users/qingque/Desktop/HaiyueStudio/Native/examples/led-sudoku/node_modules/@nativescript/canvas/platforms/ios/src/cpp/webgpu/GPUCommandEncoderImpl.cpp:779:4: warning: ignoring return value of function declared with 'warn_unused_result' attribute [-Wunused-result]
  779 |                         originObj->Get(context, ConvertToV8String(isolate, "x")).ToLocal(&xVal);
      |                         ^~~~~~~~~~~~~~~~~~~~~~~~~~~~~~~~~~~~~~~~~~~~~~~~~~~~~~~~~~~~~~~~ ~~~~~
/Users/qingque/Desktop/HaiyueStudio/Native/examples/led-sudoku/node_modules/@nativescript/canvas/platforms/ios/src/cpp/webgpu/GPUCommandEncoderImpl.cpp:780:4: warning: ignoring return value of function declared with 'warn_unused_result' attribute [-Wunused-result]
  780 |                         originObj->Get(context, ConvertToV8String(isolate, "y")).ToLocal(&yVal);
      |                         ^~~~~~~~~~~~~~~~~~~~~~~~~~~~~~~~~~~~~~~~~~~~~~~~~~~~~~~~~~~~~~~~ ~~~~~
/Users/qingque/Desktop/HaiyueStudio/Native/examples/led-sudoku/node_modules/@nativescript/canvas/platforms/ios/src/cpp/webgpu/GPUCommandEncoderImpl.cpp:781:4: warning: ignoring return value of function declared with 'warn_unused_result' attribute [-Wunused-result]
  781 |                         originObj->Get(context, ConvertToV8String(isolate, "z")).ToLocal(&zVal);
      |                         ^~~~~~~~~~~~~~~~~~~~~~~~~~~~~~~~~~~~~~~~~~~~~~~~~~~~~~~~~~~~~~~~ ~~~~~
/Users/qingque/Desktop/HaiyueStudio/Native/examples/led-sudoku/node_modules/@nativescript/canvas/platforms/ios/src/cpp/webgpu/GPUCommandEncoderImpl.cpp:797:3: warning: ignoring return value of function declared with 'warn_unused_result' attribute [-Wunused-result]
  797 |                 dst->Get(context, ConvertToV8String(isolate, "aspect")).ToLocal(&aspectVal);
      |                 ^~~~~~~~~~~~~~~~~~~~~~~~~~~~~~~~~~~~~~~~~~~~~~~~~~~~~~~~~~~~~~~ ~~~~~~~~~~
/Users/qingque/Desktop/HaiyueStudio/Native/examples/led-sudoku/node_modules/@nativescript/canvas/platforms/ios/src/cpp/webgpu/GPUCommandEncoderImpl.cpp:844:3: warning: ignoring return value of function declared with 'warn_unused_result' attribute [-Wunused-result]
  844 |                 src->Get(context, ConvertToV8String(isolate, "buffer")).ToLocal(&bufferVal);
      |                 ^~~~~~~~~~~~~~~~~~~~~~~~~~~~~~~~~~~~~~~~~~~~~~~~~~~~~~~~~~~~~~~ ~~~~~~~~~~
/Users/qingque/Desktop/HaiyueStudio/Native/examples/led-sudoku/node_modules/@nativescript/canvas/platforms/ios/src/cpp/webgpu/GPUCommandEncoderImpl.cpp:853:3: warning: ignoring return value of function declared with 'warn_unused_result' attribute [-Wunused-result]
  853 |                 src->Get(context, ConvertToV8String(isolate, "rowsPerImage")).ToLocal(&rowsPerImageVal);
      |                 ^~~~~~~~~~~~~~~~~~~~~~~~~~~~~~~~~~~~~~~~~~~~~~~~~~~~~~~~~~~~~~~~~~~~~ ~~~~~~~~~~~~~~~~
/Users/qingque/Desktop/HaiyueStudio/Native/examples/led-sudoku/node_modules/@nativescript/canvas/platforms/ios/src/cpp/webgpu/GPUCommandEncoderImpl.cpp:862:3: warning: ignoring return value of function declared with 'warn_unused_result' attribute [-Wunused-result]
  862 |                 src->Get(context, ConvertToV8String(isolate, "offset")).ToLocal(&offsetVal);
      |                 ^~~~~~~~~~~~~~~~~~~~~~~~~~~~~~~~~~~~~~~~~~~~~~~~~~~~~~~~~~~~~~~ ~~~~~~~~~~
/Users/qingque/Desktop/HaiyueStudio/Native/examples/led-sudoku/node_modules/@nativescript/canvas/platforms/ios/src/cpp/webgpu/GPUCommandEncoderImpl.cpp:870:3: warning: ignoring return value of function declared with 'warn_unused_result' attribute [-Wunused-result]
  870 |                 src->Get(context, ConvertToV8String(isolate, "bytesPerRow")).ToLocal(&bytesPerRowVal);
      |                 ^~~~~~~~~~~~~~~~~~~~~~~~~~~~~~~~~~~~~~~~~~~~~~~~~~~~~~~~~~~~~~~~~~~~ ~~~~~~~~~~~~~~~
/Users/qingque/Desktop/HaiyueStudio/Native/examples/led-sudoku/node_modules/@nativescript/canvas/platforms/ios/src/cpp/webgpu/GPUCommandEncoderImpl.cpp:889:3: warning: ignoring return value of function declared with 'warn_unused_result' attribute [-Wunused-result]
  889 |                 dst->Get(context, ConvertToV8String(isolate, "texture")).ToLocal(&textureVal);
      |                 ^~~~~~~~~~~~~~~~~~~~~~~~~~~~~~~~~~~~~~~~~~~~~~~~~~~~~~~~~~~~~~~~ ~~~~~~~~~~~
/Users/qingque/Desktop/HaiyueStudio/Native/examples/led-sudoku/node_modules/@nativescript/canvas/platforms/ios/src/cpp/webgpu/GPUCommandEncoderImpl.cpp:896:3: warning: ignoring return value of function declared with 'warn_unused_result' attribute [-Wunused-result]
  896 |                 dst->Get(context, ConvertToV8String(isolate, "mipLevel")).ToLocal(&mipLevelVal);
      |                 ^~~~~~~~~~~~~~~~~~~~~~~~~~~~~~~~~~~~~~~~~~~~~~~~~~~~~~~~~~~~~~~~~ ~~~~~~~~~~~~
/Users/qingque/Desktop/HaiyueStudio/Native/examples/led-sudoku/node_modules/@nativescript/canvas/platforms/ios/src/cpp/webgpu/GPUCommandEncoderImpl.cpp:903:3: warning: ignoring return value of function declared with 'warn_unused_result' attribute [-Wunused-result]
  903 |                 dst->Get(context, ConvertToV8String(isolate, "origin")).ToLocal(&originVal);
      |                 ^~~~~~~~~~~~~~~~~~~~~~~~~~~~~~~~~~~~~~~~~~~~~~~~~~~~~~~~~~~~~~~ ~~~~~~~~~~
/Users/qingque/Desktop/HaiyueStudio/Native/examples/led-sudoku/node_modules/@nativescript/canvas/platforms/ios/src/cpp/webgpu/GPUCommandEncoderImpl.cpp:913:4: warning: ignoring return value of function declared with 'warn_unused_result' attribute [-Wunused-result]
  913 |                         originObj->Get(context, ConvertToV8String(isolate, "x")).ToLocal(&xVal);
      |                         ^~~~~~~~~~~~~~~~~~~~~~~~~~~~~~~~~~~~~~~~~~~~~~~~~~~~~~~~~~~~~~~~ ~~~~~
/Users/qingque/Desktop/HaiyueStudio/Native/examples/led-sudoku/node_modules/@nativescript/canvas/platforms/ios/src/cpp/webgpu/GPUCommandEncoderImpl.cpp:914:4: warning: ignoring return value of function declared with 'warn_unused_result' attribute [-Wunused-result]
  914 |                         originObj->Get(context, ConvertToV8String(isolate, "y")).ToLocal(&yVal);
      |                         ^~~~~~~~~~~~~~~~~~~~~~~~~~~~~~~~~~~~~~~~~~~~~~~~~~~~~~~~~~~~~~~~ ~~~~~
/Users/qingque/Desktop/HaiyueStudio/Native/examples/led-sudoku/node_modules/@nativescript/canvas/platforms/ios/src/cpp/webgpu/GPUCommandEncoderImpl.cpp:915:4: warning: ignoring return value of function declared with 'warn_unused_result' attribute [-Wunused-result]
  915 |                         originObj->Get(context, ConvertToV8String(isolate, "z")).ToLocal(&zVal);
      |                         ^~~~~~~~~~~~~~~~~~~~~~~~~~~~~~~~~~~~~~~~~~~~~~~~~~~~~~~~~~~~~~~~ ~~~~~
/Users/qingque/Desktop/HaiyueStudio/Native/examples/led-sudoku/node_modules/@nativescript/canvas/platforms/ios/src/cpp/webgpu/GPUCommandEncoderImpl.cpp:931:3: warning: ignoring return value of function declared with 'warn_unused_result' attribute [-Wunused-result]
  931 |                 dst->Get(context, ConvertToV8String(isolate, "aspect")).ToLocal(&aspectVal);
      |                 ^~~~~~~~~~~~~~~~~~~~~~~~~~~~~~~~~~~~~~~~~~~~~~~~~~~~~~~~~~~~~~~ ~~~~~~~~~~
/Users/qingque/Desktop/HaiyueStudio/Native/examples/led-sudoku/node_modules/@nativescript/canvas/platforms/ios/src/cpp/webgpu/GPUCommandEncoderImpl.cpp:982:3: warning: ignoring return value of function declared with 'warn_unused_result' attribute [-Wunused-result]
  982 |                 src->Get(context, ConvertToV8String(isolate, "texture")).ToLocal(&srcTextureVal);
      |                 ^~~~~~~~~~~~~~~~~~~~~~~~~~~~~~~~~~~~~~~~~~~~~~~~~~~~~~~~~~~~~~~~ ~~~~~~~~~~~~~~
/Users/qingque/Desktop/HaiyueStudio/Native/examples/led-sudoku/node_modules/@nativescript/canvas/platforms/ios/src/cpp/webgpu/GPUCommandEncoderImpl.cpp:988:3: warning: ignoring return value of function declared with 'warn_unused_result' attribute [-Wunused-result]
  988 |                 src->Get(context, ConvertToV8String(isolate, "mipLevel")).ToLocal(&mipLevelAVal);
      |                 ^~~~~~~~~~~~~~~~~~~~~~~~~~~~~~~~~~~~~~~~~~~~~~~~~~~~~~~~~~~~~~~~~ ~~~~~~~~~~~~~
/Users/qingque/Desktop/HaiyueStudio/Native/examples/led-sudoku/node_modules/@nativescript/canvas/platforms/ios/src/cpp/webgpu/GPUCommandEncoderImpl.cpp:995:3: warning: ignoring return value of function declared with 'warn_unused_result' attribute [-Wunused-result]
  995 |                 src->Get(context, ConvertToV8String(isolate, "origin")).ToLocal(&originAVal);
      |                 ^~~~~~~~~~~~~~~~~~~~~~~~~~~~~~~~~~~~~~~~~~~~~~~~~~~~~~~~~~~~~~~ ~~~~~~~~~~~
/Users/qingque/Desktop/HaiyueStudio/Native/examples/led-sudoku/node_modules/@nativescript/canvas/platforms/ios/src/cpp/webgpu/GPUCommandEncoderImpl.cpp:1004:4: warning: ignoring return value of function declared with 'warn_unused_result' attribute [-Wunused-result]
 1004 |                         originObj->Get(context, ConvertToV8String(isolate, "x")).ToLocal(&xVal);
      |                         ^~~~~~~~~~~~~~~~~~~~~~~~~~~~~~~~~~~~~~~~~~~~~~~~~~~~~~~~~~~~~~~~ ~~~~~
/Users/qingque/Desktop/HaiyueStudio/Native/examples/led-sudoku/node_modules/@nativescript/canvas/platforms/ios/src/cpp/webgpu/GPUCommandEncoderImpl.cpp:1005:4: warning: ignoring return value of function declared with 'warn_unused_result' attribute [-Wunused-result]
 1005 |                         originObj->Get(context, ConvertToV8String(isolate, "y")).ToLocal(&yVal);
      |                         ^~~~~~~~~~~~~~~~~~~~~~~~~~~~~~~~~~~~~~~~~~~~~~~~~~~~~~~~~~~~~~~~ ~~~~~
/Users/qingque/Desktop/HaiyueStudio/Native/examples/led-sudoku/node_modules/@nativescript/canvas/platforms/ios/src/cpp/webgpu/GPUCommandEncoderImpl.cpp:1006:4: warning: ignoring return value of function declared with 'warn_unused_result' attribute [-Wunused-result]
 1006 |                         originObj->Get(context, ConvertToV8String(isolate, "z")).ToLocal(&zVal);
      |                         ^~~~~~~~~~~~~~~~~~~~~~~~~~~~~~~~~~~~~~~~~~~~~~~~~~~~~~~~~~~~~~~~ ~~~~~
/Users/qingque/Desktop/HaiyueStudio/Native/examples/led-sudoku/node_modules/@nativescript/canvas/platforms/ios/src/cpp/webgpu/GPUCommandEncoderImpl.cpp:1021:3: warning: ignoring return value of function declared with 'warn_unused_result' attribute [-Wunused-result]
 1021 |                 src->Get(context, ConvertToV8String(isolate, "aspect")).ToLocal(&aspectAVal);
      |                 ^~~~~~~~~~~~~~~~~~~~~~~~~~~~~~~~~~~~~~~~~~~~~~~~~~~~~~~~~~~~~~~ ~~~~~~~~~~~
/Users/qingque/Desktop/HaiyueStudio/Native/examples/led-sudoku/node_modules/@nativescript/canvas/platforms/ios/src/cpp/webgpu/GPUCommandEncoderImpl.cpp:1043:3: warning: ignoring return value of function declared with 'warn_unused_result' attribute [-Wunused-result]
 1043 |                 dst->Get(context, ConvertToV8String(isolate, "texture")).ToLocal(&textureVal);
      |                 ^~~~~~~~~~~~~~~~~~~~~~~~~~~~~~~~~~~~~~~~~~~~~~~~~~~~~~~~~~~~~~~~ ~~~~~~~~~~~
/Users/qingque/Desktop/HaiyueStudio/Native/examples/led-sudoku/node_modules/@nativescript/canvas/platforms/ios/src/cpp/webgpu/GPUCommandEncoderImpl.cpp:1050:3: warning: ignoring return value of function declared with 'warn_unused_result' attribute [-Wunused-result]
 1050 |                 dst->Get(context, ConvertToV8String(isolate, "mipLevel")).ToLocal(&mipLevelVal);
      |                 ^~~~~~~~~~~~~~~~~~~~~~~~~~~~~~~~~~~~~~~~~~~~~~~~~~~~~~~~~~~~~~~~~ ~~~~~~~~~~~~
/Users/qingque/Desktop/HaiyueStudio/Native/examples/led-sudoku/node_modules/@nativescript/canvas/platforms/ios/src/cpp/webgpu/GPUCommandEncoderImpl.cpp:1057:3: warning: ignoring return value of function declared with 'warn_unused_result' attribute [-Wunused-result]
 1057 |                 dst->Get(context, ConvertToV8String(isolate, "origin")).ToLocal(&originVal);
      |                 ^~~~~~~~~~~~~~~~~~~~~~~~~~~~~~~~~~~~~~~~~~~~~~~~~~~~~~~~~~~~~~~ ~~~~~~~~~~
/Users/qingque/Desktop/HaiyueStudio/Native/examples/led-sudoku/node_modules/@nativescript/canvas/platforms/ios/src/cpp/webgpu/GPUCommandEncoderImpl.cpp:1065:4: warning: ignoring return value of function declared with 'warn_unused_result' attribute [-Wunused-result]
 1065 |                         originObj->Get(context, ConvertToV8String(isolate, "x")).ToLocal(&xVal);
      |                         ^~~~~~~~~~~~~~~~~~~~~~~~~~~~~~~~~~~~~~~~~~~~~~~~~~~~~~~~~~~~~~~~ ~~~~~
/Users/qingque/Desktop/HaiyueStudio/Native/examples/led-sudoku/node_modules/@nativescript/canvas/platforms/ios/src/cpp/webgpu/GPUCommandEncoderImpl.cpp:1066:4: warning: ignoring return value of function declared with 'warn_unused_result' attribute [-Wunused-result]
 1066 |                         originObj->Get(context, ConvertToV8String(isolate, "y")).ToLocal(&yVal);
      |                         ^~~~~~~~~~~~~~~~~~~~~~~~~~~~~~~~~~~~~~~~~~~~~~~~~~~~~~~~~~~~~~~~ ~~~~~
/Users/qingque/Desktop/HaiyueStudio/Native/examples/led-sudoku/node_modules/@nativescript/canvas/platforms/ios/src/cpp/webgpu/GPUCommandEncoderImpl.cpp:1067:4: warning: ignoring return value of function declared with 'warn_unused_result' attribute [-Wunused-result]
 1067 |                         originObj->Get(context, ConvertToV8String(isolate, "z")).ToLocal(&zVal);
      |                         ^~~~~~~~~~~~~~~~~~~~~~~~~~~~~~~~~~~~~~~~~~~~~~~~~~~~~~~~~~~~~~~~ ~~~~~
/Users/qingque/Desktop/HaiyueStudio/Native/examples/led-sudoku/node_modules/@nativescript/canvas/platforms/ios/src/cpp/webgpu/GPUCommandEncoderImpl.cpp:1083:3: warning: ignoring return value of function declared with 'warn_unused_result' attribute [-Wunused-result]
 1083 |                 dst->Get(context, ConvertToV8String(isolate, "aspect")).ToLocal(&aspectVal);
      |                 ^~~~~~~~~~~~~~~~~~~~~~~~~~~~~~~~~~~~~~~~~~~~~~~~~~~~~~~~~~~~~~~ ~~~~~~~~~~
/Users/qingque/Desktop/HaiyueStudio/Native/examples/led-sudoku/node_modules/@nativescript/canvas/platforms/ios/src/cpp/webgpu/GPUCommandEncoderImpl.cpp:1124:3: warning: ignoring return value of function declared with 'warn_unused_result' attribute [-Wunused-result]
 1124 |                 desc->Get(context, ConvertToV8String(isolate, "label")).ToLocal(&labelVal);
      |                 ^~~~~~~~~~~~~~~~~~~~~~~~~~~~~~~~~~~~~~~~~~~~~~~~~~~~~~~~~~~~~~~ ~~~~~~~~~
In file included from /Users/qingque/Desktop/HaiyueStudio/Native/examples/led-sudoku/node_modules/@nativescript/canvas/platforms/ios/src/cpp/webgpu/GPUCommandEncoderImpl.cpp:5:
In file included from /Users/qingque/Desktop/HaiyueStudio/Native/examples/led-sudoku/node_modules/@nativescript/canvas/platforms/ios/src/cpp/webgpu/GPUCommandEncoderImpl.h:8:
/Users/qingque/Desktop/HaiyueStudio/Native/examples/led-sudoku/node_modules/@nativescript/canvas/platforms/ios/src/cpp/Helpers.h:63:13: warning: unused function 'LogToConsole' [-Wunused-function]
   63 | static void LogToConsole(const std::string &message) {
      |             ^~~~~~~~~~~~
/Users/qingque/Desktop/HaiyueStudio/Native/examples/led-sudoku/node_modules/@nativescript/canvas/platforms/ios/src/cpp/Helpers.h:160:13: warning: unused function 'SetFastMethod' [-Wunused-function]
  160 | static void SetFastMethod(v8::Isolate *isolate,
      |             ^~~~~~~~~~~~~
/Users/qingque/Desktop/HaiyueStudio/Native/examples/led-sudoku/node_modules/@nativescript/canvas/platforms/ios/src/cpp/Helpers.h:185:13: warning: unused function 'SetFastMethodWithOverLoads' [-Wunused-function]
  185 | static void SetFastMethodWithOverLoads(v8::Isolate *isolate,
      |             ^~~~~~~~~~~~~~~~~~~~~~~~~~
/Users/qingque/Desktop/HaiyueStudio/Native/examples/led-sudoku/node_modules/@nativescript/canvas/platforms/ios/src/cpp/Helpers.h:210:13: warning: unused function 'SetFastMethod' [-Wunused-function]
  210 | static void SetFastMethod(v8::Local<v8::Context> context,
      |             ^~~~~~~~~~~~~
/Users/qingque/Desktop/HaiyueStudio/Native/examples/led-sudoku/node_modules/@nativescript/canvas/platforms/ios/src/cpp/Helpers.h:234:13: warning: unused function 'SetFastMethodNoSideEffect' [-Wunused-function]
  234 | static void SetFastMethodNoSideEffect(v8::Local<v8::Context> context,
      |             ^~~~~~~~~~~~~~~~~~~~~~~~~
/Users/qingque/Desktop/HaiyueStudio/Native/examples/led-sudoku/node_modules/@nativescript/canvas/platforms/ios/src/cpp/Helpers.h:258:13: warning: unused function 'SetFastMethodNoSideEffect' [-Wunused-function]
  258 | static void SetFastMethodNoSideEffect(v8::Isolate *isolate,
      |             ^~~~~~~~~~~~~~~~~~~~~~~~~
85 warnings generated.
In file included from /Users/qingque/Desktop/HaiyueStudio/Native/examples/led-sudoku/node_modules/@nativescript/canvas/platforms/ios/src/cpp/webgpu/GPUCommandBufferImpl.cpp:5:
In file included from /Users/qingque/Desktop/HaiyueStudio/Native/examples/led-sudoku/node_modules/@nativescript/canvas/platforms/ios/src/cpp/webgpu/GPUCommandBufferImpl.h:9:
/Users/qingque/Desktop/HaiyueStudio/Native/examples/led-sudoku/node_modules/@nativescript/canvas/platforms/ios/src/cpp/Helpers.h:63:13: warning: unused function 'LogToConsole' [-Wunused-function]
   63 | static void LogToConsole(const std::string &message) {
      |             ^~~~~~~~~~~~
/Users/qingque/Desktop/HaiyueStudio/Native/examples/led-sudoku/node_modules/@nativescript/canvas/platforms/ios/src/cpp/Helpers.h:160:13: warning: unused function 'SetFastMethod' [-Wunused-function]
  160 | static void SetFastMethod(v8::Isolate *isolate,
      |             ^~~~~~~~~~~~~
/Users/qingque/Desktop/HaiyueStudio/Native/examples/led-sudoku/node_modules/@nativescript/canvas/platforms/ios/src/cpp/Helpers.h:185:13: warning: unused function 'SetFastMethodWithOverLoads' [-Wunused-function]
  185 | static void SetFastMethodWithOverLoads(v8::Isolate *isolate,
      |             ^~~~~~~~~~~~~~~~~~~~~~~~~~
/Users/qingque/Desktop/HaiyueStudio/Native/examples/led-sudoku/node_modules/@nativescript/canvas/platforms/ios/src/cpp/Helpers.h:210:13: warning: unused function 'SetFastMethod' [-Wunused-function]
  210 | static void SetFastMethod(v8::Local<v8::Context> context,
      |             ^~~~~~~~~~~~~
/Users/qingque/Desktop/HaiyueStudio/Native/examples/led-sudoku/node_modules/@nativescript/canvas/platforms/ios/src/cpp/Helpers.h:234:13: warning: unused function 'SetFastMethodNoSideEffect' [-Wunused-function]
  234 | static void SetFastMethodNoSideEffect(v8::Local<v8::Context> context,
      |             ^~~~~~~~~~~~~~~~~~~~~~~~~
/Users/qingque/Desktop/HaiyueStudio/Native/examples/led-sudoku/node_modules/@nativescript/canvas/platforms/ios/src/cpp/Helpers.h:258:13: warning: unused function 'SetFastMethodNoSideEffect' [-Wunused-function]
  258 | static void SetFastMethodNoSideEffect(v8::Isolate *isolate,
      |             ^~~~~~~~~~~~~~~~~~~~~~~~~
6 warnings generated.
                    ^~~~~~~~~~~~~~~~~~~~~~~~~~~~~~~
  387 |                                            ConvertToV8String(isolate, "format")).ToLocal(
      |                                            ~~~~~~~~~~~~~~~~~~~~~~~~~~~~~~~~~~~~~~~~~~~~~
  388 |                             &formatVal);
      |                             ~~~~~~~~~~
/Users/qingque/Desktop/HaiyueStudio/Native/examples/led-sudoku/node_modules/@nativescript/canvas/platforms/ios/src/cpp/webgpu/GPUUtils.h:424:17: warning: ignoring return value of function declared with 'warn_unused_result' attribute [-Wunused-result]
  424 |                 entryObj->Get(context, ConvertToV8String(isolate, "texture")).ToLocal(
      |                 ^~~~~~~~~~~~~~~~~~~~~~~~~~~~~~~~~~~~~~~~~~~~~~~~~~~~~~~~~~~~~~~~~~~~~
  425 |                         &textureVal);
      |                         ~~~~~~~~~~~
/Users/qingque/Desktop/HaiyueStudio/Native/examples/led-sudoku/node_modules/@nativescript/canvas/platforms/ios/src/cpp/webgpu/GPUUtils.h:433:21: warning: ignoring return value of function declared with 'warn_unused_result' attribute [-Wunused-result]
  433 |                     textureObj->Get(context,
      |                     ^~~~~~~~~~~~~~~~~~~~~~~~
  434 |                                     ConvertToV8String(isolate, "multisampled")).ToLocal(
      |                                     ~~~~~~~~~~~~~~~~~~~~~~~~~~~~~~~~~~~~~~~~~~~~~~~~~~~
  435 |                             &multisampledVal);
      |                             ~~~~~~~~~~~~~~~~
/Users/qingque/Desktop/HaiyueStudio/Native/examples/led-sudoku/node_modules/@nativescript/canvas/platforms/ios/src/cpp/webgpu/GPUUtils.h:443:21: warning: ignoring return value of function declared with 'warn_unused_result' attribute [-Wunused-result]
  443 |                     textureObj->Get(context, ConvertToV8String(isolate, "sampleType")).ToLocal(
      |                     ^~~~~~~~~~~~~~~~~~~~~~~~~~~~~~~~~~~~~~~~~~~~~~~~~~~~~~~~~~~~~~~~~~~~~~~~~~
  444 |                             &sampleTypeVal);
      |                             ~~~~~~~~~~~~~~
/Users/qingque/Desktop/HaiyueStudio/Native/examples/led-sudoku/node_modules/@nativescript/canvas/platforms/ios/src/cpp/webgpu/GPUUtils.h:469:21: warning: ignoring return value of function declared with 'warn_unused_result' attribute [-Wunused-result]
  469 |                     textureObj->Get(context,
      |                     ^~~~~~~~~~~~~~~~~~~~~~~~
  470 |                                     ConvertToV8String(isolate, "viewDimension")).ToLocal(
      |                                     ~~~~~~~~~~~~~~~~~~~~~~~~~~~~~~~~~~~~~~~~~~~~~~~~~~~~
  471 |                             &viewDimensionVal);
      |                             ~~~~~~~~~~~~~~~~~
/Users/qingque/Desktop/HaiyueStudio/Native/examples/led-sudoku/node_modules/@nativescript/canvas/platforms/ios/src/cpp/webgpu/GPUCanvasContextImpl.cpp:242:2: warning: ignoring return value of function declared with 'warn_unused_result' attribute [-Wunused-result]
  242 |         options->Get(context, ConvertToV8String(isolate, "usage")).ToLocal(
      |         ^~~~~~~~~~~~~~~~~~~~~~~~~~~~~~~~~~~~~~~~~~~~~~~~~~~~~~~~~~~~~~~~~~
  243 |                                                                                                                                                                                                                                                                                  &usageValue);
      |                                                                                                                                                                                                                                                                                  ~~~~~~~~~~~
/Users/qingque/Desktop/HaiyueStudio/Native/examples/led-sudoku/node_modules/@nativescript/canvas/platforms/ios/src/cpp/webgpu/GPUCanvasContextImpl.cpp:303:2: warning: ignoring return value of function declared with 'warn_unused_result' attribute [-Wunused-result]
  303 |         options->Get(context, ConvertToV8String(isolate, "size")).ToLocal(
      |         ^~~~~~~~~~~~~~~~~~~~~~~~~~~~~~~~~~~~~~~~~~~~~~~~~~~~~~~~~~~~~~~~~
  304 |                                                                                                                                                                                                                                                                                 &sizeValue);
      |                                                                                                                                                                                                                                                                                 ~~~~~~~~~~
In file included from /Users/qingque/Desktop/HaiyueStudio/Native/examples/led-sudoku/node_modules/@nativescript/canvas/platforms/ios/src/cpp/webgpu/GPUCanvasContextImpl.cpp:5:
In file included from /Users/qingque/Desktop/HaiyueStudio/Native/examples/led-sudoku/node_modules/@nativescript/canvas/platforms/ios/src/cpp/webgpu/GPUCanvasContextImpl.h:11:
/Users/qingque/Desktop/HaiyueStudio/Native/examples/led-sudoku/node_modules/@nativescript/canvas/platforms/ios/src/cpp/Helpers.h:63:13: warning: unused function 'LogToConsole' [-Wunused-function]
   63 | static void LogToConsole(const std::string &message) {
      |             ^~~~~~~~~~~~
/Users/qingque/Desktop/HaiyueStudio/Native/examples/led-sudoku/node_modules/@nativescript/canvas/platforms/ios/src/cpp/Helpers.h:185:13: warning: unused function 'SetFastMethodWithOverLoads' [-Wunused-function]
  185 | static void SetFastMethodWithOverLoads(v8::Isolate *isolate,
      |             ^~~~~~~~~~~~~~~~~~~~~~~~~~
/Users/qingque/Desktop/HaiyueStudio/Native/examples/led-sudoku/node_modules/@nativescript/canvas/platforms/ios/src/cpp/Helpers.h:210:13: warning: unused function 'SetFastMethod' [-Wunused-function]
  210 | static void SetFastMethod(v8::Local<v8::Context> context,
      |             ^~~~~~~~~~~~~
/Users/qingque/Desktop/HaiyueStudio/Native/examples/led-sudoku/node_modules/@nativescript/canvas/platforms/ios/src/cpp/Helpers.h:234:13: warning: unused function 'SetFastMethodNoSideEffect' [-Wunused-function]
  234 | static void SetFastMethodNoSideEffect(v8::Local<v8::Context> context,
      |             ^~~~~~~~~~~~~~~~~~~~~~~~~
/Users/qingque/Desktop/HaiyueStudio/Native/examples/led-sudoku/node_modules/@nativescript/canvas/platforms/ios/src/cpp/Helpers.h:258:13: warning: unused function 'SetFastMethodNoSideEffect' [-Wunused-function]
  258 | static void SetFastMethodNoSideEffect(v8::Isolate *isolate,
      |             ^~~~~~~~~~~~~~~~~~~~~~~~~
28 warnings generated.
/Users/qingque/Desktop/HaiyueStudio/Native/examples/led-sudoku/node_modules/@nativescript/canvas/platforms/ios/src/cpp/webgpu/GPUBufferImpl.cpp:188:25: warning: ignoring return value of function declared with 'warn_unused_result' attribute [-Wunused-result]
  188 |                         callback->Resolve(context, v8::Undefined(isolate));
      |                         ^~~~~~~~~~~~~~~~~ ~~~~~~~~~~~~~~~~~~~~~~~~~~~~~~~
/Users/qingque/Desktop/HaiyueStudio/Native/examples/led-sudoku/node_modules/@nativescript/canvas/platforms/ios/src/cpp/webgpu/GPUBufferImpl.cpp:191:25: warning: ignoring return value of function declared with 'warn_unused_result' attribute [-Wunused-result]
  191 |                         callback->Reject(context,
      |                         ^~~~~~~~~~~~~~~~ ~~~~~~~~
  192 |                                          v8::Exception::Error(
      |                                          ~~~~~~~~~~~~~~~~~~~~~
  193 |                                                  ConvertToV8String(
      |                                                  ~~~~~~~~~~~~~~~~~~
  194 |                                                          isolate,
      |                                                          ~~~~~~~~
  195 |                                                          errorData->error)));
      |                                                          ~~~~~~~~~~~~~~~~~~
In file included from /Users/qingque/Desktop/HaiyueStudio/Native/examples/led-sudoku/node_modules/@nativescript/canvas/platforms/ios/src/cpp/webgpu/GPUBufferImpl.cpp:5:
In file included from /Users/qingque/Desktop/HaiyueStudio/Native/examples/led-sudoku/node_modules/@nativescript/canvas/platforms/ios/src/cpp/webgpu/GPUBufferImpl.h:8:
/Users/qingque/Desktop/HaiyueStudio/Native/examples/led-sudoku/node_modules/@nativescript/canvas/platforms/ios/src/cpp/Helpers.h:63:13: warning: unused function 'LogToConsole' [-Wunused-function]
   63 | static void LogToConsole(const std::string &message) {
      |             ^~~~~~~~~~~~
/Users/qingque/Desktop/HaiyueStudio/Native/examples/led-sudoku/node_modules/@nativescript/canvas/platforms/ios/src/cpp/Helpers.h:160:13: warning: unused function 'SetFastMethod' [-Wunused-function]
  160 | static void SetFastMethod(v8::Isolate *isolate,
      |             ^~~~~~~~~~~~~
/Users/qingque/Desktop/HaiyueStudio/Native/examples/led-sudoku/node_modules/@nativescript/canvas/platforms/ios/src/cpp/Helpers.h:185:13: warning: unused function 'SetFastMethodWithOverLoads' [-Wunused-function]
  185 | static void SetFastMethodWithOverLoads(v8::Isolate *isolate,
      |             ^~~~~~~~~~~~~~~~~~~~~~~~~~
/Users/qingque/Desktop/HaiyueStudio/Native/examples/led-sudoku/node_modules/@nativescript/canvas/platforms/ios/src/cpp/Helpers.h:210:13: warning: unused function 'SetFastMethod' [-Wunused-function]
  210 | static void SetFastMethod(v8::Local<v8::Context> context,
      |             ^~~~~~~~~~~~~
/Users/qingque/Desktop/HaiyueStudio/Native/examples/led-sudoku/node_modules/@nativescript/canvas/platforms/ios/src/cpp/Helpers.h:234:13: warning: unused function 'SetFastMethodNoSideEffect' [-Wunused-function]
  234 | static void SetFastMethodNoSideEffect(v8::Local<v8::Context> context,
      |             ^~~~~~~~~~~~~~~~~~~~~~~~~
/Users/qingque/Desktop/HaiyueStudio/Native/examples/led-sudoku/node_modules/@nativescript/canvas/platforms/ios/src/cpp/Helpers.h:258:13: warning: unused function 'SetFastMethodNoSideEffect' [-Wunused-function]
  258 | static void SetFastMethodNoSideEffect(v8::Isolate *isolate,
      |             ^~~~~~~~~~~~~~~~~~~~~~~~~
8 warnings generated.
In file included from /Users/qingque/Desktop/HaiyueStudio/Native/examples/led-sudoku/node_modules/@nativescript/canvas/platforms/ios/src/cpp/webgpu/GPUBindGroupLayoutImpl.cpp:5:
In file included from /Users/qingque/Desktop/HaiyueStudio/Native/examples/led-sudoku/node_modules/@nativescript/canvas/platforms/ios/src/cpp/webgpu/GPUBindGroupLayoutImpl.h:9:
/Users/qingque/Desktop/HaiyueStudio/Native/examples/led-sudoku/node_modules/@nativescript/canvas/platforms/ios/src/cpp/Helpers.h:63:13: warning: unused function 'LogToConsole' [-Wunused-function]
   63 | static void LogToConsole(const std::string &message) {
      |             ^~~~~~~~~~~~
/Users/qingque/Desktop/HaiyueStudio/Native/examples/led-sudoku/node_modules/@nativescript/canvas/platforms/ios/src/cpp/Helpers.h:160:13: warning: unused function 'SetFastMethod' [-Wunused-function]
  160 | static void SetFastMethod(v8::Isolate *isolate,
      |             ^~~~~~~~~~~~~
/Users/qingque/Desktop/HaiyueStudio/Native/examples/led-sudoku/node_modules/@nativescript/canvas/platforms/ios/src/cpp/Helpers.h:185:13: warning: unused function 'SetFastMethodWithOverLoads' [-Wunused-function]
  185 | static void SetFastMethodWithOverLoads(v8::Isolate *isolate,
      |             ^~~~~~~~~~~~~~~~~~~~~~~~~~
/Users/qingque/Desktop/HaiyueStudio/Native/examples/led-sudoku/node_modules/@nativescript/canvas/platforms/ios/src/cpp/Helpers.h:210:13: warning: unused function 'SetFastMethod' [-Wunused-function]
  210 | static void SetFastMethod(v8::Local<v8::Context> context,
      |             ^~~~~~~~~~~~~
/Users/qingque/Desktop/HaiyueStudio/Native/examples/led-sudoku/node_modules/@nativescript/canvas/platforms/ios/src/cpp/Helpers.h:234:13: warning: unused function 'SetFastMethodNoSideEffect' [-Wunused-function]
  234 | static void SetFastMethodNoSideEffect(v8::Local<v8::Context> context,
      |             ^~~~~~~~~~~~~~~~~~~~~~~~~
/Users/qingque/Desktop/HaiyueStudio/Native/examples/led-sudoku/node_modules/@nativescript/canvas/platforms/ios/src/cpp/Helpers.h:258:13: warning: unused function 'SetFastMethodNoSideEffect' [-Wunused-function]
  258 | static void SetFastMethodNoSideEffect(v8::Isolate *isolate,
      |             ^~~~~~~~~~~~~~~~~~~~~~~~~
6 warnings generated.
In file included from /Users/qingque/Desktop/HaiyueStudio/Native/examples/led-sudoku/node_modules/@nativescript/canvas/platforms/ios/src/cpp/webgpu/GPUBindGroupImpl.cpp:5:
In file included from /Users/qingque/Desktop/HaiyueStudio/Native/examples/led-sudoku/node_modules/@nativescript/canvas/platforms/ios/src/cpp/webgpu/GPUBindGroupImpl.h:9:
/Users/qingque/Desktop/HaiyueStudio/Native/examples/led-sudoku/node_modules/@nativescript/canvas/platforms/ios/src/cpp/Helpers.h:63:13: warning: unused function 'LogToConsole' [-Wunused-function]
   63 | static void LogToConsole(const std::string &message) {
      |             ^~~~~~~~~~~~
/Users/qingque/Desktop/HaiyueStudio/Native/examples/led-sudoku/node_modules/@nativescript/canvas/platforms/ios/src/cpp/Helpers.h:160:13: warning: unused function 'SetFastMethod' [-Wunused-function]
  160 | static void SetFastMethod(v8::Isolate *isolate,
      |             ^~~~~~~~~~~~~
/Users/qingque/Desktop/HaiyueStudio/Native/examples/led-sudoku/node_modules/@nativescript/canvas/platforms/ios/src/cpp/Helpers.h:185:13: warning: unused function 'SetFastMethodWithOverLoads' [-Wunused-function]
  185 | static void SetFastMethodWithOverLoads(v8::Isolate *isolate,
      |             ^~~~~~~~~~~~~~~~~~~~~~~~~~
/Users/qingque/Desktop/HaiyueStudio/Native/examples/led-sudoku/node_modules/@nativescript/canvas/platforms/ios/src/cpp/Helpers.h:210:13: warning: unused function 'SetFastMethod' [-Wunused-function]
  210 | static void SetFastMethod(v8::Local<v8::Context> context,
      |             ^~~~~~~~~~~~~
/Users/qingque/Desktop/HaiyueStudio/Native/examples/led-sudoku/node_modules/@nativescript/canvas/platforms/ios/src/cpp/Helpers.h:234:13: warning: unused function 'SetFastMethodNoSideEffect' [-Wunused-function]
  234 | static void SetFastMethodNoSideEffect(v8::Local<v8::Context> context,
      |             ^~~~~~~~~~~~~~~~~~~~~~~~~
/Users/qingque/Desktop/HaiyueStudio/Native/examples/led-sudoku/node_modules/@nativescript/canvas/platforms/ios/src/cpp/Helpers.h:258:13: warning: unused function 'SetFastMethodNoSideEffect' [-Wunused-function]
  258 | static void SetFastMethodNoSideEffect(v8::Isolate *isolate,
      |             ^~~~~~~~~~~~~~~~~~~~~~~~~
6 warnings generated.
In file included from /Users/qingque/Desktop/HaiyueStudio/Native/examples/led-sudoku/node_modules/@nativescript/canvas/platforms/ios/src/cpp/webgpu/GPUAdapterInfoImpl.cpp:5:
In file included from /Users/qingque/Desktop/HaiyueStudio/Native/examples/led-sudoku/node_modules/@nativescript/canvas/platforms/ios/src/cpp/webgpu/GPUAdapterInfoImpl.h:9:
/Users/qingque/Desktop/HaiyueStudio/Native/examples/led-sudoku/node_modules/@nativescript/canvas/platforms/ios/src/cpp/Helpers.h:63:13: warning: unused function 'LogToConsole' [-Wunused-function]
   63 | static void LogToConsole(const std::string &message) {
      |             ^~~~~~~~~~~~
/Users/qingque/Desktop/HaiyueStudio/Native/examples/led-sudoku/node_modules/@nativescript/canvas/platforms/ios/src/cpp/Helpers.h:160:13: warning: unused function 'SetFastMethod' [-Wunused-function]
  160 | static void SetFastMethod(v8::Isolate *isolate,
      |             ^~~~~~~~~~~~~
/Users/qingque/Desktop/HaiyueStudio/Native/examples/led-sudoku/node_modules/@nativescript/canvas/platforms/ios/src/cpp/Helpers.h:185:13: warning: unused function 'SetFastMethodWithOverLoads' [-Wunused-function]
  185 | static void SetFastMethodWithOverLoads(v8::Isolate *isolate,
      |             ^~~~~~~~~~~~~~~~~~~~~~~~~~
/Users/qingque/Desktop/HaiyueStudio/Native/examples/led-sudoku/node_modules/@nativescript/canvas/platforms/ios/src/cpp/Helpers.h:210:13: warning: unused function 'SetFastMethod' [-Wunused-function]
  210 | static void SetFastMethod(v8::Local<v8::Context> context,
      |             ^~~~~~~~~~~~~
/Users/qingque/Desktop/HaiyueStudio/Native/examples/led-sudoku/node_modules/@nativescript/canvas/platforms/ios/src/cpp/Helpers.h:234:13: warning: unused function 'SetFastMethodNoSideEffect' [-Wunused-function]
  234 | static void SetFastMethodNoSideEffect(v8::Local<v8::Context> context,
      |             ^~~~~~~~~~~~~~~~~~~~~~~~~
/Users/qingque/Desktop/HaiyueStudio/Native/examples/led-sudoku/node_modules/@nativescript/canvas/platforms/ios/src/cpp/Helpers.h:258:13: warning: unused function 'SetFastMethodNoSideEffect' [-Wunused-function]
  258 | static void SetFastMethodNoSideEffect(v8::Isolate *isolate,
      |             ^~~~~~~~~~~~~~~~~~~~~~~~~
6 warnings generated.
/Users/qingque/Desktop/HaiyueStudio/Native/examples/led-sudoku/node_modules/@nativescript/canvas/platforms/ios/src/cpp/webgpu/GPUAdapterImpl.cpp:97:17: warning: ignoring return value of function declared with 'warn_unused_result' attribute [-Wunused-result]
   97 |                 set->Add(context, keyValue);
      |                 ^~~~~~~~ ~~~~~~~~~~~~~~~~~
/Users/qingque/Desktop/HaiyueStudio/Native/examples/led-sudoku/node_modules/@nativescript/canvas/platforms/ios/src/cpp/webgpu/GPUAdapterImpl.cpp:189:9: warning: ignoring return value of function declared with 'warn_unused_result' attribute [-Wunused-result]
  189 |         cb.As<v8::Function>()->Call(context, context->Global(), 0, nullptr);
      |         ^~~~~~~~~~~~~~~~~~~~~~~~~~~ ~~~~~~~~~~~~~~~~~~~~~~~~~~~~~~~~~~~~~~
/Users/qingque/Desktop/HaiyueStudio/Native/examples/led-sudoku/node_modules/@nativescript/canvas/platforms/ios/src/cpp/webgpu/GPUAdapterImpl.cpp:204:9: warning: ignoring return value of function declared with 'warn_unused_result' attribute [-Wunused-result]
  204 |         options->Get(context, ConvertToV8String(isolate, "label")).ToLocal(
      |         ^~~~~~~~~~~~~~~~~~~~~~~~~~~~~~~~~~~~~~~~~~~~~~~~~~~~~~~~~~~~~~~~~~
  205 |                 &labelValue);
      |                 ~~~~~~~~~~~
/Users/qingque/Desktop/HaiyueStudio/Native/examples/led-sudoku/node_modules/@nativescript/canvas/platforms/ios/src/cpp/webgpu/GPUAdapterImpl.cpp:280:29: warning: ignoring return value of function declared with 'warn_unused_result' attribute [-Wunused-result]
  280 |                             callback->Call(context, context->Global(),
      |                             ^~~~~~~~~~~~~~ ~~~~~~~~~~~~~~~~~~~~~~~~~~~
  281 |                                            1,
      |                                            ~~
  282 |                                            args);  // ignore JS return value
      |                                            ~~~~
/Users/qingque/Desktop/HaiyueStudio/Native/examples/led-sudoku/node_modules/@nativescript/canvas/platforms/ios/src/cpp/webgpu/GPUAdapterImpl.cpp:294:29: warning: ignoring return value of function declared with 'warn_unused_result' attribute [-Wunused-result]
  294 |                             callback->Call(context, context->Global(),
      |                             ^~~~~~~~~~~~~~ ~~~~~~~~~~~~~~~~~~~~~~~~~~~
  295 |                                            1,
      |                                            ~~
  296 |                                            args);  // ignore JS return value
      |                                            ~~~~
/Users/qingque/Desktop/HaiyueStudio/Native/examples/led-sudoku/node_modules/@nativescript/canvas/platforms/ios/src/cpp/webgpu/GPUAdapterImpl.cpp:309:29: warning: ignoring return value of function declared with 'warn_unused_result' attribute [-Wunused-result]
  309 |                             callback->Call(context, context->Global(),
      |                             ^~~~~~~~~~~~~~ ~~~~~~~~~~~~~~~~~~~~~~~~~~~
  310 |                                            2,
      |                                            ~~
  311 |                                            args);  // ignore JS return value
      |                                            ~~~~
In file included from /Users/qingque/Desktop/HaiyueStudio/Native/examples/led-sudoku/node_modules/@nativescript/canvas/platforms/ios/src/cpp/webgpu/GPUAdapterImpl.cpp:5:
In file included from /Users/qingque/Desktop/HaiyueStudio/Native/examples/led-sudoku/node_modules/@nativescript/canvas/platforms/ios/src/cpp/webgpu/GPUAdapterImpl.h:9:
/Users/qingque/Desktop/HaiyueStudio/Native/examples/led-sudoku/node_modules/@nativescript/canvas/platforms/ios/src/cpp/Helpers.h:63:13: warning: unused function 'LogToConsole' [-Wunused-function]
   63 | static void LogToConsole(const std::string &message) {
      |             ^~~~~~~~~~~~
/Users/qingque/Desktop/HaiyueStudio/Native/examples/led-sudoku/node_modules/@nativescript/canvas/platforms/ios/src/cpp/Helpers.h:160:13: warning: unused function 'SetFastMethod' [-Wunused-function]
  160 | static void SetFastMethod(v8::Isolate *isolate,
      |             ^~~~~~~~~~~~~
/Users/qingque/Desktop/HaiyueStudio/Native/examples/led-sudoku/node_modules/@nativescript/canvas/platforms/ios/src/cpp/Helpers.h:185:13: warning: unused function 'SetFastMethodWithOverLoads' [-Wunused-function]
  185 | static void SetFastMethodWithOverLoads(v8::Isolate *isolate,
      |             ^~~~~~~~~~~~~~~~~~~~~~~~~~
/Users/qingque/Desktop/HaiyueStudio/Native/examples/led-sudoku/node_modules/@nativescript/canvas/platforms/ios/src/cpp/Helpers.h:210:13: warning: unused function 'SetFastMethod' [-Wunused-function]
  210 | static void SetFastMethod(v8::Local<v8::Context> context,
      |             ^~~~~~~~~~~~~
/Users/qingque/Desktop/HaiyueStudio/Native/examples/led-sudoku/node_modules/@nativescript/canvas/platforms/ios/src/cpp/Helpers.h:234:13: warning: unused function 'SetFastMethodNoSideEffect' [-Wunused-function]
  234 | static void SetFastMethodNoSideEffect(v8::Local<v8::Context> context,
      |             ^~~~~~~~~~~~~~~~~~~~~~~~~
/Users/qingque/Desktop/HaiyueStudio/Native/examples/led-sudoku/node_modules/@nativescript/canvas/platforms/ios/src/cpp/Helpers.h:258:13: warning: unused function 'SetFastMethodNoSideEffect' [-Wunused-function]
  258 | static void SetFastMethodNoSideEffect(v8::Isolate *isolate,
      |             ^~~~~~~~~~~~~~~~~~~~~~~~~
12 warnings generated.
In file included from /Users/qingque/Desktop/HaiyueStudio/Native/examples/led-sudoku/node_modules/@nativescript/canvas/platforms/ios/src/cpp/webgl/extensions/EXT_disjoint_timer_queryImpl.cpp:5:
/Users/qingque/Desktop/HaiyueStudio/Native/examples/led-sudoku/node_modules/@nativescript/canvas/platforms/ios/src/cpp/webgl/extensions/EXT_disjoint_timer_queryImpl.h:33:9: warning: ignoring return value of function declared with 'warn_unused_result' attribute [-Wunused-result]
   33 |         object->Set(context, ConvertToV8String(isolate, "ext_name"),
      |         ^~~~~~~~~~~ ~~~~~~~~~~~~~~~~~~~~~~~~~~~~~~~~~~~~~~~~~~~~~~~~
   34 |                     ConvertToV8String(isolate, "EXT_disjoint_timer_query"));
      |                     ~~~~~~~~~~~~~~~~~~~~~~~~~~~~~~~~~~~~~~~~~~~~~~~~~~~~~~
/Users/qingque/Desktop/HaiyueStudio/Native/examples/led-sudoku/node_modules/@nativescript/canvas/platforms/ios/src/cpp/webgl/extensions/EXT_disjoint_timer_queryImpl.cpp:108:10: warning: unused variable 'isolate' [-Wunused-variable]
  108 |     auto isolate = args.GetIsolate();
      |          ^~~~~~~
/Users/qingque/Desktop/HaiyueStudio/Native/examples/led-sudoku/node_modules/@nativescript/canvas/platforms/ios/src/cpp/webgl/extensions/EXT_disjoint_timer_queryImpl.cpp:129:10: warning: unused variable 'isolate' [-Wunused-variable]
  129 |     auto isolate = args.GetIsolate();
      |          ^~~~~~~
In file included from /Users/qingque/Desktop/HaiyueStudio/Native/examples/led-sudoku/node_modules/@nativescript/canvas/platforms/ios/src/cpp/webgl/extensions/EXT_disjoint_timer_queryImpl.cpp:5:
In file included from /Users/qingque/Desktop/HaiyueStudio/Native/examples/led-sudoku/node_modules/@nativescript/canvas/platforms/ios/src/cpp/webgl/extensions/EXT_disjoint_timer_queryImpl.h:7:
/Users/qingque/Desktop/HaiyueStudio/Native/examples/led-sudoku/node_modules/@nativescript/canvas/platforms/ios/src/cpp/Helpers.h:63:13: warning: unused function 'LogToConsole' [-Wunused-function]
   63 | static void LogToConsole(const std::string &message) {
      |             ^~~~~~~~~~~~
/Users/qingque/Desktop/HaiyueStudio/Native/examples/led-sudoku/node_modules/@nativescript/canvas/platforms/ios/src/cpp/Helpers.h:160:13: warning: unused function 'SetFastMethod' [-Wunused-function]
  160 | static void SetFastMethod(v8::Isolate *isolate,
      |             ^~~~~~~~~~~~~
/Users/qingque/Desktop/HaiyueStudio/Native/examples/led-sudoku/node_modules/@nativescript/canvas/platforms/ios/src/cpp/Helpers.h:185:13: warning: unused function 'SetFastMethodWithOverLoads' [-Wunused-function]
  185 | static void SetFastMethodWithOverLoads(v8::Isolate *isolate,
      |             ^~~~~~~~~~~~~~~~~~~~~~~~~~
/Users/qingque/Desktop/HaiyueStudio/Native/examples/led-sudoku/node_modules/@nativescript/canvas/platforms/ios/src/cpp/Helpers.h:210:13: warning: unused function 'SetFastMethod' [-Wunused-function]
  210 | static void SetFastMethod(v8::Local<v8::Context> context,
      |             ^~~~~~~~~~~~~
/Users/qingque/Desktop/HaiyueStudio/Native/examples/led-sudoku/node_modules/@nativescript/canvas/platforms/ios/src/cpp/Helpers.h:234:13: warning: unused function 'SetFastMethodNoSideEffect' [-Wunused-function]
  234 | static void SetFastMethodNoSideEffect(v8::Local<v8::Context> context,
      |             ^~~~~~~~~~~~~~~~~~~~~~~~~
/Users/qingque/Desktop/HaiyueStudio/Native/examples/led-sudoku/node_modules/@nativescript/canvas/platforms/ios/src/cpp/Helpers.h:258:13: warning: unused function 'SetFastMethodNoSideEffect' [-Wunused-function]
  258 | static void SetFastMethodNoSideEffect(v8::Isolate *isolate,
      |             ^~~~~~~~~~~~~~~~~~~~~~~~~
9 warnings generated.
In file included from /Users/qingque/Desktop/HaiyueStudio/Native/examples/led-sudoku/node_modules/@nativescript/canvas/platforms/ios/src/cpp/webgl/extensions/EXT_color_buffer_half_floatImpl.cpp:5:
/Users/qingque/Desktop/HaiyueStudio/Native/examples/led-sudoku/node_modules/@nativescript/canvas/platforms/ios/src/cpp/webgl/extensions/EXT_color_buffer_half_floatImpl.h:23:9: warning: ignoring return value of function declared with 'warn_unused_result' attribute [-Wunused-result]
   23 |         object->Set(context, ConvertToV8String(isolate, "ext_name"),
      |         ^~~~~~~~~~~ ~~~~~~~~~~~~~~~~~~~~~~~~~~~~~~~~~~~~~~~~~~~~~~~~
   24 |                     ConvertToV8String(isolate, "EXT_color_buffer_half_float"));
      |                     ~~~~~~~~~~~~~~~~~~~~~~~~~~~~~~~~~~~~~~~~~~~~~~~~~~~~~~~~~
In file included from /Users/qingque/Desktop/HaiyueStudio/Native/examples/led-sudoku/node_modules/@nativescript/canvas/platforms/ios/src/cpp/webgl/extensions/EXT_color_buffer_half_floatImpl.cpp:5:
In file included from /Users/qingque/Desktop/HaiyueStudio/Native/examples/led-sudoku/node_modules/@nativescript/canvas/platforms/ios/src/cpp/webgl/extensions/EXT_color_buffer_half_floatImpl.h:9:
/Users/qingque/Desktop/HaiyueStudio/Native/examples/led-sudoku/node_modules/@nativescript/canvas/platforms/ios/src/cpp/Helpers.h:63:13: warning: unused function 'LogToConsole' [-Wunused-function]
   63 | static void LogToConsole(const std::string &message) {
      |             ^~~~~~~~~~~~
/Users/qingque/Desktop/HaiyueStudio/Native/examples/led-sudoku/node_modules/@nativescript/canvas/platforms/ios/src/cpp/Helpers.h:160:13: warning: unused function 'SetFastMethod' [-Wunused-function]
  160 | static void SetFastMethod(v8::Isolate *isolate,
      |             ^~~~~~~~~~~~~
/Users/qingque/Desktop/HaiyueStudio/Native/examples/led-sudoku/node_modules/@nativescript/canvas/platforms/ios/src/cpp/Helpers.h:185:13: warning: unused function 'SetFastMethodWithOverLoads' [-Wunused-function]
  185 | static void SetFastMethodWithOverLoads(v8::Isolate *isolate,
      |             ^~~~~~~~~~~~~~~~~~~~~~~~~~
/Users/qingque/Desktop/HaiyueStudio/Native/examples/led-sudoku/node_modules/@nativescript/canvas/platforms/ios/src/cpp/Helpers.h:210:13: warning: unused function 'SetFastMethod' [-Wunused-function]
  210 | static void SetFastMethod(v8::Local<v8::Context> context,
      |             ^~~~~~~~~~~~~
/Users/qingque/Desktop/HaiyueStudio/Native/examples/led-sudoku/node_modules/@nativescript/canvas/platforms/ios/src/cpp/Helpers.h:234:13: warning: unused function 'SetFastMethodNoSideEffect' [-Wunused-function]
  234 | static void SetFastMethodNoSideEffect(v8::Local<v8::Context> context,
      |             ^~~~~~~~~~~~~~~~~~~~~~~~~
/Users/qingque/Desktop/HaiyueStudio/Native/examples/led-sudoku/node_modules/@nativescript/canvas/platforms/ios/src/cpp/Helpers.h:258:13: warning: unused function 'SetFastMethodNoSideEffect' [-Wunused-function]
  258 | static void SetFastMethodNoSideEffect(v8::Isolate *isolate,
      |             ^~~~~~~~~~~~~~~~~~~~~~~~~
7 warnings generated.
In file included from /Users/qingque/Desktop/HaiyueStudio/Native/examples/led-sudoku/node_modules/@nativescript/canvas/platforms/ios/src/cpp/webgl/extensions/EXT_blend_minmaxImpl.cpp:5:
/Users/qingque/Desktop/HaiyueStudio/Native/examples/led-sudoku/node_modules/@nativescript/canvas/platforms/ios/src/cpp/webgl/extensions/EXT_blend_minmaxImpl.h:23:9: warning: ignoring return value of function declared with 'warn_unused_result' attribute [-Wunused-result]
   23 |         object->Set(context, ConvertToV8String(isolate, "ext_name"),
      |         ^~~~~~~~~~~ ~~~~~~~~~~~~~~~~~~~~~~~~~~~~~~~~~~~~~~~~~~~~~~~~
   24 |                     ConvertToV8String(isolate, "EXT_blend_minmax"));
      |                     ~~~~~~~~~~~~~~~~~~~~~~~~~~~~~~~~~~~~~~~~~~~~~~
In file included from /Users/qingque/Desktop/HaiyueStudio/Native/examples/led-sudoku/node_modules/@nativescript/canvas/platforms/ios/src/cpp/webgl/extensions/EXT_blend_minmaxImpl.cpp:5:
In file included from /Users/qingque/Desktop/HaiyueStudio/Native/examples/led-sudoku/node_modules/@nativescript/canvas/platforms/ios/src/cpp/webgl/extensions/EXT_blend_minmaxImpl.h:9:
/Users/qingque/Desktop/HaiyueStudio/Native/examples/led-sudoku/node_modules/@nativescript/canvas/platforms/ios/src/cpp/Helpers.h:63:13: warning: unused function 'LogToConsole' [-Wunused-function]
   63 | static void LogToConsole(const std::string &message) {
      |             ^~~~~~~~~~~~
/Users/qingque/Desktop/HaiyueStudio/Native/examples/led-sudoku/node_modules/@nativescript/canvas/platforms/ios/src/cpp/Helpers.h:160:13: warning: unused function 'SetFastMethod' [-Wunused-function]
  160 | static void SetFastMethod(v8::Isolate *isolate,
      |             ^~~~~~~~~~~~~
/Users/qingque/Desktop/HaiyueStudio/Native/examples/led-sudoku/node_modules/@nativescript/canvas/platforms/ios/src/cpp/Helpers.h:185:13: warning: unused function 'SetFastMethodWithOverLoads' [-Wunused-function]
  185 | static void SetFastMethodWithOverLoads(v8::Isolate *isolate,
      |             ^~~~~~~~~~~~~~~~~~~~~~~~~~
/Users/qingque/Desktop/HaiyueStudio/Native/examples/led-sudoku/node_modules/@nativescript/canvas/platforms/ios/src/cpp/Helpers.h:210:13: warning: unused function 'SetFastMethod' [-Wunused-function]
  210 | static void SetFastMethod(v8::Local<v8::Context> context,
      |             ^~~~~~~~~~~~~
/Users/qingque/Desktop/HaiyueStudio/Native/examples/led-sudoku/node_modules/@nativescript/canvas/platforms/ios/src/cpp/Helpers.h:234:13: warning: unused function 'SetFastMethodNoSideEffect' [-Wunused-function]
  234 | static void SetFastMethodNoSideEffect(v8::Local<v8::Context> context,
      |             ^~~~~~~~~~~~~~~~~~~~~~~~~
/Users/qingque/Desktop/HaiyueStudio/Native/examples/led-sudoku/node_modules/@nativescript/canvas/platforms/ios/src/cpp/Helpers.h:258:13: warning: unused function 'SetFastMethodNoSideEffect' [-Wunused-function]
  258 | static void SetFastMethodNoSideEffect(v8::Isolate *isolate,
      |             ^~~~~~~~~~~~~~~~~~~~~~~~~
7 warnings generated.
/Users/qingque/Desktop/HaiyueStudio/Native/examples/led-sudoku/node_modules/@nativescript/canvas/platforms/ios/src/cpp/canvas2d/CanvasRenderingContext2DImpl.cpp:2494:18: warning: unused variable 'val' [-Wunused-variable]
 2494 |             auto val = blendValue->Int32Value(context).To(&mode);
      |                  ^~~
In file included from /Users/qingque/Desktop/HaiyueStudio/Native/examples/led-sudoku/node_modules/@nativescript/canvas/platforms/ios/src/cpp/canvas2d/CanvasRenderingContext2DImpl.cpp:5:
In file included from /Users/qingque/Desktop/HaiyueStudio/Native/examples/led-sudoku/node_modules/@nativescript/canvas/platforms/ios/src/cpp/canvas2d/CanvasRenderingContext2DImpl.h:16:
/Users/qingque/Desktop/HaiyueStudio/Native/examples/led-sudoku/node_modules/@nativescript/canvas/platforms/ios/src/cpp/Helpers.h:63:13: warning: unused function 'LogToConsole' [-Wunused-function]
   63 | static void LogToConsole(const std::string &message) {
      |             ^~~~~~~~~~~~
/Users/qingque/Desktop/HaiyueStudio/Native/examples/led-sudoku/node_modules/@nativescript/canvas/platforms/ios/src/cpp/Helpers.h:210:13: warning: unused function 'SetFastMethod' [-Wunused-function]
  210 | static void SetFastMethod(v8::Local<v8::Context> context,
      |             ^~~~~~~~~~~~~
/Users/qingque/Desktop/HaiyueStudio/Native/examples/led-sudoku/node_modules/@nativescript/canvas/platforms/ios/src/cpp/Helpers.h:234:13: warning: unused function 'SetFastMethodNoSideEffect' [-Wunused-function]
  234 | static void SetFastMethodNoSideEffect(v8::Local<v8::Context> context,
      |             ^~~~~~~~~~~~~~~~~~~~~~~~~
/Users/qingque/Desktop/HaiyueStudio/Native/examples/led-sudoku/node_modules/@nativescript/canvas/platforms/ios/src/cpp/Helpers.h:258:13: warning: unused function 'SetFastMethodNoSideEffect' [-Wunused-function]
  258 | static void SetFastMethodNoSideEffect(v8::Isolate *isolate,
      |             ^~~~~~~~~~~~~~~~~~~~~~~~~
5 warnings generated.
In file included from /Users/qingque/Desktop/HaiyueStudio/Native/examples/led-sudoku/node_modules/@nativescript/canvas/platforms/ios/src/cpp/canvas2d/CanvasPattern.cpp:5:
In file included from /Users/qingque/Desktop/HaiyueStudio/Native/examples/led-sudoku/node_modules/@nativescript/canvas/platforms/ios/src/cpp/canvas2d/CanvasPattern.h:7:
In file included from /Users/qingque/Desktop/HaiyueStudio/Native/examples/led-sudoku/node_modules/@nativescript/canvas/platforms/ios/src/cpp/canvas2d/MatrixImpl.h:8:
/Users/qingque/Desktop/HaiyueStudio/Native/examples/led-sudoku/node_modules/@nativescript/canvas/platforms/ios/src/cpp/Helpers.h:63:13: warning: unused function 'LogToConsole' [-Wunused-function]
   63 | static void LogToConsole(const std::string &message) {
      |             ^~~~~~~~~~~~
/Users/qingque/Desktop/HaiyueStudio/Native/examples/led-sudoku/node_modules/@nativescript/canvas/platforms/ios/src/cpp/Helpers.h:185:13: warning: unused function 'SetFastMethodWithOverLoads' [-Wunused-function]
  185 | static void SetFastMethodWithOverLoads(v8::Isolate *isolate,
      |             ^~~~~~~~~~~~~~~~~~~~~~~~~~
/Users/qingque/Desktop/HaiyueStudio/Native/examples/led-sudoku/node_modules/@nativescript/canvas/platforms/ios/src/cpp/Helpers.h:210:13: warning: unused function 'SetFastMethod' [-Wunused-function]
  210 | static void SetFastMethod(v8::Local<v8::Context> context,
      |             ^~~~~~~~~~~~~
/Users/qingque/Desktop/HaiyueStudio/Native/examples/led-sudoku/node_modules/@nativescript/canvas/platforms/ios/src/cpp/Helpers.h:234:13: warning: unused function 'SetFastMethodNoSideEffect' [-Wunused-function]
  234 | static void SetFastMethodNoSideEffect(v8::Local<v8::Context> context,
      |             ^~~~~~~~~~~~~~~~~~~~~~~~~
/Users/qingque/Desktop/HaiyueStudio/Native/examples/led-sudoku/node_modules/@nativescript/canvas/platforms/ios/src/cpp/Helpers.h:258:13: warning: unused function 'SetFastMethodNoSideEffect' [-Wunused-function]
  258 | static void SetFastMethodNoSideEffect(v8::Isolate *isolate,
      |             ^~~~~~~~~~~~~~~~~~~~~~~~~
5 warnings generated.
/Users/qingque/Desktop/HaiyueStudio/Native/examples/led-sudoku/node_modules/@nativescript/canvas/platforms/ios/src/cpp/webgpu/GPUUtils.h:189:21: warning: ignoring return value of function declared with 'warn_unused_result' attribute [-Wunused-result]
  189 |                     bufferObj->Get(context, ConvertToV8String(isolate, "type")).ToLocal(
      |                     ^~~~~~~~~~~~~~~~~~~~~~~~~~~~~~~~~~~~~~~~~~~~~~~~~~~~~~~~~~~~~~~~~~~
  190 |                             &bufferType);
      |                             ~~~~~~~~~~~
/Users/qingque/Desktop/HaiyueStudio/Native/examples/led-sudoku/node_modules/@nativescript/canvas/platforms/ios/src/cpp/webgpu/GPUUtils.h:208:21: warning: ignoring return value of function declared with 'warn_unused_result' attribute [-Wunused-result]
  208 |                     bufferObj->Get(context,
      |                     ^~~~~~~~~~~~~~~~~~~~~~~
  209 |                                    ConvertToV8String(isolate, "hasDynamicOffset")).ToLocal(
      |                                    ~~~~~~~~~~~~~~~~~~~~~~~~~~~~~~~~~~~~~~~~~~~~~~~~~~~~~~~
  210 |                             &hasDynamicOffsetVal);
      |                             ~~~~~~~~~~~~~~~~~~~~
/Users/qingque/Desktop/HaiyueStudio/Native/examples/led-sudoku/node_modules/@nativescript/canvas/platforms/ios/src/cpp/webgpu/GPUUtils.h:220:21: warning: ignoring return value of function declared with 'warn_unused_result' attribute [-Wunused-result]
  220 |                     bufferObj->Get(context,
      |                     ^~~~~~~~~~~~~~~~~~~~~~~
  221 |                                    ConvertToV8String(isolate, "minBindingSize")).ToLocal(
      |                                    ~~~~~~~~~~~~~~~~~~~~~~~~~~~~~~~~~~~~~~~~~~~~~~~~~~~~~
  222 |                             &minBindingSizeVal);
      |                             ~~~~~~~~~~~~~~~~~~
/Users/qingque/Desktop/HaiyueStudio/Native/examples/led-sudoku/node_modules/@nativescript/canvas/platforms/ios/src/cpp/webgpu/GPUUtils.h:252:17: warning: ignoring return value of function declared with 'warn_unused_result' attribute [-Wunused-result]
  252 |                 entryObj->Get(context, ConvertToV8String(isolate, "externalTexture")).ToLocal(
      |                 ^~~~~~~~~~~~~~~~~~~~~~~~~~~~~~~~~~~~~~~~~~~~~~~~~~~~~~~~~~~~~~~~~~~~~~~~~~~~~
  253 |                         &externalTextureVal);
      |                         ~~~~~~~~~~~~~~~~~~~
/Users/qingque/Desktop/HaiyueStudio/Native/examples/led-sudoku/node_modules/@nativescript/canvas/platforms/ios/src/cpp/webgpu/GPUUtils.h:278:17: warning: ignoring return value of function declared with 'warn_unused_result' attribute [-Wunused-result]
  278 |                 entryObj->Get(context, ConvertToV8String(isolate, "sampler")).ToLocal(
      |                 ^~~~~~~~~~~~~~~~~~~~~~~~~~~~~~~~~~~~~~~~~~~~~~~~~~~~~~~~~~~~~~~~~~~~~
  279 |                         &samplerVal);
      |                         ~~~~~~~~~~~
/Users/qingque/Desktop/HaiyueStudio/Native/examples/led-sudoku/node_modules/@nativescript/canvas/platforms/ios/src/cpp/webgpu/GPUUtils.h:284:21: warning: ignoring return value of function declared with 'warn_unused_result' attribute [-Wunused-result]
  284 |                     samplerObj->Get(context, ConvertToV8String(isolate, "type")).ToLocal(
      |                     ^~~~~~~~~~~~~~~~~~~~~~~~~~~~~~~~~~~~~~~~~~~~~~~~~~~~~~~~~~~~~~~~~~~~
  285 |                             &samplerType);
      |                             ~~~~~~~~~~~~
/Users/qingque/Desktop/HaiyueStudio/Native/examples/led-sudoku/node_modules/@nativescript/canvas/platforms/ios/src/cpp/webgpu/GPUUtils.h:324:17: warning: ignoring return value of function declared with 'warn_unused_result' attribute [-Wunused-result]
  324 |                 entryObj->Get(context, ConvertToV8String(isolate, "storageTexture")).ToLocal(
      |                 ^~~~~~~~~~~~~~~~~~~~~~~~~~~~~~~~~~~~~~~~~~~~~~~~~~~~~~~~~~~~~~~~~~~~~~~~~~~~
  325 |                         &storageTextureVal);
      |                         ~~~~~~~~~~~~~~~~~~
/Users/qingque/Desktop/HaiyueStudio/Native/examples/led-sudoku/node_modules/@nativescript/canvas/platforms/ios/src/cpp/webgpu/GPUUtils.h:338:21: warning: ignoring return value of function declared with 'warn_unused_result' attribute [-Wunused-result]
  338 |                     storageTextureObj->Get(context,
      |                     ^~~~~~~~~~~~~~~~~~~~~~~~~~~~~~~
  339 |                                            ConvertToV8String(isolate, "access")).ToLocal(
      |                                            ~~~~~~~~~~~~~~~~~~~~~~~~~~~~~~~~~~~~~~~~~~~~~
  340 |                             &accessVal);
      |                             ~~~~~~~~~~
/Users/qingque/Desktop/HaiyueStudio/Native/examples/led-sudoku/node_modules/@nativescript/canvas/platforms/ios/src/cpp/webgpu/GPUUtils.h:361:21: warning: ignoring return value of function declared with 'warn_unused_result' attribute [-Wunused-result]
  361 |                     storageTextureObj->Get(context,
      |                     ^~~~~~~~~~~~~~~~~~~~~~~~~~~~~~~
  362 |                                            ConvertToV8String(isolate, "viewDimension")).ToLocal(
      |                                            ~~~~~~~~~~~~~~~~~~~~~~~~~~~~~~~~~~~~~~~~~~~~~~~~~~~~
  363 |                             &viewDimensionVal);
      |                             ~~~~~~~~~~~~~~~~~
/Users/qingque/Desktop/HaiyueStudio/Native/examples/led-sudoku/node_modules/@nativescript/canvas/platforms/ios/src/cpp/webgpu/GPUUtils.h:386:21: warning: ignoring return value of function declared with 'warn_unused_result' attribute [-Wunused-result]
  386 |                     storageTextureObj->Get(context,
      |                     ^~~~~~~~~~~~~~~~~~~~~~~~~~~~~~~
  387 |                                            ConvertToV8String(isolate, "format")).ToLocal(
      |                                            ~~~~~~~~~~~~~~~~~~~~~~~~~~~~~~~~~~~~~~~~~~~~~
  388 |                             &formatVal);
      |                             ~~~~~~~~~~
/Users/qingque/Desktop/HaiyueStudio/Native/examples/led-sudoku/node_modules/@nativescript/canvas/platforms/ios/src/cpp/webgpu/GPUUtils.h:424:17: warning: ignoring return value of function declared with 'warn_unused_result' attribute [-Wunused-result]
  424 |                 entryObj->Get(context, ConvertToV8String(isolate, "texture")).ToLocal(
      |                 ^~~~~~~~~~~~~~~~~~~~~~~~~~~~~~~~~~~~~~~~~~~~~~~~~~~~~~~~~~~~~~~~~~~~~
  425 |                         &textureVal);
      |                         ~~~~~~~~~~~
/Users/qingque/Desktop/HaiyueStudio/Native/examples/led-sudoku/node_modules/@nativescript/canvas/platforms/ios/src/cpp/webgpu/GPUUtils.h:433:21: warning: ignoring return value of function declared with 'warn_unused_result' attribute [-Wunused-result]
  433 |                     textureObj->Get(context,
      |                     ^~~~~~~~~~~~~~~~~~~~~~~~
  434 |                                     ConvertToV8String(isolate, "multisampled")).ToLocal(
      |                                     ~~~~~~~~~~~~~~~~~~~~~~~~~~~~~~~~~~~~~~~~~~~~~~~~~~~
  435 |                             &multisampledVal);
      |                             ~~~~~~~~~~~~~~~~
/Users/qingque/Desktop/HaiyueStudio/Native/examples/led-sudoku/node_modules/@nativescript/canvas/platforms/ios/src/cpp/webgpu/GPUUtils.h:443:21: warning: ignoring return value of function declared with 'warn_unused_result' attribute [-Wunused-result]
  443 |                     textureObj->Get(context, ConvertToV8String(isolate, "sampleType")).ToLocal(
      |                     ^~~~~~~~~~~~~~~~~~~~~~~~~~~~~~~~~~~~~~~~~~~~~~~~~~~~~~~~~~~~~~~~~~~~~~~~~~
  444 |                             &sampleTypeVal);
      |                             ~~~~~~~~~~~~~~
/Users/qingque/Desktop/HaiyueStudio/Native/examples/led-sudoku/node_modules/@nativescript/canvas/platforms/ios/src/cpp/webgpu/GPUUtils.h:469:21: warning: ignoring return value of function declared with 'warn_unused_result' attribute [-Wunused-result]
  469 |                     textureObj->Get(context,
      |                     ^~~~~~~~~~~~~~~~~~~~~~~~
  470 |                                     ConvertToV8String(isolate, "viewDimension")).ToLocal(
      |                                     ~~~~~~~~~~~~~~~~~~~~~~~~~~~~~~~~~~~~~~~~~~~~~~~~~~~~
  471 |                             &viewDimensionVal);
      |                             ~~~~~~~~~~~~~~~~~
In file included from /Users/qingque/Desktop/HaiyueStudio/Native/examples/led-sudoku/node_modules/@nativescript/canvas/platforms/ios/src/CanvasModule.mm:3:
In file included from /Users/qingque/Desktop/HaiyueStudio/Native/examples/led-sudoku/node_modules/@nativescript/canvas/platforms/ios/src/cpp/CanvasJSIModule.h:9:
In file included from /Users/qingque/Desktop/HaiyueStudio/Native/examples/led-sudoku/node_modules/@nativescript/canvas/platforms/ios/src/cpp/canvas2d/CanvasRenderingContext2DImpl.h:16:
/Users/qingque/Desktop/HaiyueStudio/Native/examples/led-sudoku/node_modules/@nativescript/canvas/platforms/ios/src/cpp/Helpers.h:63:13: warning: unused function 'LogToConsole' [-Wunused-function]
   63 | static void LogToConsole(const std::string &message) {
      |             ^~~~~~~~~~~~
/Users/qingque/Desktop/HaiyueStudio/Native/examples/led-sudoku/node_modules/@nativescript/canvas/platforms/ios/src/cpp/Helpers.h:185:13: warning: unused function 'SetFastMethodWithOverLoads' [-Wunused-function]
  185 | static void SetFastMethodWithOverLoads(v8::Isolate *isolate,
      |             ^~~~~~~~~~~~~~~~~~~~~~~~~~
/Users/qingque/Desktop/HaiyueStudio/Native/examples/led-sudoku/node_modules/@nativescript/canvas/platforms/ios/src/cpp/Helpers.h:210:13: warning: unused function 'SetFastMethod' [-Wunused-function]
  210 | static void SetFastMethod(v8::Local<v8::Context> context,
      |             ^~~~~~~~~~~~~
/Users/qingque/Desktop/HaiyueStudio/Native/examples/led-sudoku/node_modules/@nativescript/canvas/platforms/ios/src/cpp/Helpers.h:234:13: warning: unused function 'SetFastMethodNoSideEffect' [-Wunused-function]
  234 | static void SetFastMethodNoSideEffect(v8::Local<v8::Context> context,
      |             ^~~~~~~~~~~~~~~~~~~~~~~~~
/Users/qingque/Desktop/HaiyueStudio/Native/examples/led-sudoku/node_modules/@nativescript/canvas/platforms/ios/src/cpp/Helpers.h:258:13: warning: unused function 'SetFastMethodNoSideEffect' [-Wunused-function]
  258 | static void SetFastMethodNoSideEffect(v8::Isolate *isolate,
      |             ^~~~~~~~~~~~~~~~~~~~~~~~~
31 warnings generated.
xt, context->Global(),
      |                                                         ^~~~~~~~~~~~~~ ~~~~~~~~~~~~~~~~~~~~~~~~~~~
  566 |                                                                                                                  2,
      |                                                                                                                  ~~
  567 |                                                                                                                  args);  // ignore JS return value
      |                                                                                                                  ~~~~
/Users/qingque/Desktop/HaiyueStudio/Native/examples/led-sudoku/node_modules/@nativescript/canvas/platforms/ios/src/cpp/CanvasJSIModule.cpp:575:8: warning: ignoring return value of function declared with 'warn_unused_result' attribute [-Wunused-result]
  575 |                                                         callback->Call(context, context->Global(),
      |                                                         ^~~~~~~~~~~~~~ ~~~~~~~~~~~~~~~~~~~~~~~~~~~
  576 |                                                                                                                  1,
      |                                                                                                                  ~~
  577 |                                                                                                                  args);  // ignore JS return value
      |                                                                                                                  ~~~~
/Users/qingque/Desktop/HaiyueStudio/Native/examples/led-sudoku/node_modules/@nativescript/canvas/platforms/ios/src/cpp/CanvasJSIModule.cpp:691:3: warning: ignoring return value of function declared with 'warn_unused_result' attribute [-Wunused-result]
  691 |                 cb.As<v8::Function>()->Call(context, context->Global(), 2, retArgs);
      |                 ^~~~~~~~~~~~~~~~~~~~~~~~~~~ ~~~~~~~~~~~~~~~~~~~~~~~~~~~~~~~~~~~~~~
/Users/qingque/Desktop/HaiyueStudio/Native/examples/led-sudoku/node_modules/@nativescript/canvas/platforms/ios/src/cpp/CanvasJSIModule.cpp:757:3: warning: ignoring return value of function declared with 'warn_unused_result' attribute [-Wunused-result]
  757 |                 cb.As<v8::Function>()->Call(context, context->Global(), 2, retArgs);
      |                 ^~~~~~~~~~~~~~~~~~~~~~~~~~~ ~~~~~~~~~~~~~~~~~~~~~~~~~~~~~~~~~~~~~~
/Users/qingque/Desktop/HaiyueStudio/Native/examples/led-sudoku/node_modules/@nativescript/canvas/platforms/ios/src/cpp/CanvasJSIModule.cpp:835:6: warning: ignoring return value of function declared with 'warn_unused_result' attribute [-Wunused-result]
  835 |                                         ret->Set(context, ConvertToV8String(isolate, "buffer"), buffer);
      |                                         ^~~~~~~~ ~~~~~~~~~~~~~~~~~~~~~~~~~~~~~~~~~~~~~~~~~~~~~~~~~~~~~
/Users/qingque/Desktop/HaiyueStudio/Native/examples/led-sudoku/node_modules/@nativescript/canvas/platforms/ios/src/cpp/CanvasJSIModule.cpp:839:8: warning: ignoring return value of function declared with 'warn_unused_result' attribute [-Wunused-result]
  839 |                                                         ret->Set(context, ConvertToV8String(isolate, "mime"),
      |                                                         ^~~~~~~~ ~~~~~~~~~~~~~~~~~~~~~~~~~~~~~~~~~~~~~~~~~~~~
  840 |                                                                                          ConvertToV8String(isolate, mime->mime_type));
      |                                                                                          ~~~~~~~~~~~~~~~~~~~~~~~~~~~~~~~~~~~~~~~~~~~
/Users/qingque/Desktop/HaiyueStudio/Native/examples/led-sudoku/node_modules/@nativescript/canvas/platforms/ios/src/cpp/CanvasJSIModule.cpp:843:8: warning: ignoring return value of function declared with 'warn_unused_result' attribute [-Wunused-result]
  843 |                                                         ret->Set(context, ConvertToV8String(isolate, "extension"),
      |                                                         ^~~~~~~~ ~~~~~~~~~~~~~~~~~~~~~~~~~~~~~~~~~~~~~~~~~~~~~~~~~
  844 |                                                                                          ConvertToV8String(isolate, mime->extension));
      |                                                                                          ~~~~~~~~~~~~~~~~~~~~~~~~~~~~~~~~~~~~~~~~~~~
In file included from /Users/qingque/Desktop/HaiyueStudio/Native/examples/led-sudoku/node_modules/@nativescript/canvas/platforms/ios/src/cpp/CanvasJSIModule.cpp:5:
In file included from /Users/qingque/Desktop/HaiyueStudio/Native/examples/led-sudoku/node_modules/@nativescript/canvas/platforms/ios/src/cpp/CanvasJSIModule.h:9:
In file included from /Users/qingque/Desktop/HaiyueStudio/Native/examples/led-sudoku/node_modules/@nativescript/canvas/platforms/ios/src/cpp/canvas2d/CanvasRenderingContext2DImpl.h:16:
/Users/qingque/Desktop/HaiyueStudio/Native/examples/led-sudoku/node_modules/@nativescript/canvas/platforms/ios/src/cpp/Helpers.h:63:13: warning: unused function 'LogToConsole' [-Wunused-function]
   63 | static void LogToConsole(const std::string &message) {
      |             ^~~~~~~~~~~~
/Users/qingque/Desktop/HaiyueStudio/Native/examples/led-sudoku/node_modules/@nativescript/canvas/platforms/ios/src/cpp/Helpers.h:185:13: warning: unused function 'SetFastMethodWithOverLoads' [-Wunused-function]
  185 | static void SetFastMethodWithOverLoads(v8::Isolate *isolate,
      |             ^~~~~~~~~~~~~~~~~~~~~~~~~~
/Users/qingque/Desktop/HaiyueStudio/Native/examples/led-sudoku/node_modules/@nativescript/canvas/platforms/ios/src/cpp/Helpers.h:210:13: warning: unused function 'SetFastMethod' [-Wunused-function]
  210 | static void SetFastMethod(v8::Local<v8::Context> context,
      |             ^~~~~~~~~~~~~
/Users/qingque/Desktop/HaiyueStudio/Native/examples/led-sudoku/node_modules/@nativescript/canvas/platforms/ios/src/cpp/Helpers.h:234:13: warning: unused function 'SetFastMethodNoSideEffect' [-Wunused-function]
  234 | static void SetFastMethodNoSideEffect(v8::Local<v8::Context> context,
      |             ^~~~~~~~~~~~~~~~~~~~~~~~~
/Users/qingque/Desktop/HaiyueStudio/Native/examples/led-sudoku/node_modules/@nativescript/canvas/platforms/ios/src/cpp/Helpers.h:258:13: warning: unused function 'SetFastMethodNoSideEffect' [-Wunused-function]
  258 | static void SetFastMethodNoSideEffect(v8::Isolate *isolate,
      |             ^~~~~~~~~~~~~~~~~~~~~~~~~
41 warnings generated.
/Users/qingque/Desktop/HaiyueStudio/Native/examples/led-sudoku/node_modules/@nativescript/canvas/platforms/ios/src/cpp/canvas2d/CanvasGradient.cpp:20:5: warning: ignoring return value of function declared with 'warn_unused_result' attribute [-Wunused-result]
   20 |     canvasModule->Set(context, ConvertToV8String(isolate, "CanvasGradient"), func);
      |     ^~~~~~~~~~~~~~~~~ ~~~~~~~~~~~~~~~~~~~~~~~~~~~~~~~~~~~~~~~~~~~~~~~~~~~~~~~~~~~
In file included from /Users/qingque/Desktop/HaiyueStudio/Native/examples/led-sudoku/node_modules/@nativescript/canvas/platforms/ios/src/cpp/canvas2d/CanvasGradient.cpp:5:
In file included from /Users/qingque/Desktop/HaiyueStudio/Native/examples/led-sudoku/node_modules/@nativescript/canvas/platforms/ios/src/cpp/canvas2d/CanvasGradient.h:9:
/Users/qingque/Desktop/HaiyueStudio/Native/examples/led-sudoku/node_modules/@nativescript/canvas/platforms/ios/src/cpp/Helpers.h:63:13: warning: unused function 'LogToConsole' [-Wunused-function]
   63 | static void LogToConsole(const std::string &message) {
      |             ^~~~~~~~~~~~
/Users/qingque/Desktop/HaiyueStudio/Native/examples/led-sudoku/node_modules/@nativescript/canvas/platforms/ios/src/cpp/Helpers.h:160:13: warning: unused function 'SetFastMethod' [-Wunused-function]
  160 | static void SetFastMethod(v8::Isolate *isolate,
      |             ^~~~~~~~~~~~~
/Users/qingque/Desktop/HaiyueStudio/Native/examples/led-sudoku/node_modules/@nativescript/canvas/platforms/ios/src/cpp/Helpers.h:185:13: warning: unused function 'SetFastMethodWithOverLoads' [-Wunused-function]
  185 | static void SetFastMethodWithOverLoads(v8::Isolate *isolate,
      |             ^~~~~~~~~~~~~~~~~~~~~~~~~~
/Users/qingque/Desktop/HaiyueStudio/Native/examples/led-sudoku/node_modules/@nativescript/canvas/platforms/ios/src/cpp/Helpers.h:210:13: warning: unused function 'SetFastMethod' [-Wunused-function]
  210 | static void SetFastMethod(v8::Local<v8::Context> context,
      |             ^~~~~~~~~~~~~
/Users/qingque/Desktop/HaiyueStudio/Native/examples/led-sudoku/node_modules/@nativescript/canvas/platforms/ios/src/cpp/Helpers.h:234:13: warning: unused function 'SetFastMethodNoSideEffect' [-Wunused-function]
  234 | static void SetFastMethodNoSideEffect(v8::Local<v8::Context> context,
      |             ^~~~~~~~~~~~~~~~~~~~~~~~~
/Users/qingque/Desktop/HaiyueStudio/Native/examples/led-sudoku/node_modules/@nativescript/canvas/platforms/ios/src/cpp/Helpers.h:258:13: warning: unused function 'SetFastMethodNoSideEffect' [-Wunused-function]
  258 | static void SetFastMethodNoSideEffect(v8::Isolate *isolate,
      |             ^~~~~~~~~~~~~~~~~~~~~~~~~
7 warnings generated.
In file included from /Users/qingque/Desktop/HaiyueStudio/Native/examples/led-sudoku/node_modules/@nativescript/canvas/platforms/ios/src/cpp/webgl/extensions/ANGLE_instanced_arraysImpl.cpp:5:
In file included from /Users/qingque/Desktop/HaiyueStudio/Native/examples/led-sudoku/node_modules/@nativescript/canvas/platforms/ios/src/cpp/webgl/extensions/ANGLE_instanced_arraysImpl.h:7:
/Users/qingque/Desktop/HaiyueStudio/Native/examples/led-sudoku/node_modules/@nativescript/canvas/platforms/ios/src/cpp/Helpers.h:63:13: warning: unused function 'LogToConsole' [-Wunused-function]
   63 | static void LogToConsole(const std::string &message) {
      |             ^~~~~~~~~~~~
/Users/qingque/Desktop/HaiyueStudio/Native/examples/led-sudoku/node_modules/@nativescript/canvas/platforms/ios/src/cpp/Helpers.h:185:13: warning: unused function 'SetFastMethodWithOverLoads' [-Wunused-function]
  185 | static void SetFastMethodWithOverLoads(v8::Isolate *isolate,
      |             ^~~~~~~~~~~~~~~~~~~~~~~~~~
/Users/qingque/Desktop/HaiyueStudio/Native/examples/led-sudoku/node_modules/@nativescript/canvas/platforms/ios/src/cpp/Helpers.h:210:13: warning: unused function 'SetFastMethod' [-Wunused-function]
  210 | static void SetFastMethod(v8::Local<v8::Context> context,
      |             ^~~~~~~~~~~~~
/Users/qingque/Desktop/HaiyueStudio/Native/examples/led-sudoku/node_modules/@nativescript/canvas/platforms/ios/src/cpp/Helpers.h:234:13: warning: unused function 'SetFastMethodNoSideEffect' [-Wunused-function]
  234 | static void SetFastMethodNoSideEffect(v8::Local<v8::Context> context,
      |             ^~~~~~~~~~~~~~~~~~~~~~~~~
/Users/qingque/Desktop/HaiyueStudio/Native/examples/led-sudoku/node_modules/@nativescript/canvas/platforms/ios/src/cpp/Helpers.h:258:13: warning: unused function 'SetFastMethodNoSideEffect' [-Wunused-function]
  258 | static void SetFastMethodNoSideEffect(v8::Isolate *isolate,
      |             ^~~~~~~~~~~~~~~~~~~~~~~~~
5 warnings generated.
./.build_env_vars.sh: line 620: declare: UID: readonly variable
Generating metadata...~/Desktop/HaiyueStudio/Native/examples/led-sudoku/platforms/ios/internal/metadata-generator-x86_64/bin ~/Desktop/HaiyueStudio/Native/examples/led-sudoku/platforms/ios
Python version: 3.9.6 (default, Jan  9 2026, 11:03:41) 
[Clang 17.0.0 (clang-1700.6.4.2)]
Generating metadata for arm64
Metadata Generator Arguments: 
./objc-metadata-generator -verbose -output-bin /Users/qingque/Desktop/HaiyueStudio/Native/examples/led-sudoku/platforms/ios/build/Debug-iphoneos/metadata-arm64.bin -output-umbrella /Users/qingque/Desktop/HaiyueStudio/Native/examples/led-sudoku/platforms/ios/build/Debug-iphoneos/umbrella-arm64.h -docset-path /Users/qingque/Library/Developer/Shared/Documentation/DocSets/com.apple.adc.documentation.iOS.docset Xclang -isysroot /Applications/Xcode.app/Contents/Developer/Platforms/iPhoneOS.platform/Developer/SDKs/iPhoneOS26.2.sdk -std=gnu99 -target arm64-apple-ios26.2 -I/Users/qingque/Desktop/HaiyueStudio/Native/examples/led-sudoku/node_modules/@nativescript/canvas/platforms/ios/NativeScriptV8/Headers -I/Users/qingque/Desktop/HaiyueStudio/Native/examples/led-sudoku/platforms/ios/build/Debug-iphoneos/include -I/Users/qingque/Desktop/HaiyueStudio/Native/examples/led-sudoku/platforms/ios/internal/Swift-Modules -I/Users/qingque/Desktop/HaiyueStudio/Native/examples/led-sudoku/platforms/ios/internal -I/Users/qingque/Desktop/HaiyueStudio/Native/examples/led-sudoku/platforms/ios/../../App_Resources/iOS/src -I/Users/qingque/Desktop/HaiyueStudio/Native/examples/led-sudoku/platforms/ios/../../node_modules/@nativescript/canvas/platforms/ios/src -I/Users/qingque/Desktop/HaiyueStudio/Native/examples/led-sudoku/platforms/ios/../../node_modules/@nativescript/core/platforms/ios/src -I/Users/qingque/Desktop/HaiyueStudio/Native/examples/led-sudoku/platforms/ios/build/Debug-iphoneos/NativeScript.framework/Headers -I/Users/qingque/Desktop/HaiyueStudio/Native/examples/led-sudoku/platforms/ios/build/Debug-iphoneos/NativeScript.framework/Headers/include -F/Users/qingque/Desktop/HaiyueStudio/Native/examples/led-sudoku/platforms/ios/build/Debug-iphoneos/PackageFrameworks -F/Users/qingque/Desktop/HaiyueStudio/Native/examples/led-sudoku/platforms/ios/build/Debug-iphoneos -F/Users/qingque/Desktop/HaiyueStudio/Native/examples/led-sudoku/platforms/ios/internal/ -F/Users/qingque/Desktop/HaiyueStudio/Native/examples/led-sudoku/platforms/ios/build/Debug-iphoneos -F../../node_modules/@nativescript/canvas/platforms/ios -F../../node_modules/@nativescript/core/platforms/ios -F/Applications/Xcode.app/Contents/Developer/Platforms/iPhoneOS.platform/Developer/SDKs/iPhoneOS26.2.sdk/System/Library/SubFrameworks -fmodule-map-file=/Users/qingque/Library/Developer/Xcode/DerivedData/ledsudoku-amuruodeojstpiaifoncrsivfruk/Build/Intermediates.noindex/ArchiveIntermediates/ledsudoku/IntermediateBuildFilesPath/GeneratedModuleMaps-iphoneos/NativeScriptV8.modulemap -I/Users/qingque/Desktop/HaiyueStudio/Native/examples/led-sudoku/platforms/ios/build/Debug-iphoneos/NativeScript.framework/Headers -I/Users/qingque/Desktop/HaiyueStudio/Native/examples/led-sudoku/platforms/ios/build/Debug-iphoneos/NativeScript.framework/Headers/include -DCOCOAPODS=1 -DDEBUG=1 -DNS_SWIFTUI_BOOT=0 
Clang Arguments: 
"-v", "-x", "objective-c", "-fno-objc-arc", "-fmodule-maps", "-ferror-limit=0", "-Wno-unknown-pragmas", "-Wno-ignored-attributes", "-Wno-nullability-completeness", "-Wno-expansion-to-defined", "-D__NATIVESCRIPT_METADATA_GENERATOR=1", "-isysroot", "/Applications/Xcode.app/Contents/Developer/Platforms/iPhoneOS.platform/Developer/SDKs/iPhoneOS26.2.sdk", "-std=gnu99", "-target", "arm64-apple-ios26.2", "-I/Users/qingque/Desktop/HaiyueStudio/Native/examples/led-sudoku/node_modules/@nativescript/canvas/platforms/ios/NativeScriptV8/Headers", "-I/Users/qingque/Desktop/HaiyueStudio/Native/examples/led-sudoku/platforms/ios/build/Debug-iphoneos/include", "-I/Users/qingque/Desktop/HaiyueStudio/Native/examples/led-sudoku/platforms/ios/internal/Swift-Modules", "-I/Users/qingque/Desktop/HaiyueStudio/Native/examples/led-sudoku/platforms/ios/internal", "-I/Users/qingque/Desktop/HaiyueStudio/Native/examples/led-sudoku/platforms/ios/../../App_Resources/iOS/src", "-I/Users/qingque/Desktop/HaiyueStudio/Native/examples/led-sudoku/platforms/ios/../../node_modules/@nativescript/canvas/platforms/ios/src", "-I/Users/qingque/Desktop/HaiyueStudio/Native/examples/led-sudoku/platforms/ios/../../node_modules/@nativescript/core/platforms/ios/src", "-I/Users/qingque/Desktop/HaiyueStudio/Native/examples/led-sudoku/platforms/ios/build/Debug-iphoneos/NativeScript.framework/Headers", "-I/Users/qingque/Desktop/HaiyueStudio/Native/examples/led-sudoku/platforms/ios/build/Debug-iphoneos/NativeScript.framework/Headers/include", "-F/Users/qingque/Desktop/HaiyueStudio/Native/examples/led-sudoku/platforms/ios/build/Debug-iphoneos/PackageFrameworks", "-F/Users/qingque/Desktop/HaiyueStudio/Native/examples/led-sudoku/platforms/ios/build/Debug-iphoneos", "-F/Users/qingque/Desktop/HaiyueStudio/Native/examples/led-sudoku/platforms/ios/internal/", "-F/Users/qingque/Desktop/HaiyueStudio/Native/examples/led-sudoku/platforms/ios/build/Debug-iphoneos", "-F../../node_modules/@nativescript/canvas/platforms/ios", "-F../../node_modules/@nativescript/core/platforms/ios", "-F/Applications/Xcode.app/Contents/Developer/Platforms/iPhoneOS.platform/Developer/SDKs/iPhoneOS26.2.sdk/System/Library/SubFrameworks", "-fmodule-map-file=/Users/qingque/Library/Developer/Xcode/DerivedData/ledsudoku-amuruodeojstpiaifoncrsivfruk/Build/Intermediates.noindex/ArchiveIntermediates/ledsudoku/IntermediateBuildFilesPath/GeneratedModuleMaps-iphoneos/NativeScriptV8.modulemap", "-I/Users/qingque/Desktop/HaiyueStudio/Native/examples/led-sudoku/platforms/ios/build/Debug-iphoneos/NativeScript.framework/Headers", "-I/Users/qingque/Desktop/HaiyueStudio/Native/examples/led-sudoku/platforms/ios/build/Debug-iphoneos/NativeScript.framework/Headers/include", "-DCOCOAPODS=1", "-DDEBUG=1", "-DNS_SWIFTUI_BOOT=0", 
Merged 1464 categories.
Result: 65783 declarations from 212 top level modules
Done! Running time: 16.1037 sec 
Saving metadata generation's stderr stream to: /Users/qingque/Desktop/HaiyueStudio/Native/examples/led-sudoku/platforms/ios/build/Debug-iphoneos/metadata-generation-stderr-arm64.txt
~/Desktop/HaiyueStudio/Native/examples/led-sudoku/platforms/ios
clang: warning: argument unused during compilation: '-stdlib=libc++' [-Wunused-command-line-argument]
warning: (arm64) /Users/runner/work/font-manager/font-manager/dist/spm/build/DerivedData/Build/Intermediates.noindex/ArchiveIntermediates/FontManager/IntermediateBuildFilesPath/FontManager.build/Release-iphoneos/FontManager.build/Objects-normal/arm64/NSCFontDescriptors.o unable to open object file: No such file or directory
warning: (arm64) /Users/runner/work/font-manager/font-manager/dist/spm/build/DerivedData/Build/Intermediates.noindex/ArchiveIntermediates/FontManager/IntermediateBuildFilesPath/FontManager.build/Release-iphoneos/FontManager.build/Objects-normal/arm64/NSCFontFace.o unable to open object file: No such file or directory
warning: (arm64) /Users/runner/work/font-manager/font-manager/dist/spm/build/DerivedData/Build/Intermediates.noindex/ArchiveIntermediates/FontManager/IntermediateBuildFilesPath/FontManager.build/Release-iphoneos/FontManager.build/Objects-normal/arm64/NSCFontFaceSet.o unable to open object file: No such file or directory
warning: (arm64) /Users/runner/work/font-manager/font-manager/dist/spm/build/DerivedData/Build/Intermediates.noindex/ArchiveIntermediates/FontManager/IntermediateBuildFilesPath/FontManager.build/Release-iphoneos/FontManager.build/Objects-normal/arm64/NSCFontParser.o unable to open object file: No such file or directory
warning: (arm64) /Users/runner/work/font-manager/font-manager/dist/spm/build/DerivedData/Build/Intermediates.noindex/ArchiveIntermediates/FontManager/IntermediateBuildFilesPath/FontManager.build/Release-iphoneos/FontManager.build/Objects-normal/arm64/NSCFontResolver.o unable to open object file: No such file or directory
warning: (arm64) /Users/runner/work/font-manager/font-manager/dist/spm/build/DerivedData/Build/Intermediates.noindex/ArchiveIntermediates/FontManager/IntermediateBuildFilesPath/FontManager.build/Release-iphoneos/FontManager.build/Objects-normal/arm64/NSCFontStyle.o unable to open object file: No such file or directory
warning: (arm64) /Users/runner/work/font-manager/font-manager/dist/spm/build/DerivedData/Build/Intermediates.noindex/ArchiveIntermediates/FontManager/IntermediateBuildFilesPath/FontManager.build/Release-iphoneos/FontManager.build/Objects-normal/arm64/NSCFontTypes.o unable to open object file: No such file or directory
warning: (arm64) /Users/runner/work/font-manager/font-manager/dist/spm/build/DerivedData/Build/Intermediates.noindex/ArchiveIntermediates/FontManager/IntermediateBuildFilesPath/FontManager.build/Release-iphoneos/FontManager.build/Objects-normal/arm64/NSCFontRegex.o unable to open object file: No such file or directory
note: Run script build phase 'NativeScript PreLink' will be run during every build because the option to run the script phase "Based on dependency analysis" is unchecked. (in target 'ledsudoku' from project 'ledsudoku')
note: Run script build phase 'NativeScript PostBuild' will be run during every build because the option to run the script phase "Based on dependency analysis" is unchecked. (in target 'ledsudoku' from project 'ledsudoku')
note: Run script build phase 'NativeScript PreBuild' will be run during every build because the option to run the script phase "Based on dependency analysis" is unchecked. (in target 'ledsudoku' from project 'ledsudoku')
Xcode build...
2026-09-21 16:15:38.002 xcodebuild[23588:8000558] [MT] IDEDistribution: -[IDEDistributionLogging _createLoggingBundleAtPath:]: Created bundle at path "/var/folders/dk/w2v78rnj53578xh5l88280nw0000gn/T/ledsudoku_2026-09-21_16-15-38.000.xcdistributionlogs".
2026-09-21 16:15:38.232 xcodebuild[23588:8000558] [MT] IDEDistribution: Command line name "development" is deprecated. Use "debugging" instead.
Exported ledsudoku to: /Users/qingque/Desktop/HaiyueStudio/Native/examples/led-sudoku/platforms/ios/build/Debug-iphoneos
** EXPORT SUCCEEDED **

Project successfully built.
Build time: 77.370 s.
The build result is located at: /Users/qingque/Desktop/HaiyueStudio/Native/examples/led-sudoku/platforms/ios/build/Debug-iphoneos/ledsudoku.ipa
