--------- beginning of main
09-22 14:29:35.319 26942 26978 E OpenGLRenderer: EglManager::fenceWait: error dup'ing fence fd: 24
09-22 14:29:35.321 26942 26942 E Surface : dequeueBuffer: error duping fence: 24
09-22 14:29:35.325 26942 26978 W Adreno-GSL: <gsl_ldd_control:553>: ioctl fd 95 code 0xc0200933 (IOCTL_KGSL_TIMESTAMP_EVENT) failed: errno 24 Too many open files
09-22 14:29:35.328 26942 26978 W Adreno-GSL: <ioctl_kgsl_syncobj_create:5033>: (60, 10, 171401) fail 24 Too many open files
09-22 14:29:35.345 26942 26957 E Parcel  : fcntl(F_DUPFD_CLOEXEC) failed in Parcel::read, i is 0, fds[i] is -1, fd_count is 1, error: Too many open files
09-22 14:29:35.345 26942 26957 E ITransactionCompletedListener: ERROR(Invalid argument, -22). Failed to call parcel input->read(*previousReleaseFence)
09-22 14:29:35.345 26942 26957 E BnTransactionCompletedListener: Failed to readParcelable, (-22: Invalid argument)
09-22 14:29:35.346 26942 26957 I IPCThreadState: oneway function results for code 1 on binder at 0xb40000792d8a2110 will be dropped but finished with status BAD_VALUE
09-22 14:29:35.393 26942 26942 E Looper  : Error adding epoll events for fd 495558512: Bad file descriptor
09-22 14:29:35.395 26942 26942 E vulkan  : dup(fence) failed, stalling until signalled: Too many open files (24)
09-22 14:29:35.418 26942 26942 E Looper  : Error adding epoll events for fd 495558512: Bad file descriptor
09-22 14:29:35.419 26942 26978 W Adreno-GSL: <gsl_linux_syncobj_merge_multiple:835>: sync_merge(MergeFD 32761 & 32760 Count 425, 32761, 32760) failed
09-22 14:29:35.419 26942 26978 E OpenGLRenderer: EglManager::fenceWait: error waiting for EGL fence: 0x300c
09-22 14:29:35.428 26942 26957 E Parcel  : fcntl(F_DUPFD_CLOEXEC) failed in Parcel::read, i is 0, fds[i] is -1, fd_count is 1, error: Too many open files
09-22 14:29:35.428 26942 26957 E ITransactionCompletedListener: ERROR(Invalid argument, -22). Failed to call parcel input->read(*std::get<sp<Fence>>(acquireTimeOrFence))
09-22 14:29:35.428 26942 26957 E BnTransactionCompletedListener: Failed to readParcelable, (-22: Invalid argument)
09-22 14:29:35.428 26942 26957 I IPCThreadState: oneway function results for code 1 on binder at 0xb40000792d8a2110 will be dropped but finished with status BAD_VALUE
09-22 14:29:35.467 26942 26942 E Looper  : Error adding epoll events for fd 495558512: Bad file descriptor
09-22 14:29:35.478 26942 26978 W Adreno-GSL: <gsl_linux_syncobj_merge_multiple:835>: sync_merge(MergeFD 32761 & 32766 Count 425, 32761, 32766) failed
09-22 14:29:35.478 26942 26978 E OpenGLRenderer: EglManager::fenceWait: error waiting for EGL fence: 0x300c
09-22 14:29:35.568 26942 26942 E Looper  : Error adding epoll events for fd 6881391: Bad file descriptor
09-22 14:29:35.592 26942 26942 E Looper  : Error adding epoll events for fd 495558512: Bad file descriptor
09-22 14:29:39.480 26942 26978 W OpenGLRenderer: dequeueBuffer failed, error = -110; switching to fallback
09-22 14:29:39.482 26942 26978 E GraphicBufferAllocator: Failed to allocate (1 x 1) layerCount 1 format 1 usage 10000000: 5
09-22 14:29:39.482 26942 26978 E AHardwareBuffer: GraphicBuffer(w=1, h=1, lc=1) failed (Unknown error -5), handle=0x0
09-22 14:29:39.482 26942 26978 W OpenGLRenderer: Failed to allocate scratch buffer, error=5
09-22 14:29:39.482 26942 26978 I Adreno  : DequeueBuffer: dequeueBuffer failed
09-22 14:29:40.618 26942 26949 I .games.boxbound: Thread[6,tid=26949,WaitingInMainSignalCatcherLoop,Thread*=0xb40000799d818a60,peer=0x12c03838,"Signal Catcher"]: reacting to signal 3
09-22 14:29:40.618 26942 26949 I .games.boxbound: 
09-22 14:29:40.985 26942 26949 E .games.boxbound: control message was truncated when receiving file descriptors
09-22 14:29:40.985 26942 26949 I .games.boxbound: ----- pid 26942 at 2026-09-22 14:29:40.618409686+0800 -----
09-22 14:29:40.985 26942 26949 I .games.boxbound: Cmd line: org.haiyue.games.boxbound
09-22 14:29:40.985 26942 26949 I .games.boxbound: Build fingerprint: 'XREAL/X4000_PRC/X4000:14/UKQ1.231222.001/X4000_X502_260521_PRC:user/release-keys'
09-22 14:29:40.985 26942 26949 I .games.boxbound: ABI: 'arm64'
09-22 14:29:40.985 26942 26949 I .games.boxbound: Build type: optimized
09-22 14:29:40.985 26942 26949 I .games.boxbound: suspend all histogram:	Sum: 880us 99% C.I. 0.100us-215us Avg: 25.142us Max: 215us
09-22 14:29:40.985 26942 26949 I .games.boxbound: DALVIK THREADS (55):
09-22 14:29:40.985 26942 26949 I .games.boxbound: "main" prio=5 tid=1 Native
09-22 14:29:40.985 26942 26949 I .games.boxbound:   | group="main" sCount=1 ucsCount=0 flags=1 obj=0x71f96670 self=0xb40000799d811b20
09-22 14:29:40.985 26942 26949 I .games.boxbound:   | sysTid=26942 nice=-10 cgrp=top-app sched=0/0 handle=0x7c0bc924f8
09-22 14:29:40.985 26942 26949 I .games.boxbound:   | state=S schedstat=( 494095114120 36049584317 486794 ) utm=36094 stm=13314 core=4 HZ=100
09-22 14:29:40.985 26942 26949 I .games.boxbound:   | stack=0x7ff7b31000-0x7ff7b33000 stackSize=8188KB
09-22 14:29:40.985 26942 26949 I .games.boxbound:   | held mutexes=
09-22 14:29:40.985 26942 26949 I .games.boxbound:   native: #00 pc 00057840  /apex/com.android.runtime/lib64/bionic/libc.so (syscall+32) (BuildId: 50118287324a156bc7be11d3d940c7be)
09-22 14:29:40.985 26942 26949 I .games.boxbound:   native: #01 pc 0005c4c0  /apex/com.android.runtime/lib64/bionic/libc.so (__futex_wait_ex+148) (BuildId: 50118287324a156bc7be11d3d940c7be)
09-22 14:29:40.985 26942 26949 I .games.boxbound:   native: #02 pc 000c28c4  /apex/com.android.runtime/lib64/bionic/libc.so (pthread_cond_wait+80) (BuildId: 50118287324a156bc7be11d3d940c7be)
09-22 14:29:40.985 26942 26949 I .games.boxbound:   native: #03 pc 00293ac0  /system/lib64/libhwui.so (android::uirenderer::renderthread::DrawFrameTask::drawFrame+368) (BuildId: 8aeeac28aa477efe87951f97e0366067)
09-22 14:29:40.985 26942 26949 I .games.boxbound:   native: #04 pc 00227430  /apex/com.android.art/lib64/libart.so (art_quick_generic_jni_trampoline+144) (BuildId: 2a2e2726f12ce70bfbb5ea2dca129917)
09-22 14:29:40.985 26942 26949 I .games.boxbound:   native: #05 pc 00210c80  /apex/com.android.art/lib64/libart.so (art_quick_invoke_static_stub+640) (BuildId: 2a2e2726f12ce70bfbb5ea2dca129917)
09-22 14:29:40.985 26942 26949 I .games.boxbound:   native: #06 pc 002546d4  /apex/com.android.art/lib64/libart.so (art::ArtMethod::Invoke+228) (BuildId: 2a2e2726f12ce70bfbb5ea2dca129917)
09-22 14:29:40.985 26942 26949 I .games.boxbound:   native: #07 pc 003db328  /apex/com.android.art/lib64/libart.so (bool art::interpreter::DoCall<false>+1788) (BuildId: 2a2e2726f12ce70bfbb5ea2dca129917)
09-22 14:29:40.985 26942 26949 I .games.boxbound:   native: #08 pc 00230cec  /apex/com.android.art/lib64/libart.so (void art::interpreter::ExecuteSwitchImplCpp<false>+14672) (BuildId: 2a2e2726f12ce70bfbb5ea2dca129917)
09-22 14:29:40.985 26942 26949 I .games.boxbound:   native: #09 pc 00229bd8  /apex/com.android.art/lib64/libart.so (ExecuteSwitchImplAsm+8) (BuildId: 2a2e2726f12ce70bfbb5ea2dca129917)
09-22 14:29:40.985 26942 26949 I .games.boxbound:   native: #10 pc 004852b4  /system/framework/framework.jar (android.graphics.HardwareRenderer.syncAndDrawFrame)
09-22 14:29:40.985 26942 26949 I .games.boxbound:   native: #11 pc 003d3dec  /apex/com.android.art/lib64/libart.so (art::interpreter::Execute +452) (BuildId: 2a2e2726f12ce70bfbb5ea2dca129917)
09-22 14:29:40.985 26942 26949 I .games.boxbound:   native: #12 pc 003da78c  /apex/com.android.art/lib64/libart.so (art::interpreter::ArtInterpreterToInterpreterBridge+104) (BuildId: 2a2e2726f12ce70bfbb5ea2dca129917)
09-22 14:29:40.985 26942 26949 I .games.boxbound:   native: #13 pc 003db30c  /apex/com.android.art/lib64/libart.so (bool art::interpreter::DoCall<false>+1760) (BuildId: 2a2e2726f12ce70bfbb5ea2dca129917)
09-22 14:29:40.985 26942 26949 I .games.boxbound:   native: #14 pc 00230a58  /apex/com.android.art/lib64/libart.so (void art::interpreter::ExecuteSwitchImplCpp<false>+14012) (BuildId: 2a2e2726f12ce70bfbb5ea2dca129917)
09-22 14:29:40.985 26942 26949 I .games.boxbound:   native: #15 pc 00229bd8  /apex/com.android.art/lib64/libart.so (ExecuteSwitchImplAsm+8) (BuildId: 2a2e2726f12ce70bfbb5ea2dca129917)
09-22 14:29:40.985 26942 26949 I .games.boxbound:   native: #16 pc 001d9f50  /system/framework/framework.jar (android.view.ThreadedRenderer.draw)
09-22 14:29:40.985 26942 26949 I .games.boxbound:   native: #17 pc 003d3dec  /apex/com.android.art/lib64/libart.so (art::interpreter::Execute +452) (BuildId: 2a2e2726f12ce70bfbb5ea2dca129917)
09-22 14:29:40.985 26942 26949 I .games.boxbound:   native: #18 pc 003da78c  /apex/com.android.art/lib64/libart.so (art::interpreter::ArtInterpreterToInterpreterBridge+104) (BuildId: 2a2e2726f12ce70bfbb5ea2dca129917)
09-22 14:29:40.985 26942 26949 I .games.boxbound:   native: #19 pc 003db30c  /apex/com.android.art/lib64/libart.so (bool art::interpreter::DoCall<false>+1760) (BuildId: 2a2e2726f12ce70bfbb5ea2dca129917)
09-22 14:29:40.985 26942 26949 I .games.boxbound:   native: #20 pc 00230a58  /apex/com.android.art/lib64/libart.so (void art::interpreter::ExecuteSwitchImplCpp<false>+14012) (BuildId: 2a2e2726f12ce70bfbb5ea2dca129917)
09-22 14:29:40.985 26942 26949 I .games.boxbound:   native: #21 pc 00229bd8  /apex/com.android.art/lib64/libart.so (ExecuteSwitchImplAsm+8) (BuildId: 2a2e2726f12ce70bfbb5ea2dca129917)
09-22 14:29:40.985 26942 26949 I .games.boxbound:   native: #22 pc 001f5388  /system/framework/framework.jar (android.view.ViewRootImpl.draw)
09-22 14:29:40.985 26942 26949 I .games.boxbound:   native: #23 pc 003d3dec  /apex/com.android.art/lib64/libart.so (art::interpreter::Execute +452) (BuildId: 2a2e2726f12ce70bfbb5ea2dca129917)
09-22 14:29:40.985 26942 26949 I .games.boxbound:   native: #24 pc 003da78c  /apex/com.android.art/lib64/libart.so (art::interpreter::ArtInterpreterToInterpreterBridge+104) (BuildId: 2a2e2726f12ce70bfbb5ea2dca129917)
09-22 14:29:40.985 26942 26949 I .games.boxbound:   native: #25 pc 003db30c  /apex/com.android.art/lib64/libart.so (bool art::interpreter::DoCall<false>+1760) (BuildId: 2a2e2726f12ce70bfbb5ea2dca129917)
09-22 14:29:40.985 26942 26949 I .games.boxbound:   native: #26 pc 00230a58  /apex/com.android.art/lib64/libart.so (void art::interpreter::ExecuteSwitchImplCpp<false>+14012) (BuildId: 2a2e2726f12ce70bfbb5ea2dca129917)
09-22 14:29:40.985 26942 26949 I .games.boxbound:   native: #27 pc 00229bd8  /apex/com.android.art/lib64/libart.so (ExecuteSwitchImplAsm+8) (BuildId: 2a2e2726f12ce70bfbb5ea2dca129917)
09-22 14:29:40.985 26942 26949 I .games.boxbound:   native: #28 pc 001f615c  /system/framework/framework.jar (android.view.ViewRootImpl.performDraw)
09-22 14:29:40.985 26942 26949 I .games.boxbound:   native: #29 pc 003d3dec  /apex/com.android.art/lib64/libart.so (art::interpreter::Execute +452) (BuildId: 2a2e2726f12ce70bfbb5ea2dca129917)
09-22 14:29:40.985 26942 26949 I .games.boxbound:   native: #30 pc 003da78c  /apex/com.android.art/lib64/libart.so (art::interpreter::ArtInterpreterToInterpreterBridge+104) (BuildId: 2a2e2726f12ce70bfbb5ea2dca129917)
09-22 14:29:40.985 26942 26949 I .games.boxbound:   native: #31 pc 003dbe40  /apex/com.android.art/lib64/libart.so (bool art::interpreter::DoCall<true>+1664) (BuildId: 2a2e2726f12ce70bfbb5ea2dca129917)
09-22 14:29:40.985 26942 26949 I .games.boxbound:   native: #32 pc 002309a0  /apex/com.android.art/lib64/libart.so (void art::interpreter::ExecuteSwitchImplCpp<false>+13828) (BuildId: 2a2e2726f12ce70bfbb5ea2dca129917)
09-22 14:29:40.985 26942 26949 I .games.boxbound:   native: #33 pc 00229bd8  /apex/com.android.art/lib64/libart.so (ExecuteSwitchImplAsm+8) (BuildId: 2a2e2726f12ce70bfbb5ea2dca129917)
09-22 14:29:40.985 26942 26949 I .games.boxbound:   native: #34 pc 001fc57c  /system/framework/framework.jar (android.view.ViewRootImpl.performTraversals)
09-22 14:29:40.985 26942 26949 I .games.boxbound:   native: #35 pc 003d3dec  /apex/com.android.art/lib64/libart.so (art::interpreter::Execute +452) (BuildId: 2a2e2726f12ce70bfbb5ea2dca129917)
09-22 14:29:40.985 26942 26949 I .games.boxbound:   native: #36 pc 003da78c  /apex/com.android.art/lib64/libart.so (art::interpreter::ArtInterpreterToInterpreterBridge+104) (BuildId: 2a2e2726f12ce70bfbb5ea2dca129917)
09-22 14:29:40.985 26942 26949 I .games.boxbound:   native: #37 pc 003db30c  /apex/com.android.art/lib64/libart.so (bool art::interpreter::DoCall<false>+1760) (BuildId: 2a2e2726f12ce70bfbb5ea2dca129917)
09-22 14:29:40.985 26942 26949 I .games.boxbound:   native: #38 pc 00230a58  /apex/com.android.art/lib64/libart.so (void art::interpreter::ExecuteSwitchImplCpp<false>+14012) (BuildId: 2a2e2726f12ce70bfbb5ea2dca129917)
09-22 14:29:40.985 26942 26949 I .games.boxbound:   native: #39 pc 00229bd8  /apex/com.android.art/lib64/libart.so (ExecuteSwitchImplAsm+8) (BuildId: 2a2e2726f12ce70bfbb5ea2dca129917)
09-22 14:29:40.985 26942 26949 I .games.boxbound:   native: #40 pc 001f9b24  /system/framework/framework.jar (android.view.ViewRootImpl.doTraversal)
09-22 14:29:40.985 26942 26949 I .games.boxbound:   native: #41 pc 003d3dec  /apex/com.android.art/lib64/libart.so (art::interpreter::Execute +452) (BuildId: 2a2e2726f12ce70bfbb5ea2dca129917)
09-22 14:29:40.985 26942 26949 I .games.boxbound:   native: #42 pc 003da78c  /apex/com.android.art/lib64/libart.so (art::interpreter::ArtInterpreterToInterpreterBridge+104) (BuildId: 2a2e2726f12ce70bfbb5ea2dca129917)
09-22 14:29:40.985 26942 26949 I .games.boxbound:   native: #43 pc 003db30c  /apex/com.android.art/lib64/libart.so (bool art::interpreter::DoCall<false>+1760) (BuildId: 2a2e2726f12ce70bfbb5ea2dca129917)
09-22 14:29:40.985 26942 26949 I .games.boxbound:   native: #44 pc 00230a58  /apex/com.android.art/lib64/libart.so (void art::interpreter::ExecuteSwitchImplCpp<false>+14012) (BuildId: 2a2e2726f12ce70bfbb5ea2dca129917)
09-22 14:29:40.985 26942 26949 I .games.boxbound:   native: #45 pc 00229bd8  /apex/com.android.art/lib64/libart.so (ExecuteSwitchImplAsm+8) (BuildId: 2a2e2726f12ce70bfbb5ea2dca129917)
09-22 14:29:40.985 26942 26949 I .games.boxbound:   native: #46 pc 001f29dc  /system/framework/framework.jar (android.view.ViewRootImpl$TraversalRunnable.run)
09-22 14:29:40.985 26942 26949 I .games.boxbound:   native: #47 pc 003d3dec  /apex/com.android.art/lib64/libart.so (art::interpreter::Execute +452) (BuildId: 2a2e2726f12ce70bfbb5ea2dca129917)
09-22 14:29:40.985 26942 26949 I .games.boxbound:   native: #48 pc 003da78c  /apex/com.android.art/lib64/libart.so (art::interpreter::ArtInterpreterToInterpreterBridge+104) (BuildId: 2a2e2726f12ce70bfbb5ea2dca129917)
09-22 14:29:40.985 26942 26949 I .games.boxbound:   native: #49 pc 003db30c  /apex/com.android.art/lib64/libart.so (bool art::interpreter::DoCall<false>+1760) (BuildId: 2a2e2726f12ce70bfbb5ea2dca129917)
09-22 14:29:40.985 26942 26949 I .games.boxbound:   native: #50 pc 00230a58  /apex/com.android.art/lib64/libart.so (void art::interpreter::ExecuteSwitchImplCpp<false>+14012) (BuildId: 2a2e2726f12ce70bfbb5ea2dca129917)
09-22 14:29:40.985 26942 26949 I .games.boxbound:   native: #51 pc 00229bd8  /apex/com.android.art/lib64/libart.so (ExecuteSwitchImplAsm+8) (BuildId: 2a2e2726f12ce70bfbb5ea2dca129917)
09-22 14:29:40.985 26942 26949 I .games.boxbound:   native: #52 pc 0018e734  /system/framework/framework.jar (android.view.Choreographer$CallbackRecord.run)
09-22 14:29:40.985 26942 26949 I .games.boxbound:   native: #53 pc 003d3dec  /apex/com.android.art/lib64/libart.so (art::interpreter::Execute +452) (BuildId: 2a2e2726f12ce70bfbb5ea2dca129917)
09-22 14:29:40.985 26942 26949 I .games.boxbound:   native: #54 pc 003da78c  /apex/com.android.art/lib64/libart.so (art::interpreter::ArtInterpreterToInterpreterBridge+104) (BuildId: 2a2e2726f12ce70bfbb5ea2dca129917)
09-22 14:29:40.985 26942 26949 I .games.boxbound:   native: #55 pc 003db30c  /apex/com.android.art/lib64/libart.so (bool art::interpreter::DoCall<false>+1760) (BuildId: 2a2e2726f12ce70bfbb5ea2dca129917)
09-22 14:29:40.985 26942 26949 I .games.boxbound:   native: #56 pc 00230a58  /apex/com.android.art/lib64/libart.so (void art::interpreter::ExecuteSwitchImplCpp<false>+14012) (BuildId: 2a2e2726f12ce70bfbb5ea2dca129917)
09-22 14:29:40.985 26942 26949 I .games.boxbound:   native: #57 pc 00229bd8  /apex/com.android.art/lib64/libart.so (ExecuteSwitchImplAsm+8) (BuildId: 2a2e2726f12ce70bfbb5ea2dca129917)
09-22 14:29:40.985 26942 26949 I .games.boxbound:   native: #58 pc 0018e6e4  /system/framework/framework.jar (android.view.Choreographer$CallbackRecord.run)
09-22 14:29:40.985 26942 26949 I .games.boxbound:   native: #59 pc 003d3dec  /apex/com.android.art/lib64/libart.so (art::interpreter::Execute +452) (BuildId: 2a2e2726f12ce70bfbb5ea2dca129917)
09-22 14:29:40.985 26942 26949 I .games.boxbound:   native: #60 pc 003da78c  /apex/com.android.art/lib64/libart.so (art::interpreter::ArtInterpreterToInterpreterBridge+104) (BuildId: 2a2e2726f12ce70bfbb5ea2dca129917)
09-22 14:29:40.985 26942 26949 I .games.boxbound:   native: #61 pc 003db30c  /apex/com.android.art/lib64/libart.so (bool art::interpreter::DoCall<false>+1760) (BuildId: 2a2e2726f12ce70bfbb5ea2dca129917)
09-22 14:29:40.985 26942 26949 I .games.boxbound:   native: #62 pc 00230a58  /apex/com.android.art/lib64/libart.so (void art::interpreter::ExecuteSwitchImplCpp<false>+14012) (BuildId: 2a2e2726f12ce70bfbb5ea2dca129917)
09-22 14:29:40.985 26942 26949 I .games.boxbound:   native: #63 pc 00229bd8  /apex/com.android.art/lib64/libart.so (ExecuteSwitchImplAsm+8) (BuildId: 2a2e2726f12ce70bfbb5ea2dca129917)
09-22 14:29:40.985 26942 26949 I .games.boxbound:   native: #64 pc 0018f268  /system/framework/framework.jar (android.view.Choreographer.doCallbacks)
09-22 14:29:40.985 26942 26949 I .games.boxbound:   native: #65 pc 003d3dec  /apex/com.android.art/lib64/libart.so (art::interpreter::Execute +452) (BuildId: 2a2e2726f12ce70bfbb5ea2dca129917)
09-22 14:29:40.985 26942 26949 I .games.boxbound:   native: #66 pc 003da78c  /apex/com.android.art/lib64/libart.so (art::interpreter::ArtInterpreterToInterpreterBridge+104) (BuildId: 2a2e2726f12ce70bfbb5ea2dca129917)
09-22 14:29:40.985 26942 26949 I .games.boxbound:   native: #67 pc 003db30c  /apex/com.android.art/lib64/libart.so (bool art::interpreter::DoCall<false>+1760) (BuildId: 2a2e2726f12ce70bfbb5ea2dca129917)
09-22 14:29:40.985 26942 26949 I .games.boxbound:   native: #68 pc 00230a58  /apex/com.android.art/lib64/libart.so (void art::interpreter::ExecuteSwitchImplCpp<false>+14012) (BuildId: 2a2e2726f12ce70bfbb5ea2dca129917)
09-22 14:29:40.985 26942 26949 I .games.boxbound:   native: #69 pc 00229bd8  /apex/com.android.art/lib64/libart.so (ExecuteSwitchImplAsm+8) (BuildId: 2a2e2726f12ce70bfbb5ea2dca129917)
09-22 14:29:40.985 26942 26949 I .games.boxbound:   native: #70 pc 0018f3ec  /system/framework/framework.jar (android.view.Choreographer.doFrame)
09-22 14:29:40.985 26942 26949 I .games.boxbound:   native: #71 pc 003d3dec  /apex/com.android.art/lib64/libart.so (art::interpreter::Execute +452) (BuildId: 2a2e2726f12ce70bfbb5ea2dca129917)
09-22 14:29:40.985 26942 26949 I .games.boxbound:   native: #72 pc 003da78c  /apex/com.android.art/lib64/libart.so (art::interpreter::ArtInterpreterToInterpreterBridge+104) (BuildId: 2a2e2726f12ce70bfbb5ea2dca129917)
09-22 14:29:40.985 26942 26949 I .games.boxbound:   native: #73 pc 003db30c  /apex/com.android.art/lib64/libart.so (bool art::interpreter::DoCall<false>+1760) (BuildId: 2a2e2726f12ce70bfbb5ea2dca129917)
09-22 14:29:40.985 26942 26949 I .games.boxbound:   native: #74 pc 00230a58  /apex/com.android.art/lib64/libart.so (void art::interpreter::ExecuteSwitchImplCpp<false>+14012) (BuildId: 2a2e2726f12ce70bfbb5ea2dca129917)
09-22 14:29:40.985 26942 26949 I .games.boxbound:   native: #75 pc 00229bd8  /apex/com.android.art/lib64/libart.so (ExecuteSwitchImplAsm+8) (BuildId: 2a2e2726f12ce70bfbb5ea2dca129917)
09-22 14:29:40.985 26942 26949 I .games.boxbound:   native: #76 pc 0018eb4c  /system/framework/framework.jar (android.view.Choreographer$FrameDisplayEventReceiver.run)
09-22 14:29:40.985 26942 26949 I .games.boxbound:   native: #77 pc 003d3dec  /apex/com.android.art/lib64/libart.so (art::interpreter::Execute +452) (BuildId: 2a2e2726f12ce70bfbb5ea2dca129917)
09-22 14:29:40.985 26942 26949 I .games.boxbound:   native: #78 pc 003da78c  /apex/com.android.art/lib64/libart.so (art::interpreter::ArtInterpreterToInterpreterBridge+104) (BuildId: 2a2e2726f12ce70bfbb5ea2dca129917)
09-22 14:29:40.985 26942 26949 I .games.boxbound:   native: #79 pc 003db30c  /apex/com.android.art/lib64/libart.so (bool art::interpreter::DoCall<false>+1760) (BuildId: 2a2e2726f12ce70bfbb5ea2dca129917)
09-22 14:29:40.985 26942 26949 I .games.boxbound:   native: #80 pc 00230a58  /apex/com.android.art/lib64/libart.so (void art::interpreter::ExecuteSwitchImplCpp<false>+14012) (BuildId: 2a2e2726f12ce70bfbb5ea2dca129917)
09-22 14:29:40.985 26942 26949 I .games.boxbound:   native: #81 pc 00229bd8  /apex/com.android.art/lib64/libart.so (ExecuteSwitchImplAsm+8) (BuildId: 2a2e2726f12ce70bfbb5ea2dca129917)
09-22 14:29:40.985 26942 26949 I .games.boxbound:   native: #82 pc 001e0ef0  /system/framework/framework.jar (android.os.Handler.handleCallback)
09-22 14:29:40.985 26942 26949 I .games.boxbound:   native: #83 pc 003d3dec  /apex/com.android.art/lib64/libart.so (art::interpreter::Execute +452) (BuildId: 2a2e2726f12ce70bfbb5ea2dca129917)
09-22 14:29:40.985 26942 26949 I .games.boxbound:   native: #84 pc 003da78c  /apex/com.android.art/lib64/libart.so (art::interpreter::ArtInterpreterToInterpreterBridge+104) (BuildId: 2a2e2726f12ce70bfbb5ea2dca129917)
09-22 14:29:40.985 26942 26949 I .games.boxbound:   native: #85 pc 003db30c  /apex/com.android.art/lib64/libart.so (bool art::interpreter::DoCall<false>+1760) (BuildId: 2a2e2726f12ce70bfbb5ea2dca129917)
09-22 14:29:40.985 26942 26949 I .games.boxbound:   native: #86 pc 00230cec  /apex/com.android.art/lib64/libart.so (void art::interpreter::ExecuteSwitchImplCpp<false>+14672) (BuildId: 2a2e2726f12ce70bfbb5ea2dca129917)
09-22 14:29:40.985 26942 26949 I .games.boxbound:   native: #87 pc 00229bd8  /apex/com.android.art/lib64/libart.so (ExecuteSwitchImplAsm+8) (BuildId: 2a2e2726f12ce70bfbb5ea2dca129917)
09-22 14:29:40.985 26942 26949 I .games.boxbound:   native: #88 pc 001e0d38  /system/framework/framework.jar (android.os.Handler.dispatchMessage)
09-22 14:29:40.985 26942 26949 I .games.boxbound:   native: #89 pc 003d3dec  /apex/com.android.art/lib64/libart.so (art::interpreter::Execute +452) (BuildId: 2a2e2726f12ce70bfbb5ea2dca129917)
09-22 14:29:40.985 26942 26949 I .games.boxbound:   native: #90 pc 003da78c  /apex/com.android.art/lib64/libart.so (art::interpreter::ArtInterpreterToInterpreterBridge+104) (BuildId: 2a2e2726f12ce70bfbb5ea2dca129917)
09-22 14:29:40.985 26942 26949 I .games.boxbound:   native: #91 pc 003db30c  /apex/com.android.art/lib64/libart.so (bool art::interpreter::DoCall<false>+1760) (BuildId: 2a2e2726f12ce70bfbb5ea2dca129917)
09-22 14:29:40.985 26942 26949 I .games.boxbound:   native: #92 pc 00230a58  /apex/com.android.art/lib64/libart.so (void art::interpreter::ExecuteSwitchImplCpp<false>+14012) (BuildId: 2a2e2726f12ce70bfbb5ea2dca129917)
09-22 14:29:40.985 26942 26949 I .games.boxbound:   native: #93 pc 00229bd8  /apex/com.android.art/lib64/libart.so (ExecuteSwitchImplAsm+8) (BuildId: 2a2e2726f12ce70bfbb5ea2dca129917)
09-22 14:29:40.985 26942 26949 I .games.boxbound:   native: #94 pc 00206064  /system/framework/framework.jar (android.os.Looper.loopOnce)
09-22 14:29:40.985 26942 26949 I .games.boxbound:   native: #95 pc 003d3dec  /apex/com.android.art/lib64/libart.so (art::interpreter::Execute +452) (BuildId: 2a2e2726f12ce70bfbb5ea2dca129917)
09-22 14:29:40.985 26942 26949 I .games.boxbound:   native: #96 pc 003da78c  /apex/com.android.art/lib64/libart.so (art::interpreter::ArtInterpreterToInterpreterBridge+104) (BuildId: 2a2e2726f12ce70bfbb5ea2dca129917)
09-22 14:29:40.985 26942 26949 I .games.boxbound:   native: #97 pc 003db30c  /apex/com.android.art/lib64/libart.so (bool art::interpreter::DoCall<false>+1760) (BuildId: 2a2e2726f12ce70bfbb5ea2dca129917)
09-22 14:29:40.985 26942 26949 I .games.boxbound:   native: #98 pc 00230cec  /apex/com.android.art/lib64/libart.so (void art::interpreter::ExecuteSwitchImplCpp<false>+14672) (BuildId: 2a2e2726f12ce70bfbb5ea2dca129917)
09-22 14:29:40.985 26942 26949 I .games.boxbound:   native: #99 pc 00229bd8  /apex/com.android.art/lib64/libart.so (ExecuteSwitchImplAsm+8) (BuildId: 2a2e2726f12ce70bfbb5ea2dca129917)
09-22 14:29:40.985 26942 26949 I .games.boxbound:   native: #100 pc 002067d8  /system/framework/framework.jar (android.os.Looper.loop)
09-22 14:29:40.985 26942 26949 I .games.boxbound:   native: #101 pc 003d3dec  /apex/com.android.art/lib64/libart.so (art::interpreter::Execute +452) (BuildId: 2a2e2726f12ce70bfbb5ea2dca129917)
09-22 14:29:40.985 26942 26949 I .games.boxbound:   native: #102 pc 003da78c  /apex/com.android.art/lib64/libart.so (art::interpreter::ArtInterpreterToInterpreterBridge+104) (BuildId: 2a2e2726f12ce70bfbb5ea2dca129917)
09-22 14:29:40.985 26942 26949 I .games.boxbound:   native: #103 pc 003db30c  /apex/com.android.art/lib64/libart.so (bool art::interpreter::DoCall<false>+1760) (BuildId: 2a2e2726f12ce70bfbb5ea2dca129917)
09-22 14:29:40.985 26942 26949 I .games.boxbound:   native: #104 pc 00230cec  /apex/com.android.art/lib64/libart.so (void art::interpreter::ExecuteSwitchImplCpp<false>+14672) (BuildId: 2a2e2726f12ce70bfbb5ea2dca129917)
09-22 14:29:40.985 26942 26949 I .games.boxbound:   native: #105 pc 00229bd8  /apex/com.android.art/lib64/libart.so (ExecuteSwitchImplAsm+8) (BuildId: 2a2e2726f12ce70bfbb5ea2dca129917)
09-22 14:29:40.985 26942 26949 I .games.boxbound:   native: #106 pc 001cedd0  /system/framework/framework.jar (android.app.ActivityThread.main)
09-22 14:29:40.985 26942 26949 I .games.boxbound:   native: #107 pc 003d3dec  /apex/com.android.art/lib64/libart.so (art::interpreter::Execute +452) (BuildId: 2a2e2726f12ce70bfbb5ea2dca129917)
09-22 14:29:40.985 26942 26949 I .games.boxbound:   native: #108 pc 0073da50  /apex/com.android.art/lib64/libart.so (artQuickToInterpreterBridge+668) (BuildId: 2a2e2726f12ce70bfbb5ea2dca129917)
09-22 14:29:40.985 26942 26949 I .games.boxbound:   native: #109 pc 00227568  /apex/com.android.art/lib64/libart.so (art_quick_to_interpreter_bridge+88) (BuildId: 2a2e2726f12ce70bfbb5ea2dca129917)
09-22 14:29:40.985 26942 26949 I .games.boxbound:   native: #110 pc 00210c80  /apex/com.android.art/lib64/libart.so (art_quick_invoke_static_stub+640) (BuildId: 2a2e2726f12ce70bfbb5ea2dca129917)
09-22 14:29:40.985 26942 26949 I .games.boxbound:   native: #111 pc 002546d4  /apex/com.android.art/lib64/libart.so (art::ArtMethod::Invoke+228) (BuildId: 2a2e2726f12ce70bfbb5ea2dca129917)
09-22 14:29:40.985 26942 26949 I .games.boxbound:   native: #112 pc 00627b84  /apex/com.android.art/lib64/libart.so (_jobject* art::InvokeMethod<8>+1572) (BuildId: 2a2e2726f12ce70bfbb5ea2dca129917)
09-22 14:29:40.985 26942 26949 I .games.boxbound:   native: #113 pc 0059fb64  /apex/com.android.art/lib64/libart.so (art::Method_invoke +36) (BuildId: 2a2e2726f12ce70bfbb5ea2dca129917)
09-22 14:29:40.985 26942 26949 I .games.boxbound:   native: #114 pc 00227430  /apex/com.android.art/lib64/libart.so (art_quick_generic_jni_trampoline+144) (BuildId: 2a2e2726f12ce70bfbb5ea2dca129917)
09-22 14:29:40.985 26942 26949 I .games.boxbound:   native: #115 pc 002109a4  /apex/com.android.art/lib64/libart.so (art_quick_invoke_stub+612) (BuildId: 2a2e2726f12ce70bfbb5ea2dca129917)
09-22 14:29:40.985 26942 26949 I .games.boxbound:   native: #116 pc 002546a0  /apex/com.android.art/lib64/libart.so (art::ArtMethod::Invoke+176) (BuildId: 2a2e2726f12ce70bfbb5ea2dca129917)
09-22 14:29:40.985 26942 26949 I .games.boxbound:   native: #117 pc 003db328  /apex/com.android.art/lib64/libart.so (bool art::interpreter::DoCall<false>+1788) (BuildId: 2a2e2726f12ce70bfbb5ea2dca129917)
09-22 14:29:40.985 26942 26949 I .games.boxbound:   native: #118 pc 00230a58  /apex/com.android.art/lib64/libart.so (void art::interpreter::ExecuteSwitchImplCpp<false>+14012) (BuildId: 2a2e2726f12ce70bfbb5ea2dca129917)
09-22 14:29:40.985 26942 26949 I .games.boxbound:   native: #119 pc 00229bd8  /apex/com.android.art/lib64/libart.so (ExecuteSwitchImplAsm+8) (BuildId: 2a2e2726f12ce70bfbb5ea2dca129917)
09-22 14:29:40.985 26942 26949 I .games.boxbound:   native: #120 pc 0050f3c4  /system/framework/framework.jar (com.android.internal.os.RuntimeInit$MethodAndArgsCaller.run)
09-22 14:29:40.985 26942 26949 I .games.boxbound:   native: #121 pc 003d3dec  /apex/com.android.art/lib64/libart.so (art::interpreter::Execute +452) (BuildId: 2a2e2726f12ce70bfbb5ea2dca129917)
09-22 14:29:40.985 26942 26949 I .games.boxbound:   native: #122 pc 0073da50  /apex/com.android.art/lib64/libart.so (artQuickToInterpreterBridge+668) (BuildId: 2a2e2726f12ce70bfbb5ea2dca129917)
09-22 14:29:40.985 26942 26949 I .games.boxbound:   native: #123 pc 00227568  /apex/com.android.art/lib64/libart.so (art_quick_to_interpreter_bridge+88) (BuildId: 2a2e2726f12ce70bfbb5ea2dca129917)
09-22 14:29:40.985 26942 26949 I .games.boxbound:   at android.graphics.HardwareRenderer.nSyncAndDrawFrame(Native method)
09-22 14:29:40.985 26942 26949 I .games.boxbound:   at android.graphics.HardwareRenderer.syncAndDrawFrame(HardwareRenderer.java:484)
09-22 14:29:40.985 26942 26949 I .games.boxbound:   at android.view.ThreadedRenderer.draw(ThreadedRenderer.java:816)
09-22 14:29:40.985 26942 26949 I .games.boxbound:   at android.view.ViewRootImpl.draw(ViewRootImpl.java:4966)
09-22 14:29:40.985 26942 26949 I .games.boxbound:   at android.view.ViewRootImpl.performDraw(ViewRootImpl.java:4670)
09-22 14:29:40.985 26942 26949 I .games.boxbound:   at android.view.ViewRootImpl.performTraversals(ViewRootImpl.java:3841)
09-22 14:29:40.985 26942 26949 I .games.boxbound:   at android.view.ViewRootImpl.doTraversal(ViewRootImpl.java:2484)
09-22 14:29:40.985 26942 26949 I .games.boxbound:   at android.view.ViewRootImpl$TraversalRunnable.run(ViewRootImpl.java:9348)
09-22 14:29:40.985 26942 26949 I .games.boxbound:   at android.view.Choreographer$CallbackRecord.run(Choreographer.java:1350)
09-22 14:29:40.985 26942 26949 I .games.boxbound:   at android.view.Choreographer$CallbackRecord.run(Choreographer.java:1359)
09-22 14:29:40.985 26942 26949 I .games.boxbound:   at android.view.Choreographer.doCallbacks(Choreographer.java:963)
09-22 14:29:40.985 26942 26949 I .games.boxbound:   at android.view.Choreographer.doFrame(Choreographer.java:892)
09-22 14:29:40.985 26942 26949 I .games.boxbound:   at android.view.Choreographer$FrameDisplayEventReceiver.run(Choreographer.java:1333)
09-22 14:29:40.985 26942 26949 I .games.boxbound:   at android.os.Handler.handleCallback(Handler.java:958)
09-22 14:29:40.985 26942 26949 I .games.boxbound:   at android.os.Handler.dispatchMessage(Handler.java:99)
09-22 14:29:40.985 26942 26949 I .games.boxbound:   at android.os.Looper.loopOnce(Looper.java:205)
09-22 14:29:40.985 26942 26949 I .games.boxbound:   at android.os.Looper.loop(Looper.java:294)
09-22 14:29:40.985 26942 26949 I .games.boxbound:   at android.app.ActivityThread.main(ActivityThread.java:8223)
09-22 14:29:40.985 26942 26949 I .games.boxbound:   at java.lang.reflect.Method.invoke(Native method)
09-22 14:29:40.985 26942 26949 I .games.boxbound:   at com.android.internal.os.RuntimeInit$MethodAndArgsCaller.run(RuntimeInit.java:552)
09-22 14:29:40.985 26942 26949 I .games.boxbound:   at com.android.internal.os.ZygoteInit.main(ZygoteInit.java:977)
09-22 14:29:40.985 26942 26949 I .games.boxbound: 
09-22 14:29:40.985 26942 26949 I .games.boxbound: "FinalizerWatchdogDaemon" daemon prio=5 tid=9 Waiting
09-22 14:29:40.985 26942 26949 I .games.boxbound:   | group="system" sCount=1 ucsCount=0 flags=1 obj=0x12c005b8 self=0xb40000799d83d270
09-22 14:29:40.985 26942 26949 I .games.boxbound:   | sysTid=26956 nice=4 cgrp=top-app sched=0/0 handle=0x784ee37cb0
09-22 14:29:40.985 26942 26949 I .games.boxbound:   | state=S schedstat=( 2604480 510990 28 ) utm=0 stm=0 core=0 HZ=100
09-22 14:29:40.985 26942 26949 I .games.boxbound:   | stack=0x784ed34000-0x784ed36000 stackSize=1039KB
09-22 14:29:40.985 26942 26949 I .games.boxbound:   | held mutexes=
09-22 14:29:40.985 26942 26949 I .games.boxbound:   at java.lang.Object.wait(Native method)
09-22 14:29:40.985 26942 26949 I .games.boxbound:   - waiting on <0x04558eae> (a java.lang.Daemons$FinalizerWatchdogDaemon)
09-22 14:29:40.985 26942 26949 I .games.boxbound:   at java.lang.Object.wait(Object.java:386)
09-22 14:29:40.985 26942 26949 I .games.boxbound:   at java.lang.Object.wait(Object.java:524)
09-22 14:29:40.985 26942 26949 I .games.boxbound:   at java.lang.Daemons$FinalizerWatchdogDaemon.sleepUntilNeeded(Daemons.java:428)
09-22 14:29:40.985 26942 26949 I .games.boxbound:   - locked <0x04558eae> (a java.lang.Daemons$FinalizerWatchdogDaemon)
09-22 14:29:40.985 26942 26949 I .games.boxbound:   at java.lang.Daemons$FinalizerWatchdogDaemon.runInternal(Daemons.java:408)
09-22 14:29:40.985 26942 26949 I .games.boxbound:   at java.lang.Daemons$Daemon.run(Daemons.java:145)
09-22 14:29:40.985 26942 26949 I .games.boxbound:   at java.lang.Thread.run(Thread.java:1012)
09-22 14:29:40.985 26942 26949 I .games.boxbound: 
09-22 14:29:40.985 26942 26949 I .games.boxbound: "FinalizerDaemon" daemon prio=5 tid=10 Waiting
09-22 14:29:40.985 26942 26949 I .games.boxbound:   | group="system" sCount=1 ucsCount=0 flags=1 obj=0x12c00528 self=0xb40000799d83b6a0
09-22 14:29:40.985 26942 26949 I .games.boxbound:   | sysTid=26955 nice=4 cgrp=top-app sched=0/0 handle=0x784ef41cb0
09-22 14:29:40.985 26942 26949 I .games.boxbound:   | state=S schedstat=( 4870888 2241928 19 ) utm=0 stm=0 core=3 HZ=100
09-22 14:29:40.985 26942 26949 I .games.boxbound:   | stack=0x784ee3e000-0x784ee40000 stackSize=1039KB
09-22 14:29:40.985 26942 26949 I .games.boxbound:   | held mutexes=
09-22 14:29:40.985 26942 26949 I .games.boxbound:   at java.lang.Object.wait(Native method)
09-22 14:29:40.985 26942 26949 I .games.boxbound:   - waiting on <0x027af44f> (a java.lang.Object)
09-22 14:29:40.985 26942 26949 I .games.boxbound:   at java.lang.Object.wait(Object.java:386)
09-22 14:29:40.985 26942 26949 I .games.boxbound:   at java.lang.ref.ReferenceQueue.remove(ReferenceQueue.java:210)
09-22 14:29:40.985 26942 26949 I .games.boxbound:   - locked <0x027af44f> (a java.lang.Object)
09-22 14:29:40.985 26942 26949 I .games.boxbound:   at java.lang.ref.ReferenceQueue.remove(ReferenceQueue.java:231)
09-22 14:29:40.985 26942 26949 I .games.boxbound:   at java.lang.Daemons$FinalizerDaemon.runInternal(Daemons.java:309)
09-22 14:29:40.985 26942 26949 I .games.boxbound:   at java.lang.Daemons$Daemon.run(Daemons.java:145)
09-22 14:29:40.985 26942 26949 I .games.boxbound:   at java.lang.Thread.run(Thread.java:1012)
09-22 14:29:40.985 26942 26949 I .games.boxbound: 
09-22 14:29:40.985 26942 26949 I .games.boxbound: "ReferenceQueueDaemon" daemon prio=5 tid=13 Waiting
09-22 14:29:40.985 26942 26949 I .games.boxbound:   | group="system" sCount=1 ucsCount=0 flags=1 obj=0x12c00498 self=0xb40000799d83ee40
09-22 14:29:40.985 26942 26949 I .games.boxbound:   | sysTid=26954 nice=4 cgrp=top-app sched=0/0 handle=0x784f04bcb0
09-22 14:29:40.985 26942 26949 I .games.boxbound:   | state=S schedstat=( 102448852 6599739 22 ) utm=9 stm=0 core=7 HZ=100
09-22 14:29:40.985 26942 26949 I .games.boxbound:   | stack=0x784ef48000-0x784ef4a000 stackSize=1039KB
09-22 14:29:40.985 26942 26949 I .games.boxbound:   | held mutexes=
09-22 14:29:40.985 26942 26949 I .games.boxbound:   at java.lang.Object.wait(Native method)
09-22 14:29:40.985 26942 26949 I .games.boxbound:   - waiting on <0x08e447dc> (a java.lang.Class<java.lang.ref.ReferenceQueue>)
09-22 14:29:40.985 26942 26949 I .games.boxbound:   at java.lang.Object.wait(Object.java:386)
09-22 14:29:40.985 26942 26949 I .games.boxbound:   at java.lang.Object.wait(Object.java:524)
09-22 14:29:40.985 26942 26949 I .games.boxbound:   at java.lang.Daemons$ReferenceQueueDaemon.runInternal(Daemons.java:239)
09-22 14:29:40.985 26942 26949 I .games.boxbound:   - locked <0x08e447dc> (a java.lang.Class<java.lang.ref.ReferenceQueue>)
09-22 14:29:40.985 26942 26949 I .games.boxbound:   at java.lang.Daemons$Daemon.run(Daemons.java:145)
09-22 14:29:40.985 26942 26949 I .games.boxbound:   at java.lang.Thread.run(Thread.java:1012)
09-22 14:29:40.985 26942 26949 I .games.boxbound: 
09-22 14:29:40.985 26942 26949 I .games.boxbound: "pool-5-thread-1" prio=5 tid=2 Waiting
09-22 14:29:40.985 26942 26949 I .games.boxbound:   | group="main" sCount=1 ucsCount=0 flags=1 obj=0x12d4e3a0 self=0xb40000799d8846c0
09-22 14:29:40.985 26942 26949 I .games.boxbound:   | sysTid=27022 nice=0 cgrp=top-app sched=0/0 handle=0x78a8629cb0
09-22 14:29:40.985 26942 26949 I .games.boxbound:   | state=S schedstat=( 40461408 0 2 ) utm=3 stm=0 core=4 HZ=100
09-22 14:29:40.985 26942 26949 I .games.boxbound:   | stack=0x78a8526000-0x78a8528000 stackSize=1039KB
09-22 14:29:40.985 26942 26949 I .games.boxbound:   | held mutexes=
09-22 14:29:40.985 26942 26949 I .games.boxbound:   at jdk.internal.misc.Unsafe.park(Native method)
09-22 14:29:40.985 26942 26949 I .games.boxbound:   - waiting on an unknown object
09-22 14:29:40.985 26942 26949 I .games.boxbound:   at java.util.concurrent.locks.LockSupport.park(LockSupport.java:341)
09-22 14:29:40.985 26942 26949 I .games.boxbound:   at java.util.concurrent.locks.AbstractQueuedSynchronizer$ConditionNode.block(AbstractQueuedSynchronizer.java:506)
09-22 14:29:40.985 26942 26949 I .games.boxbound:   at java.util.concurrent.ForkJoinPool.unmanagedBlock(ForkJoinPool.java:3466)
09-22 14:29:40.985 26942 26949 I .games.boxbound:   at java.util.concurrent.ForkJoinPool.managedBlock(ForkJoinPool.java:3437)
09-22 14:29:40.985 26942 26949 I .games.boxbound:   at java.util.concurrent.locks.AbstractQueuedSynchronizer$ConditionObject.await(AbstractQueuedSynchronizer.java:1623)
09-22 14:29:40.985 26942 26949 I .games.boxbound:   at java.util.concurrent.LinkedBlockingQueue.take(LinkedBlockingQueue.java:435)
09-22 14:29:40.985 26942 26949 I .games.boxbound:   at java.util.concurrent.ThreadPoolExecutor.getTask(ThreadPoolExecutor.java:1071)
09-22 14:29:40.985 26942 26949 I .games.boxbound:   at java.util.concurrent.ThreadPoolExecutor.runWorker(ThreadPoolExecutor.java:1131)
09-22 14:29:40.985 26942 26949 I .games.boxbound:   at java.util.concurrent.ThreadPoolExecutor$Worker.run(ThreadPoolExecutor.java:644)
09-22 14:29:40.985 26942 26949 I .games.boxbound:   at java.lang.Thread.run(Thread.java:1012)
09-22 14:29:40.985 26942 26949 I .games.boxbound: "pool-5-thread-2" prio=5 tid=3 Waiting
09-22 14:29:40.985 26942 26949 I .games.boxbound:   | group="main" sCount=1 ucsCount=0 flags=1 obj=0x12d4fde8 self=0xb40000799d84b0f0
09-22 14:29:40.985 26942 26949 I .games.boxbound:   | sysTid=27023 nice=0 cgrp=top-app sched=0/0 handle=0x78a6241cb0
09-22 14:29:40.985 26942 26949 I .games.boxbound:   | state=S schedstat=( 31652710 0 2 ) utm=2 stm=0 core=7 HZ=100
09-22 14:29:40.985 26942 26949 I .games.boxbound:   | stack=0x78a613e000-0x78a6140000 stackSize=1039KB
09-22 14:29:40.985 26942 26949 I .games.boxbound:   | held mutexes=
09-22 14:29:40.985 26942 26949 I .games.boxbound:   at jdk.internal.misc.Unsafe.park(Native method)
09-22 14:29:40.985 26942 26949 I .games.boxbound:   - waiting on an unknown object
09-22 14:29:40.985 26942 26949 I .games.boxbound:   at java.util.concurrent.locks.LockSupport.park(LockSupport.java:341)
09-22 14:29:40.985 26942 26949 I .games.boxbound:   at java.util.concurrent.locks.AbstractQueuedSynchronizer$ConditionNode.block(AbstractQueuedSynchronizer.java:506)
09-22 14:29:40.985 26942 26949 I .games.boxbound:   at java.util.concurrent.ForkJoinPool.unmanagedBlock(ForkJoinPool.java:3466)
09-22 14:29:40.985 26942 26949 I .games.boxbound:   at java.util.concurrent.ForkJoinPool.managedBlock(ForkJoinPool.java:3437)
09-22 14:29:40.985 26942 26949 I .games.boxbound:   at java.util.concurrent.locks.AbstractQueuedSynchronizer$ConditionObject.await(AbstractQueuedSynchronizer.java:1623)
09-22 14:29:40.985 26942 26949 I .games.boxbound:   at java.util.concurrent.LinkedBlockingQueue.take(LinkedBlockingQueue.java:435)
09-22 14:29:40.985 26942 26949 I .games.boxbound:   at java.util.concurrent.ThreadPoolExecutor.getTask(ThreadPoolExecutor.java:1071)
09-22 14:29:40.985 26942 26949 I .games.boxbound:   at java.util.concurrent.ThreadPoolExecutor.runWorker(ThreadPoolExecutor.java:1131)
09-22 14:29:40.985 26942 26949 I .games.boxbound:   at java.util.concurrent.ThreadPoolExecutor$Worker.run(ThreadPoolExecutor.java:644)
09-22 14:29:40.985 26942 26949 I .games.boxbound:   at java.lang.Thread.run(Thread.java:1012)
09-22 14:29:40.985 26942 26949 I .games.boxbound: 
09-22 14:29:40.985 26942 26949 I .games.boxbound: "pool-5-thread-3" prio=5 tid=4 Waiting
09-22 14:29:40.985 26942 26949 I .games.boxbound:   | group="main" sCount=1 ucsCount=0 flags=1 obj=0x12d51710 self=0xb40000799d89cc20
09-22 14:29:40.985 26942 26949 I .games.boxbound:   | sysTid=27024 nice=0 cgrp=top-app sched=0/0 handle=0x78a5b35cb0
09-22 14:29:40.985 26942 26949 I .games.boxbound:   | state=S schedstat=( 39951768 76510 2 ) utm=3 stm=0 core=6 HZ=100
09-22 14:29:40.985 26942 26949 I .games.boxbound:   | stack=0x78a5a32000-0x78a5a34000 stackSize=1039KB
09-22 14:29:40.985 26942 26949 I .games.boxbound:   | held mutexes=
09-22 14:29:40.985 26942 26949 I .games.boxbound:   at jdk.internal.misc.Unsafe.park(Native method)
09-22 14:29:40.985 26942 26949 I .games.boxbound:   - waiting on an unknown object
09-22 14:29:40.985 26942 26949 I .games.boxbound:   at java.util.concurrent.locks.LockSupport.park(LockSupport.java:341)
09-22 14:29:40.985 26942 26949 I .games.boxbound:   at java.util.concurrent.locks.AbstractQueuedSynchronizer$ConditionNode.block(AbstractQueuedSynchronizer.java:506)
09-22 14:29:40.985 26942 26949 I .games.boxbound:   at java.util.concurrent.ForkJoinPool.unmanagedBlock(ForkJoinPool.java:3466)
09-22 14:29:40.985 26942 26949 I .games.boxbound:   at java.util.concurrent.ForkJoinPool.managedBlock(ForkJoinPool.java:3437)
09-22 14:29:40.985 26942 26949 I .games.boxbound:   at java.util.concurrent.locks.AbstractQueuedSynchronizer$ConditionObject.await(AbstractQueuedSynchronizer.java:1623)
09-22 14:29:40.985 26942 26949 I .games.boxbound:   at java.util.concurrent.LinkedBlockingQueue.take(LinkedBlockingQueue.java:435)
09-22 14:29:40.985 26942 26949 I .games.boxbound:   at java.util.concurrent.ThreadPoolExecutor.getTask(ThreadPoolExecutor.java:1071)
09-22 14:29:40.985 26942 26949 I .games.boxbound:   at java.util.concurrent.ThreadPoolExecutor.runWorker(ThreadPoolExecutor.java:1131)
09-22 14:29:40.985 26942 26949 I .games.boxbound:   at java.util.concurrent.ThreadPoolExecutor$Worker.run(ThreadPoolExecutor.java:644)
09-22 14:29:40.985 26942 26949 I .games.boxbound:   at java.lang.Thread.run(Thread.java:1012)
09-22 14:29:40.985 26942 26949 I .games.boxbound: 
09-22 14:29:40.985 26942 26949 I .games.boxbound: "pool-5-thread-4" prio=5 tid=5 Waiting
09-22 14:29:40.985 26942 26949 I .games.boxbound:   | group="main" sCount=1 ucsCount=0 flags=1 obj=0x12d53258 self=0xb40000799d8a8ed0
09-22 14:29:40.985 26942 26949 I .games.boxbound:   | sysTid=27025 nice=0 cgrp=top-app sched=0/0 handle=0x78a5999cb0
09-22 14:29:40.985 26942 26949 I .games.boxbound:   | state=S schedstat=( 40189586 0 2 ) utm=3 stm=0 core=7 HZ=100
09-22 14:29:40.985 26942 26949 I .games.boxbound:   | stack=0x78a5896000-0x78a5898000 stackSize=1039KB
09-22 14:29:40.985 26942 26949 I .games.boxbound:   | held mutexes=
09-22 14:29:40.985 26942 26949 I .games.boxbound:   at jdk.internal.misc.Unsafe.park(Native method)
09-22 14:29:40.985 26942 26949 I .games.boxbound:   - waiting on an unknown object
09-22 14:29:40.985 26942 26949 I .games.boxbound:   at java.util.concurrent.locks.LockSupport.park(LockSupport.java:341)
09-22 14:29:40.985 26942 26949 I .games.boxbound:   at java.util.concurrent.locks.AbstractQueuedSynchronizer$ConditionNode.block(AbstractQueuedSynchronizer.java:506)
09-22 14:29:40.985 26942 26949 I .games.boxbound:   at java.util.concurrent.ForkJoinPool.unmanagedBlock(ForkJoinPool.java:3466)
09-22 14:29:40.985 26942 26949 I .games.boxbound:   at java.util.concurrent.ForkJoinPool.managedBlock(ForkJoinPool.java:3437)
09-22 14:29:40.985 26942 26949 I .games.boxbound:   at java.util.concurrent.locks.AbstractQueuedSynchronizer$ConditionObject.await(AbstractQueuedSynchronizer.java:1623)
09-22 14:29:40.985 26942 26949 I .games.boxbound:   at java.util.concurrent.LinkedBlockingQueue.take(LinkedBlockingQueue.java:435)
09-22 14:29:40.985 26942 26949 I .games.boxbound:   at java.util.concurrent.ThreadPoolExecutor.getTask(ThreadPoolExecutor.java:1071)
09-22 14:29:40.985 26942 26949 I .games.boxbound:   at java.util.concurrent.ThreadPoolExecutor.runWorker(ThreadPoolExecutor.java:1131)
09-22 14:29:40.985 26942 26949 I .games.boxbound:   at java.util.concurrent.ThreadPoolExecutor$Worker.run(ThreadPoolExecutor.java:644)
09-22 14:29:40.985 26942 26949 I .games.boxbound:   at java.lang.Thread.run(Thread.java:1012)
09-22 14:29:40.985 26942 26949 I .games.boxbound: 
09-22 14:29:40.985 26942 26949 I .games.boxbound: "Signal Catcher" daemon prio=10 tid=6 Runnable
09-22 14:29:40.985 26942 26949 I .games.boxbound:   | group="system" sCount=0 ucsCount=0 flags=0 obj=0x12c03838 self=0xb40000799d818a60
09-22 14:29:40.985 26942 26949 I .games.boxbound:   | sysTid=26949 nice=-20 cgrp=top-app sched=0/0 handle=0x78a5629cb0
09-22 14:29:40.985 26942 26949 I .games.boxbound:   | state=R schedstat=( 1251148 155520 10 ) utm=0 stm=0 core=3 HZ=100
09-22 14:29:40.985 26942 26949 I .games.boxbound:   | stack=0x78a5532000-0x78a5534000 stackSize=991KB
09-22 14:29:40.985 26942 26949 I .games.boxbound:   | held mutexes= "mutator lock"(shared held)
09-22 14:29:40.985 26942 26949 I .games.boxbound:   native: #00 pc 00566dc8  /apex/com.android.art/lib64/libart.so (art::DumpNativeStack+176) (BuildId: 2a2e2726f12ce70bfbb5ea2dca129917)
09-22 14:29:40.985 26942 26949 I .games.boxbound:   native: #01 pc 006861c0  /apex/com.android.art/lib64/libart.so (art::Thread::DumpStack const+344) (BuildId: 2a2e2726f12ce70bfbb5ea2dca129917)
09-22 14:29:40.985 26942 26949 I .games.boxbound:   native: #02 pc 006a47b4  /apex/com.android.art/lib64/libart.so (art::DumpCheckpoint::Run+920) (BuildId: 2a2e2726f12ce70bfbb5ea2dca129917)
09-22 14:29:40.985 26942 26949 I .games.boxbound:   native: #03 pc 0069e914  /apex/com.android.art/lib64/libart.so (art::ThreadList::RunCheckpoint+1008) (BuildId: 2a2e2726f12ce70bfbb5ea2dca129917)
09-22 14:29:40.985 26942 26949 I .games.boxbound:   native: #04 pc 0069d930  /apex/com.android.art/lib64/libart.so (art::ThreadList::Dump+1420) (BuildId: 2a2e2726f12ce70bfbb5ea2dca129917)
09-22 14:29:40.985 26942 26949 I .games.boxbound:   native: #05 pc 0069d308  /apex/com.android.art/lib64/libart.so (art::ThreadList::DumpForSigQuit+1464) (BuildId: 2a2e2726f12ce70bfbb5ea2dca129917)
09-22 14:29:40.985 26942 26949 I .games.boxbound:   native: #06 pc 00642328  /apex/com.android.art/lib64/libart.so (art::Runtime::DumpForSigQuit+60) (BuildId: 2a2e2726f12ce70bfbb5ea2dca129917)
09-22 14:29:40.985 26942 26949 I .games.boxbound:   native: #07 pc 006627ac  /apex/com.android.art/lib64/libart.so (art::SignalCatcher::HandleSigQuit+1384) (BuildId: 2a2e2726f12ce70bfbb5ea2dca129917)
09-22 14:29:40.985 26942 26949 I .games.boxbound:   native: #08 pc 00661830  /apex/com.android.art/lib64/libart.so (art::SignalCatcher::Run+348) (BuildId: 2a2e2726f12ce70bfbb5ea2dca129917)
09-22 14:29:40.985 26942 26949 I .games.boxbound:   native: #09 pc 000c3644  /apex/com.android.runtime/lib64/bionic/libc.so (__pthread_start+208) (BuildId: 50118287324a156bc7be11d3d940c7be)
09-22 14:29:40.985 26942 26949 I .games.boxbound:   native: #10 pc 0005cfa4  /apex/com.android.runtime/lib64/bionic/libc.so (__start_thread+68) (BuildId: 50118287324a156bc7be11d3d940c7be)
09-22 14:29:40.985 26942 26949 I .games.boxbound:   (no managed stack frames)
09-22 14:29:40.985 26942 26949 I .games.boxbound: 
09-22 14:29:40.985 26942 26949 I .games.boxbound: "perfetto_hprof_listener" prio=10 tid=7 Native (still starting up)
09-22 14:29:40.985 26942 26949 I .games.boxbound:   | group="" sCount=1 ucsCount=0 flags=1 obj=0x0 self=0xb40000799d80c7b0
09-22 14:29:40.985 26942 26949 I .games.boxbound:   | sysTid=26950 nice=-20 cgrp=top-app sched=0/0 handle=0x78a352bcb0
09-22 14:29:40.985 26942 26949 I .games.boxbound:   | state=S schedstat=( 187656 0 1 ) utm=0 stm=0 core=6 HZ=100
09-22 14:29:40.985 26942 26949 I .games.boxbound:   | stack=0x78a3434000-0x78a3436000 stackSize=991KB
09-22 14:29:40.985 26942 26949 I .games.boxbound:   | held mutexes=
09-22 14:29:40.985 26942 26949 I .games.boxbound:   native: #00 pc 000ae898  /apex/com.android.runtime/lib64/bionic/libc.so (read+8) (BuildId: 50118287324a156bc7be11d3d940c7be)
09-22 14:29:40.985 26942 26949 I .games.boxbound:   native: #01 pc 00027718  /apex/com.android.art/lib64/libperfetto_hprof.so (void* std::__1::__thread_proxy<std::__1::tuple<std::__1::unique_ptr<std::__1::__thread_struct, std::__1::default_delete<std::__1::__thread_struct> >, ArtPlugin_Initialize::$_7> >+320) (BuildId: 56e33832905d89c7e6b4baddb17832cb)
09-22 14:29:40.985 26942 26949 I .games.boxbound:   native: #02 pc 000c3644  /apex/com.android.runtime/lib64/bionic/libc.so (__pthread_start+208) (BuildId: 50118287324a156bc7be11d3d940c7be)
09-22 14:29:40.985 26942 26949 I .games.boxbound:   native: #03 pc 0005cfa4  /apex/com.android.runtime/lib64/bionic/libc.so (__start_thread+68) (BuildId: 50118287324a156bc7be11d3d940c7be)
09-22 14:29:40.985 26942 26949 I .games.boxbound:   (no managed stack frames)
09-22 14:29:40.985 26942 26949 I .games.boxbound: 
09-22 14:29:40.985 26942 26949 I .games.boxbound: "ADB-JDWP Connection Control Thread" daemon prio=0 tid=8 WaitingInMainDebuggerLoop
09-22 14:29:40.985 26942 26949 I .games.boxbound:   | group="system" sCount=1 ucsCount=0 flags=1 obj=0x12c00340 self=0xb40000799d836330
09-22 14:29:40.985 26942 26949 I .games.boxbound:   | sysTid=26951 nice=-20 cgrp=top-app sched=0/0 handle=0x7850359cb0
09-22 14:29:40.985 26942 26949 I .games.boxbound:   | state=S schedstat=( 322187 183803 5 ) utm=0 stm=0 core=6 HZ=100
09-22 14:29:40.985 26942 26949 I .games.boxbound:   | stack=0x7850262000-0x7850264000 stackSize=991KB
09-22 14:29:40.985 26942 26949 I .games.boxbound:   | held mutexes=
09-22 14:29:40.985 26942 26949 I .games.boxbound:   native: #00 pc 000afc7c  /apex/com.android.runtime/lib64/bionic/libc.so (__ppoll+12) (BuildId: 50118287324a156bc7be11d3d940c7be)
09-22 14:29:40.985 26942 26949 I .games.boxbound:   native: #01 pc 00068598  /apex/com.android.runtime/lib64/bionic/libc.so (poll+96) (BuildId: 50118287324a156bc7be11d3d940c7be)
09-22 14:29:40.985 26942 26949 I .games.boxbound:   native: #02 pc 0000a80c  /apex/com.android.art/lib64/libadbconnection.so (adbconnection::AdbConnectionState::RunPollLoop+728) (BuildId: ebb10b86dfdaffa1e20e99287f922464)
09-22 14:29:40.985 26942 26949 I .games.boxbound:   native: #03 pc 00008f34  /apex/com.android.art/lib64/libadbconnection.so (adbconnection::CallbackFunction+1460) (BuildId: ebb10b86dfdaffa1e20e99287f922464)
09-22 14:29:40.985 26942 26949 I .games.boxbound:   native: #04 pc 000c3644  /apex/com.android.runtime/lib64/bionic/libc.so (__pthread_start+208) (BuildId: 50118287324a156bc7be11d3d940c7be)
09-22 14:29:40.986 26942 26949 I .games.boxbound:   native: #05 pc 0005cfa4  /apex/com.android.runtime/lib64/bionic/libc.so (__start_thread+68) (BuildId: 50118287324a156bc7be11d3d940c7be)
09-22 14:29:40.986 26942 26949 I .games.boxbound:   (no managed stack frames)
09-22 14:29:40.986 26942 26949 I .games.boxbound: 
09-22 14:29:40.986 26942 26949 I .games.boxbound: "HeapTaskDaemon" daemon prio=5 tid=11 WaitingForTaskProcessor
09-22 14:29:40.986 26942 26949 I .games.boxbound:   | group="system" sCount=1 ucsCount=0 flags=1 obj=0x12c00408 self=0xb40000799d837f00
09-22 14:29:40.986 26942 26949 I .games.boxbound:   | sysTid=26953 nice=4 cgrp=top-app sched=0/0 handle=0x784f155cb0
09-22 14:29:40.986 26942 26949 I .games.boxbound:   | state=S schedstat=( 238953129 17455833 66 ) utm=19 stm=4 core=4 HZ=100
09-22 14:29:40.986 26942 26949 I .games.boxbound:   | stack=0x784f052000-0x784f054000 stackSize=1039KB
09-22 14:29:40.986 26942 26949 I .games.boxbound:   | held mutexes=
09-22 14:29:40.986 26942 26949 I .games.boxbound:   native: #00 pc 00057840  /apex/com.android.runtime/lib64/bionic/libc.so (syscall+32) (BuildId: 50118287324a156bc7be11d3d940c7be)
09-22 14:29:40.986 26942 26949 I .games.boxbound:   native: #01 pc 0025e3a8  /apex/com.android.art/lib64/libart.so (art::ConditionVariable::WaitHoldingLocks+144) (BuildId: 2a2e2726f12ce70bfbb5ea2dca129917)
09-22 14:29:40.986 26942 26949 I .games.boxbound:   native: #02 pc 003b2608  /apex/com.android.art/lib64/libart.so (art::gc::TaskProcessor::GetTask+448) (BuildId: 2a2e2726f12ce70bfbb5ea2dca129917)
09-22 14:29:40.986 26942 26949 I .games.boxbound:   native: #03 pc 003b2e7c  /apex/com.android.art/lib64/libart.so (art::gc::TaskProcessor::RunAllTasks+96) (BuildId: 2a2e2726f12ce70bfbb5ea2dca129917)
09-22 14:29:40.986 26942 26949 I .games.boxbound:   native: #04 pc 00227430  /apex/com.android.art/lib64/libart.so (art_quick_generic_jni_trampoline+144) (BuildId: 2a2e2726f12ce70bfbb5ea2dca129917)
09-22 14:29:40.986 26942 26949 I .games.boxbound:   native: #05 pc 002109a4  /apex/com.android.art/lib64/libart.so (art_quick_invoke_stub+612) (BuildId: 2a2e2726f12ce70bfbb5ea2dca129917)
09-22 14:29:40.986 26942 26949 I .games.boxbound:   native: #06 pc 002546a0  /apex/com.android.art/lib64/libart.so (art::ArtMethod::Invoke+176) (BuildId: 2a2e2726f12ce70bfbb5ea2dca129917)
09-22 14:29:40.986 26942 26949 I .games.boxbound:   native: #07 pc 003db328  /apex/com.android.art/lib64/libart.so (bool art::interpreter::DoCall<false>+1788) (BuildId: 2a2e2726f12ce70bfbb5ea2dca129917)
09-22 14:29:40.986 26942 26949 I .games.boxbound:   native: #08 pc 00230a58  /apex/com.android.art/lib64/libart.so (void art::interpreter::ExecuteSwitchImplCpp<false>+14012) (BuildId: 2a2e2726f12ce70bfbb5ea2dca129917)
09-22 14:29:40.986 26942 26949 I .games.boxbound:   native: #09 pc 00229bd8  /apex/com.android.art/lib64/libart.so (ExecuteSwitchImplAsm+8) (BuildId: 2a2e2726f12ce70bfbb5ea2dca129917)
09-22 14:29:40.986 26942 26949 I .games.boxbound:   native: #10 pc 0002bc94  /apex/com.android.art/javalib/core-libart.jar (java.lang.Daemons$HeapTaskDaemon.runInternal)
09-22 14:29:40.986 26942 26949 I .games.boxbound:   native: #11 pc 003d3dec  /apex/com.android.art/lib64/libart.so (art::interpreter::Execute +452) (BuildId: 2a2e2726f12ce70bfbb5ea2dca129917)
09-22 14:29:40.986 26942 26949 I .games.boxbound:   native: #12 pc 003da78c  /apex/com.android.art/lib64/libart.so (art::interpreter::ArtInterpreterToInterpreterBridge+104) (BuildId: 2a2e2726f12ce70bfbb5ea2dca129917)
09-22 14:29:40.986 26942 26949 I .games.boxbound:   native: #13 pc 003db30c  /apex/com.android.art/lib64/libart.so (bool art::interpreter::DoCall<false>+1760) (BuildId: 2a2e2726f12ce70bfbb5ea2dca129917)
09-22 14:29:40.986 26942 26949 I .games.boxbound:   native: #14 pc 00230a58  /apex/com.android.art/lib64/libart.so (void art::interpreter::ExecuteSwitchImplCpp<false>+14012) (BuildId: 2a2e2726f12ce70bfbb5ea2dca129917)
09-22 14:29:40.986 26942 26949 I .games.boxbound:   native: #15 pc 00229bd8  /apex/com.android.art/lib64/libart.so (ExecuteSwitchImplAsm+8) (BuildId: 2a2e2726f12ce70bfbb5ea2dca129917)
09-22 14:29:40.986 26942 26949 I .games.boxbound:   native: #16 pc 0002afc0  /apex/com.android.art/javalib/core-libart.jar (java.lang.Daemons$Daemon.run)
09-22 14:29:40.986 26942 26949 I .games.boxbound:   native: #17 pc 003d3dec  /apex/com.android.art/lib64/libart.so (art::interpreter::Execute +452) (BuildId: 2a2e2726f12ce70bfbb5ea2dca129917)
09-22 14:29:40.986 26942 26949 I .games.boxbound:   native: #18 pc 003da78c  /apex/com.android.art/lib64/libart.so (art::interpreter::ArtInterpreterToInterpreterBridge+104) (BuildId: 2a2e2726f12ce70bfbb5ea2dca129917)
09-22 14:29:40.986 26942 26949 I .games.boxbound:   native: #19 pc 003db30c  /apex/com.android.art/lib64/libart.so (bool art::interpreter::DoCall<false>+1760) (BuildId: 2a2e2726f12ce70bfbb5ea2dca129917)
09-22 14:29:40.986 26942 26949 I .games.boxbound:   native: #20 pc 00230a58  /apex/com.android.art/lib64/libart.so (void art::interpreter::ExecuteSwitchImplCpp<false>+14012) (BuildId: 2a2e2726f12ce70bfbb5ea2dca129917)
09-22 14:29:40.986 26942 26949 I .games.boxbound:   native: #21 pc 00229bd8  /apex/com.android.art/lib64/libart.so (ExecuteSwitchImplAsm+8) (BuildId: 2a2e2726f12ce70bfbb5ea2dca129917)
09-22 14:29:40.986 26942 26949 I .games.boxbound:   native: #22 pc 0010ee6c  /apex/com.android.art/javalib/core-oj.jar (java.lang.Thread.run)
09-22 14:29:40.986 26942 26949 I .games.boxbound:   native: #23 pc 003d3dec  /apex/com.android.art/lib64/libart.so (art::interpreter::Execute +452) (BuildId: 2a2e2726f12ce70bfbb5ea2dca129917)
09-22 14:29:40.986 26942 26949 I .games.boxbound:   native: #24 pc 0073da50  /apex/com.android.art/lib64/libart.so (artQuickToInterpreterBridge+668) (BuildId: 2a2e2726f12ce70bfbb5ea2dca129917)
09-22 14:29:40.986 26942 26949 I .games.boxbound:   native: #25 pc 00227568  /apex/com.android.art/lib64/libart.so (art_quick_to_interpreter_bridge+88) (BuildId: 2a2e2726f12ce70bfbb5ea2dca129917)
09-22 14:29:40.986 26942 26949 I .games.boxbound:   native: #26 pc 002109a4  /apex/com.android.art/lib64/libart.so (art_quick_invoke_stub+612) (BuildId: 2a2e2726f12ce70bfbb5ea2dca129917)
09-22 14:29:40.986 26942 26949 I .games.boxbound:   native: #27 pc 002546a0  /apex/com.android.art/lib64/libart.so (art::ArtMethod::Invoke+176) (BuildId: 2a2e2726f12ce70bfbb5ea2dca129917)
09-22 14:29:40.986 26942 26949 I .games.boxbound:   native: #28 pc 0067e1d4  /apex/com.android.art/lib64/libart.so (art::Thread::CreateCallback+1408) (BuildId: 2a2e2726f12ce70bfbb5ea2dca129917)
09-22 14:29:40.986 26942 26949 I .games.boxbound:   native: #29 pc 0067dc40  /apex/com.android.art/lib64/libart.so (art::Thread::CreateCallbackWithUffdGc+12) (BuildId: 2a2e2726f12ce70bfbb5ea2dca129917)
09-22 14:29:40.986 26942 26949 I .games.boxbound:   native: #30 pc 000c3644  /apex/com.android.runtime/lib64/bionic/libc.so (__pthread_start+208) (BuildId: 50118287324a156bc7be11d3d940c7be)
09-22 14:29:40.986 26942 26949 I .games.boxbound:   native: #31 pc 0005cfa4  /apex/com.android.runtime/lib64/bionic/libc.so (__start_thread+68) (BuildId: 50118287324a156bc7be11d3d940c7be)
09-22 14:29:40.986 26942 26949 I .games.boxbound:   at dalvik.system.VMRuntime.runHeapTasks(Native method)
09-22 14:29:40.986 26942 26949 I .games.boxbound:   at java.lang.Daemons$HeapTaskDaemon.runInternal(Daemons.java:687)
09-22 14:29:40.986 26942 26949 I .games.boxbound:   at java.lang.Daemons$Daemon.run(Daemons.java:145)
09-22 14:29:40.986 26942 26949 I .games.boxbound:   at java.lang.Thread.run(Thread.java:1012)
09-22 14:29:40.986 26942 26949 I .games.boxbound: 
09-22 14:29:40.986 26942 26949 I .games.boxbound: "Jit thread pool worker thread 0" daemon prio=5 tid=12 Native
09-22 14:29:40.986 26942 26949 I .games.boxbound:   | group="system" sCount=1 ucsCount=0 flags=1 obj=0x12c038f8 self=0xb40000799d839ad0
09-22 14:29:40.986 26942 26949 I .games.boxbound:   | sysTid=26952 nice=9 cgrp=top-app sched=0/0 handle=0x784f25bcb0
09-22 14:29:40.986 26942 26949 I .games.boxbound:   | state=S schedstat=( 125802916 40159737 235 ) utm=9 stm=3 core=2 HZ=100
09-22 14:29:40.986 26942 26949 I .games.boxbound:   | stack=0x784f15c000-0x784f15e000 stackSize=1023KB
09-22 14:29:40.986 26942 26949 I .games.boxbound:   | held mutexes=
09-22 14:29:40.986 26942 26949 I .games.boxbound:   native: #00 pc 00057840  /apex/com.android.runtime/lib64/bionic/libc.so (syscall+32) (BuildId: 50118287324a156bc7be11d3d940c7be)
09-22 14:29:40.986 26942 26949 I .games.boxbound:   native: #01 pc 0025e3a8  /apex/com.android.art/lib64/libart.so (art::ConditionVariable::WaitHoldingLocks+144) (BuildId: 2a2e2726f12ce70bfbb5ea2dca129917)
09-22 14:29:40.986 26942 26949 I .games.boxbound:   native: #02 pc 006a6538  /apex/com.android.art/lib64/libart.so (art::ThreadPool::GetTask+128) (BuildId: 2a2e2726f12ce70bfbb5ea2dca129917)
09-22 14:29:40.986 26942 26949 I .games.boxbound:   native: #03 pc 006a58a8  /apex/com.android.art/lib64/libart.so (art::ThreadPoolWorker::Run+148) (BuildId: 2a2e2726f12ce70bfbb5ea2dca129917)
09-22 14:29:40.986 26942 26949 I .games.boxbound:   native: #04 pc 006a532c  /apex/com.android.art/lib64/libart.so (art::ThreadPoolWorker::Callback+180) (BuildId: 2a2e2726f12ce70bfbb5ea2dca129917)
09-22 14:29:40.986 26942 26949 I .games.boxbound:   native: #05 pc 000c3644  /apex/com.android.runtime/lib64/bionic/libc.so (__pthread_start+208) (BuildId: 50118287324a156bc7be11d3d940c7be)
09-22 14:29:40.986 26942 26949 I .games.boxbound:   native: #06 pc 0005cfa4  /apex/com.android.runtime/lib64/bionic/libc.so (__start_thread+68) (BuildId: 50118287324a156bc7be11d3d940c7be)
09-22 14:29:40.986 26942 26949 I .games.boxbound:   (no managed stack frames)
09-22 14:29:40.986 26942 26949 I .games.boxbound: 
09-22 14:29:40.986 26942 26949 I .games.boxbound: "binder:26942_1" prio=5 tid=14 Native
09-22 14:29:40.986 26942 26949 I .games.boxbound:   | group="main" sCount=1 ucsCount=0 flags=1 obj=0x12c039a8 self=0xb40000799d8425e0
09-22 14:29:40.986 26942 26949 I .games.boxbound:   | sysTid=26957 nice=0 cgrp=top-app sched=0/0 handle=0x7849c2fcb0
09-22 14:29:40.986 26942 26949 I .games.boxbound:   | state=S schedstat=( 532256021 200220233 5180 ) utm=28 stm=24 core=0 HZ=100
09-22 14:29:40.986 26942 26949 I .games.boxbound:   | stack=0x7849b38000-0x7849b3a000 stackSize=991KB
09-22 14:29:40.986 26942 26949 I .games.boxbound:   | held mutexes=
09-22 14:29:40.986 26942 26949 I .games.boxbound:   native: #00 pc 000aebbc  /apex/com.android.runtime/lib64/bionic/libc.so (__ioctl+12) (BuildId: 50118287324a156bc7be11d3d940c7be)
09-22 14:29:40.986 26942 26949 I .games.boxbound:   native: #01 pc 00065a58  /apex/com.android.runtime/lib64/bionic/libc.so (ioctl+160) (BuildId: 50118287324a156bc7be11d3d940c7be)
09-22 14:29:40.986 26942 26949 I .games.boxbound:   native: #02 pc 000603ec  /system/lib64/libbinder.so (android::IPCThreadState::talkWithDriver+284) (BuildId: 3676b6af8d34c3d700e9406fe3a4163b)
09-22 14:29:40.986 26942 26949 I .games.boxbound:   native: #03 pc 00060734  /system/lib64/libbinder.so (android::IPCThreadState::getAndExecuteCommand+28) (BuildId: 3676b6af8d34c3d700e9406fe3a4163b)
09-22 14:29:40.986 26942 26949 I .games.boxbound:   native: #04 pc 00061130  /system/lib64/libbinder.so (android::IPCThreadState::joinThreadPool+116) (BuildId: 3676b6af8d34c3d700e9406fe3a4163b)
09-22 14:29:40.986 26942 26949 I .games.boxbound:   native: #05 pc 0006ad34  /system/lib64/libbinder.so (android::PoolThread::threadLoop+28) (BuildId: 3676b6af8d34c3d700e9406fe3a4163b)
09-22 14:29:40.986 26942 26949 I .games.boxbound:   native: #06 pc 000142d0  /system/lib64/libutils.so (android::Thread::_threadLoop+288) (BuildId: 6df8048e2f2c69be0a5d8ee3149d683d)
09-22 14:29:40.986 26942 26949 I .games.boxbound:   native: #07 pc 000ecc40  /system/lib64/libandroid_runtime.so (android::AndroidRuntime::javaThreadShell+144) (BuildId: 8655dc3372beccc71df2c96153cd41b4)
09-22 14:29:40.986 26942 26949 I .games.boxbound:   native: #08 pc 000c3644  /apex/com.android.runtime/lib64/bionic/libc.so (__pthread_start+208) (BuildId: 50118287324a156bc7be11d3d940c7be)
09-22 14:29:40.986 26942 26949 I .games.boxbound:   native: #09 pc 0005cfa4  /apex/com.android.runtime/lib64/bionic/libc.so (__start_thread+68) (BuildId: 50118287324a156bc7be11d3d940c7be)
09-22 14:29:40.986 26942 26949 I .games.boxbound:   (no managed stack frames)
09-22 14:29:40.986 26942 26949 I .games.boxbound: 
09-22 14:29:40.986 26942 26949 I .games.boxbound: "binder:26942_2" prio=5 tid=15 Native
09-22 14:29:40.986 26942 26949 I .games.boxbound:   | group="main" sCount=1 ucsCount=0 flags=1 obj=0x12c03a58 self=0xb40000799d8441b0
09-22 14:29:40.986 26942 26949 I .games.boxbound:   | sysTid=26958 nice=0 cgrp=top-app sched=0/0 handle=0x7848b31cb0
09-22 14:29:40.986 26942 26949 I .games.boxbound:   | state=S schedstat=( 457398879 180441927 3901 ) utm=22 stm=23 core=2 HZ=100
09-22 14:29:40.986 26942 26949 I .games.boxbound:   | stack=0x7848a3a000-0x7848a3c000 stackSize=991KB
09-22 14:29:40.986 26942 26949 I .games.boxbound:   | held mutexes=
09-22 14:29:40.986 26942 26949 I .games.boxbound:   native: #00 pc 000aebbc  /apex/com.android.runtime/lib64/bionic/libc.so (__ioctl+12) (BuildId: 50118287324a156bc7be11d3d940c7be)
09-22 14:29:40.986 26942 26949 I .games.boxbound:   native: #01 pc 00065a58  /apex/com.android.runtime/lib64/bionic/libc.so (ioctl+160) (BuildId: 50118287324a156bc7be11d3d940c7be)
09-22 14:29:40.986 26942 26949 I .games.boxbound:   native: #02 pc 000603ec  /system/lib64/libbinder.so (android::IPCThreadState::talkWithDriver+284) (BuildId: 3676b6af8d34c3d700e9406fe3a4163b)
09-22 14:29:40.986 26942 26949 I .games.boxbound:   native: #03 pc 00060734  /system/lib64/libbinder.so (android::IPCThreadState::getAndExecuteCommand+28) (BuildId: 3676b6af8d34c3d700e9406fe3a4163b)
09-22 14:29:40.986 26942 26949 I .games.boxbound:   native: #04 pc 00061130  /system/lib64/libbinder.so (android::IPCThreadState::joinThreadPool+116) (BuildId: 3676b6af8d34c3d700e9406fe3a4163b)
09-22 14:29:40.986 26942 26949 I .games.boxbound:   native: #05 pc 0006ad34  /system/lib64/libbinder.so (android::PoolThread::threadLoop+28) (BuildId: 3676b6af8d34c3d700e9406fe3a4163b)
09-22 14:29:40.986 26942 26949 I .games.boxbound:   native: #06 pc 000142d0  /system/lib64/libutils.so (android::Thread::_threadLoop+288) (BuildId: 6df8048e2f2c69be0a5d8ee3149d683d)
09-22 14:29:40.986 26942 26949 I .games.boxbound:   native: #07 pc 000ecc40  /system/lib64/libandroid_runtime.so (android::AndroidRuntime::javaThreadShell+144) (BuildId: 8655dc3372beccc71df2c96153cd41b4)
09-22 14:29:40.986 26942 26949 I .games.boxbound:   native: #08 pc 000c3644  /apex/com.android.runtime/lib64/bionic/libc.so (__pthread_start+208) (BuildId: 50118287324a156bc7be11d3d940c7be)
09-22 14:29:40.986 26942 26949 I .games.boxbound:   native: #09 pc 0005cfa4  /apex/com.android.runtime/lib64/bionic/libc.so (__start_thread+68) (BuildId: 50118287324a156bc7be11d3d940c7be)
09-22 14:29:40.986 26942 26949 I .games.boxbound:   (no managed stack frames)
09-22 14:29:40.986 26942 26949 I .games.boxbound: 
09-22 14:29:40.986 26942 26949 I .games.boxbound: "binder:26942_3" prio=5 tid=16 Native
09-22 14:29:40.986 26942 26949 I .games.boxbound:   | group="main" sCount=1 ucsCount=0 flags=1 obj=0x12c07c28 self=0xb40000799d840a10
09-22 14:29:40.986 26942 26949 I .games.boxbound:   | sysTid=26960 nice=0 cgrp=top-app sched=0/0 handle=0x7847a33cb0
09-22 14:29:40.986 26942 26949 I .games.boxbound:   | state=S schedstat=( 3771409 14334791 48 ) utm=0 stm=0 core=6 HZ=100
09-22 14:29:40.986 26942 26949 I .games.boxbound:   | stack=0x784793c000-0x784793e000 stackSize=991KB
09-22 14:29:40.986 26942 26949 I .games.boxbound:   | held mutexes=
09-22 14:29:40.986 26942 26949 I .games.boxbound:   native: #00 pc 000aebbc  /apex/com.android.runtime/lib64/bionic/libc.so (__ioctl+12) (BuildId: 50118287324a156bc7be11d3d940c7be)
09-22 14:29:40.986 26942 26949 I .games.boxbound:   native: #01 pc 00065a58  /apex/com.android.runtime/lib64/bionic/libc.so (ioctl+160) (BuildId: 50118287324a156bc7be11d3d940c7be)
09-22 14:29:40.986 26942 26949 I .games.boxbound:   native: #02 pc 000603ec  /system/lib64/libbinder.so (android::IPCThreadState::talkWithDriver+284) (BuildId: 3676b6af8d34c3d700e9406fe3a4163b)
09-22 14:29:40.986 26942 26949 I .games.boxbound:   native: #03 pc 00060734  /system/lib64/libbinder.so (android::IPCThreadState::getAndExecuteCommand+28) (BuildId: 3676b6af8d34c3d700e9406fe3a4163b)
09-22 14:29:40.986 26942 26949 I .games.boxbound:   native: #04 pc 00061130  /system/lib64/libbinder.so (android::IPCThreadState::joinThreadPool+116) (BuildId: 3676b6af8d34c3d700e9406fe3a4163b)
09-22 14:29:40.986 26942 26949 I .games.boxbound:   native: #05 pc 0006ad34  /system/lib64/libbinder.so (android::PoolThread::threadLoop+28) (BuildId: 3676b6af8d34c3d700e9406fe3a4163b)
09-22 14:29:40.986 26942 26949 I .games.boxbound:   native: #06 pc 000142d0  /system/lib64/libutils.so (android::Thread::_threadLoop+288) (BuildId: 6df8048e2f2c69be0a5d8ee3149d683d)
09-22 14:29:40.986 26942 26949 I .games.boxbound:   native: #07 pc 000ecc40  /system/lib64/libandroid_runtime.so (android::AndroidRuntime::javaThreadShell+144) (BuildId: 8655dc3372beccc71df2c96153cd41b4)
09-22 14:29:40.986 26942 26949 I .games.boxbound:   native: #08 pc 000c3644  /apex/com.android.runtime/lib64/bionic/libc.so (__pthread_start+208) (BuildId: 50118287324a156bc7be11d3d940c7be)
09-22 14:29:40.986 26942 26949 I .games.boxbound:   native: #09 pc 0005cfa4  /apex/com.android.runtime/lib64/bionic/libc.so (__start_thread+68) (BuildId: 50118287324a156bc7be11d3d940c7be)
09-22 14:29:40.986 26942 26949 I .games.boxbound:   (no managed stack frames)
09-22 14:29:40.986 26942 26949 I .games.boxbound: 
09-22 14:29:40.986 26942 26949 I .games.boxbound: "Profile Saver" daemon prio=5 tid=17 Native
09-22 14:29:40.986 26942 26949 I .games.boxbound:   | group="system" sCount=1 ucsCount=0 flags=1 obj=0x12c0c3a0 self=0xb40000799d845d80
09-22 14:29:40.986 26942 26949 I .games.boxbound:   | sysTid=26962 nice=9 cgrp=top-app sched=0/0 handle=0x78458fccb0
09-22 14:29:40.986 26942 26949 I .games.boxbound:   | state=S schedstat=( 59859163 2635311 21 ) utm=5 stm=0 core=6 HZ=100
09-22 14:29:40.986 26942 26949 I .games.boxbound:   | stack=0x7845805000-0x7845807000 stackSize=991KB
09-22 14:29:40.986 26942 26949 I .games.boxbound:   | held mutexes=
09-22 14:29:40.986 26942 26949 I .games.boxbound:   native: #00 pc 00057840  /apex/com.android.runtime/lib64/bionic/libc.so (syscall+32) (BuildId: 50118287324a156bc7be11d3d940c7be)
09-22 14:29:40.986 26942 26949 I .games.boxbound:   native: #01 pc 0025e3a8  /apex/com.android.art/lib64/libart.so (art::ConditionVariable::WaitHoldingLocks+144) (BuildId: 2a2e2726f12ce70bfbb5ea2dca129917)
09-22 14:29:40.986 26942 26949 I .games.boxbound:   native: #02 pc 0041e444  /apex/com.android.art/lib64/libart.so (art::ProfileSaver::Run+616) (BuildId: 2a2e2726f12ce70bfbb5ea2dca129917)
09-22 14:29:40.986 26942 26949 I .games.boxbound:   native: #03 pc 004235e4  /apex/com.android.art/lib64/libart.so (art::ProfileSaver::RunProfileSaverThread+184) (BuildId: 2a2e2726f12ce70bfbb5ea2dca129917)
09-22 14:29:40.986 26942 26949 I .games.boxbound:   native: #04 pc 000c3644  /apex/com.android.runtime/lib64/bionic/libc.so (__pthread_start+208) (BuildId: 50118287324a156bc7be11d3d940c7be)
09-22 14:29:40.986 26942 26949 I .games.boxbound:   native: #05 pc 0005cfa4  /apex/com.android.runtime/lib64/bionic/libc.so (__start_thread+68) (BuildId: 50118287324a156bc7be11d3d940c7be)
09-22 14:29:40.986 26942 26949 I .games.boxbound:   (no managed stack frames)
09-22 14:29:40.986 26942 26949 I .games.boxbound: 
09-22 14:29:40.986 26942 26949 I .games.boxbound: "AsyncTask #2" prio=5 tid=18 Waiting
09-22 14:29:40.986 26942 26949 I .games.boxbound:   | group="main" sCount=1 ucsCount=0 flags=1 obj=0x12d9f090 self=0xb40000799d85c710
09-22 14:29:40.986 26942 26949 I .games.boxbound:   | sysTid=29424 nice=10 cgrp=top-app sched=0/0 handle=0x7771555cb0
09-22 14:29:40.986 26942 26949 I .games.boxbound:   | state=S schedstat=( 457395 153022 6 ) utm=0 stm=0 core=4 HZ=100
09-22 14:29:40.986 26942 26949 I .games.boxbound:   | stack=0x7771452000-0x7771454000 stackSize=1039KB
09-22 14:29:40.986 26942 26949 I .games.boxbound:   | held mutexes=
09-22 14:29:40.986 26942 26949 I .games.boxbound:   at jdk.internal.misc.Unsafe.park(Native method)
09-22 14:29:40.986 26942 26949 I .games.boxbound:   - waiting on an unknown object
09-22 14:29:40.986 26942 26949 I .games.boxbound:   at java.util.concurrent.locks.LockSupport.park(LockSupport.java:341)
09-22 14:29:40.986 26942 26949 I .games.boxbound:   at java.util.concurrent.locks.AbstractQueuedSynchronizer$ConditionNode.block(AbstractQueuedSynchronizer.java:506)
09-22 14:29:40.986 26942 26949 I .games.boxbound:   at java.util.concurrent.ForkJoinPool.unmanagedBlock(ForkJoinPool.java:3466)
09-22 14:29:40.986 26942 26949 I .games.boxbound:   at java.util.concurrent.ForkJoinPool.managedBlock(ForkJoinPool.java:3437)
09-22 14:29:40.986 26942 26949 I .games.boxbound:   at java.util.concurrent.locks.AbstractQueuedSynchronizer$ConditionObject.await(AbstractQueuedSynchronizer.java:1623)
09-22 14:29:40.986 26942 26949 I .games.boxbound:   at java.util.concurrent.LinkedBlockingQueue.take(LinkedBlockingQueue.java:435)
09-22 14:29:40.986 26942 26949 I .games.boxbound:   at java.util.concurrent.ThreadPoolExecutor.getTask(ThreadPoolExecutor.java:1071)
09-22 14:29:40.986 26942 26949 I .games.boxbound:   at java.util.concurrent.ThreadPoolExecutor.runWorker(ThreadPoolExecutor.java:1131)
09-22 14:29:40.986 26942 26949 I .games.boxbound:   at java.util.concurrent.ThreadPoolExecutor$Worker.run(ThreadPoolExecutor.java:644)
09-22 14:29:40.986 26942 26949 I .games.boxbound:   at java.lang.Thread.run(Thread.java:1012)
09-22 14:29:40.986 26942 26949 I .games.boxbound: 
09-22 14:29:40.986 26942 26949 I .games.boxbound: "Livesync Server Thread" prio=5 tid=19 Native
09-22 14:29:40.986 26942 26949 I .games.boxbound:   | group="main" sCount=1 ucsCount=0 flags=1 obj=0x12c3e920 self=0xb40000799d84e890
09-22 14:29:40.986 26942 26949 I .games.boxbound:   | sysTid=26976 nice=0 cgrp=top-app sched=0/0 handle=0x77b85eecb0
09-22 14:29:40.986 26942 26949 I .games.boxbound:   | state=S schedstat=( 362762 0 1 ) utm=0 stm=0 core=7 HZ=100
09-22 14:29:40.986 26942 26949 I .games.boxbound:   | stack=0x77b84eb000-0x77b84ed000 stackSize=1039KB
09-22 14:29:40.986 26942 26949 I .games.boxbound:   | held mutexes=
09-22 14:29:40.986 26942 26949 I .games.boxbound:   native: #00 pc 000af698  /apex/com.android.runtime/lib64/bionic/libc.so (__accept4+8) (BuildId: 50118287324a156bc7be11d3d940c7be)
09-22 14:29:40.986 26942 26949 I .games.boxbound:   native: #01 pc 000046a0  /system/lib64/libnetd_client.so ((anonymous namespace)::netdClientAccept4 +76) (BuildId: 9331bf55530aed6ab82e4b43b5580976)
09-22 14:29:40.986 26942 26949 I .games.boxbound:   native: #02 pc 0005b1c4  /apex/com.android.runtime/lib64/bionic/libc.so (accept4+48) (BuildId: 50118287324a156bc7be11d3d940c7be)
09-22 14:29:40.986 26942 26949 I .games.boxbound:   native: #03 pc 00025d44  /apex/com.android.art/lib64/libjavacore.so (Linux_accept+176) (BuildId: 15aa8dd467002bc192770169edc3c722)
09-22 14:29:40.986 26942 26949 I .games.boxbound:   native: #04 pc 00227430  /apex/com.android.art/lib64/libart.so (art_quick_generic_jni_trampoline+144) (BuildId: 2a2e2726f12ce70bfbb5ea2dca129917)
09-22 14:29:40.986 26942 26949 I .games.boxbound:   native: #05 pc 002109a4  /apex/com.android.art/lib64/libart.so (art_quick_invoke_stub+612) (BuildId: 2a2e2726f12ce70bfbb5ea2dca129917)
09-22 14:29:40.986 26942 26949 I .games.boxbound:   native: #06 pc 002546a0  /apex/com.android.art/lib64/libart.so (art::ArtMethod::Invoke+176) (BuildId: 2a2e2726f12ce70bfbb5ea2dca129917)
09-22 14:29:40.986 26942 26949 I .games.boxbound:   native: #07 pc 003db328  /apex/com.android.art/lib64/libart.so (bool art::interpreter::DoCall<false>+1788) (BuildId: 2a2e2726f12ce70bfbb5ea2dca129917)
09-22 14:29:40.986 26942 26949 I .games.boxbound:   native: #08 pc 00230a58  /apex/com.android.art/lib64/libart.so (void art::interpreter::ExecuteSwitchImplCpp<false>+14012) (BuildId: 2a2e2726f12ce70bfbb5ea2dca129917)
09-22 14:29:40.986 26942 26949 I .games.boxbound:   native: #09 pc 00229bd8  /apex/com.android.art/lib64/libart.so (ExecuteSwitchImplAsm+8) (BuildId: 2a2e2726f12ce70bfbb5ea2dca129917)
09-22 14:29:40.986 26942 26949 I .games.boxbound:   native: #10 pc 00037830  /apex/com.android.art/javalib/core-libart.jar (libcore.io.ForwardingOs.accept)
09-22 14:29:40.986 26942 26949 I .games.boxbound:   native: #11 pc 003d3dec  /apex/com.android.art/lib64/libart.so (art::interpreter::Execute +452) (BuildId: 2a2e2726f12ce70bfbb5ea2dca129917)
09-22 14:29:40.986 26942 26949 I .games.boxbound:   native: #12 pc 003da78c  /apex/com.android.art/lib64/libart.so (art::interpreter::ArtInterpreterToInterpreterBridge+104) (BuildId: 2a2e2726f12ce70bfbb5ea2dca129917)
09-22 14:29:40.986 26942 26949 I .games.boxbound:   native: #13 pc 003db30c  /apex/com.android.art/lib64/libart.so (bool art::interpreter::DoCall<false>+1760) (BuildId: 2a2e2726f12ce70bfbb5ea2dca129917)
09-22 14:29:40.986 26942 26949 I .games.boxbound:   native: #14 pc 00230a58  /apex/com.android.art/lib64/libart.so (void art::interpreter::ExecuteSwitchImplCpp<false>+14012) (BuildId: 2a2e2726f12ce70bfbb5ea2dca129917)
09-22 14:29:40.986 26942 26949 I .games.boxbound:   native: #15 pc 00229bd8  /apex/com.android.art/lib64/libart.so (ExecuteSwitchImplAsm+8) (BuildId: 2a2e2726f12ce70bfbb5ea2dca129917)
09-22 14:29:40.986 26942 26949 I .games.boxbound:   native: #16 pc 00036514  /apex/com.android.art/javalib/core-libart.jar (libcore.io.BlockGuardOs.accept)
09-22 14:29:40.986 26942 26949 I .games.boxbound:   native: #17 pc 003d3dec  /apex/com.android.art/lib64/libart.so (art::interpreter::Execute +452) (BuildId: 2a2e2726f12ce70bfbb5ea2dca129917)
09-22 14:29:40.986 26942 26949 I .games.boxbound:   native: #18 pc 003da78c  /apex/com.android.art/lib64/libart.so (art::interpreter::ArtInterpreterToInterpreterBridge+104) (BuildId: 2a2e2726f12ce70bfbb5ea2dca129917)
09-22 14:29:40.986 26942 26949 I .games.boxbound:   native: #19 pc 003db30c  /apex/com.android.art/lib64/libart.so (bool art::interpreter::DoCall<false>+1760) (BuildId: 2a2e2726f12ce70bfbb5ea2dca129917)
09-22 14:29:40.986 26942 26949 I .games.boxbound:   native: #20 pc 00230a58  /apex/com.android.art/lib64/libart.so (void art::interpreter::ExecuteSwitchImplCpp<false>+14012) (BuildId: 2a2e2726f12ce70bfbb5ea2dca129917)
09-22 14:29:40.986 26942 26949 I .games.boxbound:   native: #21 pc 00229bd8  /apex/com.android.art/lib64/libart.so (ExecuteSwitchImplAsm+8) (BuildId: 2a2e2726f12ce70bfbb5ea2dca129917)
09-22 14:29:40.986 26942 26949 I .games.boxbound:   native: #22 pc 00037830  /apex/com.android.art/javalib/core-libart.jar (libcore.io.ForwardingOs.accept)
09-22 14:29:40.986 26942 26949 I .games.boxbound:   native: #23 pc 003d3dec  /apex/com.android.art/lib64/libart.so (art::interpreter::Execute +452) (BuildId: 2a2e2726f12ce70bfbb5ea2dca129917)
09-22 14:29:40.986 26942 26949 I .games.boxbound:   native: #24 pc 003da78c  /apex/com.android.art/lib64/libart.so (art::interpreter::ArtInterpreterToInterpreterBridge+104) (BuildId: 2a2e2726f12ce70bfbb5ea2dca129917)
09-22 14:29:40.986 26942 26949 I .games.boxbound:   native: #25 pc 003db30c  /apex/com.android.art/lib64/libart.so (bool art::interpreter::DoCall<false>+1760) (BuildId: 2a2e2726f12ce70bfbb5ea2dca129917)
09-22 14:29:40.986 26942 26949 I .games.boxbound:   native: #26 pc 00230a58  /apex/com.android.art/lib64/libart.so (void art::interpreter::ExecuteSwitchImplCpp<false>+14012) (BuildId: 2a2e2726f12ce70bfbb5ea2dca129917)
09-22 14:29:40.986 26942 26949 I .games.boxbound:   native: #27 pc 00229bd8  /apex/com.android.art/lib64/libart.so (ExecuteSwitchImplAsm+8) (BuildId: 2a2e2726f12ce70bfbb5ea2dca129917)
09-22 14:29:40.986 26942 26949 I .games.boxbound:   native: #28 pc 00020110  /apex/com.android.art/javalib/core-libart.jar (android.system.Os.accept)
09-22 14:29:40.986 26942 26949 I .games.boxbound:   native: #29 pc 003d3dec  /apex/com.android.art/lib64/libart.so (art::interpreter::Execute +452) (BuildId: 2a2e2726f12ce70bfbb5ea2dca129917)
09-22 14:29:40.986 26942 26949 I .games.boxbound:   native: #30 pc 003da78c  /apex/com.android.art/lib64/libart.so (art::interpreter::ArtInterpreterToInterpreterBridge+104) (BuildId: 2a2e2726f12ce70bfbb5ea2dca129917)
09-22 14:29:40.986 26942 26949 I .games.boxbound:   native: #31 pc 003db30c  /apex/com.android.art/lib64/libart.so (bool art::interpreter::DoCall<false>+1760) (BuildId: 2a2e2726f12ce70bfbb5ea2dca129917)
09-22 14:29:40.986 26942 26949 I .games.boxbound:   native: #32 pc 00230cec  /apex/com.android.art/lib64/libart.so (void art::interpreter::ExecuteSwitchImplCpp<false>+14672) (BuildId: 2a2e2726f12ce70bfbb5ea2dca129917)
09-22 14:29:40.986 26942 26949 I .games.boxbound:   native: #33 pc 00229bd8  /apex/com.android.art/lib64/libart.so (ExecuteSwitchImplAsm+8) (BuildId: 2a2e2726f12ce70bfbb5ea2dca129917)
09-22 14:29:40.986 26942 26949 I .games.boxbound:   native: #34 pc 000200f4  /apex/com.android.art/javalib/core-libart.jar (android.system.Os.accept)
09-22 14:29:40.986 26942 26949 I .games.boxbound:   native: #35 pc 003d3dec  /apex/com.android.art/lib64/libart.so (art::interpreter::Execute +452) (BuildId: 2a2e2726f12ce70bfbb5ea2dca129917)
09-22 14:29:40.986 26942 26949 I .games.boxbound:   native: #36 pc 003da78c  /apex/com.android.art/lib64/libart.so (art::interpreter::ArtInterpreterToInterpreterBridge+104) (BuildId: 2a2e2726f12ce70bfbb5ea2dca129917)
09-22 14:29:40.986 26942 26949 I .games.boxbound:   native: #37 pc 003db30c  /apex/com.android.art/lib64/libart.so (bool art::interpreter::DoCall<false>+1760) (BuildId: 2a2e2726f12ce70bfbb5ea2dca129917)
09-22 14:29:40.986 26942 26949 I .games.boxbound:   native: #38 pc 00230cec  /apex/com.android.art/lib64/libart.so (void art::interpreter::ExecuteSwitchImplCpp<false>+14672) (BuildId: 2a2e2726f12ce70bfbb5ea2dca129917)
09-22 14:29:40.986 26942 26949 I .games.boxbound:   native: #39 pc 00229bd8  /apex/com.android.art/lib64/libart.so (ExecuteSwitchImplAsm+8) (BuildId: 2a2e2726f12ce70bfbb5ea2dca129917)
09-22 14:29:40.986 26942 26949 I .games.boxbound:   native: #40 pc 00511934  /system/framework/framework.jar (android.net.LocalSocketImpl.accept)
09-22 14:29:40.986 26942 26949 I .games.boxbound:   native: #41 pc 003d3dec  /apex/com.android.art/lib64/libart.so (art::interpreter::Execute +452) (BuildId: 2a2e2726f12ce70bfbb5ea2dca129917)
09-22 14:29:40.986 26942 26949 I .games.boxbound:   native: #42 pc 003da78c  /apex/com.android.art/lib64/libart.so (art::interpreter::ArtInterpreterToInterpreterBridge+104) (BuildId: 2a2e2726f12ce70bfbb5ea2dca129917)
09-22 14:29:40.986 26942 26949 I .games.boxbound:   native: #43 pc 003db30c  /apex/com.android.art/lib64/libart.so (bool art::interpreter::DoCall<false>+1760) (BuildId: 2a2e2726f12ce70bfbb5ea2dca129917)
09-22 14:29:40.986 26942 26949 I .games.boxbound:   native: #44 pc 00230a58  /apex/com.android.art/lib64/libart.so (void art::interpreter::ExecuteSwitchImplCpp<false>+14012) (BuildId: 2a2e2726f12ce70bfbb5ea2dca129917)
09-22 14:29:40.986 26942 26949 I .games.boxbound:   native: #45 pc 00229bd8  /apex/com.android.art/lib64/libart.so (ExecuteSwitchImplAsm+8) (BuildId: 2a2e2726f12ce70bfbb5ea2dca129917)
09-22 14:29:40.986 26942 26949 I .games.boxbound:   native: #46 pc 00510f54  /system/framework/framework.jar (android.net.LocalServerSocket.accept)
09-22 14:29:40.986 26942 26949 I .games.boxbound:   native: #47 pc 003d3dec  /apex/com.android.art/lib64/libart.so (art::interpreter::Execute +452) (BuildId: 2a2e2726f12ce70bfbb5ea2dca129917)
09-22 14:29:40.986 26942 26949 I .games.boxbound:   native: #48 pc 003da78c  /apex/com.android.art/lib64/libart.so (art::interpreter::ArtInterpreterToInterpreterBridge+104) (BuildId: 2a2e2726f12ce70bfbb5ea2dca129917)
09-22 14:29:40.986 26942 26949 I .games.boxbound:   native: #49 pc 003db30c  /apex/com.android.art/lib64/libart.so (bool art::interpreter::DoCall<false>+1760) (BuildId: 2a2e2726f12ce70bfbb5ea2dca129917)
09-22 14:29:40.986 26942 26949 I .games.boxbound:   native: #50 pc 00230a58  /apex/com.android.art/lib64/libart.so (void art::interpreter::ExecuteSwitchImplCpp<false>+14012) (BuildId: 2a2e2726f12ce70bfbb5ea2dca129917)
09-22 14:29:40.986 26942 26949 I .games.boxbound:   native: #51 pc 00229bd8  /apex/com.android.art/lib64/libart.so (ExecuteSwitchImplAsm+8) (BuildId: 2a2e2726f12ce70bfbb5ea2dca129917)
09-22 14:29:40.986 26942 26949 I .games.boxbound:   native: #52 pc 00007228  [anon:dalvik-classes6.dex extracted in memory from /data/app/~~Ywh_mGj70MtUB9hZLQ9a5w==/org.haiyue.games.boxbound-oGOu0-CckDlCAoq00u4uHg==/base.apk!classes6.dex] (com.tns.NativeScriptSyncServiceSocketImpl$LocalServerSocketThread.run)
09-22 14:29:40.986 26942 26949 I .games.boxbound:   native: #53 pc 003d3dec  /apex/com.android.art/lib64/libart.so (art::interpreter::Execute +452) (BuildId: 2a2e2726f12ce70bfbb5ea2dca129917)
09-22 14:29:40.986 26942 26949 I .games.boxbound:   native: #54 pc 003da78c  /apex/com.android.art/lib64/libart.so (art::interpreter::ArtInterpreterToInterpreterBridge+104) (BuildId: 2a2e2726f12ce70bfbb5ea2dca129917)
09-22 14:29:40.986 26942 26949 I .games.boxbound:   native: #55 pc 003db30c  /apex/com.android.art/lib64/libart.so (bool art::interpreter::DoCall<false>+1760) (BuildId: 2a2e2726f12ce70bfbb5ea2dca129917)
09-22 14:29:40.986 26942 26949 I .games.boxbound:   native: #56 pc 00230a58  /apex/com.android.art/lib64/libart.so (void art::interpreter::ExecuteSwitchImplCpp<false>+14012) (BuildId: 2a2e2726f12ce70bfbb5ea2dca129917)
09-22 14:29:40.986 26942 26949 I .games.boxbound:   native: #57 pc 00229bd8  /apex/com.android.art/lib64/libart.so (ExecuteSwitchImplAsm+8) (BuildId: 2a2e2726f12ce70bfbb5ea2dca129917)
09-22 14:29:40.986 26942 26949 I .games.boxbound:   native: #58 pc 0010ee6c  /apex/com.android.art/javalib/core-oj.jar (java.lang.Thread.run)
09-22 14:29:40.986 26942 26949 I .games.boxbound:   native: #59 pc 003d3dec  /apex/com.android.art/lib64/libart.so (art::interpreter::Execute +452) (BuildId: 2a2e2726f12ce70bfbb5ea2dca129917)
09-22 14:29:40.986 26942 26949 I .games.boxbound:   native: #60 pc 0073da50  /apex/com.android.art/lib64/libart.so (artQuickToInterpreterBridge+668) (BuildId: 2a2e2726f12ce70bfbb5ea2dca129917)
09-22 14:29:40.986 26942 26949 I .games.boxbound:   native: #61 pc 00227568  /apex/com.android.art/lib64/libart.so (art_quick_to_interpreter_bridge+88) (BuildId: 2a2e2726f12ce70bfbb5ea2dca129917)
09-22 14:29:40.986 26942 26949 I .games.boxbound:   native: #62 pc 002109a4  /apex/com.android.art/lib64/libart.so (art_quick_invoke_stub+612) (BuildId: 2a2e2726f12ce70bfbb5ea2dca129917)
09-22 14:29:40.986 26942 26949 I .games.boxbound:   native: #63 pc 002546a0  /apex/com.android.art/lib64/libart.so (art::ArtMethod::Invoke+176) (BuildId: 2a2e2726f12ce70bfbb5ea2dca129917)
09-22 14:29:40.986 26942 26949 I .games.boxbound:   native: #64 pc 0067e1d4  /apex/com.android.art/lib64/libart.so (art::Thread::CreateCallback+1408) (BuildId: 2a2e2726f12ce70bfbb5ea2dca129917)
09-22 14:29:40.986 26942 26949 I .games.boxbound:   native: #65 pc 0067dc40  /apex/com.android.art/lib64/libart.so (art::Thread::CreateCallbackWithUffdGc+12) (BuildId: 2a2e2726f12ce70bfbb5ea2dca129917)
09-22 14:29:40.986 26942 26949 I .games.boxbound:   native: #66 pc 000c3644  /apex/com.android.runtime/lib64/bionic/libc.so (__pthread_start+208) (BuildId: 50118287324a156bc7be11d3d940c7be)
09-22 14:29:40.986 26942 26949 I .games.boxbound:   native: #67 pc 0005cfa4  /apex/com.android.runtime/lib64/bionic/libc.so (__start_thread+68) (BuildId: 50118287324a156bc7be11d3d940c7be)
09-22 14:29:40.986 26942 26949 I .games.boxbound:   at libcore.io.Linux.accept(Native method)
09-22 14:29:40.986 26942 26949 I .games.boxbound:   at libcore.io.ForwardingOs.accept(ForwardingOs.java:91)
09-22 14:29:40.986 26942 26949 I .games.boxbound:   at libcore.io.BlockGuardOs.accept(BlockGuardOs.java:66)
09-22 14:29:40.986 26942 26949 I .games.boxbound:   at libcore.io.ForwardingOs.accept(ForwardingOs.java:91)
09-22 14:29:40.986 26942 26949 I .games.boxbound:   at android.system.Os.accept(Os.java:57)
09-22 14:29:40.986 26942 26949 I .games.boxbound:   at android.system.Os.accept(Os.java:51)
09-22 14:29:40.986 26942 26949 I .games.boxbound:   at android.net.LocalSocketImpl.accept(LocalSocketImpl.java:303)
09-22 14:29:40.986 26942 26949 I .games.boxbound:   at android.net.LocalServerSocket.accept(LocalServerSocket.java:93)
09-22 14:29:40.986 26942 26949 I .games.boxbound:   at com.tns.NativeScriptSyncServiceSocketImpl$LocalServerSocketThread.run(NativeScriptSyncServiceSocketImpl.java:62)
09-22 14:29:40.986 26942 26949 I .games.boxbound:   at java.lang.Thread.run(Thread.java:1012)
09-22 14:29:40.986 26942 26949 I .games.boxbound: 
09-22 14:29:40.986 26942 26949 I .games.boxbound: "RenderThread" daemon prio=7 tid=20 Native
09-22 14:29:40.986 26942 26949 I .games.boxbound:   | group="main" sCount=1 ucsCount=0 flags=1 obj=0x12c5fad0 self=0xb40000799d8557d0
09-22 14:29:40.986 26942 26949 I .games.boxbound:   | sysTid=26978 nice=-10 cgrp=top-app sched=0/0 handle=0x77b8322cb0
09-22 14:29:40.986 26942 26949 I .games.boxbound:   | state=S schedstat=( 8733587279 344425317 16712 ) utm=609 stm=264 core=0 HZ=100
09-22 14:29:40.986 26942 26949 I .games.boxbound:   | stack=0x77b822b000-0x77b822d000 stackSize=991KB
09-22 14:29:40.986 26942 26949 I .games.boxbound:   | held mutexes=
09-22 14:29:40.986 26942 26949 I .games.boxbound:   native: #00 pc 00057844  /apex/com.android.runtime/lib64/bionic/libc.so (syscall+36) (BuildId: 50118287324a156bc7be11d3d940c7be)
09-22 14:29:40.986 26942 26949 I .games.boxbound:   native: #01 pc 0005c4c0  /apex/com.android.runtime/lib64/bionic/libc.so (__futex_wait_ex+148) (BuildId: 50118287324a156bc7be11d3d940c7be)
09-22 14:29:40.986 26942 26949 I .games.boxbound:   native: #02 pc 000c298c  /apex/com.android.runtime/lib64/bionic/libc.so (pthread_cond_timedwait+140) (BuildId: 50118287324a156bc7be11d3d940c7be)
09-22 14:29:40.986 26942 26949 I .games.boxbound:   native: #03 pc 0005d104  /system/lib64/libc++.so (std::__1::condition_variable::__do_timed_wait+112) (BuildId: 3e4354695cf2fa8a0e4865a8855383a4)
09-22 14:29:40.986 26942 26949 I .games.boxbound:   native: #04 pc 00099864  /system/lib64/libgui.so (android::BufferQueueProducer::waitForFreeSlotThenRelock const+1116) (BuildId: 988be4e3f1a1d1dbe0152d5262c464ce)
09-22 14:29:40.986 26942 26949 I .games.boxbound:   native: #05 pc 00099b4c  /system/lib64/libgui.so (android::BufferQueueProducer::dequeueBuffer+584) (BuildId: 988be4e3f1a1d1dbe0152d5262c464ce)
09-22 14:29:40.986 26942 26949 I .games.boxbound:   native: #06 pc 000ee614  /system/lib64/libgui.so (android::Surface::dequeueBuffer+412) (BuildId: 988be4e3f1a1d1dbe0152d5262c464ce)
09-22 14:29:40.986 26942 26949 I .games.boxbound:   native: #07 pc 00296c60  /system/lib64/libhwui.so (android::uirenderer::renderthread::ReliableSurface::hook_dequeueBuffer+204) (BuildId: 8aeeac28aa477efe87951f97e0366067)
09-22 14:29:40.986 26942 26949 I .games.boxbound:   native: #08 pc 000eccf0  /system/lib64/libgui.so (android::Surface::hook_dequeueBuffer+96) (BuildId: 988be4e3f1a1d1dbe0152d5262c464ce)
09-22 14:29:40.986 26942 26949 I .games.boxbound:   native: #09 pc 00014ce8  /vendor/lib64/egl/eglSubDriverAndroid.so (???) (BuildId: 33626da534eb71a7ac2890a70610c079)
09-22 14:29:40.986 26942 26949 I .games.boxbound:   native: #10 pc 00013e50  /vendor/lib64/egl/eglSubDriverAndroid.so (???) (BuildId: 33626da534eb71a7ac2890a70610c079)
09-22 14:29:40.986 26942 26949 I .games.boxbound:   native: #11 pc 002d8c18  /vendor/lib64/egl/libGLESv2_adreno.so (!!!0000!c441fda5cce3b6ed49be7fa818989c!406382a20f!+144) (BuildId: 5f49525001c1a0fb6a09bb81f9e7a934)
09-22 14:29:40.986 26942 26949 I .games.boxbound:   native: #12 pc 001df24c  /vendor/lib64/egl/libGLESv2_adreno.so (!!!0000!1436743e2ecab4b7b4508b2d56cc67!406382a20f!+116) (BuildId: 5f49525001c1a0fb6a09bb81f9e7a934)
09-22 14:29:40.986 26942 26949 I .games.boxbound:   native: #13 pc 001de7a8  /vendor/lib64/egl/libGLESv2_adreno.so (!!!0000!c290b97fcf9059e9ebe30800178359!406382a20f!+712) (BuildId: 5f49525001c1a0fb6a09bb81f9e7a934)
09-22 14:29:40.986 26942 26949 I .games.boxbound:   native: #14 pc 00281818  /vendor/lib64/egl/libGLESv2_adreno.so (!!!0000!788a94b791f481718be1df9bbb4860!406382a20f!+2456) (BuildId: 5f49525001c1a0fb6a09bb81f9e7a934)
09-22 14:29:40.986 26942 26949 I .games.boxbound:   native: #15 pc 0038e548  /vendor/lib64/egl/libGLESv2_adreno.so (!!!0000!73616227b17af30cf97cb6b1578c04!406382a20f!+128) (BuildId: 5f49525001c1a0fb6a09bb81f9e7a934)
09-22 14:29:40.986 26942 26949 I .games.boxbound:   native: #16 pc 005fb644  /system/lib64/libhwui.so (GrGLGpu::beginCommandBuffer+576) (BuildId: 8aeeac28aa477efe87951f97e0366067)
09-22 14:29:40.986 26942 26949 I .games.boxbound:   native: #17 pc 0060746c  /system/lib64/libhwui.so (GrGLOpsRenderPass::onBegin+516) (BuildId: 8aeeac28aa477efe87951f97e0366067)
09-22 14:29:40.986 26942 26949 I .games.boxbound:   native: #18 pc 00649838  /system/lib64/libhwui.so (skgpu::v1::OpsTask::onExecute+580) (BuildId: 8aeeac28aa477efe87951f97e0366067)
09-22 14:29:40.986 26942 26949 I .games.boxbound:   native: #19 pc 0056e858  /system/lib64/libhwui.so (GrDrawingManager::flush+2304) (BuildId: 8aeeac28aa477efe87951f97e0366067)
09-22 14:29:40.986 26942 26949 I .games.boxbound:   native: #20 pc 0056ee20  /system/lib64/libhwui.so (GrDrawingManager::flushSurfaces+164) (BuildId: 8aeeac28aa477efe87951f97e0366067)
09-22 14:29:40.986 26942 26949 I .games.boxbound:   native: #21 pc 005685b8  /system/lib64/libhwui.so (GrDirectContextPriv::flushSurfaces+272) (BuildId: 8aeeac28aa477efe87951f97e0366067)
09-22 14:29:40.986 26942 26949 I .games.boxbound:   native: #22 pc 006a27ec  /system/lib64/libhwui.so (SkSurface_Gpu::onFlush+152) (BuildId: 8aeeac28aa477efe87951f97e0366067)
09-22 14:29:40.986 26942 26949 I .games.boxbound:   native: #23 pc 006a48e4  /system/lib64/libhwui.so (SkSurface::flushAndSubmit+76) (BuildId: 8aeeac28aa477efe87951f97e0366067)
09-22 14:29:40.986 26942 26949 I .games.boxbound:   native: #24 pc 00288c24  /system/lib64/libhwui.so (android::uirenderer::skiapipeline::SkiaOpenGLPipeline::draw+756) (BuildId: 8aeeac28aa477efe87951f97e0366067)
09-22 14:29:40.986 26942 26949 I .games.boxbound:   native: #25 pc 00291330  /system/lib64/libhwui.so (android::uirenderer::renderthread::CanvasContext::draw+820) (BuildId: 8aeeac28aa477efe87951f97e0366067)
09-22 14:29:40.986 26942 26949 I .games.boxbound:   native: #26 pc 002942c4  /system/lib64/libhwui.so (std::__1::__function::__func<android::uirenderer::renderthread::DrawFrameTask::postAndWait::$_0, std::__1::allocator<android::uirenderer::renderthread::DrawFrameTask::postAndWait::$_0>, void >::operator +1324) (BuildId: 8aeeac28aa477efe87951f97e0366067)
09-22 14:29:40.986 26942 26949 I .games.boxbound:   native: #27 pc 00282e80  /system/lib64/libhwui.so (android::uirenderer::WorkQueue::process+608) (BuildId: 8aeeac28aa477efe87951f97e0366067)
09-22 14:29:40.986 26942 26949 I .games.boxbound:   native: #28 pc 002a56d4  /system/lib64/libhwui.so (android::uirenderer::renderthread::RenderThread::threadLoop+408) (BuildId: 8aeeac28aa477efe87951f97e0366067)
09-22 14:29:40.986 26942 26949 I .games.boxbound:   native: #29 pc 000142d0  /system/lib64/libutils.so (android::Thread::_threadLoop+288) (BuildId: 6df8048e2f2c69be0a5d8ee3149d683d)
09-22 14:29:40.986 26942 26949 I .games.boxbound:   native: #30 pc 000c3644  /apex/com.android.runtime/lib64/bionic/libc.so (__pthread_start+208) (BuildId: 50118287324a156bc7be11d3d940c7be)
09-22 14:29:40.986 26942 26949 I .games.boxbound:   native: #31 pc 0005cfa4  /apex/com.android.runtime/lib64/bionic/libc.so (__start_thread+68) (BuildId: 50118287324a156bc7be11d3d940c7be)
09-22 14:29:40.986 26942 26949 I .games.boxbound:   (no managed stack frames)
09-22 14:29:40.986 26942 26949 I .games.boxbound: 
09-22 14:29:40.986 26942 26949 I .games.boxbound: "AsyncTask #1" prio=5 tid=21 Waiting
09-22 14:29:40.986 26942 26949 I .games.boxbound:   | group="main" sCount=1 ucsCount=0 flags=1 obj=0x12d14f48 self=0xb40000799d85ab40
09-22 14:29:40.986 26942 26949 I .games.boxbound:   | sysTid=26983 nice=10 cgrp=top-app sched=0/0 handle=0x77b8224cb0
09-22 14:29:40.986 26942 26949 I .games.boxbound:   | state=S schedstat=( 2260469 0 1 ) utm=0 stm=0 core=5 HZ=100
09-22 14:29:40.986 26942 26949 I .games.boxbound:   | stack=0x77b8121000-0x77b8123000 stackSize=1039KB
09-22 14:29:40.986 26942 26949 I .games.boxbound:   | held mutexes=
09-22 14:29:40.986 26942 26949 I .games.boxbound:   at jdk.internal.misc.Unsafe.park(Native method)
09-22 14:29:40.986 26942 26949 I .games.boxbound:   - waiting on an unknown object
09-22 14:29:40.986 26942 26949 I .games.boxbound:   at java.util.concurrent.locks.LockSupport.park(LockSupport.java:341)
09-22 14:29:40.986 26942 26949 I .games.boxbound:   at java.util.concurrent.locks.AbstractQueuedSynchronizer$ConditionNode.block(AbstractQueuedSynchronizer.java:506)
09-22 14:29:40.986 26942 26949 I .games.boxbound:   at java.util.concurrent.ForkJoinPool.unmanagedBlock(ForkJoinPool.java:3466)
09-22 14:29:40.986 26942 26949 I .games.boxbound:   at java.util.concurrent.ForkJoinPool.managedBlock(ForkJoinPool.java:3437)
09-22 14:29:40.986 26942 26949 I .games.boxbound:   at java.util.concurrent.locks.AbstractQueuedSynchronizer$ConditionObject.await(AbstractQueuedSynchronizer.java:1623)
09-22 14:29:40.986 26942 26949 I .games.boxbound:   at java.util.concurrent.LinkedBlockingQueue.take(LinkedBlockingQueue.java:435)
09-22 14:29:40.986 26942 26949 I .games.boxbound:   at java.util.concurrent.ThreadPoolExecutor.getTask(ThreadPoolExecutor.java:1071)
09-22 14:29:40.986 26942 26949 I .games.boxbound:   at java.util.concurrent.ThreadPoolExecutor.runWorker(ThreadPoolExecutor.java:1131)
09-22 14:29:40.986 26942 26949 I .games.boxbound:   at java.util.concurrent.ThreadPoolExecutor$Worker.run(ThreadPoolExecutor.java:644)
09-22 14:29:40.986 26942 26949 I .games.boxbound:   at java.lang.Thread.run(Thread.java:1012)
09-22 14:29:40.986 26942 26949 I .games.boxbound: "SurfaceSyncGroupTimer" prio=5 tid=22 Native
09-22 14:29:40.986 26942 26949 I .games.boxbound:   | group="main" sCount=1 ucsCount=0 flags=1 obj=0x12d40cc8 self=0xb40000799d863650
09-22 14:29:40.986 26942 26949 I .games.boxbound:   | sysTid=26995 nice=0 cgrp=top-app sched=0/0 handle=0x77a5184cb0
09-22 14:29:40.986 26942 26949 I .games.boxbound:   | state=S schedstat=( 886510 3578021 13 ) utm=0 stm=0 core=2 HZ=100
09-22 14:29:40.986 26942 26949 I .games.boxbound:   | stack=0x77a5081000-0x77a5083000 stackSize=1039KB
09-22 14:29:40.986 26942 26949 I .games.boxbound:   | held mutexes=
09-22 14:29:40.986 26942 26949 I .games.boxbound:   native: #00 pc 000afb7c  /apex/com.android.runtime/lib64/bionic/libc.so (__epoll_pwait+12) (BuildId: 50118287324a156bc7be11d3d940c7be)
09-22 14:29:40.986 26942 26949 I .games.boxbound:   native: #01 pc 00018748  /system/lib64/libutils.so (android::Looper::pollInner+192) (BuildId: 6df8048e2f2c69be0a5d8ee3149d683d)
09-22 14:29:40.986 26942 26949 I .games.boxbound:   native: #02 pc 00018624  /system/lib64/libutils.so (android::Looper::pollOnce+124) (BuildId: 6df8048e2f2c69be0a5d8ee3149d683d)
09-22 14:29:40.986 26942 26949 I .games.boxbound:   native: #03 pc 00187e1c  /system/lib64/libandroid_runtime.so (android::android_os_MessageQueue_nativePollOnce+48) (BuildId: 8655dc3372beccc71df2c96153cd41b4)
09-22 14:29:40.986 26942 26949 I .games.boxbound:   native: #04 pc 00227430  /apex/com.android.art/lib64/libart.so (art_quick_generic_jni_trampoline+144) (BuildId: 2a2e2726f12ce70bfbb5ea2dca129917)
09-22 14:29:40.986 26942 26949 I .games.boxbound:   native: #05 pc 0201036c  /memfd:jit-cache (deleted) (offset 2000000) (android.os.MessageQueue.next+252)
09-22 14:29:40.986 26942 26949 I .games.boxbound:   native: #06 pc 00210d10  /apex/com.android.art/lib64/libart.so (art_quick_osr_stub+64) (BuildId: 2a2e2726f12ce70bfbb5ea2dca129917)
09-22 14:29:40.986 26942 26949 I .games.boxbound:   native: #07 pc 004083c4  /apex/com.android.art/lib64/libart.so (art::jit::Jit::MaybeDoOnStackReplacement+400) (BuildId: 2a2e2726f12ce70bfbb5ea2dca129917)
09-22 14:29:40.986 26942 26949 I .games.boxbound:   native: #08 pc 0022ec34  /apex/com.android.art/lib64/libart.so (void art::interpreter::ExecuteSwitchImplCpp<false>+6296) (BuildId: 2a2e2726f12ce70bfbb5ea2dca129917)
09-22 14:29:40.986 26942 26949 I .games.boxbound:   native: #09 pc 00229bd8  /apex/com.android.art/lib64/libart.so (ExecuteSwitchImplAsm+8) (BuildId: 2a2e2726f12ce70bfbb5ea2dca129917)
09-22 14:29:40.986 26942 26949 I .games.boxbound:   native: #10 pc 00207080  /system/framework/framework.jar (android.os.MessageQueue.next)
09-22 14:29:40.986 26942 26949 I .games.boxbound:   native: #11 pc 003d3dec  /apex/com.android.art/lib64/libart.so (art::interpreter::Execute +452) (BuildId: 2a2e2726f12ce70bfbb5ea2dca129917)
09-22 14:29:40.986 26942 26949 I .games.boxbound:   native: #12 pc 003da78c  /apex/com.android.art/lib64/libart.so (art::interpreter::ArtInterpreterToInterpreterBridge+104) (BuildId: 2a2e2726f12ce70bfbb5ea2dca129917)
09-22 14:29:40.986 26942 26949 I .games.boxbound:   native: #13 pc 003db30c  /apex/com.android.art/lib64/libart.so (bool art::interpreter::DoCall<false>+1760) (BuildId: 2a2e2726f12ce70bfbb5ea2dca129917)
09-22 14:29:40.986 26942 26949 I .games.boxbound:   native: #14 pc 00230a58  /apex/com.android.art/lib64/libart.so (void art::interpreter::ExecuteSwitchImplCpp<false>+14012) (BuildId: 2a2e2726f12ce70bfbb5ea2dca129917)
09-22 14:29:40.986 26942 26949 I .games.boxbound:   native: #15 pc 00229bd8  /apex/com.android.art/lib64/libart.so (ExecuteSwitchImplAsm+8) (BuildId: 2a2e2726f12ce70bfbb5ea2dca129917)
09-22 14:29:40.986 26942 26949 I .games.boxbound:   native: #16 pc 00206064  /system/framework/framework.jar (android.os.Looper.loopOnce)
09-22 14:29:40.986 26942 26949 I .games.boxbound:   native: #17 pc 003d3dec  /apex/com.android.art/lib64/libart.so (art::interpreter::Execute +452) (BuildId: 2a2e2726f12ce70bfbb5ea2dca129917)
09-22 14:29:40.986 26942 26949 I .games.boxbound:   native: #18 pc 003da78c  /apex/com.android.art/lib64/libart.so (art::interpreter::ArtInterpreterToInterpreterBridge+104) (BuildId: 2a2e2726f12ce70bfbb5ea2dca129917)
09-22 14:29:40.986 26942 26949 I .games.boxbound:   native: #19 pc 003db30c  /apex/com.android.art/lib64/libart.so (bool art::interpreter::DoCall<false>+1760) (BuildId: 2a2e2726f12ce70bfbb5ea2dca129917)
09-22 14:29:40.986 26942 26949 I .games.boxbound:   native: #20 pc 00230cec  /apex/com.android.art/lib64/libart.so (void art::interpreter::ExecuteSwitchImplCpp<false>+14672) (BuildId: 2a2e2726f12ce70bfbb5ea2dca129917)
09-22 14:29:40.986 26942 26949 I .games.boxbound:   native: #21 pc 00229bd8  /apex/com.android.art/lib64/libart.so (ExecuteSwitchImplAsm+8) (BuildId: 2a2e2726f12ce70bfbb5ea2dca129917)
09-22 14:29:40.986 26942 26949 I .games.boxbound:   native: #22 pc 002067d8  /system/framework/framework.jar (android.os.Looper.loop)
09-22 14:29:40.986 26942 26949 I .games.boxbound:   native: #23 pc 003d3dec  /apex/com.android.art/lib64/libart.so (art::interpreter::Execute +452) (BuildId: 2a2e2726f12ce70bfbb5ea2dca129917)
09-22 14:29:40.986 26942 26949 I .games.boxbound:   native: #24 pc 003da78c  /apex/com.android.art/lib64/libart.so (art::interpreter::ArtInterpreterToInterpreterBridge+104) (BuildId: 2a2e2726f12ce70bfbb5ea2dca129917)
09-22 14:29:40.986 26942 26949 I .games.boxbound:   native: #25 pc 003db30c  /apex/com.android.art/lib64/libart.so (bool art::interpreter::DoCall<false>+1760) (BuildId: 2a2e2726f12ce70bfbb5ea2dca129917)
09-22 14:29:40.986 26942 26949 I .games.boxbound:   native: #26 pc 00230cec  /apex/com.android.art/lib64/libart.so (void art::interpreter::ExecuteSwitchImplCpp<false>+14672) (BuildId: 2a2e2726f12ce70bfbb5ea2dca129917)
09-22 14:29:40.986 26942 26949 I .games.boxbound:   native: #27 pc 00229bd8  /apex/com.android.art/lib64/libart.so (ExecuteSwitchImplAsm+8) (BuildId: 2a2e2726f12ce70bfbb5ea2dca129917)
09-22 14:29:40.986 26942 26949 I .games.boxbound:   native: #28 pc 001e0378  /system/framework/framework.jar (android.os.HandlerThread.run)
09-22 14:29:40.986 26942 26949 I .games.boxbound:   native: #29 pc 003d3dec  /apex/com.android.art/lib64/libart.so (art::interpreter::Execute +452) (BuildId: 2a2e2726f12ce70bfbb5ea2dca129917)
09-22 14:29:40.986 26942 26949 I .games.boxbound:   native: #30 pc 0073da50  /apex/com.android.art/lib64/libart.so (artQuickToInterpreterBridge+668) (BuildId: 2a2e2726f12ce70bfbb5ea2dca129917)
09-22 14:29:40.986 26942 26949 I .games.boxbound:   native: #31 pc 00227568  /apex/com.android.art/lib64/libart.so (art_quick_to_interpreter_bridge+88) (BuildId: 2a2e2726f12ce70bfbb5ea2dca129917)
09-22 14:29:40.986 26942 26949 I .games.boxbound:   native: #32 pc 002109a4  /apex/com.android.art/lib64/libart.so (art_quick_invoke_stub+612) (BuildId: 2a2e2726f12ce70bfbb5ea2dca129917)
09-22 14:29:40.986 26942 26949 I .games.boxbound:   native: #33 pc 002546a0  /apex/com.android.art/lib64/libart.so (art::ArtMethod::Invoke+176) (BuildId: 2a2e2726f12ce70bfbb5ea2dca129917)
09-22 14:29:40.986 26942 26949 I .games.boxbound:   native: #34 pc 0067e1d4  /apex/com.android.art/lib64/libart.so (art::Thread::CreateCallback+1408) (BuildId: 2a2e2726f12ce70bfbb5ea2dca129917)
09-22 14:29:40.986 26942 26949 I .games.boxbound:   native: #35 pc 0067dc40  /apex/com.android.art/lib64/libart.so (art::Thread::CreateCallbackWithUffdGc+12) (BuildId: 2a2e2726f12ce70bfbb5ea2dca129917)
09-22 14:29:40.986 26942 26949 I .games.boxbound:   native: #36 pc 000c3644  /apex/com.android.runtime/lib64/bionic/libc.so (__pthread_start+208) (BuildId: 50118287324a156bc7be11d3d940c7be)
09-22 14:29:40.986 26942 26949 I .games.boxbound:   native: #37 pc 0005cfa4  /apex/com.android.runtime/lib64/bionic/libc.so (__start_thread+68) (BuildId: 50118287324a156bc7be11d3d940c7be)
09-22 14:29:40.986 26942 26949 I .games.boxbound:   at android.os.MessageQueue.nativePollOnce(Native method)
09-22 14:29:40.986 26942 26949 I .games.boxbound:   at android.os.MessageQueue.next(MessageQueue.java:335)
09-22 14:29:40.986 26942 26949 I .games.boxbound:   at android.os.Looper.loopOnce(Looper.java:162)
09-22 14:29:40.986 26942 26949 I .games.boxbound:   at android.os.Looper.loop(Looper.java:294)
09-22 14:29:40.986 26942 26949 I .games.boxbound:   at android.os.HandlerThread.run(HandlerThread.java:67)
09-22 14:29:40.986 26942 26949 I .games.boxbound: 
09-22 14:29:40.986 26942 26949 I .games.boxbound: "hwuiTask0" daemon prio=6 tid=23 Native
09-22 14:29:40.986 26942 26949 I .games.boxbound:   | group="main" sCount=1 ucsCount=0 flags=1 obj=0x12d421c0 self=0xb40000799d84ccc0
09-22 14:29:40.986 26942 26949 I .games.boxbound:   | sysTid=26997 nice=-2 cgrp=top-app sched=0/0 handle=0x77a407acb0
09-22 14:29:40.986 26942 26949 I .games.boxbound:   | state=S schedstat=( 769687 47084 4 ) utm=0 stm=0 core=6 HZ=100
09-22 14:29:40.986 26942 26949 I .games.boxbound:   | stack=0x77a3f83000-0x77a3f85000 stackSize=991KB
09-22 14:29:40.986 26942 26949 I .games.boxbound:   | held mutexes=
09-22 14:29:40.986 26942 26949 I .games.boxbound:   native: #00 pc 00057840  /apex/com.android.runtime/lib64/bionic/libc.so (syscall+32) (BuildId: 50118287324a156bc7be11d3d940c7be)
09-22 14:29:40.986 26942 26949 I .games.boxbound:   native: #01 pc 0005c4c0  /apex/com.android.runtime/lib64/bionic/libc.so (__futex_wait_ex+148) (BuildId: 50118287324a156bc7be11d3d940c7be)
09-22 14:29:40.986 26942 26949 I .games.boxbound:   native: #02 pc 000c28c4  /apex/com.android.runtime/lib64/bionic/libc.so (pthread_cond_wait+80) (BuildId: 50118287324a156bc7be11d3d940c7be)
09-22 14:29:40.986 26942 26949 I .games.boxbound:   native: #03 pc 0005d060  /system/lib64/libc++.so (std::__1::condition_variable::wait+24) (BuildId: 3e4354695cf2fa8a0e4865a8855383a4)
09-22 14:29:40.986 26942 26949 I .games.boxbound:   native: #04 pc 002a98e4  /system/lib64/libhwui.so (android::uirenderer::CommonPool::workerLoop+112) (BuildId: 8aeeac28aa477efe87951f97e0366067)
09-22 14:29:40.986 26942 26949 I .games.boxbound:   native: #05 pc 002a9b24  /system/lib64/libhwui.so (void* std::__1::__thread_proxy<std::__1::tuple<std::__1::unique_ptr<std::__1::__thread_struct, std::__1::default_delete<std::__1::__thread_struct> >, android::uirenderer::CommonPool::CommonPool::$_0> > +208) (BuildId: 8aeeac28aa477efe87951f97e0366067)
09-22 14:29:40.986 26942 26949 I .games.boxbound:   native: #06 pc 000c3644  /apex/com.android.runtime/lib64/bionic/libc.so (__pthread_start+208) (BuildId: 50118287324a156bc7be11d3d940c7be)
09-22 14:29:40.986 26942 26949 I .games.boxbound:   native: #07 pc 0005cfa4  /apex/com.android.runtime/lib64/bionic/libc.so (__start_thread+68) (BuildId: 50118287324a156bc7be11d3d940c7be)
09-22 14:29:40.986 26942 26949 I .games.boxbound:   (no managed stack frames)
09-22 14:29:40.986 26942 26949 I .games.boxbound: 
09-22 14:29:40.986 26942 26949 I .games.boxbound: "hwuiTask1" daemon prio=6 tid=24 Native
09-22 14:29:40.986 26942 26949 I .games.boxbound:   | group="main" sCount=1 ucsCount=0 flags=1 obj=0x12d42388 self=0xb40000799d86f900
09-22 14:29:40.986 26942 26949 I .games.boxbound:   | sysTid=26998 nice=-2 cgrp=top-app sched=0/0 handle=0x77a3f7ccb0
09-22 14:29:40.986 26942 26949 I .games.boxbound:   | state=S schedstat=( 723333 2649739 7 ) utm=0 stm=0 core=6 HZ=100
09-22 14:29:40.986 26942 26949 I .games.boxbound:   | stack=0x77a3e85000-0x77a3e87000 stackSize=991KB
09-22 14:29:40.986 26942 26949 I .games.boxbound:   | held mutexes=
09-22 14:29:40.986 26942 26949 I .games.boxbound:   native: #00 pc 00057840  /apex/com.android.runtime/lib64/bionic/libc.so (syscall+32) (BuildId: 50118287324a156bc7be11d3d940c7be)
09-22 14:29:40.986 26942 26949 I .games.boxbound:   native: #01 pc 0005c4c0  /apex/com.android.runtime/lib64/bionic/libc.so (__futex_wait_ex+148) (BuildId: 50118287324a156bc7be11d3d940c7be)
09-22 14:29:40.986 26942 26949 I .games.boxbound:   native: #02 pc 000c28c4  /apex/com.android.runtime/lib64/bionic/libc.so (pthread_cond_wait+80) (BuildId: 50118287324a156bc7be11d3d940c7be)
09-22 14:29:40.986 26942 26949 I .games.boxbound:   native: #03 pc 0005d060  /system/lib64/libc++.so (std::__1::condition_variable::wait+24) (BuildId: 3e4354695cf2fa8a0e4865a8855383a4)
09-22 14:29:40.986 26942 26949 I .games.boxbound:   native: #04 pc 002a98e4  /system/lib64/libhwui.so (android::uirenderer::CommonPool::workerLoop+112) (BuildId: 8aeeac28aa477efe87951f97e0366067)
09-22 14:29:40.986 26942 26949 I .games.boxbound:   native: #05 pc 002a9b24  /system/lib64/libhwui.so (void* std::__1::__thread_proxy<std::__1::tuple<std::__1::unique_ptr<std::__1::__thread_struct, std::__1::default_delete<std::__1::__thread_struct> >, android::uirenderer::CommonPool::CommonPool::$_0> > +208) (BuildId: 8aeeac28aa477efe87951f97e0366067)
09-22 14:29:40.986 26942 26949 I .games.boxbound:   native: #06 pc 000c3644  /apex/com.android.runtime/lib64/bionic/libc.so (__pthread_start+208) (BuildId: 50118287324a156bc7be11d3d940c7be)
09-22 14:29:40.986 26942 26949 I .games.boxbound:   native: #07 pc 0005cfa4  /apex/com.android.runtime/lib64/bionic/libc.so (__start_thread+68) (BuildId: 50118287324a156bc7be11d3d940c7be)
09-22 14:29:40.986 26942 26949 I .games.boxbound:   (no managed stack frames)
09-22 14:29:40.986 26942 26949 I .games.boxbound: 
09-22 14:29:40.986 26942 26949 I .games.boxbound: "binder:26942_4" prio=5 tid=25 Native
09-22 14:29:40.986 26942 26949 I .games.boxbound:   | group="main" sCount=1 ucsCount=0 flags=1 obj=0x12d431c8 self=0xb40000799d852030
09-22 14:29:40.986 26942 26949 I .games.boxbound:   | sysTid=26999 nice=0 cgrp=top-app sched=0/0 handle=0x77a1d2ecb0
09-22 14:29:40.986 26942 26949 I .games.boxbound:   | state=S schedstat=( 331514973 149791217 3450 ) utm=15 stm=17 core=6 HZ=100
09-22 14:29:40.986 26942 26949 I .games.boxbound:   | stack=0x77a1c37000-0x77a1c39000 stackSize=991KB
09-22 14:29:40.986 26942 26949 I .games.boxbound:   | held mutexes=
09-22 14:29:40.986 26942 26949 I .games.boxbound:   native: #00 pc 000aebbc  /apex/com.android.runtime/lib64/bionic/libc.so (__ioctl+12) (BuildId: 50118287324a156bc7be11d3d940c7be)
09-22 14:29:40.986 26942 26949 I .games.boxbound:   native: #01 pc 00065a58  /apex/com.android.runtime/lib64/bionic/libc.so (ioctl+160) (BuildId: 50118287324a156bc7be11d3d940c7be)
09-22 14:29:40.986 26942 26949 I .games.boxbound:   native: #02 pc 000603ec  /system/lib64/libbinder.so (android::IPCThreadState::talkWithDriver+284) (BuildId: 3676b6af8d34c3d700e9406fe3a4163b)
09-22 14:29:40.986 26942 26949 I .games.boxbound:   native: #03 pc 00060734  /system/lib64/libbinder.so (android::IPCThreadState::getAndExecuteCommand+28) (BuildId: 3676b6af8d34c3d700e9406fe3a4163b)
09-22 14:29:40.986 26942 26949 I .games.boxbound:   native: #04 pc 00061130  /system/lib64/libbinder.so (android::IPCThreadState::joinThreadPool+116) (BuildId: 3676b6af8d34c3d700e9406fe3a4163b)
09-22 14:29:40.986 26942 26949 I .games.boxbound:   native: #05 pc 0006ad34  /system/lib64/libbinder.so (android::PoolThread::threadLoop+28) (BuildId: 3676b6af8d34c3d700e9406fe3a4163b)
09-22 14:29:40.986 26942 26949 I .games.boxbound:   native: #06 pc 000142d0  /system/lib64/libutils.so (android::Thread::_threadLoop+288) (BuildId: 6df8048e2f2c69be0a5d8ee3149d683d)
09-22 14:29:40.986 26942 26949 I .games.boxbound:   native: #07 pc 000ecc40  /system/lib64/libandroid_runtime.so (android::AndroidRuntime::javaThreadShell+144) (BuildId: 8655dc3372beccc71df2c96153cd41b4)
09-22 14:29:40.986 26942 26949 I .games.boxbound:   native: #08 pc 000c3644  /apex/com.android.runtime/lib64/bionic/libc.so (__pthread_start+208) (BuildId: 50118287324a156bc7be11d3d940c7be)
09-22 14:29:40.986 26942 26949 I .games.boxbound:   native: #09 pc 0005cfa4  /apex/com.android.runtime/lib64/bionic/libc.so (__start_thread+68) (BuildId: 50118287324a156bc7be11d3d940c7be)
09-22 14:29:40.986 26942 26949 I .games.boxbound:   (no managed stack frames)
09-22 14:29:40.986 26942 26949 I .games.boxbound: 
09-22 14:29:40.986 26942 26949 I .games.boxbound: "InsetsAnimations" prio=5 tid=26 Native
09-22 14:29:40.986 26942 26949 I .games.boxbound:   | group="main" sCount=1 ucsCount=0 flags=1 obj=0x12d43958 self=0xb40000799d87bbb0
09-22 14:29:40.986 26942 26949 I .games.boxbound:   | sysTid=27002 nice=0 cgrp=top-app sched=0/0 handle=0x779c3fbcb0
09-22 14:29:40.986 26942 26949 I .games.boxbound:   | state=S schedstat=( 125512912 100571356 322 ) utm=10 stm=2 core=5 HZ=100
09-22 14:29:40.986 26942 26949 I .games.boxbound:   | stack=0x779c2f8000-0x779c2fa000 stackSize=1039KB
09-22 14:29:40.986 26942 26949 I .games.boxbound:   | held mutexes=
09-22 14:29:40.986 26942 26949 I .games.boxbound:   native: #00 pc 000afb7c  /apex/com.android.runtime/lib64/bionic/libc.so (__epoll_pwait+12) (BuildId: 50118287324a156bc7be11d3d940c7be)
09-22 14:29:40.986 26942 26949 I .games.boxbound:   native: #01 pc 00018748  /system/lib64/libutils.so (android::Looper::pollInner+192) (BuildId: 6df8048e2f2c69be0a5d8ee3149d683d)
09-22 14:29:40.986 26942 26949 I .games.boxbound:   native: #02 pc 00018624  /system/lib64/libutils.so (android::Looper::pollOnce+124) (BuildId: 6df8048e2f2c69be0a5d8ee3149d683d)
09-22 14:29:40.986 26942 26949 I .games.boxbound:   native: #03 pc 00187e1c  /system/lib64/libandroid_runtime.so (android::android_os_MessageQueue_nativePollOnce+48) (BuildId: 8655dc3372beccc71df2c96153cd41b4)
09-22 14:29:40.986 26942 26949 I .games.boxbound:   native: #04 pc 00227430  /apex/com.android.art/lib64/libart.so (art_quick_generic_jni_trampoline+144) (BuildId: 2a2e2726f12ce70bfbb5ea2dca129917)
09-22 14:29:40.986 26942 26949 I .games.boxbound:   native: #05 pc 020063d0  /memfd:jit-cache (deleted) (offset 2000000) (android.os.MessageQueue.next+256)
09-22 14:29:40.986 26942 26949 I .games.boxbound:   native: #06 pc 002109a4  /apex/com.android.art/lib64/libart.so (art_quick_invoke_stub+612) (BuildId: 2a2e2726f12ce70bfbb5ea2dca129917)
09-22 14:29:40.986 26942 26949 I .games.boxbound:   native: #07 pc 002546a0  /apex/com.android.art/lib64/libart.so (art::ArtMethod::Invoke+176) (BuildId: 2a2e2726f12ce70bfbb5ea2dca129917)
09-22 14:29:40.986 26942 26949 I .games.boxbound:   native: #08 pc 003db328  /apex/com.android.art/lib64/libart.so (bool art::interpreter::DoCall<false>+1788) (BuildId: 2a2e2726f12ce70bfbb5ea2dca129917)
09-22 14:29:40.986 26942 26949 I .games.boxbound:   native: #09 pc 00230a58  /apex/com.android.art/lib64/libart.so (void art::interpreter::ExecuteSwitchImplCpp<false>+14012) (BuildId: 2a2e2726f12ce70bfbb5ea2dca129917)
09-22 14:29:40.986 26942 26949 I .games.boxbound:   native: #10 pc 00229bd8  /apex/com.android.art/lib64/libart.so (ExecuteSwitchImplAsm+8) (BuildId: 2a2e2726f12ce70bfbb5ea2dca129917)
09-22 14:29:40.986 26942 26949 I .games.boxbound:   native: #11 pc 00206064  /system/framework/framework.jar (android.os.Looper.loopOnce)
09-22 14:29:40.986 26942 26949 I .games.boxbound:   native: #12 pc 003d3dec  /apex/com.android.art/lib64/libart.so (art::interpreter::Execute +452) (BuildId: 2a2e2726f12ce70bfbb5ea2dca129917)
09-22 14:29:40.986 26942 26949 I .games.boxbound:   native: #13 pc 003da78c  /apex/com.android.art/lib64/libart.so (art::interpreter::ArtInterpreterToInterpreterBridge+104) (BuildId: 2a2e2726f12ce70bfbb5ea2dca129917)
09-22 14:29:40.986 26942 26949 I .games.boxbound:   native: #14 pc 003db30c  /apex/com.android.art/lib64/libart.so (bool art::interpreter::DoCall<false>+1760) (BuildId: 2a2e2726f12ce70bfbb5ea2dca129917)
09-22 14:29:40.986 26942 26949 I .games.boxbound:   native: #15 pc 00230cec  /apex/com.android.art/lib64/libart.so (void art::interpreter::ExecuteSwitchImplCpp<false>+14672) (BuildId: 2a2e2726f12ce70bfbb5ea2dca129917)
09-22 14:29:40.986 26942 26949 I .games.boxbound:   native: #16 pc 00229bd8  /apex/com.android.art/lib64/libart.so (ExecuteSwitchImplAsm+8) (BuildId: 2a2e2726f12ce70bfbb5ea2dca129917)
09-22 14:29:40.986 26942 26949 I .games.boxbound:   native: #17 pc 002067d8  /system/framework/framework.jar (android.os.Looper.loop)
09-22 14:29:40.986 26942 26949 I .games.boxbound:   native: #18 pc 003d3dec  /apex/com.android.art/lib64/libart.so (art::interpreter::Execute +452) (BuildId: 2a2e2726f12ce70bfbb5ea2dca129917)
09-22 14:29:40.986 26942 26949 I .games.boxbound:   native: #19 pc 003da78c  /apex/com.android.art/lib64/libart.so (art::interpreter::ArtInterpreterToInterpreterBridge+104) (BuildId: 2a2e2726f12ce70bfbb5ea2dca129917)
09-22 14:29:40.986 26942 26949 I .games.boxbound:   native: #20 pc 003db30c  /apex/com.android.art/lib64/libart.so (bool art::interpreter::DoCall<false>+1760) (BuildId: 2a2e2726f12ce70bfbb5ea2dca129917)
09-22 14:29:40.986 26942 26949 I .games.boxbound:   native: #21 pc 00230cec  /apex/com.android.art/lib64/libart.so (void art::interpreter::ExecuteSwitchImplCpp<false>+14672) (BuildId: 2a2e2726f12ce70bfbb5ea2dca129917)
09-22 14:29:40.986 26942 26949 I .games.boxbound:   native: #22 pc 00229bd8  /apex/com.android.art/lib64/libart.so (ExecuteSwitchImplAsm+8) (BuildId: 2a2e2726f12ce70bfbb5ea2dca129917)
09-22 14:29:40.986 26942 26949 I .games.boxbound:   native: #23 pc 001e0378  /system/framework/framework.jar (android.os.HandlerThread.run)
09-22 14:29:40.986 26942 26949 I .games.boxbound:   native: #24 pc 003d3dec  /apex/com.android.art/lib64/libart.so (art::interpreter::Execute +452) (BuildId: 2a2e2726f12ce70bfbb5ea2dca129917)
09-22 14:29:40.986 26942 26949 I .games.boxbound:   native: #25 pc 0073da50  /apex/com.android.art/lib64/libart.so (artQuickToInterpreterBridge+668) (BuildId: 2a2e2726f12ce70bfbb5ea2dca129917)
09-22 14:29:40.986 26942 26949 I .games.boxbound:   native: #26 pc 00227568  /apex/com.android.art/lib64/libart.so (art_quick_to_interpreter_bridge+88) (BuildId: 2a2e2726f12ce70bfbb5ea2dca129917)
09-22 14:29:40.986 26942 26949 I .games.boxbound:   native: #27 pc 002109a4  /apex/com.android.art/lib64/libart.so (art_quick_invoke_stub+612) (BuildId: 2a2e2726f12ce70bfbb5ea2dca129917)
09-22 14:29:40.986 26942 26949 I .games.boxbound:   native: #28 pc 002546a0  /apex/com.android.art/lib64/libart.so (art::ArtMethod::Invoke+176) (BuildId: 2a2e2726f12ce70bfbb5ea2dca129917)
09-22 14:29:40.986 26942 26949 I .games.boxbound:   native: #29 pc 0067e1d4  /apex/com.android.art/lib64/libart.so (art::Thread::CreateCallback+1408) (BuildId: 2a2e2726f12ce70bfbb5ea2dca129917)
09-22 14:29:40.986 26942 26949 I .games.boxbound:   native: #30 pc 0067dc40  /apex/com.android.art/lib64/libart.so (art::Thread::CreateCallbackWithUffdGc+12) (BuildId: 2a2e2726f12ce70bfbb5ea2dca129917)
09-22 14:29:40.986 26942 26949 I .games.boxbound:   native: #31 pc 000c3644  /apex/com.android.runtime/lib64/bionic/libc.so (__pthread_start+208) (BuildId: 50118287324a156bc7be11d3d940c7be)
09-22 14:29:40.986 26942 26949 I .games.boxbound:   native: #32 pc 0005cfa4  /apex/com.android.runtime/lib64/bionic/libc.so (__start_thread+68) (BuildId: 50118287324a156bc7be11d3d940c7be)
09-22 14:29:40.986 26942 26949 I .games.boxbound:   at android.os.MessageQueue.nativePollOnce(Native method)
09-22 14:29:40.986 26942 26949 I .games.boxbound:   at android.os.MessageQueue.next(MessageQueue.java:335)
09-22 14:29:40.986 26942 26949 I .games.boxbound:   at android.os.Looper.loopOnce(Looper.java:162)
09-22 14:29:40.986 26942 26949 I .games.boxbound:   at android.os.Looper.loop(Looper.java:294)
09-22 14:29:40.986 26942 26949 I .games.boxbound:   at android.os.HandlerThread.run(HandlerThread.java:67)
09-22 14:29:40.986 26942 26949 I .games.boxbound: 
09-22 14:29:40.986 26942 26949 I .games.boxbound: "Thread-4" prio=5 tid=27 Waiting
09-22 14:29:40.986 26942 26949 I .games.boxbound:   | group="main" sCount=1 ucsCount=0 flags=1 obj=0x12d46cb0 self=0xb40000799d878410
09-22 14:29:40.986 26942 26949 I .games.boxbound:   | sysTid=27004 nice=10 cgrp=top-app sched=0/0 handle=0x779d601cb0
09-22 14:29:40.986 26942 26949 I .games.boxbound:   | state=S schedstat=( 502402096 972322706 218 ) utm=49 stm=0 core=5 HZ=100
09-22 14:29:40.986 26942 26949 I .games.boxbound:   | stack=0x779d4fe000-0x779d500000 stackSize=1039KB
09-22 14:29:40.986 26942 26949 I .games.boxbound:   | held mutexes=
09-22 14:29:40.986 26942 26949 I .games.boxbound:   at jdk.internal.misc.Unsafe.park(Native method)
09-22 14:29:40.986 26942 26949 I .games.boxbound:   - waiting on an unknown object
09-22 14:29:40.986 26942 26949 I .games.boxbound:   at java.util.concurrent.locks.LockSupport.park(LockSupport.java:341)
09-22 14:29:40.986 26942 26949 I .games.boxbound:   at java.util.concurrent.locks.AbstractQueuedSynchronizer$ConditionNode.block(AbstractQueuedSynchronizer.java:506)
09-22 14:29:40.986 26942 26949 I .games.boxbound:   at java.util.concurrent.ForkJoinPool.unmanagedBlock(ForkJoinPool.java:3466)
09-22 14:29:40.986 26942 26949 I .games.boxbound:   at java.util.concurrent.ForkJoinPool.managedBlock(ForkJoinPool.java:3437)
09-22 14:29:40.986 26942 26949 I .games.boxbound:   at java.util.concurrent.locks.AbstractQueuedSynchronizer$ConditionObject.await(AbstractQueuedSynchronizer.java:1623)
09-22 14:29:40.986 26942 26949 I .games.boxbound:   at java.util.concurrent.LinkedBlockingQueue.take(LinkedBlockingQueue.java:435)
09-22 14:29:40.986 26942 26949 I .games.boxbound:   at java.util.concurrent.ThreadPoolExecutor.getTask(ThreadPoolExecutor.java:1071)
09-22 14:29:40.986 26942 26949 I .games.boxbound:   at java.util.concurrent.ThreadPoolExecutor.runWorker(ThreadPoolExecutor.java:1131)
09-22 14:29:40.986 26942 26949 I .games.boxbound:   at java.util.concurrent.ThreadPoolExecutor$Worker.run(ThreadPoolExecutor.java:644)
09-22 14:29:40.986 26942 26949 I .games.boxbound:   at org.nativescript.widgets.Async$PriorityThreadFactory$1.run(Async.java:94)
09-22 14:29:40.986 26942 26949 I .games.boxbound:   at java.lang.Thread.run(Thread.java:1012)
09-22 14:29:40.986 26942 26949 I .games.boxbound: 
09-22 14:29:40.986 26942 26949 I .games.boxbound: "Thread-5" prio=5 tid=28 Waiting
09-22 14:29:40.986 26942 26949 I .games.boxbound:   | group="main" sCount=1 ucsCount=0 flags=1 obj=0x12d46db0 self=0xb40000799d886290
09-22 14:29:40.986 26942 26949 I .games.boxbound:   | sysTid=27005 nice=10 cgrp=top-app sched=0/0 handle=0x778940fcb0
09-22 14:29:40.986 26942 26949 I .games.boxbound:   | state=S schedstat=( 1372633554 97005935 308 ) utm=136 stm=0 core=2 HZ=100
09-22 14:29:40.986 26942 26949 I .games.boxbound:   | stack=0x778930c000-0x778930e000 stackSize=1039KB
09-22 14:29:40.986 26942 26949 I .games.boxbound:   | held mutexes=
09-22 14:29:40.986 26942 26949 I .games.boxbound:   at jdk.internal.misc.Unsafe.park(Native method)
09-22 14:29:40.986 26942 26949 I .games.boxbound:   - waiting on an unknown object
09-22 14:29:40.986 26942 26949 I .games.boxbound:   at java.util.concurrent.locks.LockSupport.park(LockSupport.java:341)
09-22 14:29:40.986 26942 26949 I .games.boxbound:   at java.util.concurrent.locks.AbstractQueuedSynchronizer$ConditionNode.block(AbstractQueuedSynchronizer.java:506)
09-22 14:29:40.986 26942 26949 I .games.boxbound:   at java.util.concurrent.ForkJoinPool.unmanagedBlock(ForkJoinPool.java:3466)
09-22 14:29:40.986 26942 26949 I .games.boxbound:   at java.util.concurrent.ForkJoinPool.managedBlock(ForkJoinPool.java:3437)
09-22 14:29:40.986 26942 26949 I .games.boxbound:   at java.util.concurrent.locks.AbstractQueuedSynchronizer$ConditionObject.await(AbstractQueuedSynchronizer.java:1623)
09-22 14:29:40.986 26942 26949 I .games.boxbound:   at java.util.concurrent.LinkedBlockingQueue.take(LinkedBlockingQueue.java:435)
09-22 14:29:40.986 26942 26949 I .games.boxbound:   at java.util.concurrent.ThreadPoolExecutor.getTask(ThreadPoolExecutor.java:1071)
09-22 14:29:40.986 26942 26949 I .games.boxbound:   at java.util.concurrent.ThreadPoolExecutor.runWorker(ThreadPoolExecutor.java:1131)
09-22 14:29:40.986 26942 26949 I .games.boxbound:   at java.util.concurrent.ThreadPoolExecutor$Worker.run(ThreadPoolExecutor.java:644)
09-22 14:29:40.986 26942 26949 I .games.boxbound:   at org.nativescript.widgets.Async$PriorityThreadFactory$1.run(Async.java:94)
09-22 14:29:40.986 26942 26949 I .games.boxbound:   at java.lang.Thread.run(Thread.java:1012)
09-22 14:29:40.986 26942 26949 I .games.boxbound: 
09-22 14:29:40.986 26942 26949 I .games.boxbound: "Thread-6" prio=5 tid=29 Waiting
09-22 14:29:40.986 26942 26949 I .games.boxbound:   | group="main" sCount=1 ucsCount=0 flags=1 obj=0x12d46eb0 self=0xb40000799d887e60
09-22 14:29:40.986 26942 26949 I .games.boxbound:   | sysTid=27006 nice=10 cgrp=top-app sched=0/0 handle=0x7788305cb0
09-22 14:29:40.986 26942 26949 I .games.boxbound:   | state=S schedstat=( 1411906196 67048846 202 ) utm=139 stm=1 core=6 HZ=100
09-22 14:29:40.986 26942 26949 I .games.boxbound:   | stack=0x7788202000-0x7788204000 stackSize=1039KB
09-22 14:29:40.986 26942 26949 I .games.boxbound:   | held mutexes=
09-22 14:29:40.986 26942 26949 I .games.boxbound:   at jdk.internal.misc.Unsafe.park(Native method)
09-22 14:29:40.986 26942 26949 I .games.boxbound:   - waiting on an unknown object
09-22 14:29:40.986 26942 26949 I .games.boxbound:   at java.util.concurrent.locks.LockSupport.park(LockSupport.java:341)
09-22 14:29:40.986 26942 26949 I .games.boxbound:   at java.util.concurrent.locks.AbstractQueuedSynchronizer$ConditionNode.block(AbstractQueuedSynchronizer.java:506)
09-22 14:29:40.986 26942 26949 I .games.boxbound:   at java.util.concurrent.ForkJoinPool.unmanagedBlock(ForkJoinPool.java:3466)
09-22 14:29:40.986 26942 26949 I .games.boxbound:   at java.util.concurrent.ForkJoinPool.managedBlock(ForkJoinPool.java:3437)
09-22 14:29:40.986 26942 26949 I .games.boxbound:   at java.util.concurrent.locks.AbstractQueuedSynchronizer$ConditionObject.await(AbstractQueuedSynchronizer.java:1623)
09-22 14:29:40.986 26942 26949 I .games.boxbound:   at java.util.concurrent.LinkedBlockingQueue.take(LinkedBlockingQueue.java:435)
09-22 14:29:40.986 26942 26949 I .games.boxbound:   at java.util.concurrent.ThreadPoolExecutor.getTask(ThreadPoolExecutor.java:1071)
09-22 14:29:40.986 26942 26949 I .games.boxbound:   at java.util.concurrent.ThreadPoolExecutor.runWorker(ThreadPoolExecutor.java:1131)
09-22 14:29:40.986 26942 26949 I .games.boxbound:   at java.util.concurrent.ThreadPoolExecutor$Worker.run(ThreadPoolExecutor.java:644)
09-22 14:29:40.986 26942 26949 I .games.boxbound:   at org.nativescript.widgets.Async$PriorityThreadFactory$1.run(Async.java:94)
09-22 14:29:40.986 26942 26949 I .games.boxbound:   at java.lang.Thread.run(Thread.java:1012)
09-22 14:29:40.986 26942 26949 I .games.boxbound: 
09-22 14:29:40.986 26942 26949 I .games.boxbound: "Thread-7" prio=5 tid=30 Waiting
09-22 14:29:40.986 26942 26949 I .games.boxbound:   | group="main" sCount=1 ucsCount=0 flags=1 obj=0x12d46fb0 self=0xb40000799d889a30
09-22 14:29:40.986 26942 26949 I .games.boxbound:   | sysTid=27007 nice=10 cgrp=top-app sched=0/0 handle=0x77871fbcb0
09-22 14:29:40.986 26942 26949 I .games.boxbound:   | state=S schedstat=( 1386413427 92763698 34 ) utm=138 stm=0 core=7 HZ=100
09-22 14:29:40.986 26942 26949 I .games.boxbound:   | stack=0x77870f8000-0x77870fa000 stackSize=1039KB
09-22 14:29:40.986 26942 26949 I .games.boxbound:   | held mutexes=
09-22 14:29:40.986 26942 26949 I .games.boxbound:   at jdk.internal.misc.Unsafe.park(Native method)
09-22 14:29:40.986 26942 26949 I .games.boxbound:   - waiting on an unknown object
09-22 14:29:40.986 26942 26949 I .games.boxbound:   at java.util.concurrent.locks.LockSupport.park(LockSupport.java:341)
09-22 14:29:40.986 26942 26949 I .games.boxbound:   at java.util.concurrent.locks.AbstractQueuedSynchronizer$ConditionNode.block(AbstractQueuedSynchronizer.java:506)
09-22 14:29:40.986 26942 26949 I .games.boxbound:   at java.util.concurrent.ForkJoinPool.unmanagedBlock(ForkJoinPool.java:3466)
09-22 14:29:40.986 26942 26949 I .games.boxbound:   at java.util.concurrent.ForkJoinPool.managedBlock(ForkJoinPool.java:3437)
09-22 14:29:40.986 26942 26949 I .games.boxbound:   at java.util.concurrent.locks.AbstractQueuedSynchronizer$ConditionObject.await(AbstractQueuedSynchronizer.java:1623)
09-22 14:29:40.986 26942 26949 I .games.boxbound:   at java.util.concurrent.LinkedBlockingQueue.take(LinkedBlockingQueue.java:435)
09-22 14:29:40.986 26942 26949 I .games.boxbound:   at java.util.concurrent.ThreadPoolExecutor.getTask(ThreadPoolExecutor.java:1071)
09-22 14:29:40.986 26942 26949 I .games.boxbound:   at java.util.concurrent.ThreadPoolExecutor.runWorker(ThreadPoolExecutor.java:1131)
09-22 14:29:40.986 26942 26949 I .games.boxbound:   at java.util.concurrent.ThreadPoolExecutor$Worker.run(ThreadPoolExecutor.java:644)
09-22 14:29:40.986 26942 26949 I .games.boxbound:   at org.nativescript.widgets.Async$PriorityThreadFactory$1.run(Async.java:94)
09-22 14:29:40.986 26942 26949 I .games.boxbound:   at java.lang.Thread.run(Thread.java:1012)
09-22 14:29:40.986 26942 26949 I .games.boxbound: 
09-22 14:29:40.986 26942 26949 I .games.boxbound: "Thread-8" prio=5 tid=31 Waiting
09-22 14:29:40.986 26942 26949 I .games.boxbound:   | group="main" sCount=1 ucsCount=0 flags=1 obj=0x12d470b0 self=0xb40000799d880f20
09-22 14:29:40.986 26942 26949 I .games.boxbound:   | sysTid=27008 nice=10 cgrp=top-app sched=0/0 handle=0x77860f1cb0
09-22 14:29:40.986 26942 26949 I .games.boxbound:   | state=S schedstat=( 501557031 975343750 152 ) utm=49 stm=0 core=5 HZ=100
09-22 14:29:40.986 26942 26949 I .games.boxbound:   | stack=0x7785fee000-0x7785ff0000 stackSize=1039KB
09-22 14:29:40.986 26942 26949 I .games.boxbound:   | held mutexes=
09-22 14:29:40.986 26942 26949 I .games.boxbound:   at jdk.internal.misc.Unsafe.park(Native method)
09-22 14:29:40.986 26942 26949 I .games.boxbound:   - waiting on an unknown object
09-22 14:29:40.986 26942 26949 I .games.boxbound:   at java.util.concurrent.locks.LockSupport.park(LockSupport.java:341)
09-22 14:29:40.986 26942 26949 I .games.boxbound:   at java.util.concurrent.locks.AbstractQueuedSynchronizer$ConditionNode.block(AbstractQueuedSynchronizer.java:506)
09-22 14:29:40.986 26942 26949 I .games.boxbound:   at java.util.concurrent.ForkJoinPool.unmanagedBlock(ForkJoinPool.java:3466)
09-22 14:29:40.986 26942 26949 I .games.boxbound:   at java.util.concurrent.ForkJoinPool.managedBlock(ForkJoinPool.java:3437)
09-22 14:29:40.986 26942 26949 I .games.boxbound:   at java.util.concurrent.locks.AbstractQueuedSynchronizer$ConditionObject.await(AbstractQueuedSynchronizer.java:1623)
09-22 14:29:40.986 26942 26949 I .games.boxbound:   at java.util.concurrent.LinkedBlockingQueue.take(LinkedBlockingQueue.java:435)
09-22 14:29:40.986 26942 26949 I .games.boxbound:   at java.util.concurrent.ThreadPoolExecutor.getTask(ThreadPoolExecutor.java:1071)
09-22 14:29:40.986 26942 26949 I .games.boxbound:   at java.util.concurrent.ThreadPoolExecutor.runWorker(ThreadPoolExecutor.java:1131)
09-22 14:29:40.986 26942 26949 I .games.boxbound:   at java.util.concurrent.ThreadPoolExecutor$Worker.run(ThreadPoolExecutor.java:644)
09-22 14:29:40.986 26942 26949 I .games.boxbound:   at org.nativescript.widgets.Async$PriorityThreadFactory$1.run(Async.java:94)
09-22 14:29:40.986 26942 26949 I .games.boxbound:   at java.lang.Thread.run(Thread.java:1012)
09-22 14:29:40.986 26942 26949 I .games.boxbound: 
09-22 14:29:40.986 26942 26949 I .games.boxbound: "Thread-9" prio=5 tid=32 Waiting
09-22 14:29:40.986 26942 26949 I .games.boxbound:   | group="main" sCount=1 ucsCount=0 flags=1 obj=0x12d471b0 self=0xb40000799d879fe0
09-22 14:29:40.986 26942 26949 I .games.boxbound:   | sysTid=27009 nice=10 cgrp=top-app sched=0/0 handle=0x7784fe7cb0
09-22 14:29:40.986 26942 26949 I .games.boxbound:   | state=S schedstat=( 441938432 1033420375 171 ) utm=44 stm=0 core=5 HZ=100
09-22 14:29:40.986 26942 26949 I .games.boxbound:   | stack=0x7784ee4000-0x7784ee6000 stackSize=1039KB
09-22 14:29:40.986 26942 26949 I .games.boxbound:   | held mutexes=
09-22 14:29:40.986 26942 26949 I .games.boxbound:   at jdk.internal.misc.Unsafe.park(Native method)
09-22 14:29:40.986 26942 26949 I .games.boxbound:   - waiting on an unknown object
09-22 14:29:40.986 26942 26949 I .games.boxbound:   at java.util.concurrent.locks.LockSupport.park(LockSupport.java:341)
09-22 14:29:40.986 26942 26949 I .games.boxbound:   at java.util.concurrent.locks.AbstractQueuedSynchronizer$ConditionNode.block(AbstractQueuedSynchronizer.java:506)
09-22 14:29:40.986 26942 26949 I .games.boxbound:   at java.util.concurrent.ForkJoinPool.unmanagedBlock(ForkJoinPool.java:3466)
09-22 14:29:40.986 26942 26949 I .games.boxbound:   at java.util.concurrent.ForkJoinPool.managedBlock(ForkJoinPool.java:3437)
09-22 14:29:40.986 26942 26949 I .games.boxbound:   at java.util.concurrent.locks.AbstractQueuedSynchronizer$ConditionObject.await(AbstractQueuedSynchronizer.java:1623)
09-22 14:29:40.986 26942 26949 I .games.boxbound:   at java.util.concurrent.LinkedBlockingQueue.take(LinkedBlockingQueue.java:435)
09-22 14:29:40.986 26942 26949 I .games.boxbound:   at java.util.concurrent.ThreadPoolExecutor.getTask(ThreadPoolExecutor.java:1071)
09-22 14:29:40.986 26942 26949 I .games.boxbound:   at java.util.concurrent.ThreadPoolExecutor.runWorker(ThreadPoolExecutor.java:1131)
09-22 14:29:40.986 26942 26949 I .games.boxbound:   at java.util.concurrent.ThreadPoolExecutor$Worker.run(ThreadPoolExecutor.java:644)
09-22 14:29:40.986 26942 26949 I .games.boxbound:   at org.nativescript.widgets.Async$PriorityThreadFactory$1.run(Async.java:94)
09-22 14:29:40.986 26942 26949 I .games.boxbound:   at java.lang.Thread.run(Thread.java:1012)
09-22 14:29:40.986 26942 26949 I .games.boxbound: 
09-22 14:29:40.986 26942 26949 I .games.boxbound: "Thread-10" prio=5 tid=33 Waiting
09-22 14:29:40.986 26942 26949 I .games.boxbound:   | group="main" sCount=1 ucsCount=0 flags=1 obj=0x12d472b0 self=0xb40000799d882af0
09-22 14:29:40.986 26942 26949 I .games.boxbound:   | sysTid=27010 nice=10 cgrp=top-app sched=0/0 handle=0x7783eddcb0
09-22 14:29:40.986 26942 26949 I .games.boxbound:   | state=S schedstat=( 446025251 1032883026 129 ) utm=44 stm=0 core=0 HZ=100
09-22 14:29:40.986 26942 26949 I .games.boxbound:   | stack=0x7783dda000-0x7783ddc000 stackSize=1039KB
09-22 14:29:40.986 26942 26949 I .games.boxbound:   | held mutexes=
09-22 14:29:40.986 26942 26949 I .games.boxbound:   at jdk.internal.misc.Unsafe.park(Native method)
09-22 14:29:40.986 26942 26949 I .games.boxbound:   - waiting on an unknown object
09-22 14:29:40.986 26942 26949 I .games.boxbound:   at java.util.concurrent.locks.LockSupport.park(LockSupport.java:341)
09-22 14:29:40.986 26942 26949 I .games.boxbound:   at java.util.concurrent.locks.AbstractQueuedSynchronizer$ConditionNode.block(AbstractQueuedSynchronizer.java:506)
09-22 14:29:40.986 26942 26949 I .games.boxbound:   at java.util.concurrent.ForkJoinPool.unmanagedBlock(ForkJoinPool.java:3466)
09-22 14:29:40.986 26942 26949 I .games.boxbound:   at java.util.concurrent.ForkJoinPool.managedBlock(ForkJoinPool.java:3437)
09-22 14:29:40.986 26942 26949 I .games.boxbound:   at java.util.concurrent.locks.AbstractQueuedSynchronizer$ConditionObject.await(AbstractQueuedSynchronizer.java:1623)
09-22 14:29:40.986 26942 26949 I .games.boxbound:   at java.util.concurrent.LinkedBlockingQueue.take(LinkedBlockingQueue.java:435)
09-22 14:29:40.986 26942 26949 I .games.boxbound:   at java.util.concurrent.ThreadPoolExecutor.getTask(ThreadPoolExecutor.java:1071)
09-22 14:29:40.986 26942 26949 I .games.boxbound:   at java.util.concurrent.ThreadPoolExecutor.runWorker(ThreadPoolExecutor.java:1131)
09-22 14:29:40.986 26942 26949 I .games.boxbound:   at java.util.concurrent.ThreadPoolExecutor$Worker.run(ThreadPoolExecutor.java:644)
09-22 14:29:40.986 26942 26949 I .games.boxbound:   at org.nativescript.widgets.Async$PriorityThreadFactory$1.run(Async.java:94)
09-22 14:29:40.986 26942 26949 I .games.boxbound:   at java.lang.Thread.run(Thread.java:1012)
09-22 14:29:40.986 26942 26949 I .games.boxbound: 
09-22 14:29:40.986 26942 26949 I .games.boxbound: "Thread-11" prio=5 tid=34 Waiting
09-22 14:29:40.986 26942 26949 I .games.boxbound:   | group="main" sCount=1 ucsCount=0 flags=1 obj=0x12d473b8 self=0xb40000799d88d1d0
09-22 14:29:40.986 26942 26949 I .games.boxbound:   | sysTid=27011 nice=10 cgrp=top-app sched=0/0 handle=0x7783dd3cb0
09-22 14:29:40.986 26942 26949 I .games.boxbound:   | state=S schedstat=( 449013335 1029218492 174 ) utm=44 stm=0 core=4 HZ=100
09-22 14:29:40.986 26942 26949 I .games.boxbound:   | stack=0x7783cd0000-0x7783cd2000 stackSize=1039KB
09-22 14:29:40.986 26942 26949 I .games.boxbound:   | held mutexes=
09-22 14:29:40.986 26942 26949 I .games.boxbound:   at jdk.internal.misc.Unsafe.park(Native method)
09-22 14:29:40.986 26942 26949 I .games.boxbound:   - waiting on an unknown object
09-22 14:29:40.986 26942 26949 I .games.boxbound:   at java.util.concurrent.locks.LockSupport.park(LockSupport.java:341)
09-22 14:29:40.986 26942 26949 I .games.boxbound:   at java.util.concurrent.locks.AbstractQueuedSynchronizer$ConditionNode.block(AbstractQueuedSynchronizer.java:506)
09-22 14:29:40.986 26942 26949 I .games.boxbound:   at java.util.concurrent.ForkJoinPool.unmanagedBlock(ForkJoinPool.java:3466)
09-22 14:29:40.986 26942 26949 I .games.boxbound:   at java.util.concurrent.ForkJoinPool.managedBlock(ForkJoinPool.java:3437)
09-22 14:29:40.986 26942 26949 I .games.boxbound:   at java.util.concurrent.locks.AbstractQueuedSynchronizer$ConditionObject.await(AbstractQueuedSynchronizer.java:1623)
09-22 14:29:40.986 26942 26949 I .games.boxbound:   at java.util.concurrent.LinkedBlockingQueue.take(LinkedBlockingQueue.java:435)
09-22 14:29:40.986 26942 26949 I .games.boxbound:   at java.util.concurrent.ThreadPoolExecutor.getTask(ThreadPoolExecutor.java:1071)
09-22 14:29:40.986 26942 26949 I .games.boxbound:   at java.util.concurrent.ThreadPoolExecutor.runWorker(ThreadPoolExecutor.java:1131)
09-22 14:29:40.986 26942 26949 I .games.boxbound:   at java.util.concurrent.ThreadPoolExecutor$Worker.run(ThreadPoolExecutor.java:644)
09-22 14:29:40.986 26942 26949 I .games.boxbound:   at org.nativescript.widgets.Async$PriorityThreadFactory$1.run(Async.java:94)
09-22 14:29:40.986 26942 26949 I .games.boxbound:   at java.lang.Thread.run(Thread.java:1012)
09-22 14:29:40.986 26942 26949 I .games.boxbound: 
09-22 14:29:40.986 26942 26949 I .games.boxbound: "Thread-12" prio=5 tid=35 Waiting
09-22 14:29:40.986 26942 26949 I .games.boxbound:   | group="main" sCount=1 ucsCount=0 flags=1 obj=0x12d474c0 self=0xb40000799d88b600
09-22 14:29:40.986 26942 26949 I .games.boxbound:   | sysTid=27012 nice=10 cgrp=top-app sched=0/0 handle=0x7783cc9cb0
09-22 14:29:40.986 26942 26949 I .games.boxbound:   | state=S schedstat=( 402384641 1066356201 137 ) utm=40 stm=0 core=6 HZ=100
09-22 14:29:40.986 26942 26949 I .games.boxbound:   | stack=0x7783bc6000-0x7783bc8000 stackSize=1039KB
09-22 14:29:40.986 26942 26949 I .games.boxbound:   | held mutexes=
09-22 14:29:40.986 26942 26949 I .games.boxbound:   at jdk.internal.misc.Unsafe.park(Native method)
09-22 14:29:40.986 26942 26949 I .games.boxbound:   - waiting on an unknown object
09-22 14:29:40.986 26942 26949 I .games.boxbound:   at java.util.concurrent.locks.LockSupport.park(LockSupport.java:341)
09-22 14:29:40.986 26942 26949 I .games.boxbound:   at java.util.concurrent.locks.AbstractQueuedSynchronizer$ConditionNode.block(AbstractQueuedSynchronizer.java:506)
09-22 14:29:40.986 26942 26949 I .games.boxbound:   at java.util.concurrent.ForkJoinPool.unmanagedBlock(ForkJoinPool.java:3466)
09-22 14:29:40.986 26942 26949 I .games.boxbound:   at java.util.concurrent.ForkJoinPool.managedBlock(ForkJoinPool.java:3437)
09-22 14:29:40.986 26942 26949 I .games.boxbound:   at java.util.concurrent.locks.AbstractQueuedSynchronizer$ConditionObject.await(AbstractQueuedSynchronizer.java:1623)
09-22 14:29:40.986 26942 26949 I .games.boxbound:   at java.util.concurrent.LinkedBlockingQueue.take(LinkedBlockingQueue.java:435)
09-22 14:29:40.986 26942 26949 I .games.boxbound:   at java.util.concurrent.ThreadPoolExecutor.getTask(ThreadPoolExecutor.java:1071)
09-22 14:29:40.986 26942 26949 I .games.boxbound:   at java.util.concurrent.ThreadPoolExecutor.runWorker(ThreadPoolExecutor.java:1131)
09-22 14:29:40.986 26942 26949 I .games.boxbound:   at java.util.concurrent.ThreadPoolExecutor$Worker.run(ThreadPoolExecutor.java:644)
09-22 14:29:40.986 26942 26949 I .games.boxbound:   at org.nativescript.widgets.Async$PriorityThreadFactory$1.run(Async.java:94)
09-22 14:29:40.986 26942 26949 I .games.boxbound:   at java.lang.Thread.run(Thread.java:1012)
09-22 14:29:40.986 26942 26949 I .games.boxbound: 
09-22 14:29:40.986 26942 26949 I .games.boxbound: "Thread-14" prio=5 tid=36 Waiting
09-22 14:29:40.986 26942 26949 I .games.boxbound:   | group="main" sCount=1 ucsCount=0 flags=1 obj=0x12d476d0 self=0xb40000799d894110
09-22 14:29:40.986 26942 26949 I .games.boxbound:   | sysTid=27014 nice=10 cgrp=top-app sched=0/0 handle=0x7780ab5cb0
09-22 14:29:40.986 26942 26949 I .games.boxbound:   | state=S schedstat=( 399642233 1082584068 133 ) utm=39 stm=0 core=5 HZ=100
09-22 14:29:40.986 26942 26949 I .games.boxbound:   | stack=0x77809b2000-0x77809b4000 stackSize=1039KB
09-22 14:29:40.986 26942 26949 I .games.boxbound:   | held mutexes=
09-22 14:29:40.986 26942 26949 I .games.boxbound:   at jdk.internal.misc.Unsafe.park(Native method)
09-22 14:29:40.986 26942 26949 I .games.boxbound:   - waiting on an unknown object
09-22 14:29:40.986 26942 26949 I .games.boxbound:   at java.util.concurrent.locks.LockSupport.park(LockSupport.java:341)
09-22 14:29:40.986 26942 26949 I .games.boxbound:   at java.util.concurrent.locks.AbstractQueuedSynchronizer$ConditionNode.block(AbstractQueuedSynchronizer.java:506)
09-22 14:29:40.986 26942 26949 I .games.boxbound:   at java.util.concurrent.ForkJoinPool.unmanagedBlock(ForkJoinPool.java:3466)
09-22 14:29:40.986 26942 26949 I .games.boxbound:   at java.util.concurrent.ForkJoinPool.managedBlock(ForkJoinPool.java:3437)
09-22 14:29:40.986 26942 26949 I .games.boxbound:   at java.util.concurrent.locks.AbstractQueuedSynchronizer$ConditionObject.await(AbstractQueuedSynchronizer.java:1623)
09-22 14:29:40.986 26942 26949 I .games.boxbound:   at java.util.concurrent.LinkedBlockingQueue.take(LinkedBlockingQueue.java:435)
09-22 14:29:40.986 26942 26949 I .games.boxbound:   at java.util.concurrent.ThreadPoolExecutor.getTask(ThreadPoolExecutor.java:1071)
09-22 14:29:40.986 26942 26949 I .games.boxbound:   at java.util.concurrent.ThreadPoolExecutor.runWorker(ThreadPoolExecutor.java:1131)
09-22 14:29:40.986 26942 26949 I .games.boxbound:   at java.util.concurrent.ThreadPoolExecutor$Worker.run(ThreadPoolExecutor.java:644)
09-22 14:29:40.986 26942 26949 I .games.boxbound:   at org.nativescript.widgets.Async$PriorityThreadFactory$1.run(Async.java:94)
09-22 14:29:40.986 26942 26949 I .games.boxbound:   at java.lang.Thread.run(Thread.java:1012)
09-22 14:29:40.986 26942 26949 I .games.boxbound: 
09-22 14:29:40.986 26942 26949 I .games.boxbound: "Thread-13" prio=5 tid=37 Waiting
09-22 14:29:40.986 26942 26949 I .games.boxbound:   | group="main" sCount=1 ucsCount=0 flags=1 obj=0x12d475c8 self=0xb40000799d88eda0
09-22 14:29:40.986 26942 26949 I .games.boxbound:   | sysTid=27013 nice=10 cgrp=top-app sched=0/0 handle=0x7782bbfcb0
09-22 14:29:40.986 26942 26949 I .games.boxbound:   | state=S schedstat=( 434236513 1048872763 135 ) utm=43 stm=0 core=6 HZ=100
09-22 14:29:40.986 26942 26949 I .games.boxbound:   | stack=0x7782abc000-0x7782abe000 stackSize=1039KB
09-22 14:29:40.986 26942 26949 I .games.boxbound:   | held mutexes=
09-22 14:29:40.986 26942 26949 I .games.boxbound:   at jdk.internal.misc.Unsafe.park(Native method)
09-22 14:29:40.986 26942 26949 I .games.boxbound:   - waiting on an unknown object
09-22 14:29:40.986 26942 26949 I .games.boxbound:   at java.util.concurrent.locks.LockSupport.park(LockSupport.java:341)
09-22 14:29:40.986 26942 26949 I .games.boxbound:   at java.util.concurrent.locks.AbstractQueuedSynchronizer$ConditionNode.block(AbstractQueuedSynchronizer.java:506)
09-22 14:29:40.986 26942 26949 I .games.boxbound:   at java.util.concurrent.ForkJoinPool.unmanagedBlock(ForkJoinPool.java:3466)
09-22 14:29:40.986 26942 26949 I .games.boxbound:   at java.util.concurrent.ForkJoinPool.managedBlock(ForkJoinPool.java:3437)
09-22 14:29:40.986 26942 26949 I .games.boxbound:   at java.util.concurrent.locks.AbstractQueuedSynchronizer$ConditionObject.await(AbstractQueuedSynchronizer.java:1623)
09-22 14:29:40.986 26942 26949 I .games.boxbound:   at java.util.concurrent.LinkedBlockingQueue.take(LinkedBlockingQueue.java:435)
09-22 14:29:40.986 26942 26949 I .games.boxbound:   at java.util.concurrent.ThreadPoolExecutor.getTask(ThreadPoolExecutor.java:1071)
09-22 14:29:40.986 26942 26949 I .games.boxbound:   at java.util.concurrent.ThreadPoolExecutor.runWorker(ThreadPoolExecutor.java:1131)
09-22 14:29:40.986 26942 26949 I .games.boxbound:   at java.util.concurrent.ThreadPoolExecutor$Worker.run(ThreadPoolExecutor.java:644)
09-22 14:29:40.986 26942 26949 I .games.boxbound:   at org.nativescript.widgets.Async$PriorityThreadFactory$1.run(Async.java:94)
09-22 14:29:40.986 26942 26949 I .games.boxbound:   at java.lang.Thread.run(Thread.java:1012)
09-22 14:29:40.986 26942 26949 I .games.boxbound: 
09-22 14:29:40.986 26942 26949 I .games.boxbound: "Thread-15" prio=5 tid=38 Waiting
09-22 14:29:40.986 26942 26949 I .games.boxbound:   | group="main" sCount=1 ucsCount=0 flags=1 obj=0x12d47ee0 self=0xb40000799d892540
09-22 14:29:40.986 26942 26949 I .games.boxbound:   | sysTid=27015 nice=10 cgrp=top-app sched=0/0 handle=0x777f9abcb0
09-22 14:29:40.986 26942 26949 I .games.boxbound:   | state=S schedstat=( 487587459 978879848 133 ) utm=48 stm=0 core=2 HZ=100
09-22 14:29:40.986 26942 26949 I .games.boxbound:   | stack=0x777f8a8000-0x777f8aa000 stackSize=1039KB
09-22 14:29:40.986 26942 26949 I .games.boxbound:   | held mutexes=
09-22 14:29:40.986 26942 26949 I .games.boxbound:   at jdk.internal.misc.Unsafe.park(Native method)
09-22 14:29:40.986 26942 26949 I .games.boxbound:   - waiting on an unknown object
09-22 14:29:40.986 26942 26949 I .games.boxbound:   at java.util.concurrent.locks.LockSupport.park(LockSupport.java:341)
09-22 14:29:40.986 26942 26949 I .games.boxbound:   at java.util.concurrent.locks.AbstractQueuedSynchronizer$ConditionNode.block(AbstractQueuedSynchronizer.java:506)
09-22 14:29:40.986 26942 26949 I .games.boxbound:   at java.util.concurrent.ForkJoinPool.unmanagedBlock(ForkJoinPool.java:3466)
09-22 14:29:40.986 26942 26949 I .games.boxbound:   at java.util.concurrent.ForkJoinPool.managedBlock(ForkJoinPool.java:3437)
09-22 14:29:40.986 26942 26949 I .games.boxbound:   at java.util.concurrent.locks.AbstractQueuedSynchronizer$ConditionObject.await(AbstractQueuedSynchronizer.java:1623)
09-22 14:29:40.986 26942 26949 I .games.boxbound:   at java.util.concurrent.LinkedBlockingQueue.take(LinkedBlockingQueue.java:435)
09-22 14:29:40.986 26942 26949 I .games.boxbound:   at java.util.concurrent.ThreadPoolExecutor.getTask(ThreadPoolExecutor.java:1071)
09-22 14:29:40.986 26942 26949 I .games.boxbound:   at java.util.concurrent.ThreadPoolExecutor.runWorker(ThreadPoolExecutor.java:1131)
09-22 14:29:40.986 26942 26949 I .games.boxbound:   at java.util.concurrent.ThreadPoolExecutor$Worker.run(ThreadPoolExecutor.java:644)
09-22 14:29:40.986 26942 26949 I .games.boxbound:   at org.nativescript.widgets.Async$PriorityThreadFactory$1.run(Async.java:94)
09-22 14:29:40.986 26942 26949 I .games.boxbound:   at java.lang.Thread.run(Thread.java:1012)
09-22 14:29:40.986 26942 26949 I .games.boxbound: 
09-22 14:29:40.986 26942 26949 I .games.boxbound: "Thread-17" prio=5 tid=39 Waiting
09-22 14:29:40.986 26942 26949 I .games.boxbound:   | group="main" sCount=1 ucsCount=0 flags=1 obj=0x12d48180 self=0xb40000799d8978b0
09-22 14:29:40.986 26942 26949 I .games.boxbound:   | sysTid=27017 nice=10 cgrp=top-app sched=0/0 handle=0x777d797cb0
09-22 14:29:40.986 26942 26949 I .games.boxbound:   | state=S schedstat=( 426587601 1031976987 113 ) utm=42 stm=0 core=6 HZ=100
09-22 14:29:40.986 26942 26949 I .games.boxbound:   | stack=0x777d694000-0x777d696000 stackSize=1039KB
09-22 14:29:40.986 26942 26949 I .games.boxbound:   | held mutexes=
09-22 14:29:40.986 26942 26949 I .games.boxbound:   at jdk.internal.misc.Unsafe.park(Native method)
09-22 14:29:40.986 26942 26949 I .games.boxbound:   - waiting on an unknown object
09-22 14:29:40.986 26942 26949 I .games.boxbound:   at java.util.concurrent.locks.LockSupport.park(LockSupport.java:341)
09-22 14:29:40.986 26942 26949 I .games.boxbound:   at java.util.concurrent.locks.AbstractQueuedSynchronizer$ConditionNode.block(AbstractQueuedSynchronizer.java:506)
09-22 14:29:40.986 26942 26949 I .games.boxbound:   at java.util.concurrent.ForkJoinPool.unmanagedBlock(ForkJoinPool.java:3466)
09-22 14:29:40.986 26942 26949 I .games.boxbound:   at java.util.concurrent.ForkJoinPool.managedBlock(ForkJoinPool.java:3437)
09-22 14:29:40.986 26942 26949 I .games.boxbound:   at java.util.concurrent.locks.AbstractQueuedSynchronizer$ConditionObject.await(AbstractQueuedSynchronizer.java:1623)
09-22 14:29:40.986 26942 26949 I .games.boxbound:   at java.util.concurrent.LinkedBlockingQueue.take(LinkedBlockingQueue.java:435)
09-22 14:29:40.986 26942 26949 I .games.boxbound:   at java.util.concurrent.ThreadPoolExecutor.getTask(ThreadPoolExecutor.java:1071)
09-22 14:29:40.986 26942 26949 I .games.boxbound:   at java.util.concurrent.ThreadPoolExecutor.runWorker(ThreadPoolExecutor.java:1131)
09-22 14:29:40.986 26942 26949 I .games.boxbound:   at java.util.concurrent.ThreadPoolExecutor$Worker.run(ThreadPoolExecutor.java:644)
09-22 14:29:40.986 26942 26949 I .games.boxbound:   at org.nativescript.widgets.Async$PriorityThreadFactory$1.run(Async.java:94)
09-22 14:29:40.986 26942 26949 I .games.boxbound:   at java.lang.Thread.run(Thread.java:1012)
09-22 14:29:40.986 26942 26949 I .games.boxbound: 
09-22 14:29:40.986 26942 26949 I .games.boxbound: "Thread-18" prio=5 tid=40 Waiting
09-22 14:29:40.986 26942 26949 I .games.boxbound:   | group="main" sCount=1 ucsCount=0 flags=1 obj=0x12d48288 self=0xb40000799d89b050
09-22 14:29:40.986 26942 26949 I .games.boxbound:   | sysTid=27018 nice=10 cgrp=top-app sched=0/0 handle=0x777c68dcb0
09-22 14:29:40.986 26942 26949 I .games.boxbound:   | state=S schedstat=( 529046245 944396660 178 ) utm=52 stm=0 core=7 HZ=100
09-22 14:29:40.986 26942 26949 I .games.boxbound:   | stack=0x777c58a000-0x777c58c000 stackSize=1039KB
09-22 14:29:40.986 26942 26949 I .games.boxbound:   | held mutexes=
09-22 14:29:40.986 26942 26949 I .games.boxbound:   at jdk.internal.misc.Unsafe.park(Native method)
09-22 14:29:40.986 26942 26949 I .games.boxbound:   - waiting on an unknown object
09-22 14:29:40.986 26942 26949 I .games.boxbound:   at java.util.concurrent.locks.LockSupport.park(LockSupport.java:341)
09-22 14:29:40.986 26942 26949 I .games.boxbound:   at java.util.concurrent.locks.AbstractQueuedSynchronizer$ConditionNode.block(AbstractQueuedSynchronizer.java:506)
09-22 14:29:40.986 26942 26949 I .games.boxbound:   at java.util.concurrent.ForkJoinPool.unmanagedBlock(ForkJoinPool.java:3466)
09-22 14:29:40.986 26942 26949 I .games.boxbound:   at java.util.concurrent.ForkJoinPool.managedBlock(ForkJoinPool.java:3437)
09-22 14:29:40.986 26942 26949 I .games.boxbound:   at java.util.concurrent.locks.AbstractQueuedSynchronizer$ConditionObject.await(AbstractQueuedSynchronizer.java:1623)
09-22 14:29:40.986 26942 26949 I .games.boxbound:   at java.util.concurrent.LinkedBlockingQueue.take(LinkedBlockingQueue.java:435)
09-22 14:29:40.986 26942 26949 I .games.boxbound:   at java.util.concurrent.ThreadPoolExecutor.getTask(ThreadPoolExecutor.java:1071)
09-22 14:29:40.986 26942 26949 I .games.boxbound:   at java.util.concurrent.ThreadPoolExecutor.runWorker(ThreadPoolExecutor.java:1131)
09-22 14:29:40.986 26942 26949 I .games.boxbound:   at java.util.concurrent.ThreadPoolExecutor$Worker.run(ThreadPoolExecutor.java:644)
09-22 14:29:40.986 26942 26949 I .games.boxbound:   at org.nativescript.widgets.Async$PriorityThreadFactory$1.run(Async.java:94)
09-22 14:29:40.986 26942 26949 I .games.boxbound:   at java.lang.Thread.run(Thread.java:1012)
09-22 14:29:40.986 26942 26949 I .games.boxbound: 
09-22 14:29:40.986 26942 26949 I .games.boxbound: "Thread-16" prio=5 tid=41 Waiting
09-22 14:29:40.986 26942 26949 I .games.boxbound:   | group="main" sCount=1 ucsCount=0 flags=1 obj=0x12d47fe8 self=0xb40000799d890970
09-22 14:29:40.986 26942 26949 I .games.boxbound:   | sysTid=27016 nice=10 cgrp=top-app sched=0/0 handle=0x777e8a1cb0
09-22 14:29:40.986 26942 26949 I .games.boxbound:   | state=S schedstat=( 785634222 686836986 255 ) utm=78 stm=0 core=2 HZ=100
09-22 14:29:40.986 26942 26949 I .games.boxbound:   | stack=0x777e79e000-0x777e7a0000 stackSize=1039KB
09-22 14:29:40.986 26942 26949 I .games.boxbound:   | held mutexes=
09-22 14:29:40.986 26942 26949 I .games.boxbound:   at jdk.internal.misc.Unsafe.park(Native method)
09-22 14:29:40.986 26942 26949 I .games.boxbound:   - waiting on an unknown object
09-22 14:29:40.986 26942 26949 I .games.boxbound:   at java.util.concurrent.locks.LockSupport.park(LockSupport.java:341)
09-22 14:29:40.986 26942 26949 I .games.boxbound:   at java.util.concurrent.locks.AbstractQueuedSynchronizer$ConditionNode.block(AbstractQueuedSynchronizer.java:506)
09-22 14:29:40.986 26942 26949 I .games.boxbound:   at java.util.concurrent.ForkJoinPool.unmanagedBlock(ForkJoinPool.java:3466)
09-22 14:29:40.986 26942 26949 I .games.boxbound:   at java.util.concurrent.ForkJoinPool.managedBlock(ForkJoinPool.java:3437)
09-22 14:29:40.986 26942 26949 I .games.boxbound:   at java.util.concurrent.locks.AbstractQueuedSynchronizer$ConditionObject.await(AbstractQueuedSynchronizer.java:1623)
09-22 14:29:40.986 26942 26949 I .games.boxbound:   at java.util.concurrent.LinkedBlockingQueue.take(LinkedBlockingQueue.java:435)
09-22 14:29:40.986 26942 26949 I .games.boxbound:   at java.util.concurrent.ThreadPoolExecutor.getTask(ThreadPoolExecutor.java:1071)
09-22 14:29:40.986 26942 26949 I .games.boxbound:   at java.util.concurrent.ThreadPoolExecutor.runWorker(ThreadPoolExecutor.java:1131)
09-22 14:29:40.986 26942 26949 I .games.boxbound:   at java.util.concurrent.ThreadPoolExecutor$Worker.run(ThreadPoolExecutor.java:644)
09-22 14:29:40.986 26942 26949 I .games.boxbound:   at org.nativescript.widgets.Async$PriorityThreadFactory$1.run(Async.java:94)
09-22 14:29:40.986 26942 26949 I .games.boxbound:   at java.lang.Thread.run(Thread.java:1012)
09-22 14:29:40.986 26942 26949 I .games.boxbound: 
09-22 14:29:40.986 26942 26949 I .games.boxbound: "Thread-19" prio=5 tid=42 Waiting
09-22 14:29:40.986 26942 26949 I .games.boxbound:   | group="main" sCount=1 ucsCount=0 flags=1 obj=0x12d48390 self=0xb40000799d899480
09-22 14:29:40.986 26942 26949 I .games.boxbound:   | sysTid=27019 nice=10 cgrp=top-app sched=0/0 handle=0x777a583cb0
09-22 14:29:40.986 26942 26949 I .games.boxbound:   | state=S schedstat=( 801147768 662285724 322 ) utm=79 stm=0 core=7 HZ=100
09-22 14:29:40.986 26942 26949 I .games.boxbound:   | stack=0x777a480000-0x777a482000 stackSize=1039KB
09-22 14:29:40.986 26942 26949 I .games.boxbound:   | held mutexes=
09-22 14:29:40.986 26942 26949 I .games.boxbound:   at jdk.internal.misc.Unsafe.park(Native method)
09-22 14:29:40.986 26942 26949 I .games.boxbound:   - waiting on an unknown object
09-22 14:29:40.986 26942 26949 I .games.boxbound:   at java.util.concurrent.locks.LockSupport.park(LockSupport.java:341)
09-22 14:29:40.986 26942 26949 I .games.boxbound:   at java.util.concurrent.locks.AbstractQueuedSynchronizer$ConditionNode.block(AbstractQueuedSynchronizer.java:506)
09-22 14:29:40.986 26942 26949 I .games.boxbound:   at java.util.concurrent.ForkJoinPool.unmanagedBlock(ForkJoinPool.java:3466)
09-22 14:29:40.986 26942 26949 I .games.boxbound:   at java.util.concurrent.ForkJoinPool.managedBlock(ForkJoinPool.java:3437)
09-22 14:29:40.986 26942 26949 I .games.boxbound:   at java.util.concurrent.locks.AbstractQueuedSynchronizer$ConditionObject.await(AbstractQueuedSynchronizer.java:1623)
09-22 14:29:40.986 26942 26949 I .games.boxbound:   at java.util.concurrent.LinkedBlockingQueue.take(LinkedBlockingQueue.java:435)
09-22 14:29:40.986 26942 26949 I .games.boxbound:   at java.util.concurrent.ThreadPoolExecutor.getTask(ThreadPoolExecutor.java:1071)
09-22 14:29:40.986 26942 26949 I .games.boxbound:   at java.util.concurrent.ThreadPoolExecutor.runWorker(ThreadPoolExecutor.java:1131)
09-22 14:29:40.986 26942 26949 I .games.boxbound:   at java.util.concurrent.ThreadPoolExecutor$Worker.run(ThreadPoolExecutor.java:644)
09-22 14:29:40.986 26942 26949 I .games.boxbound:   at org.nativescript.widgets.Async$PriorityThreadFactory$1.run(Async.java:94)
09-22 14:29:40.986 26942 26949 I .games.boxbound:   at java.lang.Thread.run(Thread.java:1012)
09-22 14:29:40.986 26942 26949 I .games.boxbound: 
09-22 14:29:40.986 26942 26949 I .games.boxbound: "InteractionJankMonitor-Worker" prio=5 tid=43 Native
09-22 14:29:40.986 26942 26949 I .games.boxbound:   | group="main" sCount=1 ucsCount=0 flags=1 obj=0x12d48c08 self=0xb40000799d85e2e0
09-22 14:29:40.986 26942 26949 I .games.boxbound:   | sysTid=27020 nice=0 cgrp=top-app sched=0/0 handle=0x7779479cb0
09-22 14:29:40.986 26942 26949 I .games.boxbound:   | state=S schedstat=( 11984118 19156720 39 ) utm=0 stm=0 core=2 HZ=100
09-22 14:29:40.986 26942 26949 I .games.boxbound:   | stack=0x7779376000-0x7779378000 stackSize=1039KB
09-22 14:29:40.986 26942 26949 I .games.boxbound:   | held mutexes=
09-22 14:29:40.986 26942 26949 I .games.boxbound:   native: #00 pc 000afb7c  /apex/com.android.runtime/lib64/bionic/libc.so (__epoll_pwait+12) (BuildId: 50118287324a156bc7be11d3d940c7be)
09-22 14:29:40.986 26942 26949 I .games.boxbound:   native: #01 pc 00018748  /system/lib64/libutils.so (android::Looper::pollInner+192) (BuildId: 6df8048e2f2c69be0a5d8ee3149d683d)
09-22 14:29:40.986 26942 26949 I .games.boxbound:   native: #02 pc 00018624  /system/lib64/libutils.so (android::Looper::pollOnce+124) (BuildId: 6df8048e2f2c69be0a5d8ee3149d683d)
09-22 14:29:40.986 26942 26949 I .games.boxbound:   native: #03 pc 00187e1c  /system/lib64/libandroid_runtime.so (android::android_os_MessageQueue_nativePollOnce+48) (BuildId: 8655dc3372beccc71df2c96153cd41b4)
09-22 14:29:40.986 26942 26949 I .games.boxbound:   native: #04 pc 00227430  /apex/com.android.art/lib64/libart.so (art_quick_generic_jni_trampoline+144) (BuildId: 2a2e2726f12ce70bfbb5ea2dca129917)
09-22 14:29:40.986 26942 26949 I .games.boxbound:   native: #05 pc 020063d0  /memfd:jit-cache (deleted) (offset 2000000) (android.os.MessageQueue.next+256)
09-22 14:29:40.986 26942 26949 I .games.boxbound:   native: #06 pc 002109a4  /apex/com.android.art/lib64/libart.so (art_quick_invoke_stub+612) (BuildId: 2a2e2726f12ce70bfbb5ea2dca129917)
09-22 14:29:40.986 26942 26949 I .games.boxbound:   native: #07 pc 002546a0  /apex/com.android.art/lib64/libart.so (art::ArtMethod::Invoke+176) (BuildId: 2a2e2726f12ce70bfbb5ea2dca129917)
09-22 14:29:40.986 26942 26949 I .games.boxbound:   native: #08 pc 003db328  /apex/com.android.art/lib64/libart.so (bool art::interpreter::DoCall<false>+1788) (BuildId: 2a2e2726f12ce70bfbb5ea2dca129917)
09-22 14:29:40.986 26942 26949 I .games.boxbound:   native: #09 pc 00230a58  /apex/com.android.art/lib64/libart.so (void art::interpreter::ExecuteSwitchImplCpp<false>+14012) (BuildId: 2a2e2726f12ce70bfbb5ea2dca129917)
09-22 14:29:40.986 26942 26949 I .games.boxbound:   native: #10 pc 00229bd8  /apex/com.android.art/lib64/libart.so (ExecuteSwitchImplAsm+8) (BuildId: 2a2e2726f12ce70bfbb5ea2dca129917)
09-22 14:29:40.986 26942 26949 I .games.boxbound:   native: #11 pc 00206064  /system/framework/framework.jar (android.os.Looper.loopOnce)
09-22 14:29:40.986 26942 26949 I .games.boxbound:   native: #12 pc 003d3dec  /apex/com.android.art/lib64/libart.so (art::interpreter::Execute +452) (BuildId: 2a2e2726f12ce70bfbb5ea2dca129917)
09-22 14:29:40.986 26942 26949 I .games.boxbound:   native: #13 pc 003da78c  /apex/com.android.art/lib64/libart.so (art::interpreter::ArtInterpreterToInterpreterBridge+104) (BuildId: 2a2e2726f12ce70bfbb5ea2dca129917)
09-22 14:29:40.986 26942 26949 I .games.boxbound:   native: #14 pc 003db30c  /apex/com.android.art/lib64/libart.so (bool art::interpreter::DoCall<false>+1760) (BuildId: 2a2e2726f12ce70bfbb5ea2dca129917)
09-22 14:29:40.986 26942 26949 I .games.boxbound:   native: #15 pc 00230cec  /apex/com.android.art/lib64/libart.so (void art::interpreter::ExecuteSwitchImplCpp<false>+14672) (BuildId: 2a2e2726f12ce70bfbb5ea2dca129917)
09-22 14:29:40.986 26942 26949 I .games.boxbound:   native: #16 pc 00229bd8  /apex/com.android.art/lib64/libart.so (ExecuteSwitchImplAsm+8) (BuildId: 2a2e2726f12ce70bfbb5ea2dca129917)
09-22 14:29:40.986 26942 26949 I .games.boxbound:   native: #17 pc 002067d8  /system/framework/framework.jar (android.os.Looper.loop)
09-22 14:29:40.986 26942 26949 I .games.boxbound:   native: #18 pc 003d3dec  /apex/com.android.art/lib64/libart.so (art::interpreter::Execute +452) (BuildId: 2a2e2726f12ce70bfbb5ea2dca129917)
09-22 14:29:40.986 26942 26949 I .games.boxbound:   native: #19 pc 003da78c  /apex/com.android.art/lib64/libart.so (art::interpreter::ArtInterpreterToInterpreterBridge+104) (BuildId: 2a2e2726f12ce70bfbb5ea2dca129917)
09-22 14:29:40.986 26942 26949 I .games.boxbound:   native: #20 pc 003db30c  /apex/com.android.art/lib64/libart.so (bool art::interpreter::DoCall<false>+1760) (BuildId: 2a2e2726f12ce70bfbb5ea2dca129917)
09-22 14:29:40.986 26942 26949 I .games.boxbound:   native: #21 pc 00230cec  /apex/com.android.art/lib64/libart.so (void art::interpreter::ExecuteSwitchImplCpp<false>+14672) (BuildId: 2a2e2726f12ce70bfbb5ea2dca129917)
09-22 14:29:40.986 26942 26949 I .games.boxbound:   native: #22 pc 00229bd8  /apex/com.android.art/lib64/libart.so (ExecuteSwitchImplAsm+8) (BuildId: 2a2e2726f12ce70bfbb5ea2dca129917)
09-22 14:29:40.986 26942 26949 I .games.boxbound:   native: #23 pc 001e0378  /system/framework/framework.jar (android.os.HandlerThread.run)
09-22 14:29:40.986 26942 26949 I .games.boxbound:   native: #24 pc 003d3dec  /apex/com.android.art/lib64/libart.so (art::interpreter::Execute +452) (BuildId: 2a2e2726f12ce70bfbb5ea2dca129917)
09-22 14:29:40.986 26942 26949 I .games.boxbound:   native: #25 pc 0073da50  /apex/com.android.art/lib64/libart.so (artQuickToInterpreterBridge+668) (BuildId: 2a2e2726f12ce70bfbb5ea2dca129917)
09-22 14:29:40.986 26942 26949 I .games.boxbound:   native: #26 pc 00227568  /apex/com.android.art/lib64/libart.so (art_quick_to_interpreter_bridge+88) (BuildId: 2a2e2726f12ce70bfbb5ea2dca129917)
09-22 14:29:40.986 26942 26949 I .games.boxbound:   native: #27 pc 002109a4  /apex/com.android.art/lib64/libart.so (art_quick_invoke_stub+612) (BuildId: 2a2e2726f12ce70bfbb5ea2dca129917)
09-22 14:29:40.986 26942 26949 I .games.boxbound:   native: #28 pc 002546a0  /apex/com.android.art/lib64/libart.so (art::ArtMethod::Invoke+176) (BuildId: 2a2e2726f12ce70bfbb5ea2dca129917)
09-22 14:29:40.986 26942 26949 I .games.boxbound:   native: #29 pc 0067e1d4  /apex/com.android.art/lib64/libart.so (art::Thread::CreateCallback+1408) (BuildId: 2a2e2726f12ce70bfbb5ea2dca129917)
09-22 14:29:40.986 26942 26949 I .games.boxbound:   native: #30 pc 0067dc40  /apex/com.android.art/lib64/libart.so (art::Thread::CreateCallbackWithUffdGc+12) (BuildId: 2a2e2726f12ce70bfbb5ea2dca129917)
09-22 14:29:40.986 26942 26949 I .games.boxbound:   native: #31 pc 000c3644  /apex/com.android.runtime/lib64/bionic/libc.so (__pthread_start+208) (BuildId: 50118287324a156bc7be11d3d940c7be)
09-22 14:29:40.986 26942 26949 I .games.boxbound:   native: #32 pc 0005cfa4  /apex/com.android.runtime/lib64/bionic/libc.so (__start_thread+68) (BuildId: 50118287324a156bc7be11d3d940c7be)
09-22 14:29:40.986 26942 26949 I .games.boxbound:   at android.os.MessageQueue.nativePollOnce(Native method)
09-22 14:29:40.986 26942 26949 I .games.boxbound:   at android.os.MessageQueue.next(MessageQueue.java:335)
09-22 14:29:40.986 26942 26949 I .games.boxbound:   at android.os.Looper.loopOnce(Looper.java:162)
09-22 14:29:40.986 26942 26949 I .games.boxbound:   at android.os.Looper.loop(Looper.java:294)
09-22 14:29:40.986 26942 26949 I .games.boxbound:   at android.os.HandlerThread.run(HandlerThread.java:67)
09-22 14:29:40.986 26942 26949 I .games.boxbound: 
09-22 14:29:40.986 26942 26949 I .games.boxbound: "queued-work-looper" prio=5 tid=44 Native
09-22 14:29:40.986 26942 26949 I .games.boxbound:   | group="main" sCount=1 ucsCount=0 flags=1 obj=0x12d9f7e0 self=0xb40000799d956c10
09-22 14:29:40.986 26942 26949 I .games.boxbound:   | sysTid=29425 nice=-2 cgrp=top-app sched=0/0 handle=0x777144bcb0
09-22 14:29:40.986 26942 26949 I .games.boxbound:   | state=S schedstat=( 416653182 1612500 28 ) utm=41 stm=0 core=4 HZ=100
09-22 14:29:40.986 26942 26949 I .games.boxbound:   | stack=0x7771348000-0x777134a000 stackSize=1039KB
09-22 14:29:40.986 26942 26949 I .games.boxbound:   | held mutexes=
09-22 14:29:40.986 26942 26949 I .games.boxbound:   native: #00 pc 000afb7c  /apex/com.android.runtime/lib64/bionic/libc.so (__epoll_pwait+12) (BuildId: 50118287324a156bc7be11d3d940c7be)
09-22 14:29:40.986 26942 26949 I .games.boxbound:   native: #01 pc 00018748  /system/lib64/libutils.so (android::Looper::pollInner+192) (BuildId: 6df8048e2f2c69be0a5d8ee3149d683d)
09-22 14:29:40.986 26942 26949 I .games.boxbound:   native: #02 pc 00018624  /system/lib64/libutils.so (android::Looper::pollOnce+124) (BuildId: 6df8048e2f2c69be0a5d8ee3149d683d)
09-22 14:29:40.986 26942 26949 I .games.boxbound:   native: #03 pc 00187e1c  /system/lib64/libandroid_runtime.so (android::android_os_MessageQueue_nativePollOnce+48) (BuildId: 8655dc3372beccc71df2c96153cd41b4)
09-22 14:29:40.986 26942 26949 I .games.boxbound:   native: #04 pc 00227430  /apex/com.android.art/lib64/libart.so (art_quick_generic_jni_trampoline+144) (BuildId: 2a2e2726f12ce70bfbb5ea2dca129917)
09-22 14:29:40.986 26942 26949 I .games.boxbound:   native: #05 pc 020063d0  /memfd:jit-cache (deleted) (offset 2000000) (android.os.MessageQueue.next+256)
09-22 14:29:40.986 26942 26949 I .games.boxbound:   native: #06 pc 002109a4  /apex/com.android.art/lib64/libart.so (art_quick_invoke_stub+612) (BuildId: 2a2e2726f12ce70bfbb5ea2dca129917)
09-22 14:29:40.986 26942 26949 I .games.boxbound:   native: #07 pc 002546a0  /apex/com.android.art/lib64/libart.so (art::ArtMethod::Invoke+176) (BuildId: 2a2e2726f12ce70bfbb5ea2dca129917)
09-22 14:29:40.986 26942 26949 I .games.boxbound:   native: #08 pc 003db328  /apex/com.android.art/lib64/libart.so (bool art::interpreter::DoCall<false>+1788) (BuildId: 2a2e2726f12ce70bfbb5ea2dca129917)
09-22 14:29:40.986 26942 26949 I .games.boxbound:   native: #09 pc 00230a58  /apex/com.android.art/lib64/libart.so (void art::interpreter::ExecuteSwitchImplCpp<false>+14012) (BuildId: 2a2e2726f12ce70bfbb5ea2dca129917)
09-22 14:29:40.986 26942 26949 I .games.boxbound:   native: #10 pc 00229bd8  /apex/com.android.art/lib64/libart.so (ExecuteSwitchImplAsm+8) (BuildId: 2a2e2726f12ce70bfbb5ea2dca129917)
09-22 14:29:40.986 26942 26949 I .games.boxbound:   native: #11 pc 00206064  /system/framework/framework.jar (android.os.Looper.loopOnce)
09-22 14:29:40.986 26942 26949 I .games.boxbound:   native: #12 pc 003d3dec  /apex/com.android.art/lib64/libart.so (art::interpreter::Execute +452) (BuildId: 2a2e2726f12ce70bfbb5ea2dca129917)
09-22 14:29:40.986 26942 26949 I .games.boxbound:   native: #13 pc 003da78c  /apex/com.android.art/lib64/libart.so (art::interpreter::ArtInterpreterToInterpreterBridge+104) (BuildId: 2a2e2726f12ce70bfbb5ea2dca129917)
09-22 14:29:40.986 26942 26949 I .games.boxbound:   native: #14 pc 003db30c  /apex/com.android.art/lib64/libart.so (bool art::interpreter::DoCall<false>+1760) (BuildId: 2a2e2726f12ce70bfbb5ea2dca129917)
09-22 14:29:40.986 26942 26949 I .games.boxbound:   native: #15 pc 00230cec  /apex/com.android.art/lib64/libart.so (void art::interpreter::ExecuteSwitchImplCpp<false>+14672) (BuildId: 2a2e2726f12ce70bfbb5ea2dca129917)
09-22 14:29:40.986 26942 26949 I .games.boxbound:   native: #16 pc 00229bd8  /apex/com.android.art/lib64/libart.so (ExecuteSwitchImplAsm+8) (BuildId: 2a2e2726f12ce70bfbb5ea2dca129917)
09-22 14:29:40.986 26942 26949 I .games.boxbound:   native: #17 pc 002067d8  /system/framework/framework.jar (android.os.Looper.loop)
09-22 14:29:40.986 26942 26949 I .games.boxbound:   native: #18 pc 003d3dec  /apex/com.android.art/lib64/libart.so (art::interpreter::Execute +452) (BuildId: 2a2e2726f12ce70bfbb5ea2dca129917)
09-22 14:29:40.986 26942 26949 I .games.boxbound:   native: #19 pc 003da78c  /apex/com.android.art/lib64/libart.so (art::interpreter::ArtInterpreterToInterpreterBridge+104) (BuildId: 2a2e2726f12ce70bfbb5ea2dca129917)
09-22 14:29:40.986 26942 26949 I .games.boxbound:   native: #20 pc 003db30c  /apex/com.android.art/lib64/libart.so (bool art::interpreter::DoCall<false>+1760) (BuildId: 2a2e2726f12ce70bfbb5ea2dca129917)
09-22 14:29:40.986 26942 26949 I .games.boxbound:   native: #21 pc 00230cec  /apex/com.android.art/lib64/libart.so (void art::interpreter::ExecuteSwitchImplCpp<false>+14672) (BuildId: 2a2e2726f12ce70bfbb5ea2dca129917)
09-22 14:29:40.986 26942 26949 I .games.boxbound:   native: #22 pc 00229bd8  /apex/com.android.art/lib64/libart.so (ExecuteSwitchImplAsm+8) (BuildId: 2a2e2726f12ce70bfbb5ea2dca129917)
09-22 14:29:40.986 26942 26949 I .games.boxbound:   native: #23 pc 001e0378  /system/framework/framework.jar (android.os.HandlerThread.run)
09-22 14:29:40.986 26942 26949 I .games.boxbound:   native: #24 pc 003d3dec  /apex/com.android.art/lib64/libart.so (art::interpreter::Execute +452) (BuildId: 2a2e2726f12ce70bfbb5ea2dca129917)
09-22 14:29:40.986 26942 26949 I .games.boxbound:   native: #25 pc 0073da50  /apex/com.android.art/lib64/libart.so (artQuickToInterpreterBridge+668) (BuildId: 2a2e2726f12ce70bfbb5ea2dca129917)
09-22 14:29:40.986 26942 26949 I .games.boxbound:   native: #26 pc 00227568  /apex/com.android.art/lib64/libart.so (art_quick_to_interpreter_bridge+88) (BuildId: 2a2e2726f12ce70bfbb5ea2dca129917)
09-22 14:29:40.986 26942 26949 I .games.boxbound:   native: #27 pc 002109a4  /apex/com.android.art/lib64/libart.so (art_quick_invoke_stub+612) (BuildId: 2a2e2726f12ce70bfbb5ea2dca129917)
09-22 14:29:40.986 26942 26949 I .games.boxbound:   native: #28 pc 002546a0  /apex/com.android.art/lib64/libart.so (art::ArtMethod::Invoke+176) (BuildId: 2a2e2726f12ce70bfbb5ea2dca129917)
09-22 14:29:40.986 26942 26949 I .games.boxbound:   native: #29 pc 0067e1d4  /apex/com.android.art/lib64/libart.so (art::Thread::CreateCallback+1408) (BuildId: 2a2e2726f12ce70bfbb5ea2dca129917)
09-22 14:29:40.986 26942 26949 I .games.boxbound:   native: #30 pc 0067dc40  /apex/com.android.art/lib64/libart.so (art::Thread::CreateCallbackWithUffdGc+12) (BuildId: 2a2e2726f12ce70bfbb5ea2dca129917)
09-22 14:29:40.986 26942 26949 I .games.boxbound:   native: #31 pc 000c3644  /apex/com.android.runtime/lib64/bionic/libc.so (__pthread_start+208) (BuildId: 50118287324a156bc7be11d3d940c7be)
09-22 14:29:40.986 26942 26949 I .games.boxbound:   native: #32 pc 0005cfa4  /apex/com.android.runtime/lib64/bionic/libc.so (__start_thread+68) (BuildId: 50118287324a156bc7be11d3d940c7be)
09-22 14:29:40.986 26942 26949 I .games.boxbound:   at android.os.MessageQueue.nativePollOnce(Native method)
09-22 14:29:40.986 26942 26949 I .games.boxbound:   at android.os.MessageQueue.next(MessageQueue.java:335)
09-22 14:29:40.986 26942 26949 I .games.boxbound:   at android.os.Looper.loopOnce(Looper.java:162)
09-22 14:29:40.986 26942 26949 I .games.boxbound:   at android.os.Looper.loop(Looper.java:294)
09-22 14:29:40.986 26942 26949 I .games.boxbound:   at android.os.HandlerThread.run(HandlerThread.java:67)
09-22 14:29:40.986 26942 26949 I .games.boxbound: 
09-22 14:29:40.986 26942 26949 I .games.boxbound: "SoundPool_14" prio=5 tid=45 Native
09-22 14:29:40.986 26942 26949 I .games.boxbound:   | group="main" sCount=1 ucsCount=0 flags=1 obj=0x12e97ff0 self=0xb40000799d968230
09-22 14:29:40.986 26942 26949 I .games.boxbound:   | sysTid=9787 nice=0 cgrp=top-app sched=0/0 handle=0x775668ccb0
09-22 14:29:40.986 26942 26949 I .games.boxbound:   | state=S schedstat=( 17721507 3513911 114 ) utm=1 stm=0 core=2 HZ=100
09-22 14:29:40.986 26942 26949 I .games.boxbound:   | stack=0x7756595000-0x7756597000 stackSize=991KB
09-22 14:29:40.986 26942 26949 I .games.boxbound:   | held mutexes=
09-22 14:29:40.986 26942 26949 I .games.boxbound:   native: #00 pc 00057844  /apex/com.android.runtime/lib64/bionic/libc.so (syscall+36) (BuildId: 50118287324a156bc7be11d3d940c7be)
09-22 14:29:40.986 26942 26949 I .games.boxbound:   native: #01 pc 0005c4c0  /apex/com.android.runtime/lib64/bionic/libc.so (__futex_wait_ex+148) (BuildId: 50118287324a156bc7be11d3d940c7be)
09-22 14:29:40.986 26942 26949 I .games.boxbound:   native: #02 pc 000c298c  /apex/com.android.runtime/lib64/bionic/libc.so (pthread_cond_timedwait+140) (BuildId: 50118287324a156bc7be11d3d940c7be)
09-22 14:29:40.986 26942 26949 I .games.boxbound:   native: #03 pc 0005d104  /system/lib64/libc++.so (std::__1::condition_variable::__do_timed_wait+112) (BuildId: 3e4354695cf2fa8a0e4865a8855383a4)
09-22 14:29:40.986 26942 26949 I .games.boxbound:   native: #04 pc 00015478  /system/lib64/libsoundpool.so (android::soundpool::StreamManager::run+256) (BuildId: 22c07741b08785a631f0795ea7b1c1e0)
09-22 14:29:40.986 26942 26949 I .games.boxbound:   native: #05 pc 0000f6b0  /system/lib64/libsoundpool.so (std::__1::__function::__func<android::soundpool::ThreadPool::launch::'lambda', std::__1::allocator<android::soundpool::ThreadPool::launch::'lambda'>, void >::operator+68) (BuildId: 22c07741b08785a631f0795ea7b1c1e0)
09-22 14:29:40.986 26942 26949 I .games.boxbound:   native: #06 pc 0000f720  /system/lib64/libsoundpool.so (android::soundpool::JavaThread::staticFunction+36) (BuildId: 22c07741b08785a631f0795ea7b1c1e0)
09-22 14:29:40.986 26942 26949 I .games.boxbound:   native: #07 pc 000ecc40  /system/lib64/libandroid_runtime.so (android::AndroidRuntime::javaThreadShell+144) (BuildId: 8655dc3372beccc71df2c96153cd41b4)
09-22 14:29:40.986 26942 26949 I .games.boxbound:   native: #08 pc 000c3644  /apex/com.android.runtime/lib64/bionic/libc.so (__pthread_start+208) (BuildId: 50118287324a156bc7be11d3d940c7be)
09-22 14:29:40.986 26942 26949 I .games.boxbound:   native: #09 pc 0005cfa4  /apex/com.android.runtime/lib64/bionic/libc.so (__start_thread+68) (BuildId: 50118287324a156bc7be11d3d940c7be)
09-22 14:29:40.986 26942 26949 I .games.boxbound:   (no managed stack frames)
09-22 14:29:40.986 26942 26949 I .games.boxbound: 
09-22 14:29:40.986 26942 26949 I .games.boxbound: "binder:26942_6" prio=5 tid=46 Native
09-22 14:29:40.986 26942 26949 I .games.boxbound:   | group="main" sCount=1 ucsCount=0 flags=1 obj=0x12d5ded0 self=0xb40000799d8a03c0
09-22 14:29:40.986 26942 26949 I .games.boxbound:   | sysTid=27045 nice=0 cgrp=top-app sched=0/0 handle=0x776f05bcb0
09-22 14:29:40.986 26942 26949 I .games.boxbound:   | state=S schedstat=( 339341179 78949681 2559 ) utm=17 stm=16 core=2 HZ=100
09-22 14:29:40.986 26942 26949 I .games.boxbound:   | stack=0x776ef64000-0x776ef66000 stackSize=991KB
09-22 14:29:40.986 26942 26949 I .games.boxbound:   | held mutexes=
09-22 14:29:40.986 26942 26949 I .games.boxbound:   native: #00 pc 000aebbc  /apex/com.android.runtime/lib64/bionic/libc.so (__ioctl+12) (BuildId: 50118287324a156bc7be11d3d940c7be)
09-22 14:29:40.986 26942 26949 I .games.boxbound:   native: #01 pc 00065a58  /apex/com.android.runtime/lib64/bionic/libc.so (ioctl+160) (BuildId: 50118287324a156bc7be11d3d940c7be)
09-22 14:29:40.986 26942 26949 I .games.boxbound:   native: #02 pc 000603ec  /system/lib64/libbinder.so (android::IPCThreadState::talkWithDriver+284) (BuildId: 3676b6af8d34c3d700e9406fe3a4163b)
09-22 14:29:40.986 26942 26949 I .games.boxbound:   native: #03 pc 00060734  /system/lib64/libbinder.so (android::IPCThreadState::getAndExecuteCommand+28) (BuildId: 3676b6af8d34c3d700e9406fe3a4163b)
09-22 14:29:40.986 26942 26949 I .games.boxbound:   native: #04 pc 00061130  /system/lib64/libbinder.so (android::IPCThreadState::joinThreadPool+116) (BuildId: 3676b6af8d34c3d700e9406fe3a4163b)
09-22 14:29:40.986 26942 26949 I .games.boxbound:   native: #05 pc 0006ad34  /system/lib64/libbinder.so (android::PoolThread::threadLoop+28) (BuildId: 3676b6af8d34c3d700e9406fe3a4163b)
09-22 14:29:40.986 26942 26949 I .games.boxbound:   native: #06 pc 000142d0  /system/lib64/libutils.so (android::Thread::_threadLoop+288) (BuildId: 6df8048e2f2c69be0a5d8ee3149d683d)
09-22 14:29:40.986 26942 26949 I .games.boxbound:   native: #07 pc 000ecc40  /system/lib64/libandroid_runtime.so (android::AndroidRuntime::javaThreadShell+144) (BuildId: 8655dc3372beccc71df2c96153cd41b4)
09-22 14:29:40.986 26942 26949 I .games.boxbound:   native: #08 pc 000c3644  /apex/com.android.runtime/lib64/bionic/libc.so (__pthread_start+208) (BuildId: 50118287324a156bc7be11d3d940c7be)
09-22 14:29:40.986 26942 26949 I .games.boxbound:   native: #09 pc 0005cfa4  /apex/com.android.runtime/lib64/bionic/libc.so (__start_thread+68) (BuildId: 50118287324a156bc7be11d3d940c7be)
09-22 14:29:40.986 26942 26949 I .games.boxbound:   (no managed stack frames)
09-22 14:29:40.986 26942 26949 I .games.boxbound: 
09-22 14:29:40.986 26942 26949 I .games.boxbound: "binder:26942_5" prio=5 tid=47 Native
09-22 14:29:40.986 26942 26949 I .games.boxbound:   | group="main" sCount=1 ucsCount=0 flags=1 obj=0x12d5db50 self=0xb40000799d832b90
09-22 14:29:40.986 26942 26949 I .games.boxbound:   | sysTid=27037 nice=0 cgrp=top-app sched=0/0 handle=0x776f159cb0
09-22 14:29:40.986 26942 26949 I .games.boxbound:   | state=S schedstat=( 372343 1542136 14 ) utm=0 stm=0 core=4 HZ=100
09-22 14:29:40.986 26942 26949 I .games.boxbound:   | stack=0x776f062000-0x776f064000 stackSize=991KB
09-22 14:29:40.986 26942 26949 I .games.boxbound:   | held mutexes=
09-22 14:29:40.986 26942 26949 I .games.boxbound:   native: #00 pc 000aebbc  /apex/com.android.runtime/lib64/bionic/libc.so (__ioctl+12) (BuildId: 50118287324a156bc7be11d3d940c7be)
09-22 14:29:40.986 26942 26949 I .games.boxbound:   native: #01 pc 00065a58  /apex/com.android.runtime/lib64/bionic/libc.so (ioctl+160) (BuildId: 50118287324a156bc7be11d3d940c7be)
09-22 14:29:40.986 26942 26949 I .games.boxbound:   native: #02 pc 000603ec  /system/lib64/libbinder.so (android::IPCThreadState::talkWithDriver+284) (BuildId: 3676b6af8d34c3d700e9406fe3a4163b)
09-22 14:29:40.986 26942 26949 I .games.boxbound:   native: #03 pc 00060734  /system/lib64/libbinder.so (android::IPCThreadState::getAndExecuteCommand+28) (BuildId: 3676b6af8d34c3d700e9406fe3a4163b)
09-22 14:29:40.986 26942 26949 I .games.boxbound:   native: #04 pc 00061130  /system/lib64/libbinder.so (android::IPCThreadState::joinThreadPool+116) (BuildId: 3676b6af8d34c3d700e9406fe3a4163b)
09-22 14:29:40.986 26942 26949 I .games.boxbound:   native: #05 pc 0006ad34  /system/lib64/libbinder.so (android::PoolThread::threadLoop+28) (BuildId: 3676b6af8d34c3d700e9406fe3a4163b)
09-22 14:29:40.986 26942 26949 I .games.boxbound:   native: #06 pc 000142d0  /system/lib64/libutils.so (android::Thread::_threadLoop+288) (BuildId: 6df8048e2f2c69be0a5d8ee3149d683d)
09-22 14:29:40.986 26942 26949 I .games.boxbound:   native: #07 pc 000ecc40  /system/lib64/libandroid_runtime.so (android::AndroidRuntime::javaThreadShell+144) (BuildId: 8655dc3372beccc71df2c96153cd41b4)
09-22 14:29:40.986 26942 26949 I .games.boxbound:   native: #08 pc 000c3644  /apex/com.android.runtime/lib64/bionic/libc.so (__pthread_start+208) (BuildId: 50118287324a156bc7be11d3d940c7be)
09-22 14:29:40.986 26942 26949 I .games.boxbound:   native: #09 pc 0005cfa4  /apex/com.android.runtime/lib64/bionic/libc.so (__start_thread+68) (BuildId: 50118287324a156bc7be11d3d940c7be)
09-22 14:29:40.986 26942 26949 I .games.boxbound:   (no managed stack frames)
09-22 14:29:40.986 26942 26949 I .games.boxbound: 
09-22 14:29:40.986 26942 26949 I .games.boxbound: "HwBinder:26942_1" prio=5 tid=48 Native
09-22 14:29:40.986 26942 26949 I .games.boxbound:   | group="main" sCount=1 ucsCount=0 flags=1 obj=0x12d5daa0 self=0xb40000799d8152c0
09-22 14:29:40.986 26942 26949 I .games.boxbound:   | sysTid=27033 nice=-10 cgrp=top-app sched=0/0 handle=0x7769c63cb0
09-22 14:29:40.986 26942 26949 I .games.boxbound:   | state=S schedstat=( 3176504 11955939 74 ) utm=0 stm=0 core=4 HZ=100
09-22 14:29:40.986 26942 26949 I .games.boxbound:   | stack=0x7769b6c000-0x7769b6e000 stackSize=991KB
09-22 14:29:40.986 26942 26949 I .games.boxbound:   | held mutexes=
09-22 14:29:40.986 26942 26949 I .games.boxbound:   native: #00 pc 000aebbc  /apex/com.android.runtime/lib64/bionic/libc.so (__ioctl+12) (BuildId: 50118287324a156bc7be11d3d940c7be)
09-22 14:29:40.986 26942 26949 I .games.boxbound:   native: #01 pc 00065a58  /apex/com.android.runtime/lib64/bionic/libc.so (ioctl+160) (BuildId: 50118287324a156bc7be11d3d940c7be)
09-22 14:29:40.986 26942 26949 I .games.boxbound:   native: #02 pc 0008ebd0  /system/lib64/libhidlbase.so (android::hardware::IPCThreadState::talkWithDriver+208) (BuildId: 49bd92c56501f9fb752ed674df5c63c0)
09-22 14:29:40.986 26942 26949 I .games.boxbound:   native: #03 pc 0008ed14  /system/lib64/libhidlbase.so (android::hardware::IPCThreadState::getAndExecuteCommand+44) (BuildId: 49bd92c56501f9fb752ed674df5c63c0)
09-22 14:29:40.986 26942 26949 I .games.boxbound:   native: #04 pc 0008ffb4  /system/lib64/libhidlbase.so (android::hardware::IPCThreadState::joinThreadPool+176) (BuildId: 49bd92c56501f9fb752ed674df5c63c0)
09-22 14:29:40.986 26942 26949 I .games.boxbound:   native: #05 pc 0009abe4  /system/lib64/libhidlbase.so (android::hardware::PoolThread::threadLoop+28) (BuildId: 49bd92c56501f9fb752ed674df5c63c0)
09-22 14:29:40.986 26942 26949 I .games.boxbound:   native: #06 pc 000142d0  /system/lib64/libutils.so (android::Thread::_threadLoop+288) (BuildId: 6df8048e2f2c69be0a5d8ee3149d683d)
09-22 14:29:40.986 26942 26949 I .games.boxbound:   native: #07 pc 000ecc40  /system/lib64/libandroid_runtime.so (android::AndroidRuntime::javaThreadShell+144) (BuildId: 8655dc3372beccc71df2c96153cd41b4)
09-22 14:29:40.986 26942 26949 I .games.boxbound:   native: #08 pc 000c3644  /apex/com.android.runtime/lib64/bionic/libc.so (__pthread_start+208) (BuildId: 50118287324a156bc7be11d3d940c7be)
09-22 14:29:40.986 26942 26949 I .games.boxbound:   native: #09 pc 0005cfa4  /apex/com.android.runtime/lib64/bionic/libc.so (__start_thread+68) (BuildId: 50118287324a156bc7be11d3d940c7be)
09-22 14:29:40.986 26942 26949 I .games.boxbound:   (no managed stack frames)
09-22 14:29:40.986 26942 26949 I .games.boxbound: 
09-22 14:29:40.986 26942 26949 I .games.boxbound: "binder:26942_7" prio=5 tid=49 Native
09-22 14:29:40.986 26942 26949 I .games.boxbound:   | group="main" sCount=1 ucsCount=0 flags=1 obj=0x12d5df80 self=0xb40000799d8ae240
09-22 14:29:40.986 26942 26949 I .games.boxbound:   | sysTid=27058 nice=0 cgrp=top-app sched=0/0 handle=0x776ee5dcb0
09-22 14:29:40.986 26942 26949 I .games.boxbound:   | state=S schedstat=( 179546978 85767712 1961 ) utm=7 stm=10 core=5 HZ=100
09-22 14:29:40.986 26942 26949 I .games.boxbound:   | stack=0x776ed66000-0x776ed68000 stackSize=991KB
09-22 14:29:40.986 26942 26949 I .games.boxbound:   | held mutexes=
09-22 14:29:40.986 26942 26949 I .games.boxbound:   native: #00 pc 000aebbc  /apex/com.android.runtime/lib64/bionic/libc.so (__ioctl+12) (BuildId: 50118287324a156bc7be11d3d940c7be)
09-22 14:29:40.986 26942 26949 I .games.boxbound:   native: #01 pc 00065a58  /apex/com.android.runtime/lib64/bionic/libc.so (ioctl+160) (BuildId: 50118287324a156bc7be11d3d940c7be)
09-22 14:29:40.986 26942 26949 I .games.boxbound:   native: #02 pc 000603ec  /system/lib64/libbinder.so (android::IPCThreadState::talkWithDriver+284) (BuildId: 3676b6af8d34c3d700e9406fe3a4163b)
09-22 14:29:40.986 26942 26949 I .games.boxbound:   native: #03 pc 00060734  /system/lib64/libbinder.so (android::IPCThreadState::getAndExecuteCommand+28) (BuildId: 3676b6af8d34c3d700e9406fe3a4163b)
09-22 14:29:40.986 26942 26949 I .games.boxbound:   native: #04 pc 00061130  /system/lib64/libbinder.so (android::IPCThreadState::joinThreadPool+116) (BuildId: 3676b6af8d34c3d700e9406fe3a4163b)
09-22 14:29:40.986 26942 26949 I .games.boxbound:   native: #05 pc 0006ad34  /system/lib64/libbinder.so (android::PoolThread::threadLoop+28) (BuildId: 3676b6af8d34c3d700e9406fe3a4163b)
09-22 14:29:40.986 26942 26949 I .games.boxbound:   native: #06 pc 000142d0  /system/lib64/libutils.so (android::Thread::_threadLoop+288) (BuildId: 6df8048e2f2c69be0a5d8ee3149d683d)
09-22 14:29:40.986 26942 26949 I .games.boxbound:   native: #07 pc 000ecc40  /system/lib64/libandroid_runtime.so (android::AndroidRuntime::javaThreadShell+144) (BuildId: 8655dc3372beccc71df2c96153cd41b4)
09-22 14:29:40.986 26942 26949 I .games.boxbound:   native: #08 pc 000c3644  /apex/com.android.runtime/lib64/bionic/libc.so (__pthread_start+208) (BuildId: 50118287324a156bc7be11d3d940c7be)
09-22 14:29:40.986 26942 26949 I .games.boxbound:   native: #09 pc 0005cfa4  /apex/com.android.runtime/lib64/bionic/libc.so (__start_thread+68) (BuildId: 50118287324a156bc7be11d3d940c7be)
09-22 14:29:40.986 26942 26949 I .games.boxbound:   (no managed stack frames)
09-22 14:29:40.986 26942 26949 I .games.boxbound: 
09-22 14:29:40.986 26942 26949 I .games.boxbound: "AsyncTask #4" prio=5 tid=50 Waiting
09-22 14:29:40.986 26942 26949 I .games.boxbound:   | group="main" sCount=1 ucsCount=0 flags=1 obj=0x12da1a90 self=0xb40000799d962ec0
09-22 14:29:40.986 26942 26949 I .games.boxbound:   | sysTid=8493 nice=10 cgrp=top-app sched=0/0 handle=0x7756c08cb0
09-22 14:29:40.986 26942 26949 I .games.boxbound:   | state=S schedstat=( 430625 5839427 2 ) utm=0 stm=0 core=5 HZ=100
09-22 14:29:40.986 26942 26949 I .games.boxbound:   | stack=0x7756b05000-0x7756b07000 stackSize=1039KB
09-22 14:29:40.986 26942 26949 I .games.boxbound:   | held mutexes=
09-22 14:29:40.986 26942 26949 I .games.boxbound:   at jdk.internal.misc.Unsafe.park(Native method)
09-22 14:29:40.986 26942 26949 I .games.boxbound:   - waiting on an unknown object
09-22 14:29:40.986 26942 26949 I .games.boxbound:   at java.util.concurrent.locks.LockSupport.park(LockSupport.java:341)
09-22 14:29:40.986 26942 26949 I .games.boxbound:   at java.util.concurrent.locks.AbstractQueuedSynchronizer$ConditionNode.block(AbstractQueuedSynchronizer.java:506)
09-22 14:29:40.986 26942 26949 I .games.boxbound:   at java.util.concurrent.ForkJoinPool.unmanagedBlock(ForkJoinPool.java:3466)
09-22 14:29:40.986 26942 26949 I .games.boxbound:   at java.util.concurrent.ForkJoinPool.managedBlock(ForkJoinPool.java:3437)
09-22 14:29:40.986 26942 26949 I .games.boxbound:   at java.util.concurrent.locks.AbstractQueuedSynchronizer$ConditionObject.await(AbstractQueuedSynchronizer.java:1623)
09-22 14:29:40.986 26942 26949 I .games.boxbound:   at java.util.concurrent.LinkedBlockingQueue.take(LinkedBlockingQueue.java:435)
09-22 14:29:40.986 26942 26949 I .games.boxbound:   at java.util.concurrent.ThreadPoolExecutor.getTask(ThreadPoolExecutor.java:1071)
09-22 14:29:40.986 26942 26949 I .games.boxbound:   at java.util.concurrent.ThreadPoolExecutor.runWorker(ThreadPoolExecutor.java:1131)
09-22 14:29:40.986 26942 26949 I .games.boxbound:   at java.util.concurrent.ThreadPoolExecutor$Worker.run(ThreadPoolExecutor.java:644)
09-22 14:29:40.986 26942 26949 I .games.boxbound:   at java.lang.Thread.run(Thread.java:1012)
09-22 14:29:40.986 26942 26949 I .games.boxbound: 
09-22 14:29:40.986 26942 26949 I .games.boxbound: "AsyncTask #5" prio=5 tid=51 Waiting
09-22 14:29:40.986 26942 26949 I .games.boxbound:   | group="main" sCount=1 ucsCount=0 flags=1 obj=0x12da1c08 self=0xb40000799d95bf80
09-22 14:29:40.986 26942 26949 I .games.boxbound:   | sysTid=8521 nice=10 cgrp=top-app sched=0/0 handle=0x774fe21cb0
09-22 14:29:40.986 26942 26949 I .games.boxbound:   | state=S schedstat=( 1693229 433906 3 ) utm=0 stm=0 core=4 HZ=100
09-22 14:29:40.986 26942 26949 I .games.boxbound:   | stack=0x774fd1e000-0x774fd20000 stackSize=1039KB
09-22 14:29:40.986 26942 26949 I .games.boxbound:   | held mutexes=
09-22 14:29:40.986 26942 26949 I .games.boxbound:   at jdk.internal.misc.Unsafe.park(Native method)
09-22 14:29:40.986 26942 26949 I .games.boxbound:   - waiting on an unknown object
09-22 14:29:40.986 26942 26949 I .games.boxbound:   at java.util.concurrent.locks.LockSupport.park(LockSupport.java:341)
09-22 14:29:40.986 26942 26949 I .games.boxbound:   at java.util.concurrent.locks.AbstractQueuedSynchronizer$ConditionNode.block(AbstractQueuedSynchronizer.java:506)
09-22 14:29:40.986 26942 26949 I .games.boxbound:   at java.util.concurrent.ForkJoinPool.unmanagedBlock(ForkJoinPool.java:3466)
09-22 14:29:40.986 26942 26949 I .games.boxbound:   at java.util.concurrent.ForkJoinPool.managedBlock(ForkJoinPool.java:3437)
09-22 14:29:40.986 26942 26949 I .games.boxbound:   at java.util.concurrent.locks.AbstractQueuedSynchronizer$ConditionObject.await(AbstractQueuedSynchronizer.java:1623)
09-22 14:29:40.986 26942 26949 I .games.boxbound:   at java.util.concurrent.LinkedBlockingQueue.take(LinkedBlockingQueue.java:435)
09-22 14:29:40.986 26942 26949 I .games.boxbound:   at java.util.concurrent.ThreadPoolExecutor.getTask(ThreadPoolExecutor.java:1071)
09-22 14:29:40.986 26942 26949 I .games.boxbound:   at java.util.concurrent.ThreadPoolExecutor.runWorker(ThreadPoolExecutor.java:1131)
09-22 14:29:40.986 26942 26949 I .games.boxbound:   at java.util.concurrent.ThreadPoolExecutor$Worker.run(ThreadPoolExecutor.java:644)
09-22 14:29:40.986 26942 26949 I .games.boxbound:   at java.lang.Thread.run(Thread.java:1012)
09-22 14:29:40.986 26942 26949 I .games.boxbound: "AsyncTask #3" prio=5 tid=52 Waiting
09-22 14:29:40.986 26942 26949 I .games.boxbound:   | group="main" sCount=1 ucsCount=0 flags=1 obj=0x12d9fbe8 self=0xb40000799d9455f0
09-22 14:29:40.986 26942 26949 I .games.boxbound:   | sysTid=6149 nice=10 cgrp=top-app sched=0/0 handle=0x7771341cb0
09-22 14:29:40.986 26942 26949 I .games.boxbound:   | state=S schedstat=( 2078647 1663437 10 ) utm=0 stm=0 core=5 HZ=100
09-22 14:29:40.986 26942 26949 I .games.boxbound:   | stack=0x777123e000-0x7771240000 stackSize=1039KB
09-22 14:29:40.986 26942 26949 I .games.boxbound:   | held mutexes=
09-22 14:29:40.986 26942 26949 I .games.boxbound:   at jdk.internal.misc.Unsafe.park(Native method)
09-22 14:29:40.986 26942 26949 I .games.boxbound:   - waiting on an unknown object
09-22 14:29:40.986 26942 26949 I .games.boxbound:   at java.util.concurrent.locks.LockSupport.park(LockSupport.java:341)
09-22 14:29:40.986 26942 26949 I .games.boxbound:   at java.util.concurrent.locks.AbstractQueuedSynchronizer$ConditionNode.block(AbstractQueuedSynchronizer.java:506)
09-22 14:29:40.986 26942 26949 I .games.boxbound:   at java.util.concurrent.ForkJoinPool.unmanagedBlock(ForkJoinPool.java:3466)
09-22 14:29:40.986 26942 26949 I .games.boxbound:   at java.util.concurrent.ForkJoinPool.managedBlock(ForkJoinPool.java:3437)
09-22 14:29:40.986 26942 26949 I .games.boxbound:   at java.util.concurrent.locks.AbstractQueuedSynchronizer$ConditionObject.await(AbstractQueuedSynchronizer.java:1623)
09-22 14:29:40.986 26942 26949 I .games.boxbound:   at java.util.concurrent.LinkedBlockingQueue.take(LinkedBlockingQueue.java:435)
09-22 14:29:40.986 26942 26949 I .games.boxbound:   at java.util.concurrent.ThreadPoolExecutor.getTask(ThreadPoolExecutor.java:1071)
09-22 14:29:40.986 26942 26949 I .games.boxbound:   at java.util.concurrent.ThreadPoolExecutor.runWorker(ThreadPoolExecutor.java:1131)
09-22 14:29:40.986 26942 26949 I .games.boxbound:   at java.util.concurrent.ThreadPoolExecutor$Worker.run(ThreadPoolExecutor.java:644)
09-22 14:29:40.986 26942 26949 I .games.boxbound:   at java.lang.Thread.run(Thread.java:1012)
09-22 14:29:40.986 26942 26949 I .games.boxbound: 
09-22 14:29:40.986 26942 26949 I .games.boxbound: "AudioTrack" prio=10 tid=54 Native
09-22 14:29:40.986 26942 26949 I .games.boxbound:   | group="main" sCount=1 ucsCount=0 flags=1 obj=0x12e0a950 self=0xb40000799d9892a0
09-22 14:29:40.986 26942 26949 I .games.boxbound:   | sysTid=9396 nice=-16 cgrp=top-app sched=0/0 handle=0x775090ecb0
09-22 14:29:40.986 26942 26949 I .games.boxbound:   | state=S schedstat=( 13544056 3148385 279 ) utm=0 stm=1 core=3 HZ=100
09-22 14:29:40.986 26942 26949 I .games.boxbound:   | stack=0x7750817000-0x7750819000 stackSize=991KB
09-22 14:29:40.986 26942 26949 I .games.boxbound:   | held mutexes=
09-22 14:29:40.986 26942 26949 I .games.boxbound:   native: #00 pc 00057844  /apex/com.android.runtime/lib64/bionic/libc.so (syscall+36) (BuildId: 50118287324a156bc7be11d3d940c7be)
09-22 14:29:40.986 26942 26949 I .games.boxbound:   native: #01 pc 0005c4c0  /apex/com.android.runtime/lib64/bionic/libc.so (__futex_wait_ex+148) (BuildId: 50118287324a156bc7be11d3d940c7be)
09-22 14:29:40.986 26942 26949 I .games.boxbound:   native: #02 pc 000c298c  /apex/com.android.runtime/lib64/bionic/libc.so (pthread_cond_timedwait+140) (BuildId: 50118287324a156bc7be11d3d940c7be)
09-22 14:29:40.986 26942 26949 I .games.boxbound:   native: #03 pc 0009f34c  /system/lib64/libaudioclient.so (android::AudioTrack::AudioTrackThread::threadLoop+652) (BuildId: 1449417af7396df4d6923a4d01bc4903)
09-22 14:29:40.986 26942 26949 I .games.boxbound:   native: #04 pc 000142d0  /system/lib64/libutils.so (android::Thread::_threadLoop+288) (BuildId: 6df8048e2f2c69be0a5d8ee3149d683d)
09-22 14:29:40.986 26942 26949 I .games.boxbound:   native: #05 pc 000ecc40  /system/lib64/libandroid_runtime.so (android::AndroidRuntime::javaThreadShell+144) (BuildId: 8655dc3372beccc71df2c96153cd41b4)
09-22 14:29:40.986 26942 26949 I .games.boxbound:   native: #06 pc 000c3644  /apex/com.android.runtime/lib64/bionic/libc.so (__pthread_start+208) (BuildId: 50118287324a156bc7be11d3d940c7be)
09-22 14:29:40.986 26942 26949 I .games.boxbound:   native: #07 pc 0005cfa4  /apex/com.android.runtime/lib64/bionic/libc.so (__start_thread+68) (BuildId: 50118287324a156bc7be11d3d940c7be)
09-22 14:29:40.986 26942 26949 I .games.boxbound:   (no managed stack frames)
09-22 14:29:40.986 26942 26949 I .games.boxbound: 
09-22 14:29:40.986 26942 26949 I .games.boxbound: "AudioTrack" prio=10 tid=55 Native
09-22 14:29:40.986 26942 26949 I .games.boxbound:   | group="main" sCount=1 ucsCount=0 flags=1 obj=0x12e1e150 self=0xb40000799d97b420
09-22 14:29:40.986 26942 26949 I .games.boxbound:   | sysTid=9443 nice=-16 cgrp=top-app sched=0/0 handle=0x7749698cb0
09-22 14:29:40.986 26942 26949 I .games.boxbound:   | state=S schedstat=( 2742970 574531 46 ) utm=0 stm=0 core=1 HZ=100
09-22 14:29:40.986 26942 26949 I .games.boxbound:   | stack=0x77495a1000-0x77495a3000 stackSize=991KB
09-22 14:29:40.986 26942 26949 I .games.boxbound:   | held mutexes=
09-22 14:29:40.986 26942 26949 I .games.boxbound:   native: #00 pc 00057844  /apex/com.android.runtime/lib64/bionic/libc.so (syscall+36) (BuildId: 50118287324a156bc7be11d3d940c7be)
09-22 14:29:40.986 26942 26949 I .games.boxbound:   native: #01 pc 0005c4c0  /apex/com.android.runtime/lib64/bionic/libc.so (__futex_wait_ex+148) (BuildId: 50118287324a156bc7be11d3d940c7be)
09-22 14:29:40.986 26942 26949 I .games.boxbound:   native: #02 pc 000c298c  /apex/com.android.runtime/lib64/bionic/libc.so (pthread_cond_timedwait+140) (BuildId: 50118287324a156bc7be11d3d940c7be)
09-22 14:29:40.986 26942 26949 I .games.boxbound:   native: #03 pc 0009f34c  /system/lib64/libaudioclient.so (android::AudioTrack::AudioTrackThread::threadLoop+652) (BuildId: 1449417af7396df4d6923a4d01bc4903)
09-22 14:29:40.986 26942 26949 I .games.boxbound:   native: #04 pc 000142d0  /system/lib64/libutils.so (android::Thread::_threadLoop+288) (BuildId: 6df8048e2f2c69be0a5d8ee3149d683d)
09-22 14:29:40.986 26942 26949 I .games.boxbound:   native: #05 pc 000ecc40  /system/lib64/libandroid_runtime.so (android::AndroidRuntime::javaThreadShell+144) (BuildId: 8655dc3372beccc71df2c96153cd41b4)
09-22 14:29:40.986 26942 26949 I .games.boxbound:   native: #06 pc 000c3644  /apex/com.android.runtime/lib64/bionic/libc.so (__pthread_start+208) (BuildId: 50118287324a156bc7be11d3d940c7be)
09-22 14:29:40.986 26942 26949 I .games.boxbound:   native: #07 pc 0005cfa4  /apex/com.android.runtime/lib64/bionic/libc.so (__start_thread+68) (BuildId: 50118287324a156bc7be11d3d940c7be)
09-22 14:29:40.986 26942 26949 I .games.boxbound:   (no managed stack frames)
09-22 14:29:40.986 26942 26949 I .games.boxbound: 
09-22 14:29:40.986 26942 26949 I .games.boxbound: "AudioTrack" prio=10 tid=56 Native
09-22 14:29:40.986 26942 26949 I .games.boxbound:   | group="main" sCount=1 ucsCount=0 flags=1 obj=0x12e136e0 self=0xb40000799d993980
09-22 14:29:40.986 26942 26949 I .games.boxbound:   | sysTid=9422 nice=-16 cgrp=top-app sched=0/0 handle=0x774fd17cb0
09-22 14:29:40.986 26942 26949 I .games.boxbound:   | state=S schedstat=( 17381096 5794898 322 ) utm=0 stm=1 core=1 HZ=100
09-22 14:29:40.986 26942 26949 I .games.boxbound:   | stack=0x774fc20000-0x774fc22000 stackSize=991KB
09-22 14:29:40.986 26942 26949 I .games.boxbound:   | held mutexes=
09-22 14:29:40.986 26942 26949 I .games.boxbound:   native: #00 pc 00057844  /apex/com.android.runtime/lib64/bionic/libc.so (syscall+36) (BuildId: 50118287324a156bc7be11d3d940c7be)
09-22 14:29:40.986 26942 26949 I .games.boxbound:   native: #01 pc 0005c4c0  /apex/com.android.runtime/lib64/bionic/libc.so (__futex_wait_ex+148) (BuildId: 50118287324a156bc7be11d3d940c7be)
09-22 14:29:40.986 26942 26949 I .games.boxbound:   native: #02 pc 000c298c  /apex/com.android.runtime/lib64/bionic/libc.so (pthread_cond_timedwait+140) (BuildId: 50118287324a156bc7be11d3d940c7be)
09-22 14:29:40.986 26942 26949 I .games.boxbound:   native: #03 pc 0009f34c  /system/lib64/libaudioclient.so (android::AudioTrack::AudioTrackThread::threadLoop+652) (BuildId: 1449417af7396df4d6923a4d01bc4903)
09-22 14:29:40.986 26942 26949 I .games.boxbound:   native: #04 pc 000142d0  /system/lib64/libutils.so (android::Thread::_threadLoop+288) (BuildId: 6df8048e2f2c69be0a5d8ee3149d683d)
09-22 14:29:40.986 26942 26949 I .games.boxbound:   native: #05 pc 000ecc40  /system/lib64/libandroid_runtime.so (android::AndroidRuntime::javaThreadShell+144) (BuildId: 8655dc3372beccc71df2c96153cd41b4)
09-22 14:29:40.986 26942 26949 I .games.boxbound:   native: #06 pc 000c3644  /apex/com.android.runtime/lib64/bionic/libc.so (__pthread_start+208) (BuildId: 50118287324a156bc7be11d3d940c7be)
09-22 14:29:40.986 26942 26949 I .games.boxbound:   native: #07 pc 0005cfa4  /apex/com.android.runtime/lib64/bionic/libc.so (__start_thread+68) (BuildId: 50118287324a156bc7be11d3d940c7be)
09-22 14:29:40.986 26942 26949 I .games.boxbound:   (no managed stack frames)
09-22 14:29:40.986 26942 26949 I .games.boxbound: 
09-22 14:29:40.986 26942 26949 I .games.boxbound: "<unknown>" prio=10 (not attached)
09-22 14:29:40.986 26942 26949 I .games.boxbound:   | sysTid=26966 nice=-10 cgrp=default
09-22 14:29:40.986 26942 26949 I .games.boxbound:   | state=? schedstat=( 0 0 0 ) utm=0 stm=0 core=0 HZ=100
09-22 14:29:40.986 26942 26949 I .games.boxbound:   native: (Unwind failed for thread 26966: Failed to parse maps)
09-22 14:29:40.986 26942 26949 I .games.boxbound: 
09-22 14:29:40.986 26942 26949 I .games.boxbound: "<unknown>" prio=10 (not attached)
09-22 14:29:40.986 26942 26949 I .games.boxbound:   | sysTid=26967 nice=-10 cgrp=default
09-22 14:29:40.986 26942 26949 I .games.boxbound:   | state=? schedstat=( 0 0 0 ) utm=0 stm=0 core=0 HZ=100
09-22 14:29:40.986 26942 26949 I .games.boxbound:   native: (Unwind failed for thread 26967: Failed to parse maps)
09-22 14:29:40.986 26942 26949 I .games.boxbound: 
09-22 14:29:40.986 26942 26949 I .games.boxbound: "<unknown>" prio=10 (not attached)
09-22 14:29:40.986 26942 26949 I .games.boxbound:   | sysTid=26968 nice=-10 cgrp=default
09-22 14:29:40.986 26942 26949 I .games.boxbound:   | state=? schedstat=( 0 0 0 ) utm=0 stm=0 core=0 HZ=100
09-22 14:29:40.986 26942 26949 I .games.boxbound:   native: (Unwind failed for thread 26968: Failed to parse maps)
09-22 14:29:40.986 26942 26949 I .games.boxbound: 
09-22 14:29:40.986 26942 26949 I .games.boxbound: "<unknown>" prio=10 (not attached)
09-22 14:29:40.986 26942 26949 I .games.boxbound:   | sysTid=26969 nice=-10 cgrp=default
09-22 14:29:40.986 26942 26949 I .games.boxbound:   | state=? schedstat=( 0 0 0 ) utm=0 stm=0 core=0 HZ=100
09-22 14:29:40.986 26942 26949 I .games.boxbound:   native: (Unwind failed for thread 26969: Failed to parse maps)
09-22 14:29:40.986 26942 26949 I .games.boxbound: 
09-22 14:29:40.986 26942 26949 I .games.boxbound: "<unknown>" prio=10 (not attached)
09-22 14:29:40.986 26942 26949 I .games.boxbound:   | sysTid=26970 nice=-10 cgrp=default
09-22 14:29:40.986 26942 26949 I .games.boxbound:   | state=? schedstat=( 0 0 0 ) utm=0 stm=0 core=0 HZ=100
09-22 14:29:40.986 26942 26949 I .games.boxbound:   native: (Unwind failed for thread 26970: Failed to parse maps)
09-22 14:29:40.986 26942 26949 I .games.boxbound: 
09-22 14:29:40.986 26942 26949 I .games.boxbound: "<unknown>" prio=10 (not attached)
09-22 14:29:40.986 26942 26949 I .games.boxbound:   | sysTid=26971 nice=-10 cgrp=default
09-22 14:29:40.986 26942 26949 I .games.boxbound:   | state=? schedstat=( 0 0 0 ) utm=0 stm=0 core=0 HZ=100
09-22 14:29:40.986 26942 26949 I .games.boxbound:   native: (Unwind failed for thread 26971: Failed to parse maps)
09-22 14:29:40.986 26942 26949 I .games.boxbound: 
09-22 14:29:40.986 26942 26949 I .games.boxbound: "<unknown>" prio=10 (not attached)
09-22 14:29:40.986 26942 26949 I .games.boxbound:   | sysTid=26974 nice=-10 cgrp=default
09-22 14:29:40.986 26942 26949 I .games.boxbound:   | state=? schedstat=( 0 0 0 ) utm=0 stm=0 core=0 HZ=100
09-22 14:29:40.986 26942 26949 I .games.boxbound:   native: (Unwind failed for thread 26974: Failed to parse maps)
09-22 14:29:40.986 26942 26949 I .games.boxbound: 
09-22 14:29:40.986 26942 26949 I .games.boxbound: "<unknown>" prio=10 (not attached)
09-22 14:29:40.986 26942 26949 I .games.boxbound:   | sysTid=26975 nice=-10 cgrp=default
09-22 14:29:40.986 26942 26949 I .games.boxbound:   | state=? schedstat=( 0 0 0 ) utm=0 stm=0 core=0 HZ=100
09-22 14:29:40.986 26942 26949 I .games.boxbound:   native: (Unwind failed for thread 26975: Failed to parse maps)
09-22 14:29:40.986 26942 26949 I .games.boxbound: 
09-22 14:29:40.986 26942 26949 I .games.boxbound: "<unknown>" prio=5 (not attached)
09-22 14:29:40.986 26942 26949 I .games.boxbound:   | sysTid=27003 nice=0 cgrp=default
09-22 14:29:40.986 26942 26949 I .games.boxbound:   | state=? schedstat=( 0 0 0 ) utm=0 stm=0 core=0 HZ=100
09-22 14:29:40.986 26942 26949 I .games.boxbound:   native: (Unwind failed for thread 27003: Failed to parse maps)
09-22 14:29:40.986 26942 26949 I .games.boxbound: 
09-22 14:29:40.986 26942 26949 I .games.boxbound: "<unknown>" prio=5 (not attached)
09-22 14:29:40.986 26942 26949 I .games.boxbound:   | sysTid=27030 nice=0 cgrp=default
09-22 14:29:40.986 26942 26949 I .games.boxbound:   | state=? schedstat=( 0 0 0 ) utm=0 stm=0 core=0 HZ=100
09-22 14:29:40.986 26942 26949 I .games.boxbound:   native: (Unwind failed for thread 27030: Failed to parse maps)
09-22 14:29:40.986 26942 26949 I .games.boxbound: 
09-22 14:29:40.986 26942 26949 I .games.boxbound: "<unknown>" prio=10 (not attached)
09-22 14:29:40.986 26942 26949 I .games.boxbound:   | sysTid=27031 nice=-16 cgrp=default
09-22 14:29:40.986 26942 26949 I .games.boxbound:   | state=? schedstat=( 0 0 0 ) utm=0 stm=0 core=0 HZ=100
09-22 14:29:40.986 26942 26949 I .games.boxbound:   native: (Unwind failed for thread 27031: Failed to parse maps)
09-22 14:29:40.986 26942 26949 I .games.boxbound: 
09-22 14:29:40.986 26942 26949 I .games.boxbound: "<unknown>" prio=10 (not attached)
09-22 14:29:40.986 26942 26949 I .games.boxbound:   | sysTid=27032 nice=-16 cgrp=default
09-22 14:29:40.986 26942 26949 I .games.boxbound:   | state=? schedstat=( 0 0 0 ) utm=0 stm=0 core=0 HZ=100
09-22 14:29:40.986 26942 26949 I .games.boxbound:   native: (Unwind failed for thread 27032: Failed to parse maps)
09-22 14:29:40.986 26942 26949 I .games.boxbound: 
09-22 14:29:40.986 26942 26949 I .games.boxbound: Zygote loaded classes=24048 post zygote classes=1422
09-22 14:29:40.986 26942 26949 I .games.boxbound: Dumping registered class loaders
09-22 14:29:40.986 26942 26949 I .games.boxbound: #0 dalvik.system.PathClassLoader: [], parent #1
09-22 14:29:40.986 26942 26949 I .games.boxbound: #1 java.lang.BootClassLoader: [], no parent
09-22 14:29:40.986 26942 26949 I .games.boxbound: #2 dalvik.system.PathClassLoader: [/system/framework/tcmclient.jar], parent #0
09-22 14:29:40.986 26942 26949 I .games.boxbound: #3 dalvik.system.PathClassLoader: [], parent #0
09-22 14:29:40.986 26942 26949 I .games.boxbound: #4 dalvik.system.PathClassLoader: [/data/app/~~Ywh_mGj70MtUB9hZLQ9a5w==/org.haiyue.games.boxbound-oGOu0-CckDlCAoq00u4uHg==/base.apk!classes3.dex:/data/app/~~Ywh_mGj70MtUB9hZLQ9a5w==/org.haiyue.games.boxbound-oGOu0-CckDlCAoq00u4uHg==/base.apk!classes7.dex:/data/app/~~Ywh_mGj70MtUB9hZLQ9a5w==/org.haiyue.games.boxbound-oGOu0-CckDlCAoq00u4uHg==/base.apk!classes8.dex:/data/app/~~Ywh_mGj70MtUB9hZLQ9a5w==/org.haiyue.games.boxbound-oGOu0-CckDlCAoq00u4uHg==/base.apk!classes10.dex:/data/app/~~Ywh_mGj70MtUB9hZLQ9a5w==/org.haiyue.games.boxbound-oGOu0-CckDlCAoq00u4uHg==/base.apk!classes5.dex:/data/app/~~Ywh_mGj70MtUB9hZLQ9a5w==/org.haiyue.games.boxbound-oGOu0-CckDlCAoq00u4uHg==/base.apk!classes4.dex:/data/app/~~Ywh_mGj70MtUB9hZLQ9a5w==/org.haiyue.games.boxbound-oGOu0-CckDlCAoq00u4uHg==/base.apk:/data/app/~~Ywh_mGj70MtUB9hZLQ9a5w==/org.haiyue.games.boxbound-oGOu0-CckDlCAoq00u4uHg==/base.apk!classes12.dex:/data/app/~~Ywh_mGj70MtUB9hZLQ9a5w==/org.haiyue.games.boxbound-oGOu0-CckDlCAoq00u4uHg==/base.apk!classes13.dex:/data/app/~~Ywh_mGj70MtUB9hZLQ9a5w==/org.haiyue.games.boxbound-oGOu0-CckDlCAoq00u4uHg==/base.apk!classes2.dex:/data/app/~~Ywh_mGj70MtUB9hZLQ9a5w==/org.haiyue.games.boxbound-oGOu0-CckDlCAoq00u4uHg==/base.apk!classes6.dex], parent #1
09-22 14:29:40.986 26942 26949 I .games.boxbound: #5 dalvik.system.PathClassLoader: [/system/framework/QXPerformance.jar], parent #0
09-22 14:29:40.986 26942 26949 I .games.boxbound: #6 dalvik.system.DexClassLoader: [/data/user/0/org.haiyue.games.boxbound/code_cache/secondary-dexes/androidx.activity.OnBackPressedCallback_vendor_108456_69_.jar], parent #4
09-22 14:29:40.986 26942 26949 I .games.boxbound: #7 dalvik.system.DexClassLoader: [/data/user/0/org.haiyue.games.boxbound/code_cache/secondary-dexes/java.lang.Object_vendor_118158_32_ImageLoadedListenerImpl.jar], parent #4
09-22 14:29:40.986 26942 26949 I .games.boxbound: #8 dalvik.system.DexClassLoader: [/data/user/0/org.haiyue.games.boxbound/code_cache/secondary-dexes/java.lang.Object_vendor_108492_32_TouchListenerImpl.jar], parent #4
09-22 14:29:40.986 26942 26949 I .games.boxbound: #9 dalvik.system.DexClassLoader: [/data/user/0/org.haiyue.games.boxbound/code_cache/secondary-dexes/android.view.View_AccessibilityDelegate_vendor_90518_32_TNSAccessibilityDelegateImpl.jar], parent #4
09-22 14:29:40.986 26942 26949 I .games.boxbound: Done dumping class loaders
09-22 14:29:40.986 26942 26949 I .games.boxbound: Classes initialized: 0 in 0
09-22 14:29:40.986 26942 26949 I .games.boxbound: Intern table: 44684 strong; 1038 weak
09-22 14:29:40.986 26942 26949 I .games.boxbound: JNI: CheckJNI is on; globals=591 (plus 1122 weak)
09-22 14:29:40.986 26942 26949 I .games.boxbound: Libraries: /data/app/~~Ywh_mGj70MtUB9hZLQ9a5w==/org.haiyue.games.boxbound-oGOu0-CckDlCAoq00u4uHg==/base.apk!/lib/arm64-v8a/libNativeScript.so /data/app/~~Ywh_mGj70MtUB9hZLQ9a5w==/org.haiyue.games.boxbound-oGOu0-CckDlCAoq00u4uHg==/base.apk!/lib/arm64-v8a/libcanvasnative.so /data/app/~~Ywh_mGj70MtUB9hZLQ9a5w==/org.haiyue.games.boxbound-oGOu0-CckDlCAoq00u4uHg==/base.apk!/lib/arm64-v8a/libcanvasnativev8.so libandroid.so libaudioeffect_jni.so libcompiler_rt.so libframework-connectivity-jni.so libframework-connectivity-tiramisu-jni.so libicu_jni.so libjavacore.so libjavacrypto.so libjnigraphics.so libmedia_jni.so libopenjdk.so libqti_performance.so librs_jni.so librtp_jni.so libsoundpool.so libstats_jni.so libwebviewchromium_loader.so (20)
09-22 14:29:40.986 26942 26949 I .games.boxbound: Heap: 44% free, 7225KB/12MB; 242374 objects
09-22 14:29:40.986 26942 26949 I .games.boxbound: Image spaces:
09-22 14:29:40.986 26942 26949 I .games.boxbound: /system/framework/arm64/boot.art
09-22 14:29:40.986 26942 26949 I .games.boxbound: /system/framework/arm64/boot-core-libart.art
09-22 14:29:40.986 26942 26949 I .games.boxbound: /system/framework/arm64/boot-okhttp.art
09-22 14:29:40.986 26942 26949 I .games.boxbound: /system/framework/arm64/boot-bouncycastle.art
09-22 14:29:40.986 26942 26949 I .games.boxbound: /system/framework/arm64/boot-apache-xml.art
09-22 14:29:40.986 26942 26949 I .games.boxbound: /system/framework/arm64/boot-framework.art
09-22 14:29:40.986 26942 26949 I .games.boxbound: /system/framework/arm64/boot-framework-graphics.art
09-22 14:29:40.986 26942 26949 I .games.boxbound: /system/framework/arm64/boot-ext.art
09-22 14:29:40.986 26942 26949 I .games.boxbound: /system/framework/arm64/boot-telephony-common.art
09-22 14:29:40.986 26942 26949 I .games.boxbound: /system/framework/arm64/boot-voip-common.art
09-22 14:29:40.986 26942 26949 I .games.boxbound: /system/framework/arm64/boot-ims-common.art
09-22 14:29:40.986 26942 26949 I .games.boxbound: /system/framework/arm64/boot-tcmiface.art
09-22 14:29:40.986 26942 26949 I .games.boxbound: /system/framework/arm64/boot-telephony-ext.art
09-22 14:29:40.986 26942 26949 I .games.boxbound: /system/framework/arm64/boot-QPerformance.art
09-22 14:29:40.986 26942 26949 I .games.boxbound: /system/framework/arm64/boot-UxPerformance.art
09-22 14:29:40.986 26942 26949 I .games.boxbound: /system/framework/arm64/boot-WfdCommon.art
09-22 14:29:40.986 26942 26949 I .games.boxbound: /system/framework/arm64/boot-core-icu4j.art
09-22 14:29:40.986 26942 26949 I .games.boxbound: /system/framework/arm64/boot-framework-adservices.art
09-22 14:29:40.986 26942 26949 I .games.boxbound: Dumping cumulative Gc timings
09-22 14:29:40.986 26942 26949 I .games.boxbound: Start Dumping Averages for 12 iterations for concurrent mark compact
09-22 14:29:40.986 26942 26949 I .games.boxbound: ProcessMarkStack:	Sum: 70.969ms Avg: 5.914ms
09-22 14:29:40.986 26942 26949 I .games.boxbound: CompactMovingSpace:	Sum: 48.204ms Avg: 4.017ms
09-22 14:29:40.986 26942 26949 I .games.boxbound: MarkConcurrentRoots:	Sum: 30.035ms Avg: 2.502ms
09-22 14:29:40.986 26942 26949 I .games.boxbound: MarkRootsCheckpoint:	Sum: 22.633ms Avg: 1.886ms
09-22 14:29:40.986 26942 26949 I .games.boxbound: ScanGrayAllocSpaceObjects:	Sum: 18.952ms Avg: 1.579ms
09-22 14:29:40.986 26942 26949 I .games.boxbound: ProcessReferences:	Sum: 12.313ms Avg: 1.026ms
09-22 14:29:40.986 26942 26949 I .games.boxbound: UpdateAndMarkImageModUnionTable:	Sum: 11.601ms Avg: 966.750us
09-22 14:29:40.986 26942 26949 I .games.boxbound: CompactionPhase:	Sum: 9.653ms Avg: 804.416us
09-22 14:29:40.986 26942 26949 I .games.boxbound: (Paused)UpdateConcurrentRoots:	Sum: 8.471ms Avg: 705.916us
09-22 14:29:40.986 26942 26949 I .games.boxbound: CompactionPause:	Sum: 4.354ms Avg: 362.833us
09-22 14:29:40.986 26942 26949 I .games.boxbound: (Paused)UpdateImmuneSpaces:	Sum: 3.229ms Avg: 269.083us
09-22 14:29:40.986 26942 26949 I .games.boxbound: SweepLargeObjects:	Sum: 2.813ms Avg: 234.416us
09-22 14:29:40.986 26942 26949 I .games.boxbound: (Paused)UpdateClassLoaderRoots:	Sum: 2.383ms Avg: 198.583us
09-22 14:29:40.986 26942 26949 I .games.boxbound: FlipOtherThreads:	Sum: 2.107ms Avg: 175.583us
09-22 14:29:40.986 26942 26949 I .games.boxbound: SweepSystemWeaks:	Sum: 1.833ms Avg: 152.750us
09-22 14:29:40.986 26942 26949 I .games.boxbound: (Paused)SweepSystemWeaks:	Sum: 1.522ms Avg: 126.833us
09-22 14:29:40.986 26942 26949 I .games.boxbound: UpdateAndMarkZygoteModUnionTable:	Sum: 1.298ms Avg: 108.166us
09-22 14:29:40.986 26942 26949 I .games.boxbound: KernelPreparation:	Sum: 1.263ms Avg: 105.250us
09-22 14:29:40.986 26942 26949 I .games.boxbound: BindAndResetBitmaps:	Sum: 1.177ms Avg: 98.083us
09-22 14:29:40.986 26942 26949 I .games.boxbound: (Paused)MarkingPause:	Sum: 1.154ms Avg: 96.166us
09-22 14:29:40.986 26942 26949 I .games.boxbound: ScanGrayImmuneSpaceObjects:	Sum: 1.105ms Avg: 92.083us
09-22 14:29:40.986 26942 26949 I .games.boxbound: MarkNonThreadRoots:	Sum: 503us Avg: 41.916us
09-22 14:29:40.986 26942 26949 I .games.boxbound: ThreadListFlip:	Sum: 409us Avg: 34.083us
09-22 14:29:40.986 26942 26949 I .games.boxbound: MarkingPhase:	Sum: 347us Avg: 28.916us
09-22 14:29:40.986 26942 26949 I .games.boxbound: SweepZygoteSpace:	Sum: 266us Avg: 22.166us
09-22 14:29:40.986 26942 26949 I .games.boxbound: (Paused)ScanGrayAllocSpaceObjects:	Sum: 260us Avg: 21.666us
09-22 14:29:40.986 26942 26949 I .games.boxbound: MarkAllocStackAsLive:	Sum: 230us Avg: 19.166us
09-22 14:29:40.986 26942 26949 I .games.boxbound: EnqueueFinalizerReferences:	Sum: 214us Avg: 17.833us
09-22 14:29:40.986 26942 26949 I .games.boxbound: ResumeRunnableThreads:	Sum: 201us Avg: 16.750us
09-22 14:29:40.986 26942 26949 I .games.boxbound: (Paused)ScanGrayImmuneSpaceObjects:	Sum: 136us Avg: 11.333us
09-22 14:29:40.986 26942 26949 I .games.boxbound: SwapBitmaps:	Sum: 107us Avg: 8.916us
09-22 14:29:40.986 26942 26949 I .games.boxbound: ReclaimPhase:	Sum: 98us Avg: 8.166us
09-22 14:29:40.986 26942 26949 I .games.boxbound: UpdateNonMovingSpace:	Sum: 98us Avg: 8.166us
09-22 14:29:40.986 26942 26949 I .games.boxbound: InitializePhase:	Sum: 97us Avg: 8.083us
09-22 14:29:40.986 26942 26949 I .games.boxbound: ScanGrayZygoteSpaceObjects:	Sum: 76us Avg: 6.333us
09-22 14:29:40.986 26942 26949 I .games.boxbound: (Paused)UpdateNonThreadRoots:	Sum: 66us Avg: 5.500us
09-22 14:29:40.986 26942 26949 I .games.boxbound: (Paused)UpdateCompactionDataStructures:	Sum: 61us Avg: 5.083us
09-22 14:29:40.986 26942 26949 I .games.boxbound: SweepMallocSpace:	Sum: 43us Avg: 3.583us
09-22 14:29:40.986 26942 26949 I .games.boxbound: PreCleanCards:	Sum: 35us Avg: 2.916us
09-22 14:29:40.986 26942 26949 I .games.boxbound: ResumeOtherThreads:	Sum: 21us Avg: 1.750us
09-22 14:29:40.986 26942 26949 I .games.boxbound: Sweep:	Sum: 18us Avg: 1.500us
09-22 14:29:40.986 26942 26949 I .games.boxbound: MarkRoots:	Sum: 13us Avg: 1.083us
09-22 14:29:40.986 26942 26949 I .games.boxbound: ForwardSoftReferences:	Sum: 12us Avg: 1us
09-22 14:29:40.986 26942 26949 I .games.boxbound: UnBindBitmaps:	Sum: 11us Avg: 916ns
09-22 14:29:40.986 26942 26949 I .games.boxbound: (Paused)ScanGrayZygoteSpaceObjects:	Sum: 7us Avg: 583ns
09-22 14:29:40.986 26942 26949 I .games.boxbound: SwapStacks:	Sum: 0 Avg: 0
09-22 14:29:40.986 26942 26949 I .games.boxbound: ReMarkRoots:	Sum: 0 Avg: 0
09-22 14:29:40.986 26942 26949 I .games.boxbound: Done Dumping Averages
09-22 14:29:40.986 26942 26949 I .games.boxbound: concurrent mark compact paused:	Sum: 24.189ms 99% C.I. 0.089ms-4.200ms Avg: 1.007ms Max: 4.200ms
09-22 14:29:40.986 26942 26949 I .games.boxbound: concurrent mark compact freed-bytes: Avg: 12MB Max: 93MB Min: 132KB
09-22 14:29:40.986 26942 26949 I .games.boxbound: Freed-bytes histogram: 0:10,10240:1,92160:1
09-22 14:29:40.986 26942 26949 I .games.boxbound: concurrent mark compact total time: 260.398ms mean time: 21.699ms
09-22 14:29:40.986 26942 26949 I .games.boxbound: concurrent mark compact freed: 1990154 objects with total size 154MB
09-22 14:29:40.986 26942 26949 I .games.boxbound: concurrent mark compact throughput: 7.65444e+06/s / 595MB/s  per cpu-time: 697263793/s / 664MB/s
09-22 14:29:40.986 26942 26949 I .games.boxbound: concurrent mark compact tracing throughput: 147MB/s  per cpu-time: 164MB/s
09-22 14:29:40.986 26942 26949 I .games.boxbound: Total time spent in GC: 260.398ms
09-22 14:29:40.986 26942 26949 I .games.boxbound: Mean GC size throughput: 594MB/s per cpu-time: 662MB/s
09-22 14:29:40.986 26942 26949 I .games.boxbound: Mean GC object throughput: 7.64274e+06 objects/s
09-22 14:29:40.986 26942 26949 I .games.boxbound: Total number of allocations 2232528
09-22 14:29:40.986 26942 26949 I .games.boxbound: Total bytes allocated 161MB
09-22 14:29:40.986 26942 26949 I .games.boxbound: Total bytes freed 154MB
09-22 14:29:40.986 26942 26949 I .games.boxbound: Free memory 5817KB
09-22 14:29:40.986 26942 26949 I .games.boxbound: Free memory until GC 5817KB
09-22 14:29:40.986 26942 26949 I .games.boxbound: Free memory until OOME 376MB
09-22 14:29:40.986 26942 26949 I .games.boxbound: Total memory 12MB
09-22 14:29:40.986 26942 26949 I .games.boxbound: Max memory 384MB
09-22 14:29:40.986 26942 26949 I .games.boxbound: Zygote space size 6356KB
09-22 14:29:40.986 26942 26949 I .games.boxbound: Total mutator paused time: 24.189ms
09-22 14:29:40.986 26942 26949 I .games.boxbound: Total time waiting for GC to complete: 5.840us
09-22 14:29:40.986 26942 26949 I .games.boxbound: Total GC count: 12
09-22 14:29:40.986 26942 26949 I .games.boxbound: Total GC time: 260.398ms
09-22 14:29:40.986 26942 26949 I .games.boxbound: Total blocking GC count: 0
09-22 14:29:40.986 26942 26949 I .games.boxbound: Total blocking GC time: 0
09-22 14:29:40.986 26942 26949 I .games.boxbound: Total pre-OOME GC count: 0
09-22 14:29:40.986 26942 26949 I .games.boxbound: Histogram of GC count per 10000 ms: 0:291,1:7,4:1
09-22 14:29:40.986 26942 26949 I .games.boxbound: Histogram of blocking GC count per 10000 ms: 0:299
09-22 14:29:40.986 26942 26949 I .games.boxbound: Native bytes total: 161679027 registered: 664419
09-22 14:29:40.986 26942 26949 I .games.boxbound: Total native bytes at last GC: 160297811
09-22 14:29:40.986 26942 26949 I .games.boxbound: /system/framework/oat/arm64/android.hidl.base-V1.0-java.odex: verify
09-22 14:29:40.986 26942 26949 I .games.boxbound: /system/framework/oat/arm64/android.hidl.manager-V1.0-java.odex: verify
09-22 14:29:40.986 26942 26949 I .games.boxbound: /system/framework/oat/arm64/android.test.base.odex: verify
09-22 14:29:40.986 26942 26949 I .games.boxbound: Current JIT code cache size (used / resident): 95KB / 100KB
09-22 14:29:40.986 26942 26949 I .games.boxbound: Current JIT data cache size (used / resident): 78KB / 124KB
09-22 14:29:40.986 26942 26949 I .games.boxbound: Zygote JIT code cache size (at point of fork): 1KB / 32KB
09-22 14:29:40.986 26942 26949 I .games.boxbound: Zygote JIT data cache size (at point of fork): 1KB / 32KB
09-22 14:29:40.986 26942 26949 I .games.boxbound: Current JIT mini-debug-info size: 43KB
09-22 14:29:40.986 26942 26949 I .games.boxbound: Current JIT capacity: 256KB
09-22 14:29:40.986 26942 26949 I .games.boxbound: Current number of JIT JNI stub entries: 6
09-22 14:29:40.986 26942 26949 I .games.boxbound: Current number of JIT code cache entries: 174
09-22 14:29:40.986 26942 26949 I .games.boxbound: Total number of JIT baseline compilations: 144
09-22 14:29:40.986 26942 26949 I .games.boxbound: Total number of JIT optimized compilations: 55
09-22 14:29:40.986 26942 26949 I .games.boxbound: Total number of JIT compilations for on stack replacement: 3
09-22 14:29:40.986 26942 26949 I .games.boxbound: Total number of JIT code cache collections: 2
09-22 14:29:40.986 26942 26949 I .games.boxbound: Memory used for stack maps: Avg: 123B Max: 888B Min: 16B
09-22 14:29:40.986 26942 26949 I .games.boxbound: Memory used for compiled code: Avg: 546B Max: 2668B Min: 152B
09-22 14:29:40.986 26942 26949 I .games.boxbound: Memory used for profiling info: Avg: 79B Max: 432B Min: 24B
09-22 14:29:40.986 26942 26949 I .games.boxbound: Start Dumping Averages for 208 iterations for JIT timings
09-22 14:29:40.986 26942 26949 I .games.boxbound: Compiling baseline:	Sum: 64.972ms Avg: 312.365us
09-22 14:29:40.986 26942 26949 I .games.boxbound: Compiling optimized:	Sum: 31.790ms Avg: 152.836us
09-22 14:29:40.986 26942 26949 I .games.boxbound: Compiling OSR:	Sum: 11.019ms Avg: 52.975us
09-22 14:29:40.986 26942 26949 I .games.boxbound: TrimMaps:	Sum: 6.529ms Avg: 31.389us
09-22 14:29:40.986 26942 26949 I .games.boxbound: Code cache collection:	Sum: 1.790ms Avg: 8.605us
09-22 14:29:40.986 26942 26949 I .games.boxbound: Done Dumping Averages
09-22 14:29:40.986 26942 26949 I .games.boxbound: Memory used for compilation: Avg: 39KB Max: 283KB Min: 5400B
09-22 14:29:40.986 26942 26949 I .games.boxbound: ProfileSaver total_bytes_written=5030
09-22 14:29:40.986 26942 26949 I .games.boxbound: ProfileSaver total_number_of_writes=1
09-22 14:29:40.986 26942 26949 I .games.boxbound: ProfileSaver total_number_of_code_cache_queries=60
09-22 14:29:40.986 26942 26949 I .games.boxbound: ProfileSaver total_number_of_skipped_writes=59
09-22 14:29:40.986 26942 26949 I .games.boxbound: ProfileSaver total_number_of_failed_writes=0
09-22 14:29:40.986 26942 26949 I .games.boxbound: ProfileSaver total_ms_of_sleep=7663787
09-22 14:29:40.986 26942 26949 I .games.boxbound: ProfileSaver total_ms_of_work=57
09-22 14:29:40.986 26942 26949 I .games.boxbound: ProfileSaver total_number_of_hot_spikes=1
09-22 14:29:40.986 26942 26949 I .games.boxbound: ProfileSaver total_number_of_wake_ups=13
09-22 14:29:40.986 26942 26949 I .games.boxbound: 
09-22 14:29:40.986 26942 26949 I .games.boxbound: *** ART internal metrics ***
09-22 14:29:40.986 26942 26949 I .games.boxbound:   Metadata:
09-22 14:29:40.986 26942 26949 I .games.boxbound:     timestamp_since_start_ms: 7804735
09-22 14:29:40.986 26942 26949 I .games.boxbound:   Metrics:
09-22 14:29:40.986 26942 26949 I .games.boxbound:     ClassLoadingTotalTime: count = 38274
09-22 14:29:40.986 26942 26949 I .games.boxbound:     ClassVerificationTotalTime: count = 102885
09-22 14:29:40.986 26942 26949 I .games.boxbound:     ClassVerificationCount: count = 568
09-22 14:29:40.986 26942 26949 I .games.boxbound:     WorldStopTimeDuringGCAvg: count = 2016
09-22 14:29:40.986 26942 26949 I .games.boxbound:     YoungGcCount: count = 0
09-22 14:29:40.986 26942 26949 I .games.boxbound:     FullGcCount: count = 12
09-22 14:29:40.986 26942 26949 I .games.boxbound:     TotalBytesAllocated: count = 167527264
09-22 14:29:40.986 26942 26949 I .games.boxbound:     TotalGcCollectionTime: count = 277
09-22 14:29:40.986 26942 26949 I .games.boxbound:     YoungGcThroughputAvg: count = 0
09-22 14:29:40.986 26942 26949 I .games.boxbound:     FullGcThroughputAvg: count = 185
09-22 14:29:40.986 26942 26949 I .games.boxbound:     YoungGcTracingThroughputAvg: count = 0
09-22 14:29:40.986 26942 26949 I .games.boxbound:     FullGcTracingThroughputAvg: count = 147
09-22 14:29:40.986 26942 26949 I .games.boxbound:     JitMethodCompileTotalTime: count = 107155
09-22 14:29:40.986 26942 26949 I .games.boxbound:     JitMethodCompileCount: count = 204
09-22 14:29:40.986 26942 26949 I .games.boxbound:     YoungGcCollectionTime: range = 0...60000, buckets: 0,0,0,0,0,0,0,0,0,0,0,0,0,0,0
09-22 14:29:40.986 26942 26949 I .games.boxbound:     FullGcCollectionTime: range = 0...60000, buckets: 12,0,0,0,0,0,0,0,0,0,0,0,0,0,0
09-22 14:29:40.986 26942 26949 I .games.boxbound:     YoungGcThroughput: range = 0...10000, buckets: 0,0,0,0,0,0,0,0,0,0,0,0,0,0,0
09-22 14:29:40.986 26942 26949 I .games.boxbound:     FullGcThroughput: range = 0...10000, buckets: 12,0,0,0,0,0,0,0,0,0,0,0,0,0,0
09-22 14:29:40.986 26942 26949 I .games.boxbound:     YoungGcTracingThroughput: range = 0...10000, buckets: 0,0,0,0,0,0,0,0,0,0,0,0,0,0,0
09-22 14:29:40.986 26942 26949 I .games.boxbound:     FullGcTracingThroughput: range = 0...10000, buckets: 12,0,0,0,0,0,0,0,0,0,0,0,0,0,0
09-22 14:29:40.986 26942 26949 I .games.boxbound:     GcWorldStopTime: count = 24197
09-22 14:29:40.986 26942 26949 I .games.boxbound:     GcWorldStopCount: count = 12
09-22 14:29:40.986 26942 26949 I .games.boxbound:     YoungGcScannedBytes: count = 0
09-22 14:29:40.986 26942 26949 I .games.boxbound:     YoungGcFreedBytes: count = 0
09-22 14:29:40.986 26942 26949 I .games.boxbound:     YoungGcDuration: count = 0
09-22 14:29:40.986 26942 26949 I .games.boxbound:     FullGcScannedBytes: count = 40076669
09-22 14:29:40.986 26942 26949 I .games.boxbound:     FullGcFreedBytes: count = 58927872
09-22 14:29:40.986 26942 26949 I .games.boxbound:     FullGcDuration: count = 277
09-22 14:29:40.986 26942 26949 I .games.boxbound:     GcWorldStopTimeDelta: count = 24197
09-22 14:29:40.986 26942 26949 I .games.boxbound:     GcWorldStopCountDelta: count = 12
09-22 14:29:40.986 26942 26949 I .games.boxbound:     YoungGcScannedBytesDelta: count = 0
09-22 14:29:40.986 26942 26949 I .games.boxbound:     YoungGcFreedBytesDelta: count = 0
09-22 14:29:40.986 26942 26949 I .games.boxbound:     YoungGcDurationDelta: count = 0
09-22 14:29:40.986 26942 26949 I .games.boxbound:     FullGcScannedBytesDelta: count = 40076669
09-22 14:29:40.986 26942 26949 I .games.boxbound:     FullGcFreedBytesDelta: count = 58927872
09-22 14:29:40.986 26942 26949 I .games.boxbound:     FullGcDurationDelta: count = 277
09-22 14:29:40.986 26942 26949 I .games.boxbound:     JitMethodCompileTotalTimeDelta: count = 107155
09-22 14:29:40.986 26942 26949 I .games.boxbound:     JitMethodCompileCountDelta: count = 204
09-22 14:29:40.986 26942 26949 I .games.boxbound:     ClassVerificationTotalTimeDelta: count = 102885
09-22 14:29:40.986 26942 26949 I .games.boxbound:     ClassVerificationCountDelta: count = 568
09-22 14:29:40.986 26942 26949 I .games.boxbound:     ClassLoadingTotalTimeDelta: count = 38066
09-22 14:29:40.986 26942 26949 I .games.boxbound:     TotalBytesAllocatedDelta: count = 167527264
09-22 14:29:40.986 26942 26949 I .games.boxbound:     TotalGcCollectionTimeDelta: count = 277
09-22 14:29:40.986 26942 26949 I .games.boxbound:     YoungGcCountDelta: count = 0
09-22 14:29:40.986 26942 26949 I .games.boxbound:     FullGcCountDelta: count = 12
09-22 14:29:40.986 26942 26949 I .games.boxbound: *** Done dumping ART internal metrics ***
09-22 14:29:40.986 26942 26949 I .games.boxbound: 
09-22 14:29:40.986 26942 26949 I .games.boxbound: ----- end 26942 -----
09-22 14:29:40.986 26942 26949 E .games.boxbound: Failed to write stack traces to tombstoned
09-22 14:29:44.910 26942 26978 W OpenGLRenderer: dequeueBuffer failed, error = -110; switching to fallback
09-22 14:29:44.913 26942 26978 E GraphicBufferAllocator: Failed to allocate (1 x 1) layerCount 1 format 1 usage 10000000: 5
09-22 14:29:44.913 26942 26978 E AHardwareBuffer: GraphicBuffer(w=1, h=1, lc=1) failed (Unknown error -5), handle=0x0
09-22 14:29:44.913 26942 26978 W OpenGLRenderer: Failed to allocate scratch buffer, error=5
09-22 14:29:44.913 26942 26978 I Adreno  : DequeueBuffer: dequeueBuffer failed
