
> @haiyue/native-boxbound@0.1.0 build:ios
> node scripts/build-device.mjs

Prepared iOS icon sizes and 44.1 kHz PCM sounds
Canvas Android callback ownership patch: already installed
Canvas binding patch: {
  version: '2.1.18',
  queueSha256: 'a38a58942c488ccece244424b1c4e91c8f3e257dd201b85dd63871988ff30369',
  file: 'WebGPU/GPURenderPassEncoder.js',
  sha256: '7a14f279e042bb748781c10a6c56a6122931525f56943096815fb1143b583cf7'
}
Preparing project...
assets by path [1m[32mgame/levels/parabox/[39m[22m 881 KiB 167 assets
assets by path [1m[32mgame/assets/audio/*.wav[39m[22m 364 KiB 11 assets
assets by path [1m[32mgame/levels/islands/*.json[39m[22m 33.5 KiB
  asset [1m[32mgame/levels/islands/world.json[39m[22m 9.32 KiB [1m[33m[compared for emit][39m[22m [from: ../../../Games/games/boxbound/levels/islands/world.json] [1m[32m[copied][39m[22m
  + 10 assets
assets by path [1m[32massets/ui/[39m[22m 4.96 MiB
  assets by path [1m[32massets/ui/*.png[39m[22m 4.95 MiB 8 assets
  assets by path [1m[32massets/ui/*.json[39m[22m 7.23 KiB 2 assets
assets by path [1m[32m*.mjs[39m[22m 7.65 MiB
  asset [1m[32mvendor.mjs[39m[22m 7.28 MiB [1m[33m[compared for emit][39m[22m [javascript module] (name: vendor) (id hint: vendor) 1 related asset
  + 2 assets
asset [1m[32mbranding/haiyue-moon.png[39m[22m 127 KiB [1m[33m[compared for emit][39m[22m [from: ../../bridge/branding/assets/haiyue-moon.png] [1m[32m[copied][39m[22m
asset [1m[32mtns_modules/inspector_modules.mjs[39m[22m 778 bytes [1m[33m[compared for emit][39m[22m [javascript module] (name: tns_modules/inspector_modules) 1 related asset
asset [1m[32mgame/levels/index.json[39m[22m 338 bytes [1m[33m[compared for emit][39m[22m [from: ../../../Games/games/boxbound/levels/index.json] [1m[32m[copied][39m[22m
Entrypoint [1mbundle[39m[22m 7.65 MiB (8.29 MiB) = [1m[32mruntime.mjs[39m[22m 6.05 KiB [1m[32mvendor.mjs[39m[22m 7.28 MiB [1m[32mbundle.mjs[39m[22m 375 KiB 3 auxiliary assets
Entrypoint [1mtns_modules/inspector_modules[39m[22m 7.28 MiB (7.62 MiB) = [1m[32mruntime.mjs[39m[22m 6.05 KiB [1m[32mvendor.mjs[39m[22m 7.28 MiB [1m[32mtns_modules/inspector_modules.mjs[39m[22m 778 bytes 3 auxiliary assets
orphan modules 1.36 MiB [1m[33m[orphan][39m[22m 38 modules
runtime modules 3.12 KiB 7 modules
modules by path [1m./node_modules/[39m[22m 6.36 MiB 685 modules
modules by path [1m../../[39m[22m 245 KiB
  modules by path [1m../../bridge/[39m[22m 58.3 KiB 24 modules
  modules by path [1m../../../Games/games/boxbound/*.ts[39m[22m 187 KiB
    [1m../../../Games/games/boxbound/quality.ts[39m[22m 617 bytes [1m[33m[built][39m[22m [1m[33m[code generated][39m[22m
    + 18 modules
modules by path [1m./src/[39m[22m 64 KiB
  modules by path [1m./src/*.ts[39m[22m 62.3 KiB
    [1m./src/app.ts[39m[22m 890 bytes [1m[33m[built][39m[22m [1m[33m[code generated][39m[22m
    + 13 modules
  [1m./src/ sync \.(xml%7Cjs%7C(%3F<%21\.d\.)ts%7Cs%3Fcss)$[39m[22m 462 bytes [1m[33m[built][39m[22m [1m[33m[code generated][39m[22m
  [1m./src/app.css[39m[22m 1.27 KiB [1m[33m[built][39m[22m [1m[33m[code generated][39m[22m
[1mexternal "~/package.json"[39m[22m 42 bytes [1m[33m[built][39m[22m [1m[33m[code generated][39m[22m
webpack 5.110.3 compiled [1m[32msuccessfully[39m[22m in 6465 ms
Webpack compilation complete.
Installing pods...
/usr/local/lib/ruby/gems/4.0.0/gems/molinillo-0.8.0/lib/molinillo/dependency_graph.rb:3: warning: tsort was loaded from the standard library, but will no longer be part of the default gems starting from Ruby 4.1.0
You can add tsort to your Gemfile or gemspec to silence this warning.
Analyzing dependencies
Downloading dependencies
Generating Pods project
Integrating client project
Pod installation complete! There are 0 dependencies from the Podfile and 0 total pods installed.

[!] The Podfile does not contain any dependencies.
Swift Packages:
  CanvasNative (local: node_modules/@nativescript/canvas/platforms/ios/NativeScriptV8)
  FontManager (1.0.14 · https://github.com/NativeScript/font-manager.git)
- Resolving Swift Package dependencies… (0m 0s)
✔ Swift Package dependencies resolved (0m 2s)
Updating runtime package.json with configuration values...
Project successfully prepared (ios)
Command line invocation:
    /Applications/Xcode.app/Contents/Developer/usr/bin/xcodebuild -workspace platforms/ios/boxbound.xcworkspace -scheme boxbound -configuration Debug -sdk iphoneos -destination id=00008120-000948541182601E -allowProvisioningUpdates -allowProvisioningDeviceRegistration -disableAutomaticPackageResolution DEVELOPMENT_TEAM=22T5YFVY2B SWIFT_ENABLE_EXPLICIT_MODULES=NO IPHONEOS_DEPLOYMENT_TARGET=15.0 BUILD_DIR=/Users/qingque/Desktop/HaiyueStudio/Native/examples/boxbound//platforms/ios/build SHARED_PRECOMPS_DIR=/Users/qingque/Desktop/HaiyueStudio/Native/examples/boxbound//platforms/ios/build/sharedpch build

Build settings from command line:
    BUILD_DIR = /Users/qingque/Desktop/HaiyueStudio/Native/examples/boxbound//platforms/ios/build
    DEVELOPMENT_TEAM = 22T5YFVY2B
    IPHONEOS_DEPLOYMENT_TARGET = 15.0
    SDKROOT = iphoneos26.2
    SHARED_PRECOMPS_DIR = /Users/qingque/Desktop/HaiyueStudio/Native/examples/boxbound//platforms/ios/build/sharedpch
    SWIFT_ENABLE_EXPLICIT_MODULES = NO

Resolve Package Graph


Resolved source packages:
  CanvasNative: /Users/qingque/Desktop/HaiyueStudio/Native/examples/boxbound/node_modules/@nativescript/canvas/platforms/ios/NativeScriptV8 @ local
  FontManager: https://github.com/NativeScript/font-manager.git @ 1.0.14

ComputePackagePrebuildTargetDependencyGraph

Prepare packages

CreateBuildRequest

SendProjectDescription

CreateBuildOperation

ComputeTargetDependencyGraph
note: Building targets in dependency order
note: Target dependency graph (5 targets)
    Target 'boxbound' in project 'boxbound'
        ➜ Implicit dependency on target 'Pods-boxbound' in project 'Pods' via file 'Pods_boxbound.framework' in build phase 'Link Binary'
        ➜ Explicit dependency on target 'NativeScriptV8' in project 'CanvasNative'
        ➜ Explicit dependency on target 'FontManager' in project 'FontManager'
    Target 'FontManager' in project 'FontManager' (no dependencies)
    Target 'NativeScriptV8' in project 'CanvasNative'
        ➜ Explicit dependency on target 'NativeScriptV8' in project 'CanvasNative'
    Target 'NativeScriptV8' in project 'CanvasNative' (no dependencies)
    Target 'Pods-boxbound' in project 'Pods' (no dependencies)

GatherProvisioningInputs

CreateBuildDescription

ExecuteExternalTool /Applications/Xcode.app/Contents/Developer/Toolchains/XcodeDefault.xctoolchain/usr/bin/clang -v -E -dM -isysroot /Applications/Xcode.app/Contents/Developer/Platforms/iPhoneOS.platform/Developer/SDKs/iPhoneOS26.2.sdk -x c -c /dev/null

ExecuteExternalTool /Applications/Xcode.app/Contents/Developer/Toolchains/XcodeDefault.xctoolchain/usr/bin/clang -v -E -dM -arch arm64 -isysroot /Applications/Xcode.app/Contents/Developer/Platforms/iPhoneOS.platform/Developer/SDKs/iPhoneOS26.2.sdk -x c -c /dev/null

ExecuteExternalTool /Applications/Xcode.app/Contents/Developer/Toolchains/XcodeDefault.xctoolchain/usr/bin/clang -v -E -dM -arch arm64 -isysroot /Applications/Xcode.app/Contents/Developer/Platforms/iPhoneOS.platform/Developer/SDKs/iPhoneOS26.2.sdk -x objective-c -c /dev/null

ExecuteExternalTool /Applications/Xcode.app/Contents/Developer/Toolchains/XcodeDefault.xctoolchain/usr/bin/clang -v -E -dM -arch arm64 -isysroot /Applications/Xcode.app/Contents/Developer/Platforms/iPhoneOS.platform/Developer/SDKs/iPhoneOS26.2.sdk -x objective-c++ -c /dev/null

ExecuteExternalTool /Applications/Xcode.app/Contents/Developer/Toolchains/XcodeDefault.xctoolchain/usr/bin/ld -version_details

ExecuteExternalTool /Applications/Xcode.app/Contents/Developer/Toolchains/XcodeDefault.xctoolchain/usr/bin/libtool -V

ExecuteExternalTool /Applications/Xcode.app/Contents/Developer/Toolchains/XcodeDefault.xctoolchain/usr/bin/clang -v -E -dM -arch arm64 -isysroot /Applications/Xcode.app/Contents/Developer/Platforms/iPhoneOS.platform/Developer/SDKs/iPhoneOS26.2.sdk -x c++ -c /dev/null

ExecuteExternalTool /Applications/Xcode.app/Contents/Developer/Toolchains/XcodeDefault.xctoolchain/usr/bin/swiftc --version

Build description signature: 9886c11b6c483370bcea9a4ff89c8d5b
Build description path: /Users/qingque/Library/Developer/Xcode/DerivedData/boxbound-gmbxpjcvwytnwfabbxjdzhvtcdad/Build/Intermediates.noindex/XCBuildData/9886c11b6c483370bcea9a4ff89c8d5b.xcbuilddata
CreateBuildDirectory /Users/qingque/Library/Developer/Xcode/DerivedData/boxbound-gmbxpjcvwytnwfabbxjdzhvtcdad/Build/Products
    cd /Users/qingque/Desktop/HaiyueStudio/Native/examples/boxbound/platforms/ios
    builtin-create-build-directory /Users/qingque/Library/Developer/Xcode/DerivedData/boxbound-gmbxpjcvwytnwfabbxjdzhvtcdad/Build/Products

ClangStatCache /Applications/Xcode.app/Contents/Developer/Toolchains/XcodeDefault.xctoolchain/usr/bin/clang-stat-cache /Applications/Xcode.app/Contents/Developer/Platforms/iPhoneOS.platform/Developer/SDKs/iPhoneOS26.2.sdk /Users/qingque/Library/Developer/Xcode/DerivedData/SDKStatCaches.noindex/iphoneos26.2-23C57-3794476bd08197c3e2abd9bb477ef7f7.sdkstatcache
    cd /Users/qingque/Desktop/HaiyueStudio/Native/examples/boxbound/platforms/ios
    /Applications/Xcode.app/Contents/Developer/Toolchains/XcodeDefault.xctoolchain/usr/bin/clang-stat-cache /Applications/Xcode.app/Contents/Developer/Platforms/iPhoneOS.platform/Developer/SDKs/iPhoneOS26.2.sdk -o /Users/qingque/Library/Developer/Xcode/DerivedData/SDKStatCaches.noindex/iphoneos26.2-23C57-3794476bd08197c3e2abd9bb477ef7f7.sdkstatcache

CreateBuildDirectory /Users/qingque/Library/Developer/Xcode/DerivedData/boxbound-gmbxpjcvwytnwfabbxjdzhvtcdad/Build/Intermediates.noindex
    cd /Users/qingque/Desktop/HaiyueStudio/Native/examples/boxbound/platforms/ios
    builtin-create-build-directory /Users/qingque/Library/Developer/Xcode/DerivedData/boxbound-gmbxpjcvwytnwfabbxjdzhvtcdad/Build/Intermediates.noindex

CreateBuildDirectory /Users/qingque/Desktop/HaiyueStudio/Native/examples/boxbound/platforms/ios/build/Debug-iphoneos
    cd /Users/qingque/Desktop/HaiyueStudio/Native/examples/boxbound/platforms/ios
    builtin-create-build-directory /Users/qingque/Desktop/HaiyueStudio/Native/examples/boxbound/platforms/ios/build/Debug-iphoneos

CreateBuildDirectory /Users/qingque/Library/Developer/Xcode/DerivedData/boxbound-gmbxpjcvwytnwfabbxjdzhvtcdad/Build/Intermediates.noindex/SwiftExplicitPrecompiledModules
    cd /Users/qingque/Desktop/HaiyueStudio/Native/examples/boxbound/platforms/ios
    builtin-create-build-directory /Users/qingque/Library/Developer/Xcode/DerivedData/boxbound-gmbxpjcvwytnwfabbxjdzhvtcdad/Build/Intermediates.noindex/SwiftExplicitPrecompiledModules

CreateBuildDirectory /Users/qingque/Library/Developer/Xcode/DerivedData/boxbound-gmbxpjcvwytnwfabbxjdzhvtcdad/Build/Intermediates.noindex/ExplicitPrecompiledModules
    cd /Users/qingque/Desktop/HaiyueStudio/Native/examples/boxbound/platforms/ios
    builtin-create-build-directory /Users/qingque/Library/Developer/Xcode/DerivedData/boxbound-gmbxpjcvwytnwfabbxjdzhvtcdad/Build/Intermediates.noindex/ExplicitPrecompiledModules

CreateBuildDirectory /Users/qingque/Library/Developer/Xcode/DerivedData/boxbound-gmbxpjcvwytnwfabbxjdzhvtcdad/Build/Intermediates.noindex/EagerLinkingTBDs/Debug-iphoneos
    cd /Users/qingque/Desktop/HaiyueStudio/Native/examples/boxbound/platforms/ios
    builtin-create-build-directory /Users/qingque/Library/Developer/Xcode/DerivedData/boxbound-gmbxpjcvwytnwfabbxjdzhvtcdad/Build/Intermediates.noindex/EagerLinkingTBDs/Debug-iphoneos

WriteAuxiliaryFile /Users/qingque/Library/Developer/Xcode/DerivedData/boxbound-gmbxpjcvwytnwfabbxjdzhvtcdad/Build/Intermediates.noindex/boxbound.build/Debug-iphoneos/boxbound-acae044c11c9a7d6040ee6fd676c88a0-VFS-iphoneos/all-product-headers.yaml
    cd /Users/qingque/Desktop/HaiyueStudio/Native/examples/boxbound/platforms/ios
    write-file /Users/qingque/Library/Developer/Xcode/DerivedData/boxbound-gmbxpjcvwytnwfabbxjdzhvtcdad/Build/Intermediates.noindex/boxbound.build/Debug-iphoneos/boxbound-acae044c11c9a7d6040ee6fd676c88a0-VFS-iphoneos/all-product-headers.yaml

WriteAuxiliaryFile /Users/qingque/Library/Developer/Xcode/DerivedData/boxbound-gmbxpjcvwytnwfabbxjdzhvtcdad/Build/Intermediates.noindex/Pods.build/Debug-iphoneos/Pods-8699adb1dd336b26511df848a716bd42-VFS-iphoneos/all-product-headers.yaml
    cd /Users/qingque/Desktop/HaiyueStudio/Native/examples/boxbound/platforms/ios
    write-file /Users/qingque/Library/Developer/Xcode/DerivedData/boxbound-gmbxpjcvwytnwfabbxjdzhvtcdad/Build/Intermediates.noindex/Pods.build/Debug-iphoneos/Pods-8699adb1dd336b26511df848a716bd42-VFS-iphoneos/all-product-headers.yaml

CreateBuildDirectory /Users/qingque/Desktop/HaiyueStudio/Native/examples/boxbound/platforms/ios/build/Debug-iphoneos/PackageFrameworks
    cd /Users/qingque/Desktop/HaiyueStudio/Native/examples/boxbound/platforms/ios
    builtin-create-build-directory /Users/qingque/Desktop/HaiyueStudio/Native/examples/boxbound/platforms/ios/build/Debug-iphoneos/PackageFrameworks

WriteAuxiliaryFile /Users/qingque/Library/Developer/Xcode/DerivedData/boxbound-gmbxpjcvwytnwfabbxjdzhvtcdad/Build/Intermediates.noindex/Pods.build/Debug-iphoneos/Pods-boxbound.build/Pods_boxbound.DependencyMetadataFileList (in target 'Pods-boxbound' from project 'Pods')
    cd /Users/qingque/Desktop/HaiyueStudio/Native/examples/boxbound/platforms/ios/Pods
    write-file /Users/qingque/Library/Developer/Xcode/DerivedData/boxbound-gmbxpjcvwytnwfabbxjdzhvtcdad/Build/Intermediates.noindex/Pods.build/Debug-iphoneos/Pods-boxbound.build/Pods_boxbound.DependencyMetadataFileList

WriteAuxiliaryFile /Users/qingque/Library/Developer/Xcode/DerivedData/boxbound-gmbxpjcvwytnwfabbxjdzhvtcdad/Build/Intermediates.noindex/Pods.build/Debug-iphoneos/Pods-boxbound.build/Pods_boxbound-own-target-headers.hmap (in target 'Pods-boxbound' from project 'Pods')
    cd /Users/qingque/Desktop/HaiyueStudio/Native/examples/boxbound/platforms/ios/Pods
    write-file /Users/qingque/Library/Developer/Xcode/DerivedData/boxbound-gmbxpjcvwytnwfabbxjdzhvtcdad/Build/Intermediates.noindex/Pods.build/Debug-iphoneos/Pods-boxbound.build/Pods_boxbound-own-target-headers.hmap

WriteAuxiliaryFile /Users/qingque/Library/Developer/Xcode/DerivedData/boxbound-gmbxpjcvwytnwfabbxjdzhvtcdad/Build/Intermediates.noindex/Pods.build/Debug-iphoneos/Pods-boxbound.build/Pods_boxbound-project-headers.hmap (in target 'Pods-boxbound' from project 'Pods')
    cd /Users/qingque/Desktop/HaiyueStudio/Native/examples/boxbound/platforms/ios/Pods
    write-file /Users/qingque/Library/Developer/Xcode/DerivedData/boxbound-gmbxpjcvwytnwfabbxjdzhvtcdad/Build/Intermediates.noindex/Pods.build/Debug-iphoneos/Pods-boxbound.build/Pods_boxbound-project-headers.hmap

WriteAuxiliaryFile /Users/qingque/Library/Developer/Xcode/DerivedData/boxbound-gmbxpjcvwytnwfabbxjdzhvtcdad/Build/Intermediates.noindex/Pods.build/Debug-iphoneos/Pods-boxbound.build/Pods_boxbound-all-target-headers.hmap (in target 'Pods-boxbound' from project 'Pods')
    cd /Users/qingque/Desktop/HaiyueStudio/Native/examples/boxbound/platforms/ios/Pods
    write-file /Users/qingque/Library/Developer/Xcode/DerivedData/boxbound-gmbxpjcvwytnwfabbxjdzhvtcdad/Build/Intermediates.noindex/Pods.build/Debug-iphoneos/Pods-boxbound.build/Pods_boxbound-all-target-headers.hmap

WriteAuxiliaryFile /Users/qingque/Library/Developer/Xcode/DerivedData/boxbound-gmbxpjcvwytnwfabbxjdzhvtcdad/Build/Intermediates.noindex/Pods.build/Debug-iphoneos/Pods-boxbound.build/Pods_boxbound-generated-files.hmap (in target 'Pods-boxbound' from project 'Pods')
    cd /Users/qingque/Desktop/HaiyueStudio/Native/examples/boxbound/platforms/ios/Pods
    write-file /Users/qingque/Library/Developer/Xcode/DerivedData/boxbound-gmbxpjcvwytnwfabbxjdzhvtcdad/Build/Intermediates.noindex/Pods.build/Debug-iphoneos/Pods-boxbound.build/Pods_boxbound-generated-files.hmap

Copy /Users/qingque/Library/Developer/Xcode/DerivedData/boxbound-gmbxpjcvwytnwfabbxjdzhvtcdad/Build/Intermediates.noindex/Pods.build/Debug-iphoneos/Pods-boxbound.build/module.modulemap /Users/qingque/Desktop/HaiyueStudio/Native/examples/boxbound/platforms/ios/Pods/Target\ Support\ Files/Pods-boxbound/Pods-boxbound.modulemap (in target 'Pods-boxbound' from project 'Pods')
    cd /Users/qingque/Desktop/HaiyueStudio/Native/examples/boxbound/platforms/ios/Pods
    builtin-copy -exclude .DS_Store -exclude CVS -exclude .svn -exclude .git -exclude .hg -resolve-src-symlinks -rename /Users/qingque/Desktop/HaiyueStudio/Native/examples/boxbound/platforms/ios/Pods/Target\ Support\ Files/Pods-boxbound/Pods-boxbound.modulemap /Users/qingque/Library/Developer/Xcode/DerivedData/boxbound-gmbxpjcvwytnwfabbxjdzhvtcdad/Build/Intermediates.noindex/Pods.build/Debug-iphoneos/Pods-boxbound.build/module.modulemap

WriteAuxiliaryFile /Users/qingque/Library/Developer/Xcode/DerivedData/boxbound-gmbxpjcvwytnwfabbxjdzhvtcdad/Build/Intermediates.noindex/Pods.build/Debug-iphoneos/Pods-boxbound.build/Pods_boxbound-all-non-framework-target-headers.hmap (in target 'Pods-boxbound' from project 'Pods')
    cd /Users/qingque/Desktop/HaiyueStudio/Native/examples/boxbound/platforms/ios/Pods
    write-file /Users/qingque/Library/Developer/Xcode/DerivedData/boxbound-gmbxpjcvwytnwfabbxjdzhvtcdad/Build/Intermediates.noindex/Pods.build/Debug-iphoneos/Pods-boxbound.build/Pods_boxbound-all-non-framework-target-headers.hmap

WriteAuxiliaryFile /Users/qingque/Library/Developer/Xcode/DerivedData/boxbound-gmbxpjcvwytnwfabbxjdzhvtcdad/Build/Intermediates.noindex/Pods.build/Debug-iphoneos/Pods-boxbound.build/Pods_boxbound.hmap (in target 'Pods-boxbound' from project 'Pods')
    cd /Users/qingque/Desktop/HaiyueStudio/Native/examples/boxbound/platforms/ios/Pods
    write-file /Users/qingque/Library/Developer/Xcode/DerivedData/boxbound-gmbxpjcvwytnwfabbxjdzhvtcdad/Build/Intermediates.noindex/Pods.build/Debug-iphoneos/Pods-boxbound.build/Pods_boxbound.hmap

WriteAuxiliaryFile /Users/qingque/Library/Developer/Xcode/DerivedData/boxbound-gmbxpjcvwytnwfabbxjdzhvtcdad/Build/Intermediates.noindex/Pods.build/Debug-iphoneos/Pods-boxbound.build/Pods_boxbound.DependencyStaticMetadataFileList (in target 'Pods-boxbound' from project 'Pods')
    cd /Users/qingque/Desktop/HaiyueStudio/Native/examples/boxbound/platforms/ios/Pods
    write-file /Users/qingque/Library/Developer/Xcode/DerivedData/boxbound-gmbxpjcvwytnwfabbxjdzhvtcdad/Build/Intermediates.noindex/Pods.build/Debug-iphoneos/Pods-boxbound.build/Pods_boxbound.DependencyStaticMetadataFileList

WriteAuxiliaryFile /Users/qingque/Library/Developer/Xcode/DerivedData/boxbound-gmbxpjcvwytnwfabbxjdzhvtcdad/Build/Intermediates.noindex/Pods.build/Debug-iphoneos/Pods-boxbound.build/Objects-normal/arm64/e6072d4f65d7061329687fe24e3d63a7-common-args.resp (in target 'Pods-boxbound' from project 'Pods')
    cd /Users/qingque/Desktop/HaiyueStudio/Native/examples/boxbound/platforms/ios/Pods
    write-file /Users/qingque/Library/Developer/Xcode/DerivedData/boxbound-gmbxpjcvwytnwfabbxjdzhvtcdad/Build/Intermediates.noindex/Pods.build/Debug-iphoneos/Pods-boxbound.build/Objects-normal/arm64/e6072d4f65d7061329687fe24e3d63a7-common-args.resp
-target arm64-apple-ios15.0 '-std=gnu11' -fobjc-arc -fmodules -gmodules '-fmodules-cache-path=/Users/qingque/Library/Developer/Xcode/DerivedData/ModuleCache.noindex' '-fmodule-name=Pods_boxbound' -fpascal-strings -O0 -fno-common '-DPOD_CONFIGURATION_DEBUG=1' '-DDEBUG=1' '-DCOCOAPODS=1' '-DOBJC_OLD_DISPATCH_PROTOTYPES=0' -isysroot /Applications/Xcode.app/Contents/Developer/Platforms/iPhoneOS.platform/Developer/SDKs/iPhoneOS26.2.sdk -g -iquote /Users/qingque/Library/Developer/Xcode/DerivedData/boxbound-gmbxpjcvwytnwfabbxjdzhvtcdad/Build/Intermediates.noindex/Pods.build/Debug-iphoneos/Pods-boxbound.build/Pods_boxbound-generated-files.hmap -I/Users/qingque/Library/Developer/Xcode/DerivedData/boxbound-gmbxpjcvwytnwfabbxjdzhvtcdad/Build/Intermediates.noindex/Pods.build/Debug-iphoneos/Pods-boxbound.build/Pods_boxbound-own-target-headers.hmap -I/Users/qingque/Library/Developer/Xcode/DerivedData/boxbound-gmbxpjcvwytnwfabbxjdzhvtcdad/Build/Intermediates.noindex/Pods.build/Debug-iphoneos/Pods-boxbound.build/Pods_boxbound-all-non-framework-target-headers.hmap -ivfsoverlay /Users/qingque/Library/Developer/Xcode/DerivedData/boxbound-gmbxpjcvwytnwfabbxjdzhvtcdad/Build/Intermediates.noindex/Pods.build/Debug-iphoneos/Pods-8699adb1dd336b26511df848a716bd42-VFS-iphoneos/all-product-headers.yaml -iquote /Users/qingque/Library/Developer/Xcode/DerivedData/boxbound-gmbxpjcvwytnwfabbxjdzhvtcdad/Build/Intermediates.noindex/Pods.build/Debug-iphoneos/Pods-boxbound.build/Pods_boxbound-project-headers.hmap -I/Users/qingque/Desktop/HaiyueStudio/Native/examples/boxbound/platforms/ios/build/Debug-iphoneos/include -I/Users/qingque/Library/Developer/Xcode/DerivedData/boxbound-gmbxpjcvwytnwfabbxjdzhvtcdad/Build/Intermediates.noindex/Pods.build/Debug-iphoneos/Pods-boxbound.build/DerivedSources-normal/arm64 -I/Users/qingque/Library/Developer/Xcode/DerivedData/boxbound-gmbxpjcvwytnwfabbxjdzhvtcdad/Build/Intermediates.noindex/Pods.build/Debug-iphoneos/Pods-boxbound.build/DerivedSources/arm64 -I/Users/qingque/Library/Developer/Xcode/DerivedData/boxbound-gmbxpjcvwytnwfabbxjdzhvtcdad/Build/Intermediates.noindex/Pods.build/Debug-iphoneos/Pods-boxbound.build/DerivedSources -F/Users/qingque/Desktop/HaiyueStudio/Native/examples/boxbound/platforms/ios/build/Debug-iphoneos

WriteAuxiliaryFile /Users/qingque/Library/Developer/Xcode/DerivedData/boxbound-gmbxpjcvwytnwfabbxjdzhvtcdad/Build/Intermediates.noindex/Pods.build/Debug-iphoneos/Pods-boxbound.build/Objects-normal/arm64/Pods_boxbound.LinkFileList (in target 'Pods-boxbound' from project 'Pods')
    cd /Users/qingque/Desktop/HaiyueStudio/Native/examples/boxbound/platforms/ios/Pods
    write-file /Users/qingque/Library/Developer/Xcode/DerivedData/boxbound-gmbxpjcvwytnwfabbxjdzhvtcdad/Build/Intermediates.noindex/Pods.build/Debug-iphoneos/Pods-boxbound.build/Objects-normal/arm64/Pods_boxbound.LinkFileList

WriteAuxiliaryFile /Users/qingque/Library/Developer/Xcode/DerivedData/boxbound-gmbxpjcvwytnwfabbxjdzhvtcdad/Build/Intermediates.noindex/Pods.build/Debug-iphoneos/Pods-boxbound.build/Objects-normal/arm64/7187679823f38a2a940e0043cdf9d637-common-args.resp (in target 'Pods-boxbound' from project 'Pods')
    cd /Users/qingque/Desktop/HaiyueStudio/Native/examples/boxbound/platforms/ios/Pods
    write-file /Users/qingque/Library/Developer/Xcode/DerivedData/boxbound-gmbxpjcvwytnwfabbxjdzhvtcdad/Build/Intermediates.noindex/Pods.build/Debug-iphoneos/Pods-boxbound.build/Objects-normal/arm64/7187679823f38a2a940e0043cdf9d637-common-args.resp
-target arm64-apple-ios15.0 '-std=gnu11' -fmodules -gmodules '-fmodules-cache-path=/Users/qingque/Library/Developer/Xcode/DerivedData/ModuleCache.noindex' '-fmodule-name=Pods_boxbound' -fpascal-strings -O0 -fno-common '-DPOD_CONFIGURATION_DEBUG=1' '-DDEBUG=1' '-DCOCOAPODS=1' -isysroot /Applications/Xcode.app/Contents/Developer/Platforms/iPhoneOS.platform/Developer/SDKs/iPhoneOS26.2.sdk -g -iquote /Users/qingque/Library/Developer/Xcode/DerivedData/boxbound-gmbxpjcvwytnwfabbxjdzhvtcdad/Build/Intermediates.noindex/Pods.build/Debug-iphoneos/Pods-boxbound.build/Pods_boxbound-generated-files.hmap -I/Users/qingque/Library/Developer/Xcode/DerivedData/boxbound-gmbxpjcvwytnwfabbxjdzhvtcdad/Build/Intermediates.noindex/Pods.build/Debug-iphoneos/Pods-boxbound.build/Pods_boxbound-own-target-headers.hmap -I/Users/qingque/Library/Developer/Xcode/DerivedData/boxbound-gmbxpjcvwytnwfabbxjdzhvtcdad/Build/Intermediates.noindex/Pods.build/Debug-iphoneos/Pods-boxbound.build/Pods_boxbound-all-non-framework-target-headers.hmap -ivfsoverlay /Users/qingque/Library/Developer/Xcode/DerivedData/boxbound-gmbxpjcvwytnwfabbxjdzhvtcdad/Build/Intermediates.noindex/Pods.build/Debug-iphoneos/Pods-8699adb1dd336b26511df848a716bd42-VFS-iphoneos/all-product-headers.yaml -iquote /Users/qingque/Library/Developer/Xcode/DerivedData/boxbound-gmbxpjcvwytnwfabbxjdzhvtcdad/Build/Intermediates.noindex/Pods.build/Debug-iphoneos/Pods-boxbound.build/Pods_boxbound-project-headers.hmap -I/Users/qingque/Desktop/HaiyueStudio/Native/examples/boxbound/platforms/ios/build/Debug-iphoneos/include -I/Users/qingque/Library/Developer/Xcode/DerivedData/boxbound-gmbxpjcvwytnwfabbxjdzhvtcdad/Build/Intermediates.noindex/Pods.build/Debug-iphoneos/Pods-boxbound.build/DerivedSources-normal/arm64 -I/Users/qingque/Library/Developer/Xcode/DerivedData/boxbound-gmbxpjcvwytnwfabbxjdzhvtcdad/Build/Intermediates.noindex/Pods.build/Debug-iphoneos/Pods-boxbound.build/DerivedSources/arm64 -I/Users/qingque/Library/Developer/Xcode/DerivedData/boxbound-gmbxpjcvwytnwfabbxjdzhvtcdad/Build/Intermediates.noindex/Pods.build/Debug-iphoneos/Pods-boxbound.build/DerivedSources -F/Users/qingque/Desktop/HaiyueStudio/Native/examples/boxbound/platforms/ios/build/Debug-iphoneos

WriteAuxiliaryFile /Users/qingque/Library/Developer/Xcode/DerivedData/boxbound-gmbxpjcvwytnwfabbxjdzhvtcdad/Build/Intermediates.noindex/Pods.build/Debug-iphoneos/Pods-boxbound.build/DerivedSources/Pods_boxbound_vers.c (in target 'Pods-boxbound' from project 'Pods')
    cd /Users/qingque/Desktop/HaiyueStudio/Native/examples/boxbound/platforms/ios/Pods
    write-file /Users/qingque/Library/Developer/Xcode/DerivedData/boxbound-gmbxpjcvwytnwfabbxjdzhvtcdad/Build/Intermediates.noindex/Pods.build/Debug-iphoneos/Pods-boxbound.build/DerivedSources/Pods_boxbound_vers.c

WriteAuxiliaryFile /Users/qingque/Library/Developer/Xcode/DerivedData/boxbound-gmbxpjcvwytnwfabbxjdzhvtcdad/Build/Intermediates.noindex/CanvasNative.build/Debug-iphoneos/NativeScriptV8.build/NativeScriptV8.modulemap (in target 'NativeScriptV8' from project 'CanvasNative')
    cd /Users/qingque/Desktop/HaiyueStudio/Native/examples/boxbound/node_modules/@nativescript/canvas/platforms/ios/NativeScriptV8
    write-file /Users/qingque/Library/Developer/Xcode/DerivedData/boxbound-gmbxpjcvwytnwfabbxjdzhvtcdad/Build/Intermediates.noindex/CanvasNative.build/Debug-iphoneos/NativeScriptV8.build/NativeScriptV8.modulemap

CpHeader /Users/qingque/Desktop/HaiyueStudio/Native/examples/boxbound/platforms/ios/build/Debug-iphoneos/Pods_boxbound.framework/Headers/Pods-boxbound-umbrella.h /Users/qingque/Desktop/HaiyueStudio/Native/examples/boxbound/platforms/ios/Pods/Target\ Support\ Files/Pods-boxbound/Pods-boxbound-umbrella.h (in target 'Pods-boxbound' from project 'Pods')
    cd /Users/qingque/Desktop/HaiyueStudio/Native/examples/boxbound/platforms/ios/Pods
    builtin-copy -exclude .DS_Store -exclude CVS -exclude .svn -exclude .git -exclude .hg -resolve-src-symlinks /Users/qingque/Desktop/HaiyueStudio/Native/examples/boxbound/platforms/ios/Pods/Target\ Support\ Files/Pods-boxbound/Pods-boxbound-umbrella.h /Users/qingque/Desktop/HaiyueStudio/Native/examples/boxbound/platforms/ios/build/Debug-iphoneos/Pods_boxbound.framework/Headers

WriteAuxiliaryFile /Users/qingque/Library/Developer/Xcode/DerivedData/boxbound-gmbxpjcvwytnwfabbxjdzhvtcdad/Build/Intermediates.noindex/CanvasNative.build/Debug-iphoneos/NativeScriptV8.build/NativeScriptV8.DependencyStaticMetadataFileList (in target 'NativeScriptV8' from project 'CanvasNative')
    cd /Users/qingque/Desktop/HaiyueStudio/Native/examples/boxbound/node_modules/@nativescript/canvas/platforms/ios/NativeScriptV8
    write-file /Users/qingque/Library/Developer/Xcode/DerivedData/boxbound-gmbxpjcvwytnwfabbxjdzhvtcdad/Build/Intermediates.noindex/CanvasNative.build/Debug-iphoneos/NativeScriptV8.build/NativeScriptV8.DependencyStaticMetadataFileList

WriteAuxiliaryFile /Users/qingque/Library/Developer/Xcode/DerivedData/boxbound-gmbxpjcvwytnwfabbxjdzhvtcdad/Build/Intermediates.noindex/CanvasNative.build/Debug-iphoneos/NativeScriptV8.build/Objects-normal/arm64/7187679823f38a2a940e0043cdf9d637-common-args.resp (in target 'NativeScriptV8' from project 'CanvasNative')
    cd /Users/qingque/Desktop/HaiyueStudio/Native/examples/boxbound/node_modules/@nativescript/canvas/platforms/ios/NativeScriptV8
    write-file /Users/qingque/Library/Developer/Xcode/DerivedData/boxbound-gmbxpjcvwytnwfabbxjdzhvtcdad/Build/Intermediates.noindex/CanvasNative.build/Debug-iphoneos/NativeScriptV8.build/Objects-normal/arm64/7187679823f38a2a940e0043cdf9d637-common-args.resp
-target arm64-apple-ios15.0 -fmodules -gmodules '-fmodules-cache-path=/Users/qingque/Library/Developer/Xcode/DerivedData/ModuleCache.noindex' '-fmodule-name=NativeScriptV8' -fpascal-strings -O0 -DSWIFT_PACKAGE '-DDEBUG=1' -isysroot /Applications/Xcode.app/Contents/Developer/Platforms/iPhoneOS.platform/Developer/SDKs/iPhoneOS26.2.sdk -g -I/Users/qingque/Desktop/HaiyueStudio/Native/examples/boxbound/platforms/ios/build/Debug-iphoneos/include -I/Users/qingque/Desktop/HaiyueStudio/Native/examples/boxbound/node_modules/@nativescript/canvas/platforms/ios/NativeScriptV8/Headers -I/Users/qingque/Library/Developer/Xcode/DerivedData/boxbound-gmbxpjcvwytnwfabbxjdzhvtcdad/Build/Intermediates.noindex/CanvasNative.build/Debug-iphoneos/NativeScriptV8.build/DerivedSources-normal/arm64 -I/Users/qingque/Library/Developer/Xcode/DerivedData/boxbound-gmbxpjcvwytnwfabbxjdzhvtcdad/Build/Intermediates.noindex/CanvasNative.build/Debug-iphoneos/NativeScriptV8.build/DerivedSources/arm64 -I/Users/qingque/Library/Developer/Xcode/DerivedData/boxbound-gmbxpjcvwytnwfabbxjdzhvtcdad/Build/Intermediates.noindex/CanvasNative.build/Debug-iphoneos/NativeScriptV8.build/DerivedSources -F/Users/qingque/Desktop/HaiyueStudio/Native/examples/boxbound/platforms/ios/build/Debug-iphoneos -iframework /Applications/Xcode.app/Contents/Developer/Platforms/iPhoneOS.platform/Developer/Library/Frameworks -iframework /Applications/Xcode.app/Contents/Developer/Platforms/iPhoneOS.platform/Developer/SDKs/iPhoneOS26.2.sdk/Developer/Library/Frameworks -DXcode

WriteAuxiliaryFile /Users/qingque/Library/Developer/Xcode/DerivedData/boxbound-gmbxpjcvwytnwfabbxjdzhvtcdad/Build/Intermediates.noindex/CanvasNative.build/Debug-iphoneos/NativeScriptV8.build/Objects-normal/arm64/NativeScriptV8.LinkFileList (in target 'NativeScriptV8' from project 'CanvasNative')
    cd /Users/qingque/Desktop/HaiyueStudio/Native/examples/boxbound/node_modules/@nativescript/canvas/platforms/ios/NativeScriptV8
    write-file /Users/qingque/Library/Developer/Xcode/DerivedData/boxbound-gmbxpjcvwytnwfabbxjdzhvtcdad/Build/Intermediates.noindex/CanvasNative.build/Debug-iphoneos/NativeScriptV8.build/Objects-normal/arm64/NativeScriptV8.LinkFileList

WriteAuxiliaryFile /Users/qingque/Library/Developer/Xcode/DerivedData/boxbound-gmbxpjcvwytnwfabbxjdzhvtcdad/Build/Intermediates.noindex/CanvasNative.build/Debug-iphoneos/NativeScriptV8.build/NativeScriptV8.DependencyMetadataFileList (in target 'NativeScriptV8' from project 'CanvasNative')
    cd /Users/qingque/Desktop/HaiyueStudio/Native/examples/boxbound/node_modules/@nativescript/canvas/platforms/ios/NativeScriptV8
    write-file /Users/qingque/Library/Developer/Xcode/DerivedData/boxbound-gmbxpjcvwytnwfabbxjdzhvtcdad/Build/Intermediates.noindex/CanvasNative.build/Debug-iphoneos/NativeScriptV8.build/NativeScriptV8.DependencyMetadataFileList

MkDir /Users/qingque/Desktop/HaiyueStudio/Native/examples/boxbound/platforms/ios/build/Debug-iphoneos/Pods_boxbound.framework/Headers (in target 'Pods-boxbound' from project 'Pods')
    cd /Users/qingque/Desktop/HaiyueStudio/Native/examples/boxbound/platforms/ios/Pods
    /bin/mkdir -p /Users/qingque/Desktop/HaiyueStudio/Native/examples/boxbound/platforms/ios/build/Debug-iphoneos/Pods_boxbound.framework/Headers

MkDir /Users/qingque/Desktop/HaiyueStudio/Native/examples/boxbound/platforms/ios/build/Debug-iphoneos/Pods_boxbound.framework (in target 'Pods-boxbound' from project 'Pods')
    cd /Users/qingque/Desktop/HaiyueStudio/Native/examples/boxbound/platforms/ios/Pods
    /bin/mkdir -p /Users/qingque/Desktop/HaiyueStudio/Native/examples/boxbound/platforms/ios/build/Debug-iphoneos/Pods_boxbound.framework

Copy /Users/qingque/Library/Developer/Xcode/DerivedData/boxbound-gmbxpjcvwytnwfabbxjdzhvtcdad/Build/Intermediates.noindex/GeneratedModuleMaps-iphoneos/NativeScriptV8.modulemap /Users/qingque/Library/Developer/Xcode/DerivedData/boxbound-gmbxpjcvwytnwfabbxjdzhvtcdad/Build/Intermediates.noindex/CanvasNative.build/Debug-iphoneos/NativeScriptV8.build/NativeScriptV8.modulemap (in target 'NativeScriptV8' from project 'CanvasNative')
    cd /Users/qingque/Desktop/HaiyueStudio/Native/examples/boxbound/node_modules/@nativescript/canvas/platforms/ios/NativeScriptV8
    builtin-copy -exclude .DS_Store -exclude CVS -exclude .svn -exclude .git -exclude .hg -resolve-src-symlinks /Users/qingque/Library/Developer/Xcode/DerivedData/boxbound-gmbxpjcvwytnwfabbxjdzhvtcdad/Build/Intermediates.noindex/CanvasNative.build/Debug-iphoneos/NativeScriptV8.build/NativeScriptV8.modulemap /Users/qingque/Library/Developer/Xcode/DerivedData/boxbound-gmbxpjcvwytnwfabbxjdzhvtcdad/Build/Intermediates.noindex/GeneratedModuleMaps-iphoneos

Copy /Users/qingque/Desktop/HaiyueStudio/Native/examples/boxbound/platforms/ios/build/Debug-iphoneos/Pods_boxbound.framework/Modules/module.modulemap /Users/qingque/Library/Developer/Xcode/DerivedData/boxbound-gmbxpjcvwytnwfabbxjdzhvtcdad/Build/Intermediates.noindex/Pods.build/Debug-iphoneos/Pods-boxbound.build/module.modulemap (in target 'Pods-boxbound' from project 'Pods')
    cd /Users/qingque/Desktop/HaiyueStudio/Native/examples/boxbound/platforms/ios/Pods
    builtin-copy -exclude .DS_Store -exclude CVS -exclude .svn -exclude .git -exclude .hg -resolve-src-symlinks /Users/qingque/Library/Developer/Xcode/DerivedData/boxbound-gmbxpjcvwytnwfabbxjdzhvtcdad/Build/Intermediates.noindex/Pods.build/Debug-iphoneos/Pods-boxbound.build/module.modulemap /Users/qingque/Desktop/HaiyueStudio/Native/examples/boxbound/platforms/ios/build/Debug-iphoneos/Pods_boxbound.framework/Modules

ProcessXCFramework /Users/qingque/Library/Developer/Xcode/DerivedData/boxbound-gmbxpjcvwytnwfabbxjdzhvtcdad/SourcePackages/artifacts/font-manager/FontManager/FontManager.xcframework /Users/qingque/Desktop/HaiyueStudio/Native/examples/boxbound/platforms/ios/build/Debug-iphoneos/libFontManager.a ios
    cd /Users/qingque/Desktop/HaiyueStudio/Native/examples/boxbound/platforms/ios
    builtin-process-xcframework --xcframework /Users/qingque/Library/Developer/Xcode/DerivedData/boxbound-gmbxpjcvwytnwfabbxjdzhvtcdad/SourcePackages/artifacts/font-manager/FontManager/FontManager.xcframework --platform ios --target-path /Users/qingque/Desktop/HaiyueStudio/Native/examples/boxbound/platforms/ios/build/Debug-iphoneos

ProcessInfoPlistFile /Users/qingque/Desktop/HaiyueStudio/Native/examples/boxbound/platforms/ios/build/Debug-iphoneos/Pods_boxbound.framework/Info.plist /Users/qingque/Desktop/HaiyueStudio/Native/examples/boxbound/platforms/ios/Pods/Target\ Support\ Files/Pods-boxbound/Pods-boxbound-Info.plist (in target 'Pods-boxbound' from project 'Pods')
    cd /Users/qingque/Desktop/HaiyueStudio/Native/examples/boxbound/platforms/ios/Pods
    builtin-infoPlistUtility /Users/qingque/Desktop/HaiyueStudio/Native/examples/boxbound/platforms/ios/Pods/Target\ Support\ Files/Pods-boxbound/Pods-boxbound-Info.plist -producttype com.apple.product-type.framework -expandbuildsettings -format binary -platform iphoneos -requiredArchitecture arm64 -o /Users/qingque/Desktop/HaiyueStudio/Native/examples/boxbound/platforms/ios/build/Debug-iphoneos/Pods_boxbound.framework/Info.plist

ProcessXCFramework /Users/qingque/Desktop/HaiyueStudio/Native/examples/boxbound/platforms/ios/internal/TKLiveSync.xcframework /Users/qingque/Desktop/HaiyueStudio/Native/examples/boxbound/platforms/ios/build/Debug-iphoneos/TKLiveSync.framework ios
    cd /Users/qingque/Desktop/HaiyueStudio/Native/examples/boxbound/platforms/ios
    builtin-process-xcframework --xcframework /Users/qingque/Desktop/HaiyueStudio/Native/examples/boxbound/platforms/ios/internal/TKLiveSync.xcframework --platform ios --target-path /Users/qingque/Desktop/HaiyueStudio/Native/examples/boxbound/platforms/ios/build/Debug-iphoneos

ProcessXCFramework /Users/qingque/Desktop/HaiyueStudio/Native/examples/boxbound/node_modules/@nativescript/core/platforms/ios/NSCWinterTC.xcframework /Users/qingque/Desktop/HaiyueStudio/Native/examples/boxbound/platforms/ios/build/Debug-iphoneos/NSCWinterTC.framework ios
    cd /Users/qingque/Desktop/HaiyueStudio/Native/examples/boxbound/platforms/ios
    builtin-process-xcframework --xcframework /Users/qingque/Desktop/HaiyueStudio/Native/examples/boxbound/node_modules/@nativescript/core/platforms/ios/NSCWinterTC.xcframework --platform ios --target-path /Users/qingque/Desktop/HaiyueStudio/Native/examples/boxbound/platforms/ios/build/Debug-iphoneos

ProcessXCFramework /Users/qingque/Desktop/HaiyueStudio/Native/examples/boxbound/node_modules/@nativescript/core/platforms/ios/TNSWidgets.xcframework /Users/qingque/Desktop/HaiyueStudio/Native/examples/boxbound/platforms/ios/build/Debug-iphoneos/TNSWidgets.framework ios
    cd /Users/qingque/Desktop/HaiyueStudio/Native/examples/boxbound/platforms/ios
    builtin-process-xcframework --xcframework /Users/qingque/Desktop/HaiyueStudio/Native/examples/boxbound/node_modules/@nativescript/core/platforms/ios/TNSWidgets.xcframework --platform ios --target-path /Users/qingque/Desktop/HaiyueStudio/Native/examples/boxbound/platforms/ios/build/Debug-iphoneos

ProcessXCFramework /Users/qingque/Desktop/HaiyueStudio/Native/examples/boxbound/node_modules/@nativescript/canvas/platforms/ios/CanvasNative.xcframework /Users/qingque/Desktop/HaiyueStudio/Native/examples/boxbound/platforms/ios/build/Debug-iphoneos/CanvasNative.framework ios
    cd /Users/qingque/Desktop/HaiyueStudio/Native/examples/boxbound/platforms/ios
    builtin-process-xcframework --xcframework /Users/qingque/Desktop/HaiyueStudio/Native/examples/boxbound/node_modules/@nativescript/canvas/platforms/ios/CanvasNative.xcframework --platform ios --target-path /Users/qingque/Desktop/HaiyueStudio/Native/examples/boxbound/platforms/ios/build/Debug-iphoneos

ProcessXCFramework /Users/qingque/Desktop/HaiyueStudio/Native/examples/boxbound/platforms/ios/internal/NativeScript.xcframework /Users/qingque/Desktop/HaiyueStudio/Native/examples/boxbound/platforms/ios/build/Debug-iphoneos/NativeScript.framework ios
    cd /Users/qingque/Desktop/HaiyueStudio/Native/examples/boxbound/platforms/ios
    builtin-process-xcframework --xcframework /Users/qingque/Desktop/HaiyueStudio/Native/examples/boxbound/platforms/ios/internal/NativeScript.xcframework --platform ios --target-path /Users/qingque/Desktop/HaiyueStudio/Native/examples/boxbound/platforms/ios/build/Debug-iphoneos

ScanDependencies /Users/qingque/Library/Developer/Xcode/DerivedData/boxbound-gmbxpjcvwytnwfabbxjdzhvtcdad/Build/Intermediates.noindex/Pods.build/Debug-iphoneos/Pods-boxbound.build/Objects-normal/arm64/Pods_boxbound_vers.o /Users/qingque/Library/Developer/Xcode/DerivedData/boxbound-gmbxpjcvwytnwfabbxjdzhvtcdad/Build/Intermediates.noindex/Pods.build/Debug-iphoneos/Pods-boxbound.build/DerivedSources/Pods_boxbound_vers.c normal arm64 c com.apple.compilers.llvm.clang.1_0.compiler (in target 'Pods-boxbound' from project 'Pods')
    cd /Users/qingque/Desktop/HaiyueStudio/Native/examples/boxbound/platforms/ios/Pods
    
    Using response file: /Users/qingque/Library/Developer/Xcode/DerivedData/boxbound-gmbxpjcvwytnwfabbxjdzhvtcdad/Build/Intermediates.noindex/Pods.build/Debug-iphoneos/Pods-boxbound.build/Objects-normal/arm64/7187679823f38a2a940e0043cdf9d637-common-args.resp
    
    builtin-ScanDependencies -o /Users/qingque/Library/Developer/Xcode/DerivedData/boxbound-gmbxpjcvwytnwfabbxjdzhvtcdad/Build/Intermediates.noindex/Pods.build/Debug-iphoneos/Pods-boxbound.build/Objects-normal/arm64/Pods_boxbound_vers.o.scan -- /Applications/Xcode.app/Contents/Developer/Toolchains/XcodeDefault.xctoolchain/usr/bin/clang -x c -ivfsstatcache /Users/qingque/Library/Developer/Xcode/DerivedData/SDKStatCaches.noindex/iphoneos26.2-23C57-3794476bd08197c3e2abd9bb477ef7f7.sdkstatcache -fmessage-length\=0 -fdiagnostics-show-note-include-stack -fmacro-backtrace-limit\=0 -fno-color-diagnostics -fmodules-prune-interval\=86400 -fmodules-prune-after\=345600 -fbuild-session-file\=/Users/qingque/Library/Developer/Xcode/DerivedData/ModuleCache.noindex/Session.modulevalidation -fmodules-validate-once-per-build-session -Wnon-modular-include-in-framework-module -Werror\=non-modular-include-in-framework-module -Wno-trigraphs -Wno-missing-field-initializers -Wno-missing-prototypes -Werror\=return-type -Wdocumentation -Wunreachable-code -Werror\=deprecated-objc-isa-usage -Werror\=objc-root-class -Wno-missing-braces -Wparentheses -Wswitch -Wunused-function -Wno-unused-label -Wno-unused-parameter -Wunused-variable -Wunused-value -Wempty-body -Wuninitialized -Wconditional-uninitialized -Wno-unknown-pragmas -Wno-shadow -Wno-four-char-constants -Wno-conversion -Wconstant-conversion -Wint-conversion -Wbool-conversion -Wenum-conversion -Wno-float-conversion -Wnon-literal-null-conversion -Wobjc-literal-conversion -Wshorten-64-to-32 -Wpointer-sign -Wno-newline-eof -Wno-implicit-fallthrough -fstrict-aliasing -Wdeprecated-declarations -Wno-sign-conversion -Winfinite-recursion -Wcomma -Wblock-capture-autoreleasing -Wstrict-prototypes -Wno-semicolon-before-method-body -Wunguarded-availability -index-store-path /Users/qingque/Library/Developer/Xcode/DerivedData/boxbound-gmbxpjcvwytnwfabbxjdzhvtcdad/Index.noindex/DataStore @/Users/qingque/Library/Developer/Xcode/DerivedData/boxbound-gmbxpjcvwytnwfabbxjdzhvtcdad/Build/Intermediates.noindex/Pods.build/Debug-iphoneos/Pods-boxbound.build/Objects-normal/arm64/7187679823f38a2a940e0043cdf9d637-common-args.resp -MMD -MT dependencies -MF /Users/qingque/Library/Developer/Xcode/DerivedData/boxbound-gmbxpjcvwytnwfabbxjdzhvtcdad/Build/Intermediates.noindex/Pods.build/Debug-iphoneos/Pods-boxbound.build/Objects-normal/arm64/Pods_boxbound_vers.d --serialize-diagnostics /Users/qingque/Library/Developer/Xcode/DerivedData/boxbound-gmbxpjcvwytnwfabbxjdzhvtcdad/Build/Intermediates.noindex/Pods.build/Debug-iphoneos/Pods-boxbound.build/Objects-normal/arm64/Pods_boxbound_vers.dia -c /Users/qingque/Library/Developer/Xcode/DerivedData/boxbound-gmbxpjcvwytnwfabbxjdzhvtcdad/Build/Intermediates.noindex/Pods.build/Debug-iphoneos/Pods-boxbound.build/DerivedSources/Pods_boxbound_vers.c -o /Users/qingque/Library/Developer/Xcode/DerivedData/boxbound-gmbxpjcvwytnwfabbxjdzhvtcdad/Build/Intermediates.noindex/Pods.build/Debug-iphoneos/Pods-boxbound.build/Objects-normal/arm64/Pods_boxbound_vers.o -index-unit-output-path /Pods.build/Debug-iphoneos/Pods-boxbound.build/Objects-normal/arm64/Pods_boxbound_vers.o

ScanDependencies /Users/qingque/Library/Developer/Xcode/DerivedData/boxbound-gmbxpjcvwytnwfabbxjdzhvtcdad/Build/Intermediates.noindex/Pods.build/Debug-iphoneos/Pods-boxbound.build/Objects-normal/arm64/Pods-boxbound-dummy.o /Users/qingque/Desktop/HaiyueStudio/Native/examples/boxbound/platforms/ios/Pods/Target\ Support\ Files/Pods-boxbound/Pods-boxbound-dummy.m normal arm64 objective-c com.apple.compilers.llvm.clang.1_0.compiler (in target 'Pods-boxbound' from project 'Pods')
    cd /Users/qingque/Desktop/HaiyueStudio/Native/examples/boxbound/platforms/ios/Pods
    
    Using response file: /Users/qingque/Library/Developer/Xcode/DerivedData/boxbound-gmbxpjcvwytnwfabbxjdzhvtcdad/Build/Intermediates.noindex/Pods.build/Debug-iphoneos/Pods-boxbound.build/Objects-normal/arm64/e6072d4f65d7061329687fe24e3d63a7-common-args.resp
    
    builtin-ScanDependencies -o /Users/qingque/Library/Developer/Xcode/DerivedData/boxbound-gmbxpjcvwytnwfabbxjdzhvtcdad/Build/Intermediates.noindex/Pods.build/Debug-iphoneos/Pods-boxbound.build/Objects-normal/arm64/Pods-boxbound-dummy.o.scan -- /Applications/Xcode.app/Contents/Developer/Toolchains/XcodeDefault.xctoolchain/usr/bin/clang -x objective-c -ivfsstatcache /Users/qingque/Library/Developer/Xcode/DerivedData/SDKStatCaches.noindex/iphoneos26.2-23C57-3794476bd08197c3e2abd9bb477ef7f7.sdkstatcache -fmessage-length\=0 -fdiagnostics-show-note-include-stack -fmacro-backtrace-limit\=0 -fno-color-diagnostics -fmodules-prune-interval\=86400 -fmodules-prune-after\=345600 -fbuild-session-file\=/Users/qingque/Library/Developer/Xcode/DerivedData/ModuleCache.noindex/Session.modulevalidation -fmodules-validate-once-per-build-session -Wnon-modular-include-in-framework-module -Werror\=non-modular-include-in-framework-module -Wno-trigraphs -Wno-missing-field-initializers -Wno-missing-prototypes -Werror\=return-type -Wdocumentation -Wunreachable-code -Wno-implicit-atomic-properties -Werror\=deprecated-objc-isa-usage -Wno-objc-interface-ivars -Werror\=objc-root-class -Wno-arc-repeated-use-of-weak -Wimplicit-retain-self -Wduplicate-method-match -Wno-missing-braces -Wparentheses -Wswitch -Wunused-function -Wno-unused-label -Wno-unused-parameter -Wunused-variable -Wunused-value -Wempty-body -Wuninitialized -Wconditional-uninitialized -Wno-unknown-pragmas -Wno-shadow -Wno-four-char-constants -Wno-conversion -Wconstant-conversion -Wint-conversion -Wbool-conversion -Wenum-conversion -Wno-float-conversion -Wnon-literal-null-conversion -Wobjc-literal-conversion -Wshorten-64-to-32 -Wpointer-sign -Wno-newline-eof -Wno-selector -Wno-strict-selector-match -Wundeclared-selector -Wdeprecated-implementations -Wno-implicit-fallthrough -fstrict-aliasing -Wprotocol -Wdeprecated-declarations -Wno-sign-conversion -Winfinite-recursion -Wcomma -Wblock-capture-autoreleasing -Wstrict-prototypes -Wno-semicolon-before-method-body -Wunguarded-availability -index-store-path /Users/qingque/Library/Developer/Xcode/DerivedData/boxbound-gmbxpjcvwytnwfabbxjdzhvtcdad/Index.noindex/DataStore @/Users/qingque/Library/Developer/Xcode/DerivedData/boxbound-gmbxpjcvwytnwfabbxjdzhvtcdad/Build/Intermediates.noindex/Pods.build/Debug-iphoneos/Pods-boxbound.build/Objects-normal/arm64/e6072d4f65d7061329687fe24e3d63a7-common-args.resp -MMD -MT dependencies -MF /Users/qingque/Library/Developer/Xcode/DerivedData/boxbound-gmbxpjcvwytnwfabbxjdzhvtcdad/Build/Intermediates.noindex/Pods.build/Debug-iphoneos/Pods-boxbound.build/Objects-normal/arm64/Pods-boxbound-dummy.d --serialize-diagnostics /Users/qingque/Library/Developer/Xcode/DerivedData/boxbound-gmbxpjcvwytnwfabbxjdzhvtcdad/Build/Intermediates.noindex/Pods.build/Debug-iphoneos/Pods-boxbound.build/Objects-normal/arm64/Pods-boxbound-dummy.dia -c /Users/qingque/Desktop/HaiyueStudio/Native/examples/boxbound/platforms/ios/Pods/Target\ Support\ Files/Pods-boxbound/Pods-boxbound-dummy.m -o /Users/qingque/Library/Developer/Xcode/DerivedData/boxbound-gmbxpjcvwytnwfabbxjdzhvtcdad/Build/Intermediates.noindex/Pods.build/Debug-iphoneos/Pods-boxbound.build/Objects-normal/arm64/Pods-boxbound-dummy.o -index-unit-output-path /Pods.build/Debug-iphoneos/Pods-boxbound.build/Objects-normal/arm64/Pods-boxbound-dummy.o

ScanDependencies /Users/qingque/Library/Developer/Xcode/DerivedData/boxbound-gmbxpjcvwytnwfabbxjdzhvtcdad/Build/Intermediates.noindex/CanvasNative.build/Debug-iphoneos/NativeScriptV8.build/Objects-normal/arm64/NativeScriptV8.o /Users/qingque/Desktop/HaiyueStudio/Native/examples/boxbound/node_modules/@nativescript/canvas/platforms/ios/NativeScriptV8/Sources/NativeScriptV8.c normal arm64 c com.apple.compilers.llvm.clang.1_0.compiler (in target 'NativeScriptV8' from project 'CanvasNative')
    cd /Users/qingque/Desktop/HaiyueStudio/Native/examples/boxbound/platforms/ios
    
    Using response file: /Users/qingque/Library/Developer/Xcode/DerivedData/boxbound-gmbxpjcvwytnwfabbxjdzhvtcdad/Build/Intermediates.noindex/CanvasNative.build/Debug-iphoneos/NativeScriptV8.build/Objects-normal/arm64/7187679823f38a2a940e0043cdf9d637-common-args.resp
    
    builtin-ScanDependencies -o /Users/qingque/Library/Developer/Xcode/DerivedData/boxbound-gmbxpjcvwytnwfabbxjdzhvtcdad/Build/Intermediates.noindex/CanvasNative.build/Debug-iphoneos/NativeScriptV8.build/Objects-normal/arm64/NativeScriptV8.o.scan -- /Applications/Xcode.app/Contents/Developer/Toolchains/XcodeDefault.xctoolchain/usr/bin/clang -x c -ivfsstatcache /Users/qingque/Library/Developer/Xcode/DerivedData/SDKStatCaches.noindex/iphoneos26.2-23C57-3794476bd08197c3e2abd9bb477ef7f7.sdkstatcache -fmessage-length\=0 -fdiagnostics-show-note-include-stack -fmacro-backtrace-limit\=0 -fno-color-diagnostics -fmodules-prune-interval\=86400 -fmodules-prune-after\=345600 -fbuild-session-file\=/Users/qingque/Library/Developer/Xcode/DerivedData/ModuleCache.noindex/Session.modulevalidation -fmodules-validate-once-per-build-session -Wnon-modular-include-in-framework-module -Werror\=non-modular-include-in-framework-module -Wno-trigraphs -Wno-missing-field-initializers -Wno-missing-prototypes -Wno-return-type -Wno-missing-braces -Wparentheses -Wswitch -Wno-unused-function -Wno-unused-label -Wno-unused-parameter -Wno-unused-variable -Wunused-value -Wno-empty-body -Wno-uninitialized -Wno-unknown-pragmas -w -Wno-shadow -Wno-four-char-constants -Wno-conversion -Wno-constant-conversion -Wno-int-conversion -Wno-bool-conversion -Wno-enum-conversion -Wno-float-conversion -Wno-non-literal-null-conversion -Wno-objc-literal-conversion -Wshorten-64-to-32 -Wpointer-sign -Wno-newline-eof -Wno-implicit-fallthrough -fstrict-aliasing -Wdeprecated-declarations -Wno-sign-conversion -Wno-infinite-recursion -Wno-comma -Wno-block-capture-autoreleasing -Wno-strict-prototypes -Wno-semicolon-before-method-body -index-store-path /Users/qingque/Library/Developer/Xcode/DerivedData/boxbound-gmbxpjcvwytnwfabbxjdzhvtcdad/Index.noindex/DataStore @/Users/qingque/Library/Developer/Xcode/DerivedData/boxbound-gmbxpjcvwytnwfabbxjdzhvtcdad/Build/Intermediates.noindex/CanvasNative.build/Debug-iphoneos/NativeScriptV8.build/Objects-normal/arm64/7187679823f38a2a940e0043cdf9d637-common-args.resp -MMD -MT dependencies -MF /Users/qingque/Library/Developer/Xcode/DerivedData/boxbound-gmbxpjcvwytnwfabbxjdzhvtcdad/Build/Intermediates.noindex/CanvasNative.build/Debug-iphoneos/NativeScriptV8.build/Objects-normal/arm64/NativeScriptV8.d --serialize-diagnostics /Users/qingque/Library/Developer/Xcode/DerivedData/boxbound-gmbxpjcvwytnwfabbxjdzhvtcdad/Build/Intermediates.noindex/CanvasNative.build/Debug-iphoneos/NativeScriptV8.build/Objects-normal/arm64/NativeScriptV8.dia -c /Users/qingque/Desktop/HaiyueStudio/Native/examples/boxbound/node_modules/@nativescript/canvas/platforms/ios/NativeScriptV8/Sources/NativeScriptV8.c -o /Users/qingque/Library/Developer/Xcode/DerivedData/boxbound-gmbxpjcvwytnwfabbxjdzhvtcdad/Build/Intermediates.noindex/CanvasNative.build/Debug-iphoneos/NativeScriptV8.build/Objects-normal/arm64/NativeScriptV8.o -index-unit-output-path /CanvasNative.build/Debug-iphoneos/NativeScriptV8.build/Objects-normal/arm64/NativeScriptV8.o

CompileC /Users/qingque/Library/Developer/Xcode/DerivedData/boxbound-gmbxpjcvwytnwfabbxjdzhvtcdad/Build/Intermediates.noindex/Pods.build/Debug-iphoneos/Pods-boxbound.build/Objects-normal/arm64/Pods_boxbound_vers.o /Users/qingque/Library/Developer/Xcode/DerivedData/boxbound-gmbxpjcvwytnwfabbxjdzhvtcdad/Build/Intermediates.noindex/Pods.build/Debug-iphoneos/Pods-boxbound.build/DerivedSources/Pods_boxbound_vers.c normal arm64 c com.apple.compilers.llvm.clang.1_0.compiler (in target 'Pods-boxbound' from project 'Pods')
    cd /Users/qingque/Desktop/HaiyueStudio/Native/examples/boxbound/platforms/ios/Pods
    
    Using response file: /Users/qingque/Library/Developer/Xcode/DerivedData/boxbound-gmbxpjcvwytnwfabbxjdzhvtcdad/Build/Intermediates.noindex/Pods.build/Debug-iphoneos/Pods-boxbound.build/Objects-normal/arm64/7187679823f38a2a940e0043cdf9d637-common-args.resp
    
    /Applications/Xcode.app/Contents/Developer/Toolchains/XcodeDefault.xctoolchain/usr/bin/clang -x c -ivfsstatcache /Users/qingque/Library/Developer/Xcode/DerivedData/SDKStatCaches.noindex/iphoneos26.2-23C57-3794476bd08197c3e2abd9bb477ef7f7.sdkstatcache -fmessage-length\=0 -fdiagnostics-show-note-include-stack -fmacro-backtrace-limit\=0 -fno-color-diagnostics -fmodules-prune-interval\=86400 -fmodules-prune-after\=345600 -fbuild-session-file\=/Users/qingque/Library/Developer/Xcode/DerivedData/ModuleCache.noindex/Session.modulevalidation -fmodules-validate-once-per-build-session -Wnon-modular-include-in-framework-module -Werror\=non-modular-include-in-framework-module -Wno-trigraphs -Wno-missing-field-initializers -Wno-missing-prototypes -Werror\=return-type -Wdocumentation -Wunreachable-code -Werror\=deprecated-objc-isa-usage -Werror\=objc-root-class -Wno-missing-braces -Wparentheses -Wswitch -Wunused-function -Wno-unused-label -Wno-unused-parameter -Wunused-variable -Wunused-value -Wempty-body -Wuninitialized -Wconditional-uninitialized -Wno-unknown-pragmas -Wno-shadow -Wno-four-char-constants -Wno-conversion -Wconstant-conversion -Wint-conversion -Wbool-conversion -Wenum-conversion -Wno-float-conversion -Wnon-literal-null-conversion -Wobjc-literal-conversion -Wshorten-64-to-32 -Wpointer-sign -Wno-newline-eof -Wno-implicit-fallthrough -fstrict-aliasing -Wdeprecated-declarations -Wno-sign-conversion -Winfinite-recursion -Wcomma -Wblock-capture-autoreleasing -Wstrict-prototypes -Wno-semicolon-before-method-body -Wunguarded-availability -index-store-path /Users/qingque/Library/Developer/Xcode/DerivedData/boxbound-gmbxpjcvwytnwfabbxjdzhvtcdad/Index.noindex/DataStore @/Users/qingque/Library/Developer/Xcode/DerivedData/boxbound-gmbxpjcvwytnwfabbxjdzhvtcdad/Build/Intermediates.noindex/Pods.build/Debug-iphoneos/Pods-boxbound.build/Objects-normal/arm64/7187679823f38a2a940e0043cdf9d637-common-args.resp -MMD -MT dependencies -MF /Users/qingque/Library/Developer/Xcode/DerivedData/boxbound-gmbxpjcvwytnwfabbxjdzhvtcdad/Build/Intermediates.noindex/Pods.build/Debug-iphoneos/Pods-boxbound.build/Objects-normal/arm64/Pods_boxbound_vers.d --serialize-diagnostics /Users/qingque/Library/Developer/Xcode/DerivedData/boxbound-gmbxpjcvwytnwfabbxjdzhvtcdad/Build/Intermediates.noindex/Pods.build/Debug-iphoneos/Pods-boxbound.build/Objects-normal/arm64/Pods_boxbound_vers.dia -c /Users/qingque/Library/Developer/Xcode/DerivedData/boxbound-gmbxpjcvwytnwfabbxjdzhvtcdad/Build/Intermediates.noindex/Pods.build/Debug-iphoneos/Pods-boxbound.build/DerivedSources/Pods_boxbound_vers.c -o /Users/qingque/Library/Developer/Xcode/DerivedData/boxbound-gmbxpjcvwytnwfabbxjdzhvtcdad/Build/Intermediates.noindex/Pods.build/Debug-iphoneos/Pods-boxbound.build/Objects-normal/arm64/Pods_boxbound_vers.o -index-unit-output-path /Pods.build/Debug-iphoneos/Pods-boxbound.build/Objects-normal/arm64/Pods_boxbound_vers.o

CompileC /Users/qingque/Library/Developer/Xcode/DerivedData/boxbound-gmbxpjcvwytnwfabbxjdzhvtcdad/Build/Intermediates.noindex/CanvasNative.build/Debug-iphoneos/NativeScriptV8.build/Objects-normal/arm64/NativeScriptV8.o /Users/qingque/Desktop/HaiyueStudio/Native/examples/boxbound/node_modules/@nativescript/canvas/platforms/ios/NativeScriptV8/Sources/NativeScriptV8.c normal arm64 c com.apple.compilers.llvm.clang.1_0.compiler (in target 'NativeScriptV8' from project 'CanvasNative')
    cd /Users/qingque/Desktop/HaiyueStudio/Native/examples/boxbound/platforms/ios
    
    Using response file: /Users/qingque/Library/Developer/Xcode/DerivedData/boxbound-gmbxpjcvwytnwfabbxjdzhvtcdad/Build/Intermediates.noindex/CanvasNative.build/Debug-iphoneos/NativeScriptV8.build/Objects-normal/arm64/7187679823f38a2a940e0043cdf9d637-common-args.resp
    
    /Applications/Xcode.app/Contents/Developer/Toolchains/XcodeDefault.xctoolchain/usr/bin/clang -x c -ivfsstatcache /Users/qingque/Library/Developer/Xcode/DerivedData/SDKStatCaches.noindex/iphoneos26.2-23C57-3794476bd08197c3e2abd9bb477ef7f7.sdkstatcache -fmessage-length\=0 -fdiagnostics-show-note-include-stack -fmacro-backtrace-limit\=0 -fno-color-diagnostics -fmodules-prune-interval\=86400 -fmodules-prune-after\=345600 -fbuild-session-file\=/Users/qingque/Library/Developer/Xcode/DerivedData/ModuleCache.noindex/Session.modulevalidation -fmodules-validate-once-per-build-session -Wnon-modular-include-in-framework-module -Werror\=non-modular-include-in-framework-module -Wno-trigraphs -Wno-missing-field-initializers -Wno-missing-prototypes -Wno-return-type -Wno-missing-braces -Wparentheses -Wswitch -Wno-unused-function -Wno-unused-label -Wno-unused-parameter -Wno-unused-variable -Wunused-value -Wno-empty-body -Wno-uninitialized -Wno-unknown-pragmas -w -Wno-shadow -Wno-four-char-constants -Wno-conversion -Wno-constant-conversion -Wno-int-conversion -Wno-bool-conversion -Wno-enum-conversion -Wno-float-conversion -Wno-non-literal-null-conversion -Wno-objc-literal-conversion -Wshorten-64-to-32 -Wpointer-sign -Wno-newline-eof -Wno-implicit-fallthrough -fstrict-aliasing -Wdeprecated-declarations -Wno-sign-conversion -Wno-infinite-recursion -Wno-comma -Wno-block-capture-autoreleasing -Wno-strict-prototypes -Wno-semicolon-before-method-body -index-store-path /Users/qingque/Library/Developer/Xcode/DerivedData/boxbound-gmbxpjcvwytnwfabbxjdzhvtcdad/Index.noindex/DataStore @/Users/qingque/Library/Developer/Xcode/DerivedData/boxbound-gmbxpjcvwytnwfabbxjdzhvtcdad/Build/Intermediates.noindex/CanvasNative.build/Debug-iphoneos/NativeScriptV8.build/Objects-normal/arm64/7187679823f38a2a940e0043cdf9d637-common-args.resp -MMD -MT dependencies -MF /Users/qingque/Library/Developer/Xcode/DerivedData/boxbound-gmbxpjcvwytnwfabbxjdzhvtcdad/Build/Intermediates.noindex/CanvasNative.build/Debug-iphoneos/NativeScriptV8.build/Objects-normal/arm64/NativeScriptV8.d --serialize-diagnostics /Users/qingque/Library/Developer/Xcode/DerivedData/boxbound-gmbxpjcvwytnwfabbxjdzhvtcdad/Build/Intermediates.noindex/CanvasNative.build/Debug-iphoneos/NativeScriptV8.build/Objects-normal/arm64/NativeScriptV8.dia -c /Users/qingque/Desktop/HaiyueStudio/Native/examples/boxbound/node_modules/@nativescript/canvas/platforms/ios/NativeScriptV8/Sources/NativeScriptV8.c -o /Users/qingque/Library/Developer/Xcode/DerivedData/boxbound-gmbxpjcvwytnwfabbxjdzhvtcdad/Build/Intermediates.noindex/CanvasNative.build/Debug-iphoneos/NativeScriptV8.build/Objects-normal/arm64/NativeScriptV8.o -index-unit-output-path /CanvasNative.build/Debug-iphoneos/NativeScriptV8.build/Objects-normal/arm64/NativeScriptV8.o

Ld /Users/qingque/Desktop/HaiyueStudio/Native/examples/boxbound/platforms/ios/build/Debug-iphoneos/NativeScriptV8.o normal (in target 'NativeScriptV8' from project 'CanvasNative')
    cd /Users/qingque/Desktop/HaiyueStudio/Native/examples/boxbound/node_modules/@nativescript/canvas/platforms/ios/NativeScriptV8
    /Applications/Xcode.app/Contents/Developer/Toolchains/XcodeDefault.xctoolchain/usr/bin/clang -Xlinker -reproducible -target arm64-apple-ios15.0 -r -isysroot /Applications/Xcode.app/Contents/Developer/Platforms/iPhoneOS.platform/Developer/SDKs/iPhoneOS26.2.sdk -O0 -w -L/Users/qingque/Library/Developer/Xcode/DerivedData/boxbound-gmbxpjcvwytnwfabbxjdzhvtcdad/Build/Intermediates.noindex/EagerLinkingTBDs/Debug-iphoneos -L/Users/qingque/Desktop/HaiyueStudio/Native/examples/boxbound/platforms/ios/build/Debug-iphoneos -L/Applications/Xcode.app/Contents/Developer/Platforms/iPhoneOS.platform/Developer/usr/lib -F/Users/qingque/Library/Developer/Xcode/DerivedData/boxbound-gmbxpjcvwytnwfabbxjdzhvtcdad/Build/Intermediates.noindex/EagerLinkingTBDs/Debug-iphoneos -F/Users/qingque/Desktop/HaiyueStudio/Native/examples/boxbound/platforms/ios/build/Debug-iphoneos -iframework /Applications/Xcode.app/Contents/Developer/Platforms/iPhoneOS.platform/Developer/Library/Frameworks -iframework /Applications/Xcode.app/Contents/Developer/Platforms/iPhoneOS.platform/Developer/SDKs/iPhoneOS26.2.sdk/Developer/Library/Frameworks -filelist /Users/qingque/Library/Developer/Xcode/DerivedData/boxbound-gmbxpjcvwytnwfabbxjdzhvtcdad/Build/Intermediates.noindex/CanvasNative.build/Debug-iphoneos/NativeScriptV8.build/Objects-normal/arm64/NativeScriptV8.LinkFileList -nostdlib -Xlinker -object_path_lto -Xlinker /Users/qingque/Library/Developer/Xcode/DerivedData/boxbound-gmbxpjcvwytnwfabbxjdzhvtcdad/Build/Intermediates.noindex/CanvasNative.build/Debug-iphoneos/NativeScriptV8.build/Objects-normal/arm64/NativeScriptV8_lto.o -rdynamic -Xlinker -no_deduplicate -Xlinker -dependency_info -Xlinker /Users/qingque/Library/Developer/Xcode/DerivedData/boxbound-gmbxpjcvwytnwfabbxjdzhvtcdad/Build/Intermediates.noindex/CanvasNative.build/Debug-iphoneos/NativeScriptV8.build/Objects-normal/arm64/NativeScriptV8_dependency_info.dat -o /Users/qingque/Desktop/HaiyueStudio/Native/examples/boxbound/platforms/ios/build/Debug-iphoneos/NativeScriptV8.o

RegisterExecutionPolicyException /Users/qingque/Desktop/HaiyueStudio/Native/examples/boxbound/platforms/ios/build/Debug-iphoneos/NativeScriptV8.o (in target 'NativeScriptV8' from project 'CanvasNative')
    cd /Users/qingque/Desktop/HaiyueStudio/Native/examples/boxbound/node_modules/@nativescript/canvas/platforms/ios/NativeScriptV8
    builtin-RegisterExecutionPolicyException /Users/qingque/Desktop/HaiyueStudio/Native/examples/boxbound/platforms/ios/build/Debug-iphoneos/NativeScriptV8.o

WriteAuxiliaryFile /Users/qingque/Library/Developer/Xcode/DerivedData/boxbound-gmbxpjcvwytnwfabbxjdzhvtcdad/Build/Intermediates.noindex/boxbound.build/Debug-iphoneos/boxbound.build/boxbound-own-target-headers.hmap (in target 'boxbound' from project 'boxbound')
    cd /Users/qingque/Desktop/HaiyueStudio/Native/examples/boxbound/platforms/ios
    write-file /Users/qingque/Library/Developer/Xcode/DerivedData/boxbound-gmbxpjcvwytnwfabbxjdzhvtcdad/Build/Intermediates.noindex/boxbound.build/Debug-iphoneos/boxbound.build/boxbound-own-target-headers.hmap

WriteAuxiliaryFile /Users/qingque/Library/Developer/Xcode/DerivedData/boxbound-gmbxpjcvwytnwfabbxjdzhvtcdad/Build/Intermediates.noindex/boxbound.build/Debug-iphoneos/boxbound.build/boxbound-generated-files.hmap (in target 'boxbound' from project 'boxbound')
    cd /Users/qingque/Desktop/HaiyueStudio/Native/examples/boxbound/platforms/ios
    write-file /Users/qingque/Library/Developer/Xcode/DerivedData/boxbound-gmbxpjcvwytnwfabbxjdzhvtcdad/Build/Intermediates.noindex/boxbound.build/Debug-iphoneos/boxbound.build/boxbound-generated-files.hmap

WriteAuxiliaryFile /Users/qingque/Library/Developer/Xcode/DerivedData/boxbound-gmbxpjcvwytnwfabbxjdzhvtcdad/Build/Intermediates.noindex/boxbound.build/Debug-iphoneos/boxbound.build/boxbound-all-non-framework-target-headers.hmap (in target 'boxbound' from project 'boxbound')
    cd /Users/qingque/Desktop/HaiyueStudio/Native/examples/boxbound/platforms/ios
    write-file /Users/qingque/Library/Developer/Xcode/DerivedData/boxbound-gmbxpjcvwytnwfabbxjdzhvtcdad/Build/Intermediates.noindex/boxbound.build/Debug-iphoneos/boxbound.build/boxbound-all-non-framework-target-headers.hmap

WriteAuxiliaryFile /Users/qingque/Library/Developer/Xcode/DerivedData/boxbound-gmbxpjcvwytnwfabbxjdzhvtcdad/Build/Intermediates.noindex/boxbound.build/Debug-iphoneos/boxbound.build/Script-CD62955B1BB2651D00AE3A93.sh (in target 'boxbound' from project 'boxbound')
    cd /Users/qingque/Desktop/HaiyueStudio/Native/examples/boxbound/platforms/ios
    write-file /Users/qingque/Library/Developer/Xcode/DerivedData/boxbound-gmbxpjcvwytnwfabbxjdzhvtcdad/Build/Intermediates.noindex/boxbound.build/Debug-iphoneos/boxbound.build/Script-CD62955B1BB2651D00AE3A93.sh

WriteAuxiliaryFile /Users/qingque/Library/Developer/Xcode/DerivedData/boxbound-gmbxpjcvwytnwfabbxjdzhvtcdad/Build/Intermediates.noindex/boxbound.build/Debug-iphoneos/boxbound.build/Script-CD3EAD351B05FF060042DBFC.sh (in target 'boxbound' from project 'boxbound')
    cd /Users/qingque/Desktop/HaiyueStudio/Native/examples/boxbound/platforms/ios
    write-file /Users/qingque/Library/Developer/Xcode/DerivedData/boxbound-gmbxpjcvwytnwfabbxjdzhvtcdad/Build/Intermediates.noindex/boxbound.build/Debug-iphoneos/boxbound.build/Script-CD3EAD351B05FF060042DBFC.sh

WriteAuxiliaryFile /Users/qingque/Library/Developer/Xcode/DerivedData/boxbound-gmbxpjcvwytnwfabbxjdzhvtcdad/Build/Intermediates.noindex/boxbound.build/Debug-iphoneos/boxbound.build/boxbound-all-target-headers.hmap (in target 'boxbound' from project 'boxbound')
    cd /Users/qingque/Desktop/HaiyueStudio/Native/examples/boxbound/platforms/ios
    write-file /Users/qingque/Library/Developer/Xcode/DerivedData/boxbound-gmbxpjcvwytnwfabbxjdzhvtcdad/Build/Intermediates.noindex/boxbound.build/Debug-iphoneos/boxbound.build/boxbound-all-target-headers.hmap

WriteAuxiliaryFile /Users/qingque/Library/Developer/Xcode/DerivedData/boxbound-gmbxpjcvwytnwfabbxjdzhvtcdad/Build/Intermediates.noindex/boxbound.build/Debug-iphoneos/boxbound.build/Script-C97FD7AC1ADE5369004DB2A4.sh (in target 'boxbound' from project 'boxbound')
    cd /Users/qingque/Desktop/HaiyueStudio/Native/examples/boxbound/platforms/ios
    write-file /Users/qingque/Library/Developer/Xcode/DerivedData/boxbound-gmbxpjcvwytnwfabbxjdzhvtcdad/Build/Intermediates.noindex/boxbound.build/Debug-iphoneos/boxbound.build/Script-C97FD7AC1ADE5369004DB2A4.sh

WriteAuxiliaryFile /Users/qingque/Library/Developer/Xcode/DerivedData/boxbound-gmbxpjcvwytnwfabbxjdzhvtcdad/Build/Intermediates.noindex/boxbound.build/Debug-iphoneos/boxbound.build/boxbound.hmap (in target 'boxbound' from project 'boxbound')
    cd /Users/qingque/Desktop/HaiyueStudio/Native/examples/boxbound/platforms/ios
    write-file /Users/qingque/Library/Developer/Xcode/DerivedData/boxbound-gmbxpjcvwytnwfabbxjdzhvtcdad/Build/Intermediates.noindex/boxbound.build/Debug-iphoneos/boxbound.build/boxbound.hmap

WriteAuxiliaryFile /Users/qingque/Library/Developer/Xcode/DerivedData/boxbound-gmbxpjcvwytnwfabbxjdzhvtcdad/Build/Intermediates.noindex/boxbound.build/Debug-iphoneos/boxbound.build/boxbound-project-headers.hmap (in target 'boxbound' from project 'boxbound')
    cd /Users/qingque/Desktop/HaiyueStudio/Native/examples/boxbound/platforms/ios
    write-file /Users/qingque/Library/Developer/Xcode/DerivedData/boxbound-gmbxpjcvwytnwfabbxjdzhvtcdad/Build/Intermediates.noindex/boxbound.build/Debug-iphoneos/boxbound.build/boxbound-project-headers.hmap

WriteAuxiliaryFile /Users/qingque/Library/Developer/Xcode/DerivedData/boxbound-gmbxpjcvwytnwfabbxjdzhvtcdad/Build/Intermediates.noindex/boxbound.build/Debug-iphoneos/boxbound.build/Script-0C4FE4E1464627150D844A67.sh (in target 'boxbound' from project 'boxbound')
    cd /Users/qingque/Desktop/HaiyueStudio/Native/examples/boxbound/platforms/ios
    write-file /Users/qingque/Library/Developer/Xcode/DerivedData/boxbound-gmbxpjcvwytnwfabbxjdzhvtcdad/Build/Intermediates.noindex/boxbound.build/Debug-iphoneos/boxbound.build/Script-0C4FE4E1464627150D844A67.sh

WriteAuxiliaryFile /Users/qingque/Library/Developer/Xcode/DerivedData/boxbound-gmbxpjcvwytnwfabbxjdzhvtcdad/Build/Intermediates.noindex/boxbound.build/Debug-iphoneos/boxbound.build/Objects-normal/arm64/e6072d4f65d7061329687fe24e3d63a7-common-args.resp (in target 'boxbound' from project 'boxbound')
    cd /Users/qingque/Desktop/HaiyueStudio/Native/examples/boxbound/platforms/ios
    write-file /Users/qingque/Library/Developer/Xcode/DerivedData/boxbound-gmbxpjcvwytnwfabbxjdzhvtcdad/Build/Intermediates.noindex/boxbound.build/Debug-iphoneos/boxbound.build/Objects-normal/arm64/e6072d4f65d7061329687fe24e3d63a7-common-args.resp
-target arm64-apple-ios15.0 '-std=gnu99' -fobjc-arc -gmodules -fpascal-strings -O0 -fno-common '-DCOCOAPODS=1' '-DDEBUG=1' '-DNS_SWIFTUI_BOOT=0' '-DOBJC_OLD_DISPATCH_PROTOTYPES=0' -isysroot /Applications/Xcode.app/Contents/Developer/Platforms/iPhoneOS.platform/Developer/SDKs/iPhoneOS26.2.sdk -g -iquote /Users/qingque/Library/Developer/Xcode/DerivedData/boxbound-gmbxpjcvwytnwfabbxjdzhvtcdad/Build/Intermediates.noindex/boxbound.build/Debug-iphoneos/boxbound.build/boxbound-generated-files.hmap -I/Users/qingque/Library/Developer/Xcode/DerivedData/boxbound-gmbxpjcvwytnwfabbxjdzhvtcdad/Build/Intermediates.noindex/boxbound.build/Debug-iphoneos/boxbound.build/boxbound-own-target-headers.hmap -I/Users/qingque/Library/Developer/Xcode/DerivedData/boxbound-gmbxpjcvwytnwfabbxjdzhvtcdad/Build/Intermediates.noindex/boxbound.build/Debug-iphoneos/boxbound.build/boxbound-all-target-headers.hmap -iquote /Users/qingque/Library/Developer/Xcode/DerivedData/boxbound-gmbxpjcvwytnwfabbxjdzhvtcdad/Build/Intermediates.noindex/boxbound.build/Debug-iphoneos/boxbound.build/boxbound-project-headers.hmap -I/Users/qingque/Desktop/HaiyueStudio/Native/examples/boxbound/node_modules/@nativescript/canvas/platforms/ios/NativeScriptV8/Headers -I/Users/qingque/Desktop/HaiyueStudio/Native/examples/boxbound/platforms/ios/build/Debug-iphoneos/include -I/Users/qingque/Desktop/HaiyueStudio/Native/examples/boxbound/platforms/ios/internal/Swift-Modules -I/Users/qingque/Desktop/HaiyueStudio/Native/examples/boxbound/platforms/ios/internal -I/Users/qingque/Desktop/HaiyueStudio/Native/examples/boxbound/App_Resources/iOS/src -I/Users/qingque/Desktop/HaiyueStudio/Native/examples/boxbound/node_modules/@nativescript/canvas/platforms/ios/src -I/Users/qingque/Desktop/HaiyueStudio/Native/examples/boxbound/node_modules/@nativescript/core/platforms/ios/src -I/Users/qingque/Desktop/HaiyueStudio/Native/examples/boxbound/platforms/ios/build/Debug-iphoneos/NativeScript.framework/Headers -I/Users/qingque/Desktop/HaiyueStudio/Native/examples/boxbound/platforms/ios/build/Debug-iphoneos/NativeScript.framework/Headers/include -I/Users/qingque/Library/Developer/Xcode/DerivedData/boxbound-gmbxpjcvwytnwfabbxjdzhvtcdad/Build/Intermediates.noindex/boxbound.build/Debug-iphoneos/boxbound.build/DerivedSources-normal/arm64 -I/Users/qingque/Library/Developer/Xcode/DerivedData/boxbound-gmbxpjcvwytnwfabbxjdzhvtcdad/Build/Intermediates.noindex/boxbound.build/Debug-iphoneos/boxbound.build/DerivedSources/arm64 -I/Users/qingque/Library/Developer/Xcode/DerivedData/boxbound-gmbxpjcvwytnwfabbxjdzhvtcdad/Build/Intermediates.noindex/boxbound.build/Debug-iphoneos/boxbound.build/DerivedSources -F/Users/qingque/Desktop/HaiyueStudio/Native/examples/boxbound/platforms/ios/build/Debug-iphoneos/PackageFrameworks -F/Users/qingque/Desktop/HaiyueStudio/Native/examples/boxbound/platforms/ios/build/Debug-iphoneos -F/Users/qingque/Desktop/HaiyueStudio/Native/examples/boxbound/platforms/ios/internal -F/Users/qingque/Desktop/HaiyueStudio/Native/examples/boxbound/platforms/ios/build/Debug-iphoneos -F../../node_modules/@nativescript/canvas/platforms/ios -F../../node_modules/@nativescript/core/platforms/ios '-fmodule-map-file=/Users/qingque/Library/Developer/Xcode/DerivedData/boxbound-gmbxpjcvwytnwfabbxjdzhvtcdad/Build/Intermediates.noindex/GeneratedModuleMaps-iphoneos/NativeScriptV8.modulemap' -I/Users/qingque/Desktop/HaiyueStudio/Native/examples/boxbound/platforms/ios/build/Debug-iphoneos/NativeScript.framework/Headers -I/Users/qingque/Desktop/HaiyueStudio/Native/examples/boxbound/platforms/ios/build/Debug-iphoneos/NativeScript.framework/Headers/include

WriteAuxiliaryFile /Users/qingque/Library/Developer/Xcode/DerivedData/boxbound-gmbxpjcvwytnwfabbxjdzhvtcdad/Build/Intermediates.noindex/boxbound.build/Debug-iphoneos/boxbound.build/boxbound.DependencyStaticMetadataFileList (in target 'boxbound' from project 'boxbound')
    cd /Users/qingque/Desktop/HaiyueStudio/Native/examples/boxbound/platforms/ios
    write-file /Users/qingque/Library/Developer/Xcode/DerivedData/boxbound-gmbxpjcvwytnwfabbxjdzhvtcdad/Build/Intermediates.noindex/boxbound.build/Debug-iphoneos/boxbound.build/boxbound.DependencyStaticMetadataFileList

WriteAuxiliaryFile /Users/qingque/Library/Developer/Xcode/DerivedData/boxbound-gmbxpjcvwytnwfabbxjdzhvtcdad/Build/Intermediates.noindex/boxbound.build/Debug-iphoneos/boxbound.build/boxbound.DependencyMetadataFileList (in target 'boxbound' from project 'boxbound')
    cd /Users/qingque/Desktop/HaiyueStudio/Native/examples/boxbound/platforms/ios
    write-file /Users/qingque/Library/Developer/Xcode/DerivedData/boxbound-gmbxpjcvwytnwfabbxjdzhvtcdad/Build/Intermediates.noindex/boxbound.build/Debug-iphoneos/boxbound.build/boxbound.DependencyMetadataFileList

WriteAuxiliaryFile /Users/qingque/Library/Developer/Xcode/DerivedData/boxbound-gmbxpjcvwytnwfabbxjdzhvtcdad/Build/Intermediates.noindex/boxbound.build/Debug-iphoneos/boxbound.build/Objects-normal/arm64/boxbound_const_extract_protocols.json (in target 'boxbound' from project 'boxbound')
    cd /Users/qingque/Desktop/HaiyueStudio/Native/examples/boxbound/platforms/ios
    write-file /Users/qingque/Library/Developer/Xcode/DerivedData/boxbound-gmbxpjcvwytnwfabbxjdzhvtcdad/Build/Intermediates.noindex/boxbound.build/Debug-iphoneos/boxbound.build/Objects-normal/arm64/boxbound_const_extract_protocols.json

WriteAuxiliaryFile /Users/qingque/Library/Developer/Xcode/DerivedData/boxbound-gmbxpjcvwytnwfabbxjdzhvtcdad/Build/Intermediates.noindex/boxbound.build/Debug-iphoneos/boxbound.build/Objects-normal/arm64/boxbound.SwiftFileList (in target 'boxbound' from project 'boxbound')
    cd /Users/qingque/Desktop/HaiyueStudio/Native/examples/boxbound/platforms/ios
    write-file /Users/qingque/Library/Developer/Xcode/DerivedData/boxbound-gmbxpjcvwytnwfabbxjdzhvtcdad/Build/Intermediates.noindex/boxbound.build/Debug-iphoneos/boxbound.build/Objects-normal/arm64/boxbound.SwiftFileList

WriteAuxiliaryFile /Users/qingque/Library/Developer/Xcode/DerivedData/boxbound-gmbxpjcvwytnwfabbxjdzhvtcdad/Build/Intermediates.noindex/boxbound.build/Debug-iphoneos/boxbound.build/Objects-normal/arm64/boxbound.SwiftConstValuesFileList (in target 'boxbound' from project 'boxbound')
    cd /Users/qingque/Desktop/HaiyueStudio/Native/examples/boxbound/platforms/ios
    write-file /Users/qingque/Library/Developer/Xcode/DerivedData/boxbound-gmbxpjcvwytnwfabbxjdzhvtcdad/Build/Intermediates.noindex/boxbound.build/Debug-iphoneos/boxbound.build/Objects-normal/arm64/boxbound.SwiftConstValuesFileList

WriteAuxiliaryFile /Users/qingque/Library/Developer/Xcode/DerivedData/boxbound-gmbxpjcvwytnwfabbxjdzhvtcdad/Build/Intermediates.noindex/boxbound.build/Debug-iphoneos/boxbound.build/Objects-normal/arm64/boxbound.LinkFileList (in target 'boxbound' from project 'boxbound')
    cd /Users/qingque/Desktop/HaiyueStudio/Native/examples/boxbound/platforms/ios
    write-file /Users/qingque/Library/Developer/Xcode/DerivedData/boxbound-gmbxpjcvwytnwfabbxjdzhvtcdad/Build/Intermediates.noindex/boxbound.build/Debug-iphoneos/boxbound.build/Objects-normal/arm64/boxbound.LinkFileList

WriteAuxiliaryFile /Users/qingque/Library/Developer/Xcode/DerivedData/boxbound-gmbxpjcvwytnwfabbxjdzhvtcdad/Build/Intermediates.noindex/boxbound.build/Debug-iphoneos/boxbound.build/Objects-normal/arm64/boxbound-OutputFileMap.json (in target 'boxbound' from project 'boxbound')
    cd /Users/qingque/Desktop/HaiyueStudio/Native/examples/boxbound/platforms/ios
    write-file /Users/qingque/Library/Developer/Xcode/DerivedData/boxbound-gmbxpjcvwytnwfabbxjdzhvtcdad/Build/Intermediates.noindex/boxbound.build/Debug-iphoneos/boxbound.build/Objects-normal/arm64/boxbound-OutputFileMap.json

WriteAuxiliaryFile /Users/qingque/Library/Developer/Xcode/DerivedData/boxbound-gmbxpjcvwytnwfabbxjdzhvtcdad/Build/Intermediates.noindex/boxbound.build/Debug-iphoneos/boxbound.build/Objects-normal/arm64/af3fcb34312c57c0f52879cdce924b91-common-args.resp (in target 'boxbound' from project 'boxbound')
    cd /Users/qingque/Desktop/HaiyueStudio/Native/examples/boxbound/platforms/ios
    write-file /Users/qingque/Library/Developer/Xcode/DerivedData/boxbound-gmbxpjcvwytnwfabbxjdzhvtcdad/Build/Intermediates.noindex/boxbound.build/Debug-iphoneos/boxbound.build/Objects-normal/arm64/af3fcb34312c57c0f52879cdce924b91-common-args.resp
-target arm64-apple-ios15.0 '-std=c++17' '-stdlib=libc++' -fobjc-arc -gmodules '-D_LIBCPP_HARDENING_MODE=_LIBCPP_HARDENING_MODE_DEBUG' -fpascal-strings -O0 -fno-common '-DCOCOAPODS=1' '-DDEBUG=1' '-DNS_SWIFTUI_BOOT=0' '-DOBJC_OLD_DISPATCH_PROTOTYPES=0' -isysroot /Applications/Xcode.app/Contents/Developer/Platforms/iPhoneOS.platform/Developer/SDKs/iPhoneOS26.2.sdk -g -fvisibility-inlines-hidden -iquote /Users/qingque/Library/Developer/Xcode/DerivedData/boxbound-gmbxpjcvwytnwfabbxjdzhvtcdad/Build/Intermediates.noindex/boxbound.build/Debug-iphoneos/boxbound.build/boxbound-generated-files.hmap -I/Users/qingque/Library/Developer/Xcode/DerivedData/boxbound-gmbxpjcvwytnwfabbxjdzhvtcdad/Build/Intermediates.noindex/boxbound.build/Debug-iphoneos/boxbound.build/boxbound-own-target-headers.hmap -I/Users/qingque/Library/Developer/Xcode/DerivedData/boxbound-gmbxpjcvwytnwfabbxjdzhvtcdad/Build/Intermediates.noindex/boxbound.build/Debug-iphoneos/boxbound.build/boxbound-all-target-headers.hmap -iquote /Users/qingque/Library/Developer/Xcode/DerivedData/boxbound-gmbxpjcvwytnwfabbxjdzhvtcdad/Build/Intermediates.noindex/boxbound.build/Debug-iphoneos/boxbound.build/boxbound-project-headers.hmap -I/Users/qingque/Desktop/HaiyueStudio/Native/examples/boxbound/node_modules/@nativescript/canvas/platforms/ios/NativeScriptV8/Headers -I/Users/qingque/Desktop/HaiyueStudio/Native/examples/boxbound/platforms/ios/build/Debug-iphoneos/include -I/Users/qingque/Desktop/HaiyueStudio/Native/examples/boxbound/platforms/ios/internal/Swift-Modules -I/Users/qingque/Desktop/HaiyueStudio/Native/examples/boxbound/platforms/ios/internal -I/Users/qingque/Desktop/HaiyueStudio/Native/examples/boxbound/App_Resources/iOS/src -I/Users/qingque/Desktop/HaiyueStudio/Native/examples/boxbound/node_modules/@nativescript/canvas/platforms/ios/src -I/Users/qingque/Desktop/HaiyueStudio/Native/examples/boxbound/node_modules/@nativescript/core/platforms/ios/src -I/Users/qingque/Desktop/HaiyueStudio/Native/examples/boxbound/platforms/ios/build/Debug-iphoneos/NativeScript.framework/Headers -I/Users/qingque/Desktop/HaiyueStudio/Native/examples/boxbound/platforms/ios/build/Debug-iphoneos/NativeScript.framework/Headers/include -I/Users/qingque/Library/Developer/Xcode/DerivedData/boxbound-gmbxpjcvwytnwfabbxjdzhvtcdad/Build/Intermediates.noindex/boxbound.build/Debug-iphoneos/boxbound.build/DerivedSources-normal/arm64 -I/Users/qingque/Library/Developer/Xcode/DerivedData/boxbound-gmbxpjcvwytnwfabbxjdzhvtcdad/Build/Intermediates.noindex/boxbound.build/Debug-iphoneos/boxbound.build/DerivedSources/arm64 -I/Users/qingque/Library/Developer/Xcode/DerivedData/boxbound-gmbxpjcvwytnwfabbxjdzhvtcdad/Build/Intermediates.noindex/boxbound.build/Debug-iphoneos/boxbound.build/DerivedSources -F/Users/qingque/Desktop/HaiyueStudio/Native/examples/boxbound/platforms/ios/build/Debug-iphoneos/PackageFrameworks -F/Users/qingque/Desktop/HaiyueStudio/Native/examples/boxbound/platforms/ios/build/Debug-iphoneos -F/Users/qingque/Desktop/HaiyueStudio/Native/examples/boxbound/platforms/ios/internal -F/Users/qingque/Desktop/HaiyueStudio/Native/examples/boxbound/platforms/ios/build/Debug-iphoneos -F../../node_modules/@nativescript/canvas/platforms/ios -F../../node_modules/@nativescript/core/platforms/ios '-fmodule-map-file=/Users/qingque/Library/Developer/Xcode/DerivedData/boxbound-gmbxpjcvwytnwfabbxjdzhvtcdad/Build/Intermediates.noindex/GeneratedModuleMaps-iphoneos/NativeScriptV8.modulemap' -I/Users/qingque/Desktop/HaiyueStudio/Native/examples/boxbound/platforms/ios/build/Debug-iphoneos/NativeScript.framework/Headers -I/Users/qingque/Desktop/HaiyueStudio/Native/examples/boxbound/platforms/ios/build/Debug-iphoneos/NativeScript.framework/Headers/include -I/Users/qingque/Desktop/HaiyueStudio/Native/examples/boxbound/platforms/ios/build/Debug-iphoneos/NativeScript.framework/Headers -I/Users/qingque/Desktop/HaiyueStudio/Native/examples/boxbound/platforms/ios/build/Debug-iphoneos/NativeScript.framework/Headers/include

WriteAuxiliaryFile /Users/qingque/Library/Developer/Xcode/DerivedData/boxbound-gmbxpjcvwytnwfabbxjdzhvtcdad/Build/Intermediates.noindex/boxbound.build/Debug-iphoneos/boxbound.build/Objects-normal/arm64/82b82416624d2658e5098eb0a28c15c5-common-args.resp (in target 'boxbound' from project 'boxbound')
    cd /Users/qingque/Desktop/HaiyueStudio/Native/examples/boxbound/platforms/ios
    write-file /Users/qingque/Library/Developer/Xcode/DerivedData/boxbound-gmbxpjcvwytnwfabbxjdzhvtcdad/Build/Intermediates.noindex/boxbound.build/Debug-iphoneos/boxbound.build/Objects-normal/arm64/82b82416624d2658e5098eb0a28c15c5-common-args.resp
-target arm64-apple-ios15.0 '-std=c++17' '-stdlib=libc++' -gmodules '-D_LIBCPP_HARDENING_MODE=_LIBCPP_HARDENING_MODE_DEBUG' -fpascal-strings -O0 -fno-common '-DCOCOAPODS=1' '-DDEBUG=1' '-DNS_SWIFTUI_BOOT=0' -isysroot /Applications/Xcode.app/Contents/Developer/Platforms/iPhoneOS.platform/Developer/SDKs/iPhoneOS26.2.sdk -g -fvisibility-inlines-hidden -iquote /Users/qingque/Library/Developer/Xcode/DerivedData/boxbound-gmbxpjcvwytnwfabbxjdzhvtcdad/Build/Intermediates.noindex/boxbound.build/Debug-iphoneos/boxbound.build/boxbound-generated-files.hmap -I/Users/qingque/Library/Developer/Xcode/DerivedData/boxbound-gmbxpjcvwytnwfabbxjdzhvtcdad/Build/Intermediates.noindex/boxbound.build/Debug-iphoneos/boxbound.build/boxbound-own-target-headers.hmap -I/Users/qingque/Library/Developer/Xcode/DerivedData/boxbound-gmbxpjcvwytnwfabbxjdzhvtcdad/Build/Intermediates.noindex/boxbound.build/Debug-iphoneos/boxbound.build/boxbound-all-target-headers.hmap -iquote /Users/qingque/Library/Developer/Xcode/DerivedData/boxbound-gmbxpjcvwytnwfabbxjdzhvtcdad/Build/Intermediates.noindex/boxbound.build/Debug-iphoneos/boxbound.build/boxbound-project-headers.hmap -I/Users/qingque/Desktop/HaiyueStudio/Native/examples/boxbound/node_modules/@nativescript/canvas/platforms/ios/NativeScriptV8/Headers -I/Users/qingque/Desktop/HaiyueStudio/Native/examples/boxbound/platforms/ios/build/Debug-iphoneos/include -I/Users/qingque/Desktop/HaiyueStudio/Native/examples/boxbound/platforms/ios/internal/Swift-Modules -I/Users/qingque/Desktop/HaiyueStudio/Native/examples/boxbound/platforms/ios/internal -I/Users/qingque/Desktop/HaiyueStudio/Native/examples/boxbound/App_Resources/iOS/src -I/Users/qingque/Desktop/HaiyueStudio/Native/examples/boxbound/node_modules/@nativescript/canvas/platforms/ios/src -I/Users/qingque/Desktop/HaiyueStudio/Native/examples/boxbound/node_modules/@nativescript/core/platforms/ios/src -I/Users/qingque/Desktop/HaiyueStudio/Native/examples/boxbound/platforms/ios/build/Debug-iphoneos/NativeScript.framework/Headers -I/Users/qingque/Desktop/HaiyueStudio/Native/examples/boxbound/platforms/ios/build/Debug-iphoneos/NativeScript.framework/Headers/include -I/Users/qingque/Library/Developer/Xcode/DerivedData/boxbound-gmbxpjcvwytnwfabbxjdzhvtcdad/Build/Intermediates.noindex/boxbound.build/Debug-iphoneos/boxbound.build/DerivedSources-normal/arm64 -I/Users/qingque/Library/Developer/Xcode/DerivedData/boxbound-gmbxpjcvwytnwfabbxjdzhvtcdad/Build/Intermediates.noindex/boxbound.build/Debug-iphoneos/boxbound.build/DerivedSources/arm64 -I/Users/qingque/Library/Developer/Xcode/DerivedData/boxbound-gmbxpjcvwytnwfabbxjdzhvtcdad/Build/Intermediates.noindex/boxbound.build/Debug-iphoneos/boxbound.build/DerivedSources -F/Users/qingque/Desktop/HaiyueStudio/Native/examples/boxbound/platforms/ios/build/Debug-iphoneos/PackageFrameworks -F/Users/qingque/Desktop/HaiyueStudio/Native/examples/boxbound/platforms/ios/build/Debug-iphoneos -F/Users/qingque/Desktop/HaiyueStudio/Native/examples/boxbound/platforms/ios/internal -F/Users/qingque/Desktop/HaiyueStudio/Native/examples/boxbound/platforms/ios/build/Debug-iphoneos -F../../node_modules/@nativescript/canvas/platforms/ios -F../../node_modules/@nativescript/core/platforms/ios '-fmodule-map-file=/Users/qingque/Library/Developer/Xcode/DerivedData/boxbound-gmbxpjcvwytnwfabbxjdzhvtcdad/Build/Intermediates.noindex/GeneratedModuleMaps-iphoneos/NativeScriptV8.modulemap' -I/Users/qingque/Desktop/HaiyueStudio/Native/examples/boxbound/platforms/ios/build/Debug-iphoneos/NativeScript.framework/Headers -I/Users/qingque/Desktop/HaiyueStudio/Native/examples/boxbound/platforms/ios/build/Debug-iphoneos/NativeScript.framework/Headers/include -I/Users/qingque/Desktop/HaiyueStudio/Native/examples/boxbound/platforms/ios/build/Debug-iphoneos/NativeScript.framework/Headers -I/Users/qingque/Desktop/HaiyueStudio/Native/examples/boxbound/platforms/ios/build/Debug-iphoneos/NativeScript.framework/Headers/include

WriteAuxiliaryFile /Users/qingque/Library/Developer/Xcode/DerivedData/boxbound-gmbxpjcvwytnwfabbxjdzhvtcdad/Build/Intermediates.noindex/boxbound.build/Debug-iphoneos/boxbound.build/Objects-normal/arm64/7187679823f38a2a940e0043cdf9d637-common-args.resp (in target 'boxbound' from project 'boxbound')
    cd /Users/qingque/Desktop/HaiyueStudio/Native/examples/boxbound/platforms/ios
    write-file /Users/qingque/Library/Developer/Xcode/DerivedData/boxbound-gmbxpjcvwytnwfabbxjdzhvtcdad/Build/Intermediates.noindex/boxbound.build/Debug-iphoneos/boxbound.build/Objects-normal/arm64/7187679823f38a2a940e0043cdf9d637-common-args.resp
-target arm64-apple-ios15.0 '-std=gnu99' -gmodules -fpascal-strings -O0 -fno-common '-DCOCOAPODS=1' '-DDEBUG=1' '-DNS_SWIFTUI_BOOT=0' -isysroot /Applications/Xcode.app/Contents/Developer/Platforms/iPhoneOS.platform/Developer/SDKs/iPhoneOS26.2.sdk -g -iquote /Users/qingque/Library/Developer/Xcode/DerivedData/boxbound-gmbxpjcvwytnwfabbxjdzhvtcdad/Build/Intermediates.noindex/boxbound.build/Debug-iphoneos/boxbound.build/boxbound-generated-files.hmap -I/Users/qingque/Library/Developer/Xcode/DerivedData/boxbound-gmbxpjcvwytnwfabbxjdzhvtcdad/Build/Intermediates.noindex/boxbound.build/Debug-iphoneos/boxbound.build/boxbound-own-target-headers.hmap -I/Users/qingque/Library/Developer/Xcode/DerivedData/boxbound-gmbxpjcvwytnwfabbxjdzhvtcdad/Build/Intermediates.noindex/boxbound.build/Debug-iphoneos/boxbound.build/boxbound-all-target-headers.hmap -iquote /Users/qingque/Library/Developer/Xcode/DerivedData/boxbound-gmbxpjcvwytnwfabbxjdzhvtcdad/Build/Intermediates.noindex/boxbound.build/Debug-iphoneos/boxbound.build/boxbound-project-headers.hmap -I/Users/qingque/Desktop/HaiyueStudio/Native/examples/boxbound/node_modules/@nativescript/canvas/platforms/ios/NativeScriptV8/Headers -I/Users/qingque/Desktop/HaiyueStudio/Native/examples/boxbound/platforms/ios/build/Debug-iphoneos/include -I/Users/qingque/Desktop/HaiyueStudio/Native/examples/boxbound/platforms/ios/internal/Swift-Modules -I/Users/qingque/Desktop/HaiyueStudio/Native/examples/boxbound/platforms/ios/internal -I/Users/qingque/Desktop/HaiyueStudio/Native/examples/boxbound/App_Resources/iOS/src -I/Users/qingque/Desktop/HaiyueStudio/Native/examples/boxbound/node_modules/@nativescript/canvas/platforms/ios/src -I/Users/qingque/Desktop/HaiyueStudio/Native/examples/boxbound/node_modules/@nativescript/core/platforms/ios/src -I/Users/qingque/Desktop/HaiyueStudio/Native/examples/boxbound/platforms/ios/build/Debug-iphoneos/NativeScript.framework/Headers -I/Users/qingque/Desktop/HaiyueStudio/Native/examples/boxbound/platforms/ios/build/Debug-iphoneos/NativeScript.framework/Headers/include -I/Users/qingque/Library/Developer/Xcode/DerivedData/boxbound-gmbxpjcvwytnwfabbxjdzhvtcdad/Build/Intermediates.noindex/boxbound.build/Debug-iphoneos/boxbound.build/DerivedSources-normal/arm64 -I/Users/qingque/Library/Developer/Xcode/DerivedData/boxbound-gmbxpjcvwytnwfabbxjdzhvtcdad/Build/Intermediates.noindex/boxbound.build/Debug-iphoneos/boxbound.build/DerivedSources/arm64 -I/Users/qingque/Library/Developer/Xcode/DerivedData/boxbound-gmbxpjcvwytnwfabbxjdzhvtcdad/Build/Intermediates.noindex/boxbound.build/Debug-iphoneos/boxbound.build/DerivedSources -F/Users/qingque/Desktop/HaiyueStudio/Native/examples/boxbound/platforms/ios/build/Debug-iphoneos/PackageFrameworks -F/Users/qingque/Desktop/HaiyueStudio/Native/examples/boxbound/platforms/ios/build/Debug-iphoneos -F/Users/qingque/Desktop/HaiyueStudio/Native/examples/boxbound/platforms/ios/internal -F/Users/qingque/Desktop/HaiyueStudio/Native/examples/boxbound/platforms/ios/build/Debug-iphoneos -F../../node_modules/@nativescript/canvas/platforms/ios -F../../node_modules/@nativescript/core/platforms/ios '-fmodule-map-file=/Users/qingque/Library/Developer/Xcode/DerivedData/boxbound-gmbxpjcvwytnwfabbxjdzhvtcdad/Build/Intermediates.noindex/GeneratedModuleMaps-iphoneos/NativeScriptV8.modulemap' -I/Users/qingque/Desktop/HaiyueStudio/Native/examples/boxbound/platforms/ios/build/Debug-iphoneos/NativeScript.framework/Headers -I/Users/qingque/Desktop/HaiyueStudio/Native/examples/boxbound/platforms/ios/build/Debug-iphoneos/NativeScript.framework/Headers/include

WriteAuxiliaryFile /Users/qingque/Library/Developer/Xcode/DerivedData/boxbound-gmbxpjcvwytnwfabbxjdzhvtcdad/Build/Intermediates.noindex/boxbound.build/Debug-iphoneos/boxbound.build/DerivedSources/Entitlements.plist (in target 'boxbound' from project 'boxbound')
    cd /Users/qingque/Desktop/HaiyueStudio/Native/examples/boxbound/platforms/ios
    write-file /Users/qingque/Library/Developer/Xcode/DerivedData/boxbound-gmbxpjcvwytnwfabbxjdzhvtcdad/Build/Intermediates.noindex/boxbound.build/Debug-iphoneos/boxbound.build/DerivedSources/Entitlements.plist

MkDir /Users/qingque/Desktop/HaiyueStudio/Native/examples/boxbound/platforms/ios/build/Debug-iphoneos/boxbound.app/Frameworks (in target 'boxbound' from project 'boxbound')
    cd /Users/qingque/Desktop/HaiyueStudio/Native/examples/boxbound/platforms/ios
    /bin/mkdir -p /Users/qingque/Desktop/HaiyueStudio/Native/examples/boxbound/platforms/ios/build/Debug-iphoneos/boxbound.app/Frameworks

MkDir /Users/qingque/Desktop/HaiyueStudio/Native/examples/boxbound/platforms/ios/build/Debug-iphoneos/boxbound.app (in target 'boxbound' from project 'boxbound')
    cd /Users/qingque/Desktop/HaiyueStudio/Native/examples/boxbound/platforms/ios
    /bin/mkdir -p /Users/qingque/Desktop/HaiyueStudio/Native/examples/boxbound/platforms/ios/build/Debug-iphoneos/boxbound.app

ProcessProductPackaging /Users/qingque/Library/Developer/Xcode/UserData/Provisioning\ Profiles/ff700dbf-6c9e-45a6-bcea-de2afbf9aea8.mobileprovision /Users/qingque/Desktop/HaiyueStudio/Native/examples/boxbound/platforms/ios/build/Debug-iphoneos/boxbound.app/embedded.mobileprovision (in target 'boxbound' from project 'boxbound')
    cd /Users/qingque/Desktop/HaiyueStudio/Native/examples/boxbound/platforms/ios
    builtin-productPackagingUtility /Users/qingque/Library/Developer/Xcode/UserData/Provisioning\ Profiles/ff700dbf-6c9e-45a6-bcea-de2afbf9aea8.mobileprovision -o /Users/qingque/Desktop/HaiyueStudio/Native/examples/boxbound/platforms/ios/build/Debug-iphoneos/boxbound.app/embedded.mobileprovision

ProcessProductPackaging /Users/qingque/Desktop/HaiyueStudio/Native/examples/boxbound/platforms/ios/boxbound/boxbound.entitlements /Users/qingque/Library/Developer/Xcode/DerivedData/boxbound-gmbxpjcvwytnwfabbxjdzhvtcdad/Build/Intermediates.noindex/boxbound.build/Debug-iphoneos/boxbound.build/boxbound.app.xcent (in target 'boxbound' from project 'boxbound')
    cd /Users/qingque/Desktop/HaiyueStudio/Native/examples/boxbound/platforms/ios
    
    Entitlements:
    
    {
    "application-identifier" = "22T5YFVY2B.org.haiyue.games.boxbound";
    "com.apple.developer.team-identifier" = 22T5YFVY2B;
    "get-task-allow" = 1;
}
    
    builtin-productPackagingUtility /Users/qingque/Desktop/HaiyueStudio/Native/examples/boxbound/platforms/ios/boxbound/boxbound.entitlements -entitlements -format xml -o /Users/qingque/Library/Developer/Xcode/DerivedData/boxbound-gmbxpjcvwytnwfabbxjdzhvtcdad/Build/Intermediates.noindex/boxbound.build/Debug-iphoneos/boxbound.build/boxbound.app.xcent

ProcessProductPackagingDER /Users/qingque/Library/Developer/Xcode/DerivedData/boxbound-gmbxpjcvwytnwfabbxjdzhvtcdad/Build/Intermediates.noindex/boxbound.build/Debug-iphoneos/boxbound.build/boxbound.app.xcent /Users/qingque/Library/Developer/Xcode/DerivedData/boxbound-gmbxpjcvwytnwfabbxjdzhvtcdad/Build/Intermediates.noindex/boxbound.build/Debug-iphoneos/boxbound.build/boxbound.app.xcent.der (in target 'boxbound' from project 'boxbound')
    cd /Users/qingque/Desktop/HaiyueStudio/Native/examples/boxbound/platforms/ios
    /usr/bin/derq query -f xml -i /Users/qingque/Library/Developer/Xcode/DerivedData/boxbound-gmbxpjcvwytnwfabbxjdzhvtcdad/Build/Intermediates.noindex/boxbound.build/Debug-iphoneos/boxbound.build/boxbound.app.xcent -o /Users/qingque/Library/Developer/Xcode/DerivedData/boxbound-gmbxpjcvwytnwfabbxjdzhvtcdad/Build/Intermediates.noindex/boxbound.build/Debug-iphoneos/boxbound.build/boxbound.app.xcent.der --raw

PrecompileModule /Users/qingque/Library/Developer/Xcode/DerivedData/boxbound-gmbxpjcvwytnwfabbxjdzhvtcdad/Build/Intermediates.noindex/ExplicitPrecompiledModules/ptrauth-DHGZWMLAUH3HX12PDOO9TCVW9.scan
    cd /
    builtin-precompileModule /Users/qingque/Library/Developer/Xcode/DerivedData/boxbound-gmbxpjcvwytnwfabbxjdzhvtcdad/Build/Intermediates.noindex/ExplicitPrecompiledModules/ptrauth-DHGZWMLAUH3HX12PDOO9TCVW9.scan

PrecompileModule /Users/qingque/Library/Developer/Xcode/DerivedData/boxbound-gmbxpjcvwytnwfabbxjdzhvtcdad/Build/Intermediates.noindex/ExplicitPrecompiledModules/_Builtin_stddef-598O34LWWI6OJQQF5GVHX6Z8S.scan
    cd /
    builtin-precompileModule /Users/qingque/Library/Developer/Xcode/DerivedData/boxbound-gmbxpjcvwytnwfabbxjdzhvtcdad/Build/Intermediates.noindex/ExplicitPrecompiledModules/_Builtin_stddef-598O34LWWI6OJQQF5GVHX6Z8S.scan

PrecompileModule /Users/qingque/Library/Developer/Xcode/DerivedData/boxbound-gmbxpjcvwytnwfabbxjdzhvtcdad/Build/Intermediates.noindex/ExplicitPrecompiledModules/_Builtin_stdarg-21O0STR3ZKQKB8H3PFVMMG8PZ.scan
    cd /
    builtin-precompileModule /Users/qingque/Library/Developer/Xcode/DerivedData/boxbound-gmbxpjcvwytnwfabbxjdzhvtcdad/Build/Intermediates.noindex/ExplicitPrecompiledModules/_Builtin_stdarg-21O0STR3ZKQKB8H3PFVMMG8PZ.scan

PrecompileModule /Users/qingque/Library/Developer/Xcode/DerivedData/boxbound-gmbxpjcvwytnwfabbxjdzhvtcdad/Build/Intermediates.noindex/ExplicitPrecompiledModules/_Builtin_float-BA88H0B5NDNLTPT7U0UROQ51S.scan
    cd /
    builtin-precompileModule /Users/qingque/Library/Developer/Xcode/DerivedData/boxbound-gmbxpjcvwytnwfabbxjdzhvtcdad/Build/Intermediates.noindex/ExplicitPrecompiledModules/_Builtin_float-BA88H0B5NDNLTPT7U0UROQ51S.scan

PrecompileModule /Users/qingque/Library/Developer/Xcode/DerivedData/boxbound-gmbxpjcvwytnwfabbxjdzhvtcdad/Build/Intermediates.noindex/ExplicitPrecompiledModules/_AvailabilityInternal-DCL4VBAUENVFTL28UNN4Q6JNS.scan
    cd /
    builtin-precompileModule /Users/qingque/Library/Developer/Xcode/DerivedData/boxbound-gmbxpjcvwytnwfabbxjdzhvtcdad/Build/Intermediates.noindex/ExplicitPrecompiledModules/_AvailabilityInternal-DCL4VBAUENVFTL28UNN4Q6JNS.scan

PrecompileModule /Users/qingque/Library/Developer/Xcode/DerivedData/boxbound-gmbxpjcvwytnwfabbxjdzhvtcdad/Build/Intermediates.noindex/ExplicitPrecompiledModules/ptrcheck-JTKK1W20ZIUSG1B1313SUCOQ.scan
    cd /
    builtin-precompileModule /Users/qingque/Library/Developer/Xcode/DerivedData/boxbound-gmbxpjcvwytnwfabbxjdzhvtcdad/Build/Intermediates.noindex/ExplicitPrecompiledModules/ptrcheck-JTKK1W20ZIUSG1B1313SUCOQ.scan

PrecompileModule /Users/qingque/Library/Developer/Xcode/DerivedData/boxbound-gmbxpjcvwytnwfabbxjdzhvtcdad/Build/Intermediates.noindex/ExplicitPrecompiledModules/_Builtin_stdbool-6184403JTQ7202G5KS7XPWC6.scan
    cd /
    builtin-precompileModule /Users/qingque/Library/Developer/Xcode/DerivedData/boxbound-gmbxpjcvwytnwfabbxjdzhvtcdad/Build/Intermediates.noindex/ExplicitPrecompiledModules/_Builtin_stdbool-6184403JTQ7202G5KS7XPWC6.scan

PrecompileModule /Users/qingque/Library/Developer/Xcode/DerivedData/boxbound-gmbxpjcvwytnwfabbxjdzhvtcdad/Build/Intermediates.noindex/ExplicitPrecompiledModules/_DarwinFoundation1-77UP2ZIA4BSL3FE7A90EQZCEE.scan
    cd /
    builtin-precompileModule /Users/qingque/Library/Developer/Xcode/DerivedData/boxbound-gmbxpjcvwytnwfabbxjdzhvtcdad/Build/Intermediates.noindex/ExplicitPrecompiledModules/_DarwinFoundation1-77UP2ZIA4BSL3FE7A90EQZCEE.scan

PrecompileModule /Users/qingque/Library/Developer/Xcode/DerivedData/boxbound-gmbxpjcvwytnwfabbxjdzhvtcdad/Build/Intermediates.noindex/ExplicitPrecompiledModules/_Builtin_limits-BI45BEXNB15OPYPMPSF3FZDER.scan
    cd /
    builtin-precompileModule /Users/qingque/Library/Developer/Xcode/DerivedData/boxbound-gmbxpjcvwytnwfabbxjdzhvtcdad/Build/Intermediates.noindex/ExplicitPrecompiledModules/_Builtin_limits-BI45BEXNB15OPYPMPSF3FZDER.scan

PrecompileModule /Users/qingque/Library/Developer/Xcode/DerivedData/boxbound-gmbxpjcvwytnwfabbxjdzhvtcdad/Build/Intermediates.noindex/ExplicitPrecompiledModules/_DarwinFoundation2-ETH0MAC4LS4N6M65HV7QZ3A0C.scan
    cd /
    builtin-precompileModule /Users/qingque/Library/Developer/Xcode/DerivedData/boxbound-gmbxpjcvwytnwfabbxjdzhvtcdad/Build/Intermediates.noindex/ExplicitPrecompiledModules/_DarwinFoundation2-ETH0MAC4LS4N6M65HV7QZ3A0C.scan

PrecompileModule /Users/qingque/Library/Developer/Xcode/DerivedData/boxbound-gmbxpjcvwytnwfabbxjdzhvtcdad/Build/Intermediates.noindex/ExplicitPrecompiledModules/_Builtin_stdint-AFSZ880XTXNLLAFN0OHKLKB13.scan
    cd /
    builtin-precompileModule /Users/qingque/Library/Developer/Xcode/DerivedData/boxbound-gmbxpjcvwytnwfabbxjdzhvtcdad/Build/Intermediates.noindex/ExplicitPrecompiledModules/_Builtin_stdint-AFSZ880XTXNLLAFN0OHKLKB13.scan

PrecompileModule /Users/qingque/Library/Developer/Xcode/DerivedData/boxbound-gmbxpjcvwytnwfabbxjdzhvtcdad/Build/Intermediates.noindex/ExplicitPrecompiledModules/_DarwinFoundation3-44F7TMK8JMWG0RLAT892LW2WU.scan
    cd /
    builtin-precompileModule /Users/qingque/Library/Developer/Xcode/DerivedData/boxbound-gmbxpjcvwytnwfabbxjdzhvtcdad/Build/Intermediates.noindex/ExplicitPrecompiledModules/_DarwinFoundation3-44F7TMK8JMWG0RLAT892LW2WU.scan

PrecompileModule /Users/qingque/Library/Developer/Xcode/DerivedData/boxbound-gmbxpjcvwytnwfabbxjdzhvtcdad/Build/Intermediates.noindex/ExplicitPrecompiledModules/_Builtin_inttypes-2NH4A2VGMSVWH69ISPYDJ9QCL.scan
    cd /
    builtin-precompileModule /Users/qingque/Library/Developer/Xcode/DerivedData/boxbound-gmbxpjcvwytnwfabbxjdzhvtcdad/Build/Intermediates.noindex/ExplicitPrecompiledModules/_Builtin_inttypes-2NH4A2VGMSVWH69ISPYDJ9QCL.scan

PrecompileModule /Users/qingque/Library/Developer/Xcode/DerivedData/boxbound-gmbxpjcvwytnwfabbxjdzhvtcdad/Build/Intermediates.noindex/ExplicitPrecompiledModules/Darwin-3OK5N69YFS76WXQ87R6WU0H36.scan
    cd /
    builtin-precompileModule /Users/qingque/Library/Developer/Xcode/DerivedData/boxbound-gmbxpjcvwytnwfabbxjdzhvtcdad/Build/Intermediates.noindex/ExplicitPrecompiledModules/Darwin-3OK5N69YFS76WXQ87R6WU0H36.scan

PrecompileModule /Users/qingque/Library/Developer/Xcode/DerivedData/boxbound-gmbxpjcvwytnwfabbxjdzhvtcdad/Build/Intermediates.noindex/ExplicitPrecompiledModules/ObjectiveC-EX0VWQS0D2DDNSYX7WATGS6GE.scan
    cd /
    builtin-precompileModule /Users/qingque/Library/Developer/Xcode/DerivedData/boxbound-gmbxpjcvwytnwfabbxjdzhvtcdad/Build/Intermediates.noindex/ExplicitPrecompiledModules/ObjectiveC-EX0VWQS0D2DDNSYX7WATGS6GE.scan

PrecompileModule /Users/qingque/Library/Developer/Xcode/DerivedData/boxbound-gmbxpjcvwytnwfabbxjdzhvtcdad/Build/Intermediates.noindex/ExplicitPrecompiledModules/os_object-DSSV6SI97ZMGB6ZT9B0P773Q9.scan
    cd /
    builtin-precompileModule /Users/qingque/Library/Developer/Xcode/DerivedData/boxbound-gmbxpjcvwytnwfabbxjdzhvtcdad/Build/Intermediates.noindex/ExplicitPrecompiledModules/os_object-DSSV6SI97ZMGB6ZT9B0P773Q9.scan

PrecompileModule /Users/qingque/Library/Developer/Xcode/DerivedData/boxbound-gmbxpjcvwytnwfabbxjdzhvtcdad/Build/Intermediates.noindex/ExplicitPrecompiledModules/os_workgroup-545PEDFU64FCOT3HV9J4ZTIZ8.scan
    cd /
    builtin-precompileModule /Users/qingque/Library/Developer/Xcode/DerivedData/boxbound-gmbxpjcvwytnwfabbxjdzhvtcdad/Build/Intermediates.noindex/ExplicitPrecompiledModules/os_workgroup-545PEDFU64FCOT3HV9J4ZTIZ8.scan

PrecompileModule /Users/qingque/Library/Developer/Xcode/DerivedData/boxbound-gmbxpjcvwytnwfabbxjdzhvtcdad/Build/Intermediates.noindex/ExplicitPrecompiledModules/Dispatch-5IQ7EDR63FJI23A990HPDCQ4R.scan
    cd /
    builtin-precompileModule /Users/qingque/Library/Developer/Xcode/DerivedData/boxbound-gmbxpjcvwytnwfabbxjdzhvtcdad/Build/Intermediates.noindex/ExplicitPrecompiledModules/Dispatch-5IQ7EDR63FJI23A990HPDCQ4R.scan

PrecompileModule /Users/qingque/Library/Developer/Xcode/DerivedData/boxbound-gmbxpjcvwytnwfabbxjdzhvtcdad/Build/Intermediates.noindex/ExplicitPrecompiledModules/XPC-CWK7YB81P55PGOMPCL25BJ6XH.scan
    cd /
    builtin-precompileModule /Users/qingque/Library/Developer/Xcode/DerivedData/boxbound-gmbxpjcvwytnwfabbxjdzhvtcdad/Build/Intermediates.noindex/ExplicitPrecompiledModules/XPC-CWK7YB81P55PGOMPCL25BJ6XH.scan

PrecompileModule /Users/qingque/Library/Developer/Xcode/DerivedData/boxbound-gmbxpjcvwytnwfabbxjdzhvtcdad/Build/Intermediates.noindex/ExplicitPrecompiledModules/CoreFoundation-BVR3IQZ5K0PT4PU8804X2E1WG.scan
    cd /
    builtin-precompileModule /Users/qingque/Library/Developer/Xcode/DerivedData/boxbound-gmbxpjcvwytnwfabbxjdzhvtcdad/Build/Intermediates.noindex/ExplicitPrecompiledModules/CoreFoundation-BVR3IQZ5K0PT4PU8804X2E1WG.scan

PrecompileModule /Users/qingque/Library/Developer/Xcode/DerivedData/boxbound-gmbxpjcvwytnwfabbxjdzhvtcdad/Build/Intermediates.noindex/ExplicitPrecompiledModules/CFNetwork-D12TNQN3HOBY2SRD1FPE0NT5R.scan
    cd /
    builtin-precompileModule /Users/qingque/Library/Developer/Xcode/DerivedData/boxbound-gmbxpjcvwytnwfabbxjdzhvtcdad/Build/Intermediates.noindex/ExplicitPrecompiledModules/CFNetwork-D12TNQN3HOBY2SRD1FPE0NT5R.scan

PrecompileModule /Users/qingque/Library/Developer/Xcode/DerivedData/boxbound-gmbxpjcvwytnwfabbxjdzhvtcdad/Build/Intermediates.noindex/ExplicitPrecompiledModules/Security-CHTU3SUSSFLVJA5FJRQSFR83Z.scan
    cd /
    builtin-precompileModule /Users/qingque/Library/Developer/Xcode/DerivedData/boxbound-gmbxpjcvwytnwfabbxjdzhvtcdad/Build/Intermediates.noindex/ExplicitPrecompiledModules/Security-CHTU3SUSSFLVJA5FJRQSFR83Z.scan

PrecompileModule /Users/qingque/Library/Developer/Xcode/DerivedData/boxbound-gmbxpjcvwytnwfabbxjdzhvtcdad/Build/Intermediates.noindex/ExplicitPrecompiledModules/Foundation-BK4SPI86RZUE65J1KKWRH04V2.scan
    cd /
    builtin-precompileModule /Users/qingque/Library/Developer/Xcode/DerivedData/boxbound-gmbxpjcvwytnwfabbxjdzhvtcdad/Build/Intermediates.noindex/ExplicitPrecompiledModules/Foundation-BK4SPI86RZUE65J1KKWRH04V2.scan

CompileC /Users/qingque/Library/Developer/Xcode/DerivedData/boxbound-gmbxpjcvwytnwfabbxjdzhvtcdad/Build/Intermediates.noindex/Pods.build/Debug-iphoneos/Pods-boxbound.build/Objects-normal/arm64/Pods-boxbound-dummy.o /Users/qingque/Desktop/HaiyueStudio/Native/examples/boxbound/platforms/ios/Pods/Target\ Support\ Files/Pods-boxbound/Pods-boxbound-dummy.m normal arm64 objective-c com.apple.compilers.llvm.clang.1_0.compiler (in target 'Pods-boxbound' from project 'Pods')
    cd /Users/qingque/Desktop/HaiyueStudio/Native/examples/boxbound/platforms/ios/Pods
    
    Using response file: /Users/qingque/Library/Developer/Xcode/DerivedData/boxbound-gmbxpjcvwytnwfabbxjdzhvtcdad/Build/Intermediates.noindex/Pods.build/Debug-iphoneos/Pods-boxbound.build/Objects-normal/arm64/e6072d4f65d7061329687fe24e3d63a7-common-args.resp
    
    /Applications/Xcode.app/Contents/Developer/Toolchains/XcodeDefault.xctoolchain/usr/bin/clang -x objective-c -ivfsstatcache /Users/qingque/Library/Developer/Xcode/DerivedData/SDKStatCaches.noindex/iphoneos26.2-23C57-3794476bd08197c3e2abd9bb477ef7f7.sdkstatcache -fmessage-length\=0 -fdiagnostics-show-note-include-stack -fmacro-backtrace-limit\=0 -fno-color-diagnostics -fmodules-prune-interval\=86400 -fmodules-prune-after\=345600 -fbuild-session-file\=/Users/qingque/Library/Developer/Xcode/DerivedData/ModuleCache.noindex/Session.modulevalidation -fmodules-validate-once-per-build-session -Wnon-modular-include-in-framework-module -Werror\=non-modular-include-in-framework-module -Wno-trigraphs -Wno-missing-field-initializers -Wno-missing-prototypes -Werror\=return-type -Wdocumentation -Wunreachable-code -Wno-implicit-atomic-properties -Werror\=deprecated-objc-isa-usage -Wno-objc-interface-ivars -Werror\=objc-root-class -Wno-arc-repeated-use-of-weak -Wimplicit-retain-self -Wduplicate-method-match -Wno-missing-braces -Wparentheses -Wswitch -Wunused-function -Wno-unused-label -Wno-unused-parameter -Wunused-variable -Wunused-value -Wempty-body -Wuninitialized -Wconditional-uninitialized -Wno-unknown-pragmas -Wno-shadow -Wno-four-char-constants -Wno-conversion -Wconstant-conversion -Wint-conversion -Wbool-conversion -Wenum-conversion -Wno-float-conversion -Wnon-literal-null-conversion -Wobjc-literal-conversion -Wshorten-64-to-32 -Wpointer-sign -Wno-newline-eof -Wno-selector -Wno-strict-selector-match -Wundeclared-selector -Wdeprecated-implementations -Wno-implicit-fallthrough -fstrict-aliasing -Wprotocol -Wdeprecated-declarations -Wno-sign-conversion -Winfinite-recursion -Wcomma -Wblock-capture-autoreleasing -Wstrict-prototypes -Wno-semicolon-before-method-body -Wunguarded-availability -index-store-path /Users/qingque/Library/Developer/Xcode/DerivedData/boxbound-gmbxpjcvwytnwfabbxjdzhvtcdad/Index.noindex/DataStore @/Users/qingque/Library/Developer/Xcode/DerivedData/boxbound-gmbxpjcvwytnwfabbxjdzhvtcdad/Build/Intermediates.noindex/Pods.build/Debug-iphoneos/Pods-boxbound.build/Objects-normal/arm64/e6072d4f65d7061329687fe24e3d63a7-common-args.resp -MMD -MT dependencies -MF /Users/qingque/Library/Developer/Xcode/DerivedData/boxbound-gmbxpjcvwytnwfabbxjdzhvtcdad/Build/Intermediates.noindex/Pods.build/Debug-iphoneos/Pods-boxbound.build/Objects-normal/arm64/Pods-boxbound-dummy.d --serialize-diagnostics /Users/qingque/Library/Developer/Xcode/DerivedData/boxbound-gmbxpjcvwytnwfabbxjdzhvtcdad/Build/Intermediates.noindex/Pods.build/Debug-iphoneos/Pods-boxbound.build/Objects-normal/arm64/Pods-boxbound-dummy.dia -c /Users/qingque/Desktop/HaiyueStudio/Native/examples/boxbound/platforms/ios/Pods/Target\ Support\ Files/Pods-boxbound/Pods-boxbound-dummy.m -o /Users/qingque/Library/Developer/Xcode/DerivedData/boxbound-gmbxpjcvwytnwfabbxjdzhvtcdad/Build/Intermediates.noindex/Pods.build/Debug-iphoneos/Pods-boxbound.build/Objects-normal/arm64/Pods-boxbound-dummy.o -index-unit-output-path /Pods.build/Debug-iphoneos/Pods-boxbound.build/Objects-normal/arm64/Pods-boxbound-dummy.o

Libtool /Users/qingque/Desktop/HaiyueStudio/Native/examples/boxbound/platforms/ios/build/Debug-iphoneos/Pods_boxbound.framework/Pods_boxbound normal (in target 'Pods-boxbound' from project 'Pods')
    cd /Users/qingque/Desktop/HaiyueStudio/Native/examples/boxbound/platforms/ios/Pods
    /Applications/Xcode.app/Contents/Developer/Toolchains/XcodeDefault.xctoolchain/usr/bin/libtool -static -arch_only arm64 -D -syslibroot /Applications/Xcode.app/Contents/Developer/Platforms/iPhoneOS.platform/Developer/SDKs/iPhoneOS26.2.sdk -L/Users/qingque/Desktop/HaiyueStudio/Native/examples/boxbound/platforms/ios/build/Debug-iphoneos -filelist /Users/qingque/Library/Developer/Xcode/DerivedData/boxbound-gmbxpjcvwytnwfabbxjdzhvtcdad/Build/Intermediates.noindex/Pods.build/Debug-iphoneos/Pods-boxbound.build/Objects-normal/arm64/Pods_boxbound.LinkFileList -framework Foundation -dependency_info /Users/qingque/Library/Developer/Xcode/DerivedData/boxbound-gmbxpjcvwytnwfabbxjdzhvtcdad/Build/Intermediates.noindex/Pods.build/Debug-iphoneos/Pods-boxbound.build/Objects-normal/arm64/Pods_boxbound_libtool_dependency_info.dat -o /Users/qingque/Desktop/HaiyueStudio/Native/examples/boxbound/platforms/ios/build/Debug-iphoneos/Pods_boxbound.framework/Pods_boxbound

RegisterExecutionPolicyException /Users/qingque/Desktop/HaiyueStudio/Native/examples/boxbound/platforms/ios/build/Debug-iphoneos/Pods_boxbound.framework (in target 'Pods-boxbound' from project 'Pods')
    cd /Users/qingque/Desktop/HaiyueStudio/Native/examples/boxbound/platforms/ios/Pods
    builtin-RegisterExecutionPolicyException /Users/qingque/Desktop/HaiyueStudio/Native/examples/boxbound/platforms/ios/build/Debug-iphoneos/Pods_boxbound.framework

Touch /Users/qingque/Desktop/HaiyueStudio/Native/examples/boxbound/platforms/ios/build/Debug-iphoneos/Pods_boxbound.framework (in target 'Pods-boxbound' from project 'Pods')
    cd /Users/qingque/Desktop/HaiyueStudio/Native/examples/boxbound/platforms/ios/Pods
    /usr/bin/touch -c /Users/qingque/Desktop/HaiyueStudio/Native/examples/boxbound/platforms/ios/build/Debug-iphoneos/Pods_boxbound.framework

PhaseScriptExecution [CP]\ Check\ Pods\ Manifest.lock /Users/qingque/Library/Developer/Xcode/DerivedData/boxbound-gmbxpjcvwytnwfabbxjdzhvtcdad/Build/Intermediates.noindex/boxbound.build/Debug-iphoneos/boxbound.build/Script-0C4FE4E1464627150D844A67.sh (in target 'boxbound' from project 'boxbound')
    cd /Users/qingque/Desktop/HaiyueStudio/Native/examples/boxbound/platforms/ios
    /bin/sh -c /Users/qingque/Library/Developer/Xcode/DerivedData/boxbound-gmbxpjcvwytnwfabbxjdzhvtcdad/Build/Intermediates.noindex/boxbound.build/Debug-iphoneos/boxbound.build/Script-0C4FE4E1464627150D844A67.sh

PhaseScriptExecution NativeScript\ PreBuild /Users/qingque/Library/Developer/Xcode/DerivedData/boxbound-gmbxpjcvwytnwfabbxjdzhvtcdad/Build/Intermediates.noindex/boxbound.build/Debug-iphoneos/boxbound.build/Script-C97FD7AC1ADE5369004DB2A4.sh (in target 'boxbound' from project 'boxbound')
    cd /Users/qingque/Desktop/HaiyueStudio/Native/examples/boxbound/platforms/ios
    /bin/sh -c /Users/qingque/Library/Developer/Xcode/DerivedData/boxbound-gmbxpjcvwytnwfabbxjdzhvtcdad/Build/Intermediates.noindex/boxbound.build/Debug-iphoneos/boxbound.build/Script-C97FD7AC1ADE5369004DB2A4.sh

SwiftDriver boxbound normal arm64 com.apple.xcode.tools.swift.compiler (in target 'boxbound' from project 'boxbound')
    cd /Users/qingque/Desktop/HaiyueStudio/Native/examples/boxbound/platforms/ios
    builtin-SwiftDriver -- /Applications/Xcode.app/Contents/Developer/Toolchains/XcodeDefault.xctoolchain/usr/bin/swiftc -module-name boxbound -O -enforce-exclusivity\=checked @/Users/qingque/Library/Developer/Xcode/DerivedData/boxbound-gmbxpjcvwytnwfabbxjdzhvtcdad/Build/Intermediates.noindex/boxbound.build/Debug-iphoneos/boxbound.build/Objects-normal/arm64/boxbound.SwiftFileList -Xcc -fmodule-map-file\=/Users/qingque/Library/Developer/Xcode/DerivedData/boxbound-gmbxpjcvwytnwfabbxjdzhvtcdad/Build/Intermediates.noindex/GeneratedModuleMaps-iphoneos/NativeScriptV8.modulemap -enable-bare-slash-regex -enable-experimental-feature DebugDescriptionMacro -sdk /Applications/Xcode.app/Contents/Developer/Platforms/iPhoneOS.platform/Developer/SDKs/iPhoneOS26.2.sdk -target arm64-apple-ios15.0 -g -module-cache-path /Users/qingque/Library/Developer/Xcode/DerivedData/ModuleCache.noindex -Xfrontend -serialize-debugging-options -enable-testing -Xcc -D_LIBCPP_HARDENING_MODE\=_LIBCPP_HARDENING_MODE_DEBUG -swift-version 4.2 -I /Users/qingque/Desktop/HaiyueStudio/Native/examples/boxbound/platforms/ios/build/Debug-iphoneos -F /Users/qingque/Desktop/HaiyueStudio/Native/examples/boxbound/platforms/ios/build/Debug-iphoneos/PackageFrameworks -F /Users/qingque/Desktop/HaiyueStudio/Native/examples/boxbound/platforms/ios/build/Debug-iphoneos -F /Users/qingque/Desktop/HaiyueStudio/Native/examples/boxbound/platforms/ios/internal -F /Users/qingque/Desktop/HaiyueStudio/Native/examples/boxbound/platforms/ios/build/Debug-iphoneos -F ../../node_modules/@nativescript/canvas/platforms/ios -F ../../node_modules/@nativescript/core/platforms/ios -parse-as-library -c -j12 -enable-batch-mode -incremental -Xcc -ivfsstatcache -Xcc /Users/qingque/Library/Developer/Xcode/DerivedData/SDKStatCaches.noindex/iphoneos26.2-23C57-3794476bd08197c3e2abd9bb477ef7f7.sdkstatcache -output-file-map /Users/qingque/Library/Developer/Xcode/DerivedData/boxbound-gmbxpjcvwytnwfabbxjdzhvtcdad/Build/Intermediates.noindex/boxbound.build/Debug-iphoneos/boxbound.build/Objects-normal/arm64/boxbound-OutputFileMap.json -use-frontend-parseable-output -save-temps -no-color-diagnostics -serialize-diagnostics -emit-dependencies -emit-module -emit-module-path /Users/qingque/Library/Developer/Xcode/DerivedData/boxbound-gmbxpjcvwytnwfabbxjdzhvtcdad/Build/Intermediates.noindex/boxbound.build/Debug-iphoneos/boxbound.build/Objects-normal/arm64/boxbound.swiftmodule -validate-clang-modules-once -clang-build-session-file /Users/qingque/Library/Developer/Xcode/DerivedData/ModuleCache.noindex/Session.modulevalidation -Xcc -I/Users/qingque/Library/Developer/Xcode/DerivedData/boxbound-gmbxpjcvwytnwfabbxjdzhvtcdad/Build/Intermediates.noindex/boxbound.build/Debug-iphoneos/boxbound.build/swift-overrides.hmap -emit-const-values -Xfrontend -const-gather-protocols-file -Xfrontend /Users/qingque/Library/Developer/Xcode/DerivedData/boxbound-gmbxpjcvwytnwfabbxjdzhvtcdad/Build/Intermediates.noindex/boxbound.build/Debug-iphoneos/boxbound.build/Objects-normal/arm64/boxbound_const_extract_protocols.json -Xcc -iquote -Xcc /Users/qingque/Library/Developer/Xcode/DerivedData/boxbound-gmbxpjcvwytnwfabbxjdzhvtcdad/Build/Intermediates.noindex/boxbound.build/Debug-iphoneos/boxbound.build/boxbound-generated-files.hmap -Xcc -I/Users/qingque/Library/Developer/Xcode/DerivedData/boxbound-gmbxpjcvwytnwfabbxjdzhvtcdad/Build/Intermediates.noindex/boxbound.build/Debug-iphoneos/boxbound.build/boxbound-own-target-headers.hmap -Xcc -I/Users/qingque/Library/Developer/Xcode/DerivedData/boxbound-gmbxpjcvwytnwfabbxjdzhvtcdad/Build/Intermediates.noindex/boxbound.build/Debug-iphoneos/boxbound.build/boxbound-all-non-framework-target-headers.hmap -Xcc -ivfsoverlay -Xcc /Users/qingque/Library/Developer/Xcode/DerivedData/boxbound-gmbxpjcvwytnwfabbxjdzhvtcdad/Build/Intermediates.noindex/boxbound.build/Debug-iphoneos/boxbound-acae044c11c9a7d6040ee6fd676c88a0-VFS-iphoneos/all-product-headers.yaml -Xcc -iquote -Xcc /Users/qingque/Library/Developer/Xcode/DerivedData/boxbound-gmbxpjcvwytnwfabbxjdzhvtcdad/Build/Intermediates.noindex/boxbound.build/Debug-iphoneos/boxbound.build/boxbound-project-headers.hmap -Xcc -I/Users/qingque/Desktop/HaiyueStudio/Native/examples/boxbound/node_modules/@nativescript/canvas/platforms/ios/NativeScriptV8/Headers -Xcc -I/Users/qingque/Desktop/HaiyueStudio/Native/examples/boxbound/platforms/ios/build/Debug-iphoneos/include -Xcc -I/Users/qingque/Desktop/HaiyueStudio/Native/examples/boxbound/platforms/ios/internal/Swift-Modules -Xcc -I/Users/qingque/Desktop/HaiyueStudio/Native/examples/boxbound/platforms/ios/internal -Xcc -I/Users/qingque/Desktop/HaiyueStudio/Native/examples/boxbound/App_Resources/iOS/src -Xcc -I/Users/qingque/Desktop/HaiyueStudio/Native/examples/boxbound/node_modules/@nativescript/canvas/platforms/ios/src -Xcc -I/Users/qingque/Desktop/HaiyueStudio/Native/examples/boxbound/node_modules/@nativescript/core/platforms/ios/src -Xcc -I/Users/qingque/Desktop/HaiyueStudio/Native/examples/boxbound/platforms/ios/build/Debug-iphoneos/NativeScript.framework/Headers -Xcc -I/Users/qingque/Desktop/HaiyueStudio/Native/examples/boxbound/platforms/ios/build/Debug-iphoneos/NativeScript.framework/Headers/include -Xcc -I/Users/qingque/Library/Developer/Xcode/DerivedData/boxbound-gmbxpjcvwytnwfabbxjdzhvtcdad/Build/Intermediates.noindex/boxbound.build/Debug-iphoneos/boxbound.build/DerivedSources-normal/arm64 -Xcc -I/Users/qingque/Library/Developer/Xcode/DerivedData/boxbound-gmbxpjcvwytnwfabbxjdzhvtcdad/Build/Intermediates.noindex/boxbound.build/Debug-iphoneos/boxbound.build/DerivedSources/arm64 -Xcc -I/Users/qingque/Library/Developer/Xcode/DerivedData/boxbound-gmbxpjcvwytnwfabbxjdzhvtcdad/Build/Intermediates.noindex/boxbound.build/Debug-iphoneos/boxbound.build/DerivedSources -Xcc -DCOCOAPODS\=1 -Xcc -DDEBUG\=1 -Xcc -DNS_SWIFTUI_BOOT\=0 -emit-objc-header -emit-objc-header-path /Users/qingque/Library/Developer/Xcode/DerivedData/boxbound-gmbxpjcvwytnwfabbxjdzhvtcdad/Build/Intermediates.noindex/boxbound.build/Debug-iphoneos/boxbound.build/Objects-normal/arm64/boxbound-Swift.h -import-objc-header /Users/qingque/Desktop/HaiyueStudio/Native/examples/boxbound/platforms/ios/internal/Swift-ObjC-Bridging-Header.h -pch-output-dir /Users/qingque/Desktop/HaiyueStudio/Native/examples/boxbound/platforms/ios/build/sharedpch -working-directory /Users/qingque/Desktop/HaiyueStudio/Native/examples/boxbound/platforms/ios -experimental-emit-module-separately -disable-cmo

SwiftGeneratePch normal arm64 Compiling\ bridging\ header (in target 'boxbound' from project 'boxbound')

PrecompileSwiftBridgingHeader normal arm64 (in target 'boxbound' from project 'boxbound')
    cd /Users/qingque/Desktop/HaiyueStudio/Native/examples/boxbound/platforms/ios
    

SwiftDriverJobDiscovery normal arm64 Compiling bridging header (in target 'boxbound' from project 'boxbound')

SwiftEmitModule normal arm64 Emitting\ module\ for\ boxbound (in target 'boxbound' from project 'boxbound')

SwiftCompile normal arm64 /Users/qingque/Desktop/HaiyueStudio/Native/examples/boxbound/node_modules/@nativescript/core/platforms/ios/src/NativeScriptMainWindow.swift (in target 'boxbound' from project 'boxbound')
    cd /Users/qingque/Desktop/HaiyueStudio/Native/examples/boxbound/platforms/ios
    

SwiftCompile normal arm64 Compiling\ NativeScriptMainWindow.swift /Users/qingque/Desktop/HaiyueStudio/Native/examples/boxbound/node_modules/@nativescript/core/platforms/ios/src/NativeScriptMainWindow.swift (in target 'boxbound' from project 'boxbound')
SwiftCompile normal arm64 /Users/qingque/Desktop/HaiyueStudio/Native/examples/boxbound/node_modules/@nativescript/core/platforms/ios/src/NativeScriptMainWindow.swift (in target 'boxbound' from project 'boxbound')
    cd /Users/qingque/Desktop/HaiyueStudio/Native/examples/boxbound/platforms/ios
    

SwiftDriverJobDiscovery normal arm64 Emitting module for boxbound (in target 'boxbound' from project 'boxbound')

SwiftDriver\ Compilation\ Requirements boxbound normal arm64 com.apple.xcode.tools.swift.compiler (in target 'boxbound' from project 'boxbound')
    cd /Users/qingque/Desktop/HaiyueStudio/Native/examples/boxbound/platforms/ios
    builtin-Swift-Compilation-Requirements -- /Applications/Xcode.app/Contents/Developer/Toolchains/XcodeDefault.xctoolchain/usr/bin/swiftc -module-name boxbound -O -enforce-exclusivity\=checked @/Users/qingque/Library/Developer/Xcode/DerivedData/boxbound-gmbxpjcvwytnwfabbxjdzhvtcdad/Build/Intermediates.noindex/boxbound.build/Debug-iphoneos/boxbound.build/Objects-normal/arm64/boxbound.SwiftFileList -Xcc -fmodule-map-file\=/Users/qingque/Library/Developer/Xcode/DerivedData/boxbound-gmbxpjcvwytnwfabbxjdzhvtcdad/Build/Intermediates.noindex/GeneratedModuleMaps-iphoneos/NativeScriptV8.modulemap -enable-bare-slash-regex -enable-experimental-feature DebugDescriptionMacro -sdk /Applications/Xcode.app/Contents/Developer/Platforms/iPhoneOS.platform/Developer/SDKs/iPhoneOS26.2.sdk -target arm64-apple-ios15.0 -g -module-cache-path /Users/qingque/Library/Developer/Xcode/DerivedData/ModuleCache.noindex -Xfrontend -serialize-debugging-options -enable-testing -Xcc -D_LIBCPP_HARDENING_MODE\=_LIBCPP_HARDENING_MODE_DEBUG -swift-version 4.2 -I /Users/qingque/Desktop/HaiyueStudio/Native/examples/boxbound/platforms/ios/build/Debug-iphoneos -F /Users/qingque/Desktop/HaiyueStudio/Native/examples/boxbound/platforms/ios/build/Debug-iphoneos/PackageFrameworks -F /Users/qingque/Desktop/HaiyueStudio/Native/examples/boxbound/platforms/ios/build/Debug-iphoneos -F /Users/qingque/Desktop/HaiyueStudio/Native/examples/boxbound/platforms/ios/internal -F /Users/qingque/Desktop/HaiyueStudio/Native/examples/boxbound/platforms/ios/build/Debug-iphoneos -F ../../node_modules/@nativescript/canvas/platforms/ios -F ../../node_modules/@nativescript/core/platforms/ios -parse-as-library -c -j12 -enable-batch-mode -incremental -Xcc -ivfsstatcache -Xcc /Users/qingque/Library/Developer/Xcode/DerivedData/SDKStatCaches.noindex/iphoneos26.2-23C57-3794476bd08197c3e2abd9bb477ef7f7.sdkstatcache -output-file-map /Users/qingque/Library/Developer/Xcode/DerivedData/boxbound-gmbxpjcvwytnwfabbxjdzhvtcdad/Build/Intermediates.noindex/boxbound.build/Debug-iphoneos/boxbound.build/Objects-normal/arm64/boxbound-OutputFileMap.json -use-frontend-parseable-output -save-temps -no-color-diagnostics -serialize-diagnostics -emit-dependencies -emit-module -emit-module-path /Users/qingque/Library/Developer/Xcode/DerivedData/boxbound-gmbxpjcvwytnwfabbxjdzhvtcdad/Build/Intermediates.noindex/boxbound.build/Debug-iphoneos/boxbound.build/Objects-normal/arm64/boxbound.swiftmodule -validate-clang-modules-once -clang-build-session-file /Users/qingque/Library/Developer/Xcode/DerivedData/ModuleCache.noindex/Session.modulevalidation -Xcc -I/Users/qingque/Library/Developer/Xcode/DerivedData/boxbound-gmbxpjcvwytnwfabbxjdzhvtcdad/Build/Intermediates.noindex/boxbound.build/Debug-iphoneos/boxbound.build/swift-overrides.hmap -emit-const-values -Xfrontend -const-gather-protocols-file -Xfrontend /Users/qingque/Library/Developer/Xcode/DerivedData/boxbound-gmbxpjcvwytnwfabbxjdzhvtcdad/Build/Intermediates.noindex/boxbound.build/Debug-iphoneos/boxbound.build/Objects-normal/arm64/boxbound_const_extract_protocols.json -Xcc -iquote -Xcc /Users/qingque/Library/Developer/Xcode/DerivedData/boxbound-gmbxpjcvwytnwfabbxjdzhvtcdad/Build/Intermediates.noindex/boxbound.build/Debug-iphoneos/boxbound.build/boxbound-generated-files.hmap -Xcc -I/Users/qingque/Library/Developer/Xcode/DerivedData/boxbound-gmbxpjcvwytnwfabbxjdzhvtcdad/Build/Intermediates.noindex/boxbound.build/Debug-iphoneos/boxbound.build/boxbound-own-target-headers.hmap -Xcc -I/Users/qingque/Library/Developer/Xcode/DerivedData/boxbound-gmbxpjcvwytnwfabbxjdzhvtcdad/Build/Intermediates.noindex/boxbound.build/Debug-iphoneos/boxbound.build/boxbound-all-non-framework-target-headers.hmap -Xcc -ivfsoverlay -Xcc /Users/qingque/Library/Developer/Xcode/DerivedData/boxbound-gmbxpjcvwytnwfabbxjdzhvtcdad/Build/Intermediates.noindex/boxbound.build/Debug-iphoneos/boxbound-acae044c11c9a7d6040ee6fd676c88a0-VFS-iphoneos/all-product-headers.yaml -Xcc -iquote -Xcc /Users/qingque/Library/Developer/Xcode/DerivedData/boxbound-gmbxpjcvwytnwfabbxjdzhvtcdad/Build/Intermediates.noindex/boxbound.build/Debug-iphoneos/boxbound.build/boxbound-project-headers.hmap -Xcc -I/Users/qingque/Desktop/HaiyueStudio/Native/examples/boxbound/node_modules/@nativescript/canvas/platforms/ios/NativeScriptV8/Headers -Xcc -I/Users/qingque/Desktop/HaiyueStudio/Native/examples/boxbound/platforms/ios/build/Debug-iphoneos/include -Xcc -I/Users/qingque/Desktop/HaiyueStudio/Native/examples/boxbound/platforms/ios/internal/Swift-Modules -Xcc -I/Users/qingque/Desktop/HaiyueStudio/Native/examples/boxbound/platforms/ios/internal -Xcc -I/Users/qingque/Desktop/HaiyueStudio/Native/examples/boxbound/App_Resources/iOS/src -Xcc -I/Users/qingque/Desktop/HaiyueStudio/Native/examples/boxbound/node_modules/@nativescript/canvas/platforms/ios/src -Xcc -I/Users/qingque/Desktop/HaiyueStudio/Native/examples/boxbound/node_modules/@nativescript/core/platforms/ios/src -Xcc -I/Users/qingque/Desktop/HaiyueStudio/Native/examples/boxbound/platforms/ios/build/Debug-iphoneos/NativeScript.framework/Headers -Xcc -I/Users/qingque/Desktop/HaiyueStudio/Native/examples/boxbound/platforms/ios/build/Debug-iphoneos/NativeScript.framework/Headers/include -Xcc -I/Users/qingque/Library/Developer/Xcode/DerivedData/boxbound-gmbxpjcvwytnwfabbxjdzhvtcdad/Build/Intermediates.noindex/boxbound.build/Debug-iphoneos/boxbound.build/DerivedSources-normal/arm64 -Xcc -I/Users/qingque/Library/Developer/Xcode/DerivedData/boxbound-gmbxpjcvwytnwfabbxjdzhvtcdad/Build/Intermediates.noindex/boxbound.build/Debug-iphoneos/boxbound.build/DerivedSources/arm64 -Xcc -I/Users/qingque/Library/Developer/Xcode/DerivedData/boxbound-gmbxpjcvwytnwfabbxjdzhvtcdad/Build/Intermediates.noindex/boxbound.build/Debug-iphoneos/boxbound.build/DerivedSources -Xcc -DCOCOAPODS\=1 -Xcc -DDEBUG\=1 -Xcc -DNS_SWIFTUI_BOOT\=0 -emit-objc-header -emit-objc-header-path /Users/qingque/Library/Developer/Xcode/DerivedData/boxbound-gmbxpjcvwytnwfabbxjdzhvtcdad/Build/Intermediates.noindex/boxbound.build/Debug-iphoneos/boxbound.build/Objects-normal/arm64/boxbound-Swift.h -import-objc-header /Users/qingque/Desktop/HaiyueStudio/Native/examples/boxbound/platforms/ios/internal/Swift-ObjC-Bridging-Header.h -pch-output-dir /Users/qingque/Desktop/HaiyueStudio/Native/examples/boxbound/platforms/ios/build/sharedpch -working-directory /Users/qingque/Desktop/HaiyueStudio/Native/examples/boxbound/platforms/ios -experimental-emit-module-separately -disable-cmo

SwiftMergeGeneratedHeaders /Users/qingque/Library/Developer/Xcode/DerivedData/boxbound-gmbxpjcvwytnwfabbxjdzhvtcdad/Build/Intermediates.noindex/boxbound.build/Debug-iphoneos/boxbound.build/DerivedSources/boxbound-Swift.h /Users/qingque/Library/Developer/Xcode/DerivedData/boxbound-gmbxpjcvwytnwfabbxjdzhvtcdad/Build/Intermediates.noindex/boxbound.build/Debug-iphoneos/boxbound.build/Objects-normal/arm64/boxbound-Swift.h (in target 'boxbound' from project 'boxbound')
    cd /Users/qingque/Desktop/HaiyueStudio/Native/examples/boxbound/platforms/ios
    builtin-swiftHeaderTool -arch arm64 /Users/qingque/Library/Developer/Xcode/DerivedData/boxbound-gmbxpjcvwytnwfabbxjdzhvtcdad/Build/Intermediates.noindex/boxbound.build/Debug-iphoneos/boxbound.build/Objects-normal/arm64/boxbound-Swift.h -o /Users/qingque/Library/Developer/Xcode/DerivedData/boxbound-gmbxpjcvwytnwfabbxjdzhvtcdad/Build/Intermediates.noindex/boxbound.build/Debug-iphoneos/boxbound.build/DerivedSources/boxbound-Swift.h

Copy /Users/qingque/Desktop/HaiyueStudio/Native/examples/boxbound/platforms/ios/build/Debug-iphoneos/boxbound.swiftmodule/arm64-apple-ios.swiftmodule /Users/qingque/Library/Developer/Xcode/DerivedData/boxbound-gmbxpjcvwytnwfabbxjdzhvtcdad/Build/Intermediates.noindex/boxbound.build/Debug-iphoneos/boxbound.build/Objects-normal/arm64/boxbound.swiftmodule (in target 'boxbound' from project 'boxbound')
    cd /Users/qingque/Desktop/HaiyueStudio/Native/examples/boxbound/platforms/ios
    builtin-copy -exclude .DS_Store -exclude CVS -exclude .svn -exclude .git -exclude .hg -resolve-src-symlinks -rename /Users/qingque/Library/Developer/Xcode/DerivedData/boxbound-gmbxpjcvwytnwfabbxjdzhvtcdad/Build/Intermediates.noindex/boxbound.build/Debug-iphoneos/boxbound.build/Objects-normal/arm64/boxbound.swiftmodule /Users/qingque/Desktop/HaiyueStudio/Native/examples/boxbound/platforms/ios/build/Debug-iphoneos/boxbound.swiftmodule/arm64-apple-ios.swiftmodule

Copy /Users/qingque/Desktop/HaiyueStudio/Native/examples/boxbound/platforms/ios/build/Debug-iphoneos/boxbound.swiftmodule/arm64-apple-ios.abi.json /Users/qingque/Library/Developer/Xcode/DerivedData/boxbound-gmbxpjcvwytnwfabbxjdzhvtcdad/Build/Intermediates.noindex/boxbound.build/Debug-iphoneos/boxbound.build/Objects-normal/arm64/boxbound.abi.json (in target 'boxbound' from project 'boxbound')
    cd /Users/qingque/Desktop/HaiyueStudio/Native/examples/boxbound/platforms/ios
    builtin-copy -exclude .DS_Store -exclude CVS -exclude .svn -exclude .git -exclude .hg -resolve-src-symlinks -rename /Users/qingque/Library/Developer/Xcode/DerivedData/boxbound-gmbxpjcvwytnwfabbxjdzhvtcdad/Build/Intermediates.noindex/boxbound.build/Debug-iphoneos/boxbound.build/Objects-normal/arm64/boxbound.abi.json /Users/qingque/Desktop/HaiyueStudio/Native/examples/boxbound/platforms/ios/build/Debug-iphoneos/boxbound.swiftmodule/arm64-apple-ios.abi.json

Copy /Users/qingque/Desktop/HaiyueStudio/Native/examples/boxbound/platforms/ios/build/Debug-iphoneos/boxbound.swiftmodule/arm64-apple-ios.swiftdoc /Users/qingque/Library/Developer/Xcode/DerivedData/boxbound-gmbxpjcvwytnwfabbxjdzhvtcdad/Build/Intermediates.noindex/boxbound.build/Debug-iphoneos/boxbound.build/Objects-normal/arm64/boxbound.swiftdoc (in target 'boxbound' from project 'boxbound')
    cd /Users/qingque/Desktop/HaiyueStudio/Native/examples/boxbound/platforms/ios
    builtin-copy -exclude .DS_Store -exclude CVS -exclude .svn -exclude .git -exclude .hg -resolve-src-symlinks -rename /Users/qingque/Library/Developer/Xcode/DerivedData/boxbound-gmbxpjcvwytnwfabbxjdzhvtcdad/Build/Intermediates.noindex/boxbound.build/Debug-iphoneos/boxbound.build/Objects-normal/arm64/boxbound.swiftdoc /Users/qingque/Desktop/HaiyueStudio/Native/examples/boxbound/platforms/ios/build/Debug-iphoneos/boxbound.swiftmodule/arm64-apple-ios.swiftdoc

Copy /Users/qingque/Desktop/HaiyueStudio/Native/examples/boxbound/platforms/ios/build/Debug-iphoneos/boxbound.swiftmodule/Project/arm64-apple-ios.swiftsourceinfo /Users/qingque/Library/Developer/Xcode/DerivedData/boxbound-gmbxpjcvwytnwfabbxjdzhvtcdad/Build/Intermediates.noindex/boxbound.build/Debug-iphoneos/boxbound.build/Objects-normal/arm64/boxbound.swiftsourceinfo (in target 'boxbound' from project 'boxbound')
    cd /Users/qingque/Desktop/HaiyueStudio/Native/examples/boxbound/platforms/ios
    builtin-copy -exclude .DS_Store -exclude CVS -exclude .svn -exclude .git -exclude .hg -resolve-src-symlinks -rename /Users/qingque/Library/Developer/Xcode/DerivedData/boxbound-gmbxpjcvwytnwfabbxjdzhvtcdad/Build/Intermediates.noindex/boxbound.build/Debug-iphoneos/boxbound.build/Objects-normal/arm64/boxbound.swiftsourceinfo /Users/qingque/Desktop/HaiyueStudio/Native/examples/boxbound/platforms/ios/build/Debug-iphoneos/boxbound.swiftmodule/Project/arm64-apple-ios.swiftsourceinfo

ProcessPCH++ /Users/qingque/Desktop/HaiyueStudio/Native/examples/boxbound/platforms/ios/build/sharedpch/SharedPrecompiledHeaders/17560698271525316586/boxbound-Prefix.pch.gch /Users/qingque/Desktop/HaiyueStudio/Native/examples/boxbound/platforms/ios/boxbound/boxbound-Prefix.pch normal arm64 c++ com.apple.compilers.llvm.clang.1_0.compiler (in target 'boxbound' from project 'boxbound')
    cd /Users/qingque/Desktop/HaiyueStudio/Native/examples/boxbound/platforms/ios
    
    Precompile of '/Users/qingque/Desktop/HaiyueStudio/Native/examples/boxbound/platforms/ios/boxbound/boxbound-Prefix.pch' required by '/Users/qingque/Desktop/HaiyueStudio/Native/examples/boxbound/node_modules/@nativescript/canvas/platforms/ios/src/cpp/Caches.cpp'
    Using response file: /Users/qingque/Library/Developer/Xcode/DerivedData/boxbound-gmbxpjcvwytnwfabbxjdzhvtcdad/Build/Intermediates.noindex/boxbound.build/Debug-iphoneos/boxbound.build/Objects-normal/arm64/82b82416624d2658e5098eb0a28c15c5-common-args.resp
    
    /Applications/Xcode.app/Contents/Developer/Toolchains/XcodeDefault.xctoolchain/usr/bin/clang -x c++-header -fmessage-length\=0 -fdiagnostics-show-note-include-stack -fmacro-backtrace-limit\=0 -fno-color-diagnostics -Wno-trigraphs -Wno-missing-field-initializers -Wno-missing-prototypes -Werror\=return-type -Wunreachable-code -Werror\=deprecated-objc-isa-usage -Werror\=objc-root-class -Wno-non-virtual-dtor -Wno-overloaded-virtual -Wno-exit-time-destructors -Wno-missing-braces -Wparentheses -Wswitch -Wunused-function -Wno-unused-label -Wno-unused-parameter -Wunused-variable -Wunused-value -Wempty-body -Wuninitialized -Wno-unknown-pragmas -Wno-shadow -Wno-four-char-constants -Wno-conversion -Wconstant-conversion -Wint-conversion -Wbool-conversion -Wenum-conversion -Wno-float-conversion -Wnon-literal-null-conversion -Wobjc-literal-conversion -Wshorten-64-to-32 -Wno-newline-eof -Wno-c++11-extensions -Wno-implicit-fallthrough -fstrict-aliasing -Wdeprecated-declarations -Winvalid-offsetof -Wno-sign-conversion -Winfinite-recursion -Wmove -Wcomma -Wblock-capture-autoreleasing -Wstrict-prototypes -Wrange-loop-analysis -Wno-semicolon-before-method-body -index-store-path /Users/qingque/Library/Developer/Xcode/DerivedData/boxbound-gmbxpjcvwytnwfabbxjdzhvtcdad/Index.noindex/DataStore @/Users/qingque/Library/Developer/Xcode/DerivedData/boxbound-gmbxpjcvwytnwfabbxjdzhvtcdad/Build/Intermediates.noindex/boxbound.build/Debug-iphoneos/boxbound.build/Objects-normal/arm64/82b82416624d2658e5098eb0a28c15c5-common-args.resp -c /Users/qingque/Desktop/HaiyueStudio/Native/examples/boxbound/platforms/ios/boxbound/boxbound-Prefix.pch -MD -MT dependencies -MF /Users/qingque/Desktop/HaiyueStudio/Native/examples/boxbound/platforms/ios/build/sharedpch/SharedPrecompiledHeaders/17560698271525316586/boxbound-Prefix.pch.d -o /Users/qingque/Desktop/HaiyueStudio/Native/examples/boxbound/platforms/ios/build/sharedpch/SharedPrecompiledHeaders/17560698271525316586/boxbound-Prefix.pch.gch --serialize-diagnostics /Users/qingque/Desktop/HaiyueStudio/Native/examples/boxbound/platforms/ios/build/sharedpch/SharedPrecompiledHeaders/17560698271525316586/boxbound-Prefix.pch.dia

ProcessPCH /Users/qingque/Desktop/HaiyueStudio/Native/examples/boxbound/platforms/ios/build/sharedpch/SharedPrecompiledHeaders/8894485606243376266/boxbound-Prefix.pch.gch /Users/qingque/Desktop/HaiyueStudio/Native/examples/boxbound/platforms/ios/boxbound/boxbound-Prefix.pch normal arm64 c com.apple.compilers.llvm.clang.1_0.compiler (in target 'boxbound' from project 'boxbound')
    cd /Users/qingque/Desktop/HaiyueStudio/Native/examples/boxbound/platforms/ios
    
    Precompile of '/Users/qingque/Desktop/HaiyueStudio/Native/examples/boxbound/platforms/ios/boxbound/boxbound-Prefix.pch' required by '/Users/qingque/Desktop/HaiyueStudio/Native/examples/boxbound/node_modules/@nativescript/canvas/platforms/ios/src/cpp/gl3stub.c'
    Using response file: /Users/qingque/Library/Developer/Xcode/DerivedData/boxbound-gmbxpjcvwytnwfabbxjdzhvtcdad/Build/Intermediates.noindex/boxbound.build/Debug-iphoneos/boxbound.build/Objects-normal/arm64/7187679823f38a2a940e0043cdf9d637-common-args.resp
    
    /Applications/Xcode.app/Contents/Developer/Toolchains/XcodeDefault.xctoolchain/usr/bin/clang -x c-header -fmessage-length\=0 -fdiagnostics-show-note-include-stack -fmacro-backtrace-limit\=0 -fno-color-diagnostics -Wno-trigraphs -Wno-missing-field-initializers -Wno-missing-prototypes -Werror\=return-type -Wunreachable-code -Werror\=deprecated-objc-isa-usage -Werror\=objc-root-class -Wno-missing-braces -Wparentheses -Wswitch -Wunused-function -Wno-unused-label -Wno-unused-parameter -Wunused-variable -Wunused-value -Wempty-body -Wuninitialized -Wno-unknown-pragmas -Wno-shadow -Wno-four-char-constants -Wno-conversion -Wconstant-conversion -Wint-conversion -Wbool-conversion -Wenum-conversion -Wno-float-conversion -Wnon-literal-null-conversion -Wobjc-literal-conversion -Wshorten-64-to-32 -Wpointer-sign -Wno-newline-eof -Wno-implicit-fallthrough -fstrict-aliasing -Wdeprecated-declarations -Wno-sign-conversion -Winfinite-recursion -Wcomma -Wblock-capture-autoreleasing -Wstrict-prototypes -Wno-semicolon-before-method-body -index-store-path /Users/qingque/Library/Developer/Xcode/DerivedData/boxbound-gmbxpjcvwytnwfabbxjdzhvtcdad/Index.noindex/DataStore @/Users/qingque/Library/Developer/Xcode/DerivedData/boxbound-gmbxpjcvwytnwfabbxjdzhvtcdad/Build/Intermediates.noindex/boxbound.build/Debug-iphoneos/boxbound.build/Objects-normal/arm64/7187679823f38a2a940e0043cdf9d637-common-args.resp -c /Users/qingque/Desktop/HaiyueStudio/Native/examples/boxbound/platforms/ios/boxbound/boxbound-Prefix.pch -MD -MT dependencies -MF /Users/qingque/Desktop/HaiyueStudio/Native/examples/boxbound/platforms/ios/build/sharedpch/SharedPrecompiledHeaders/8894485606243376266/boxbound-Prefix.pch.d -o /Users/qingque/Desktop/HaiyueStudio/Native/examples/boxbound/platforms/ios/build/sharedpch/SharedPrecompiledHeaders/8894485606243376266/boxbound-Prefix.pch.gch --serialize-diagnostics /Users/qingque/Desktop/HaiyueStudio/Native/examples/boxbound/platforms/ios/build/sharedpch/SharedPrecompiledHeaders/8894485606243376266/boxbound-Prefix.pch.dia

ProcessPCH++ /Users/qingque/Desktop/HaiyueStudio/Native/examples/boxbound/platforms/ios/build/sharedpch/SharedPrecompiledHeaders/5627123511641207197/boxbound-Prefix.pch.gch /Users/qingque/Desktop/HaiyueStudio/Native/examples/boxbound/platforms/ios/boxbound/boxbound-Prefix.pch normal arm64 objective-c++ com.apple.compilers.llvm.clang.1_0.compiler (in target 'boxbound' from project 'boxbound')
    cd /Users/qingque/Desktop/HaiyueStudio/Native/examples/boxbound/platforms/ios
    
    Precompile of '/Users/qingque/Desktop/HaiyueStudio/Native/examples/boxbound/platforms/ios/boxbound/boxbound-Prefix.pch' required by '/Users/qingque/Desktop/HaiyueStudio/Native/examples/boxbound/node_modules/@nativescript/canvas/platforms/ios/src/CanvasModule.mm'
    Using response file: /Users/qingque/Library/Developer/Xcode/DerivedData/boxbound-gmbxpjcvwytnwfabbxjdzhvtcdad/Build/Intermediates.noindex/boxbound.build/Debug-iphoneos/boxbound.build/Objects-normal/arm64/af3fcb34312c57c0f52879cdce924b91-common-args.resp
    
    /Applications/Xcode.app/Contents/Developer/Toolchains/XcodeDefault.xctoolchain/usr/bin/clang -x objective-c++-header -fmessage-length\=0 -fdiagnostics-show-note-include-stack -fmacro-backtrace-limit\=0 -fno-color-diagnostics -Wno-trigraphs -Wno-missing-field-initializers -Wno-missing-prototypes -Werror\=return-type -Wunreachable-code -Wno-implicit-atomic-properties -Werror\=deprecated-objc-isa-usage -Wno-objc-interface-ivars -Werror\=objc-root-class -Wno-arc-repeated-use-of-weak -Wimplicit-retain-self -Wno-non-virtual-dtor -Wno-overloaded-virtual -Wno-exit-time-destructors -Wduplicate-method-match -Wno-missing-braces -Wparentheses -Wswitch -Wunused-function -Wno-unused-label -Wno-unused-parameter -Wunused-variable -Wunused-value -Wempty-body -Wuninitialized -Wno-unknown-pragmas -Wno-shadow -Wno-four-char-constants -Wno-conversion -Wconstant-conversion -Wint-conversion -Wbool-conversion -Wenum-conversion -Wno-float-conversion -Wnon-literal-null-conversion -Wobjc-literal-conversion -Wshorten-64-to-32 -Wno-newline-eof -Wno-selector -Wno-strict-selector-match -Wundeclared-selector -Wdeprecated-implementations -Wno-c++11-extensions -Wno-implicit-fallthrough -fstrict-aliasing -Wprotocol -Wdeprecated-declarations -Winvalid-offsetof -Wno-sign-conversion -Winfinite-recursion -Wmove -Wcomma -Wblock-capture-autoreleasing -Wstrict-prototypes -Wrange-loop-analysis -Wno-semicolon-before-method-body -index-store-path /Users/qingque/Library/Developer/Xcode/DerivedData/boxbound-gmbxpjcvwytnwfabbxjdzhvtcdad/Index.noindex/DataStore @/Users/qingque/Library/Developer/Xcode/DerivedData/boxbound-gmbxpjcvwytnwfabbxjdzhvtcdad/Build/Intermediates.noindex/boxbound.build/Debug-iphoneos/boxbound.build/Objects-normal/arm64/af3fcb34312c57c0f52879cdce924b91-common-args.resp -c /Users/qingque/Desktop/HaiyueStudio/Native/examples/boxbound/platforms/ios/boxbound/boxbound-Prefix.pch -MD -MT dependencies -MF /Users/qingque/Desktop/HaiyueStudio/Native/examples/boxbound/platforms/ios/build/sharedpch/SharedPrecompiledHeaders/5627123511641207197/boxbound-Prefix.pch.d -o /Users/qingque/Desktop/HaiyueStudio/Native/examples/boxbound/platforms/ios/build/sharedpch/SharedPrecompiledHeaders/5627123511641207197/boxbound-Prefix.pch.gch --serialize-diagnostics /Users/qingque/Desktop/HaiyueStudio/Native/examples/boxbound/platforms/ios/build/sharedpch/SharedPrecompiledHeaders/5627123511641207197/boxbound-Prefix.pch.dia

ProcessPCH /Users/qingque/Desktop/HaiyueStudio/Native/examples/boxbound/platforms/ios/build/sharedpch/SharedPrecompiledHeaders/11461375716485269268/boxbound-Prefix.pch.gch /Users/qingque/Desktop/HaiyueStudio/Native/examples/boxbound/platforms/ios/boxbound/boxbound-Prefix.pch normal arm64 objective-c com.apple.compilers.llvm.clang.1_0.compiler (in target 'boxbound' from project 'boxbound')
    cd /Users/qingque/Desktop/HaiyueStudio/Native/examples/boxbound/platforms/ios
    
    Precompile of '/Users/qingque/Desktop/HaiyueStudio/Native/examples/boxbound/platforms/ios/boxbound/boxbound-Prefix.pch' required by '/Users/qingque/Desktop/HaiyueStudio/Native/examples/boxbound/platforms/ios/internal/main.m'
    Using response file: /Users/qingque/Library/Developer/Xcode/DerivedData/boxbound-gmbxpjcvwytnwfabbxjdzhvtcdad/Build/Intermediates.noindex/boxbound.build/Debug-iphoneos/boxbound.build/Objects-normal/arm64/e6072d4f65d7061329687fe24e3d63a7-common-args.resp
    
    /Applications/Xcode.app/Contents/Developer/Toolchains/XcodeDefault.xctoolchain/usr/bin/clang -x objective-c-header -fmessage-length\=0 -fdiagnostics-show-note-include-stack -fmacro-backtrace-limit\=0 -fno-color-diagnostics -Wno-trigraphs -Wno-missing-field-initializers -Wno-missing-prototypes -Werror\=return-type -Wunreachable-code -Wno-implicit-atomic-properties -Werror\=deprecated-objc-isa-usage -Wno-objc-interface-ivars -Werror\=objc-root-class -Wno-arc-repeated-use-of-weak -Wimplicit-retain-self -Wduplicate-method-match -Wno-missing-braces -Wparentheses -Wswitch -Wunused-function -Wno-unused-label -Wno-unused-parameter -Wunused-variable -Wunused-value -Wempty-body -Wuninitialized -Wno-unknown-pragmas -Wno-shadow -Wno-four-char-constants -Wno-conversion -Wconstant-conversion -Wint-conversion -Wbool-conversion -Wenum-conversion -Wno-float-conversion -Wnon-literal-null-conversion -Wobjc-literal-conversion -Wshorten-64-to-32 -Wpointer-sign -Wno-newline-eof -Wno-selector -Wno-strict-selector-match -Wundeclared-selector -Wdeprecated-implementations -Wno-implicit-fallthrough -fstrict-aliasing -Wprotocol -Wdeprecated-declarations -Wno-sign-conversion -Winfinite-recursion -Wcomma -Wblock-capture-autoreleasing -Wstrict-prototypes -Wno-semicolon-before-method-body -index-store-path /Users/qingque/Library/Developer/Xcode/DerivedData/boxbound-gmbxpjcvwytnwfabbxjdzhvtcdad/Index.noindex/DataStore @/Users/qingque/Library/Developer/Xcode/DerivedData/boxbound-gmbxpjcvwytnwfabbxjdzhvtcdad/Build/Intermediates.noindex/boxbound.build/Debug-iphoneos/boxbound.build/Objects-normal/arm64/e6072d4f65d7061329687fe24e3d63a7-common-args.resp -c /Users/qingque/Desktop/HaiyueStudio/Native/examples/boxbound/platforms/ios/boxbound/boxbound-Prefix.pch -MD -MT dependencies -MF /Users/qingque/Desktop/HaiyueStudio/Native/examples/boxbound/platforms/ios/build/sharedpch/SharedPrecompiledHeaders/11461375716485269268/boxbound-Prefix.pch.d -o /Users/qingque/Desktop/HaiyueStudio/Native/examples/boxbound/platforms/ios/build/sharedpch/SharedPrecompiledHeaders/11461375716485269268/boxbound-Prefix.pch.gch --serialize-diagnostics /Users/qingque/Desktop/HaiyueStudio/Native/examples/boxbound/platforms/ios/build/sharedpch/SharedPrecompiledHeaders/11461375716485269268/boxbound-Prefix.pch.dia

CompileC /Users/qingque/Library/Developer/Xcode/DerivedData/boxbound-gmbxpjcvwytnwfabbxjdzhvtcdad/Build/Intermediates.noindex/boxbound.build/Debug-iphoneos/boxbound.build/Objects-normal/arm64/gl3stub.o /Users/qingque/Desktop/HaiyueStudio/Native/examples/boxbound/node_modules/@nativescript/canvas/platforms/ios/src/cpp/gl3stub.c normal arm64 c com.apple.compilers.llvm.clang.1_0.compiler (in target 'boxbound' from project 'boxbound')
    cd /Users/qingque/Desktop/HaiyueStudio/Native/examples/boxbound/platforms/ios
    
    Using response file: /Users/qingque/Library/Developer/Xcode/DerivedData/boxbound-gmbxpjcvwytnwfabbxjdzhvtcdad/Build/Intermediates.noindex/boxbound.build/Debug-iphoneos/boxbound.build/Objects-normal/arm64/7187679823f38a2a940e0043cdf9d637-common-args.resp
    
    /Applications/Xcode.app/Contents/Developer/Toolchains/XcodeDefault.xctoolchain/usr/bin/clang -x c -ivfsstatcache /Users/qingque/Library/Developer/Xcode/DerivedData/SDKStatCaches.noindex/iphoneos26.2-23C57-3794476bd08197c3e2abd9bb477ef7f7.sdkstatcache -fmessage-length\=0 -fdiagnostics-show-note-include-stack -fmacro-backtrace-limit\=0 -fno-color-diagnostics -Wno-trigraphs -Wno-missing-field-initializers -Wno-missing-prototypes -Werror\=return-type -Wunreachable-code -Werror\=deprecated-objc-isa-usage -Werror\=objc-root-class -Wno-missing-braces -Wparentheses -Wswitch -Wunused-function -Wno-unused-label -Wno-unused-parameter -Wunused-variable -Wunused-value -Wempty-body -Wuninitialized -Wno-unknown-pragmas -Wno-shadow -Wno-four-char-constants -Wno-conversion -Wconstant-conversion -Wint-conversion -Wbool-conversion -Wenum-conversion -Wno-float-conversion -Wnon-literal-null-conversion -Wobjc-literal-conversion -Wshorten-64-to-32 -Wpointer-sign -Wno-newline-eof -Wno-implicit-fallthrough -fstrict-aliasing -Wdeprecated-declarations -Wno-sign-conversion -Winfinite-recursion -Wcomma -Wblock-capture-autoreleasing -Wstrict-prototypes -Wno-semicolon-before-method-body -index-store-path /Users/qingque/Library/Developer/Xcode/DerivedData/boxbound-gmbxpjcvwytnwfabbxjdzhvtcdad/Index.noindex/DataStore @/Users/qingque/Library/Developer/Xcode/DerivedData/boxbound-gmbxpjcvwytnwfabbxjdzhvtcdad/Build/Intermediates.noindex/boxbound.build/Debug-iphoneos/boxbound.build/Objects-normal/arm64/7187679823f38a2a940e0043cdf9d637-common-args.resp -include /Users/qingque/Desktop/HaiyueStudio/Native/examples/boxbound/platforms/ios/build/sharedpch/SharedPrecompiledHeaders/8894485606243376266/boxbound-Prefix.pch -MMD -MT dependencies -MF /Users/qingque/Library/Developer/Xcode/DerivedData/boxbound-gmbxpjcvwytnwfabbxjdzhvtcdad/Build/Intermediates.noindex/boxbound.build/Debug-iphoneos/boxbound.build/Objects-normal/arm64/gl3stub.d --serialize-diagnostics /Users/qingque/Library/Developer/Xcode/DerivedData/boxbound-gmbxpjcvwytnwfabbxjdzhvtcdad/Build/Intermediates.noindex/boxbound.build/Debug-iphoneos/boxbound.build/Objects-normal/arm64/gl3stub.dia -c /Users/qingque/Desktop/HaiyueStudio/Native/examples/boxbound/node_modules/@nativescript/canvas/platforms/ios/src/cpp/gl3stub.c -o /Users/qingque/Library/Developer/Xcode/DerivedData/boxbound-gmbxpjcvwytnwfabbxjdzhvtcdad/Build/Intermediates.noindex/boxbound.build/Debug-iphoneos/boxbound.build/Objects-normal/arm64/gl3stub.o -index-unit-output-path /boxbound.build/Debug-iphoneos/boxbound.build/Objects-normal/arm64/gl3stub.o

CompileC /Users/qingque/Library/Developer/Xcode/DerivedData/boxbound-gmbxpjcvwytnwfabbxjdzhvtcdad/Build/Intermediates.noindex/boxbound.build/Debug-iphoneos/boxbound.build/Objects-normal/arm64/WebGLRenderingContext.o /Users/qingque/Desktop/HaiyueStudio/Native/examples/boxbound/node_modules/@nativescript/canvas/platforms/ios/src/cpp/webgl/WebGLRenderingContext.cpp normal arm64 c++ com.apple.compilers.llvm.clang.1_0.compiler (in target 'boxbound' from project 'boxbound')
    cd /Users/qingque/Desktop/HaiyueStudio/Native/examples/boxbound/platforms/ios
    
    Using response file: /Users/qingque/Library/Developer/Xcode/DerivedData/boxbound-gmbxpjcvwytnwfabbxjdzhvtcdad/Build/Intermediates.noindex/boxbound.build/Debug-iphoneos/boxbound.build/Objects-normal/arm64/82b82416624d2658e5098eb0a28c15c5-common-args.resp
    
    /Applications/Xcode.app/Contents/Developer/Toolchains/XcodeDefault.xctoolchain/usr/bin/clang -x c++ -ivfsstatcache /Users/qingque/Library/Developer/Xcode/DerivedData/SDKStatCaches.noindex/iphoneos26.2-23C57-3794476bd08197c3e2abd9bb477ef7f7.sdkstatcache -fmessage-length\=0 -fdiagnostics-show-note-include-stack -fmacro-backtrace-limit\=0 -fno-color-diagnostics -Wno-trigraphs -Wno-missing-field-initializers -Wno-missing-prototypes -Werror\=return-type -Wunreachable-code -Werror\=deprecated-objc-isa-usage -Werror\=objc-root-class -Wno-non-virtual-dtor -Wno-overloaded-virtual -Wno-exit-time-destructors -Wno-missing-braces -Wparentheses -Wswitch -Wunused-function -Wno-unused-label -Wno-unused-parameter -Wunused-variable -Wunused-value -Wempty-body -Wuninitialized -Wno-unknown-pragmas -Wno-shadow -Wno-four-char-constants -Wno-conversion -Wconstant-conversion -Wint-conversion -Wbool-conversion -Wenum-conversion -Wno-float-conversion -Wnon-literal-null-conversion -Wobjc-literal-conversion -Wshorten-64-to-32 -Wno-newline-eof -Wno-c++11-extensions -Wno-implicit-fallthrough -fstrict-aliasing -Wdeprecated-declarations -Winvalid-offsetof -Wno-sign-conversion -Winfinite-recursion -Wmove -Wcomma -Wblock-capture-autoreleasing -Wstrict-prototypes -Wrange-loop-analysis -Wno-semicolon-before-method-body -index-store-path /Users/qingque/Library/Developer/Xcode/DerivedData/boxbound-gmbxpjcvwytnwfabbxjdzhvtcdad/Index.noindex/DataStore @/Users/qingque/Library/Developer/Xcode/DerivedData/boxbound-gmbxpjcvwytnwfabbxjdzhvtcdad/Build/Intermediates.noindex/boxbound.build/Debug-iphoneos/boxbound.build/Objects-normal/arm64/82b82416624d2658e5098eb0a28c15c5-common-args.resp -include /Users/qingque/Desktop/HaiyueStudio/Native/examples/boxbound/platforms/ios/build/sharedpch/SharedPrecompiledHeaders/17560698271525316586/boxbound-Prefix.pch -MMD -MT dependencies -MF /Users/qingque/Library/Developer/Xcode/DerivedData/boxbound-gmbxpjcvwytnwfabbxjdzhvtcdad/Build/Intermediates.noindex/boxbound.build/Debug-iphoneos/boxbound.build/Objects-normal/arm64/WebGLRenderingContext.d --serialize-diagnostics /Users/qingque/Library/Developer/Xcode/DerivedData/boxbound-gmbxpjcvwytnwfabbxjdzhvtcdad/Build/Intermediates.noindex/boxbound.build/Debug-iphoneos/boxbound.build/Objects-normal/arm64/WebGLRenderingContext.dia -c /Users/qingque/Desktop/HaiyueStudio/Native/examples/boxbound/node_modules/@nativescript/canvas/platforms/ios/src/cpp/webgl/WebGLRenderingContext.cpp -o /Users/qingque/Library/Developer/Xcode/DerivedData/boxbound-gmbxpjcvwytnwfabbxjdzhvtcdad/Build/Intermediates.noindex/boxbound.build/Debug-iphoneos/boxbound.build/Objects-normal/arm64/WebGLRenderingContext.o -index-unit-output-path /boxbound.build/Debug-iphoneos/boxbound.build/Objects-normal/arm64/WebGLRenderingContext.o
In file included from /Users/qingque/Desktop/HaiyueStudio/Native/examples/boxbound/node_modules/@nativescript/canvas/platforms/ios/src/cpp/webgl/WebGLRenderingContext.cpp:5:
In file included from /Users/qingque/Desktop/HaiyueStudio/Native/examples/boxbound/node_modules/@nativescript/canvas/platforms/ios/src/cpp/webgl/WebGLRenderingContext.h:32:
/Users/qingque/Desktop/HaiyueStudio/Native/examples/boxbound/node_modules/@nativescript/canvas/platforms/ios/src/cpp/webgl/extensions/EXT_blend_minmaxImpl.h:23:9: warning: ignoring return value of function declared with 'warn_unused_result' attribute [-Wunused-result]
   23 |         object->Set(context, ConvertToV8String(isolate, "ext_name"),
      |         ^~~~~~~~~~~ ~~~~~~~~~~~~~~~~~~~~~~~~~~~~~~~~~~~~~~~~~~~~~~~~
   24 |                     ConvertToV8String(isolate, "EXT_blend_minmax"));
      |                     ~~~~~~~~~~~~~~~~~~~~~~~~~~~~~~~~~~~~~~~~~~~~~~
In file included from /Users/qingque/Desktop/HaiyueStudio/Native/examples/boxbound/node_modules/@nativescript/canvas/platforms/ios/src/cpp/webgl/WebGLRenderingContext.cpp:5:
In file included from /Users/qingque/Desktop/HaiyueStudio/Native/examples/boxbound/node_modules/@nativescript/canvas/platforms/ios/src/cpp/webgl/WebGLRenderingContext.h:33:
/Users/qingque/Desktop/HaiyueStudio/Native/examples/boxbound/node_modules/@nativescript/canvas/platforms/ios/src/cpp/webgl/extensions/EXT_color_buffer_half_floatImpl.h:23:9: warning: ignoring return value of function declared with 'warn_unused_result' attribute [-Wunused-result]
   23 |         object->Set(context, ConvertToV8String(isolate, "ext_name"),
      |         ^~~~~~~~~~~ ~~~~~~~~~~~~~~~~~~~~~~~~~~~~~~~~~~~~~~~~~~~~~~~~
   24 |                     ConvertToV8String(isolate, "EXT_color_buffer_half_float"));
      |                     ~~~~~~~~~~~~~~~~~~~~~~~~~~~~~~~~~~~~~~~~~~~~~~~~~~~~~~~~~
In file included from /Users/qingque/Desktop/HaiyueStudio/Native/examples/boxbound/node_modules/@nativescript/canvas/platforms/ios/src/cpp/webgl/WebGLRenderingContext.cpp:5:
In file included from /Users/qingque/Desktop/HaiyueStudio/Native/examples/boxbound/node_modules/@nativescript/canvas/platforms/ios/src/cpp/webgl/WebGLRenderingContext.h:34:
/Users/qingque/Desktop/HaiyueStudio/Native/examples/boxbound/node_modules/@nativescript/canvas/platforms/ios/src/cpp/webgl/extensions/EXT_disjoint_timer_queryImpl.h:33:9: warning: ignoring return value of function declared with 'warn_unused_result' attribute [-Wunused-result]
   33 |         object->Set(context, ConvertToV8String(isolate, "ext_name"),
      |         ^~~~~~~~~~~ ~~~~~~~~~~~~~~~~~~~~~~~~~~~~~~~~~~~~~~~~~~~~~~~~
   34 |                     ConvertToV8String(isolate, "EXT_disjoint_timer_query"));
      |                     ~~~~~~~~~~~~~~~~~~~~~~~~~~~~~~~~~~~~~~~~~~~~~~~~~~~~~~
In file included from /Users/qingque/Desktop/HaiyueStudio/Native/examples/boxbound/node_modules/@nativescript/canvas/platforms/ios/src/cpp/webgl/WebGLRenderingContext.cpp:5:
In file included from /Users/qingque/Desktop/HaiyueStudio/Native/examples/boxbound/node_modules/@nativescript/canvas/platforms/ios/src/cpp/webgl/WebGLRenderingContext.h:51:
/Users/qingque/Desktop/HaiyueStudio/Native/examples/boxbound/node_modules/@nativescript/canvas/platforms/ios/src/cpp/webgl/extensions/WEBGL_compressed_texture_s3tc_srgbImpl.h:58:9: warning: ignoring return value of function declared with 'warn_unused_result' attribute [-Wunused-result]
   58 |         object->Set(context, ConvertToV8String(isolate, "ext_name"),
      |         ^~~~~~~~~~~ ~~~~~~~~~~~~~~~~~~~~~~~~~~~~~~~~~~~~~~~~~~~~~~~~
   59 |                     ConvertToV8String(isolate, "WEBGL_compressed_texture_s3tc_srgb"));
      |                     ~~~~~~~~~~~~~~~~~~~~~~~~~~~~~~~~~~~~~~~~~~~~~~~~~~~~~~~~~~~~~~~~
In file included from /Users/qingque/Desktop/HaiyueStudio/Native/examples/boxbound/node_modules/@nativescript/canvas/platforms/ios/src/cpp/webgl/WebGLRenderingContext.cpp:5:
/Users/qingque/Desktop/HaiyueStudio/Native/examples/boxbound/node_modules/@nativescript/canvas/platforms/ios/src/cpp/webgl/WebGLRenderingContext.h:1801:16: warning: implicit conversion loses integer precision: 'uintptr_t' (aka 'unsigned long') to 'int32_t' (aka 'int') [-Wshorten-64-to-32]
 1801 |         return canvas_native_webgl_get_vertex_attrib_offset(
      |         ~~~~~~ ^~~~~~~~~~~~~~~~~~~~~~~~~~~~~~~~~~~~~~~~~~~~~
 1802 |                 index,
      |                 ~~~~~~
 1803 |                 pname,
      |                 ~~~~~~
 1804 |                 ptr->GetState());
      |                 ~~~~~~~~~~~~~~~~
In file included from /Users/qingque/Desktop/HaiyueStudio/Native/examples/boxbound/node_modules/@nativescript/canvas/platforms/ios/src/cpp/webgl/WebGLRenderingContext.cpp:5:
In file included from /Users/qingque/Desktop/HaiyueStudio/Native/examples/boxbound/node_modules/@nativescript/canvas/platforms/ios/src/cpp/webgl/WebGLRenderingContext.h:11:
In file included from /Users/qingque/Desktop/HaiyueStudio/Native/examples/boxbound/node_modules/@nativescript/canvas/platforms/ios/src/cpp/webgl/WebGLRenderingContextBase.h:12:
/Users/qingque/Desktop/HaiyueStudio/Native/examples/boxbound/node_modules/@nativescript/canvas/platforms/ios/src/cpp/Helpers.h:63:13: warning: unused function 'LogToConsole' [-Wunused-function]
   63 | static void LogToConsole(const std::string &message) {
      |             ^~~~~~~~~~~~
/Users/qingque/Desktop/HaiyueStudio/Native/examples/boxbound/node_modules/@nativescript/canvas/platforms/ios/src/cpp/Helpers.h:210:13: warning: unused function 'SetFastMethod' [-Wunused-function]
  210 | static void SetFastMethod(v8::Local<v8::Context> context,
      |             ^~~~~~~~~~~~~
/Users/qingque/Desktop/HaiyueStudio/Native/examples/boxbound/node_modules/@nativescript/canvas/platforms/ios/src/cpp/Helpers.h:234:13: warning: unused function 'SetFastMethodNoSideEffect' [-Wunused-function]
  234 | static void SetFastMethodNoSideEffect(v8::Local<v8::Context> context,
      |             ^~~~~~~~~~~~~~~~~~~~~~~~~
/Users/qingque/Desktop/HaiyueStudio/Native/examples/boxbound/node_modules/@nativescript/canvas/platforms/ios/src/cpp/Helpers.h:258:13: warning: unused function 'SetFastMethodNoSideEffect' [-Wunused-function]
  258 | static void SetFastMethodNoSideEffect(v8::Isolate *isolate,
      |             ^~~~~~~~~~~~~~~~~~~~~~~~~
9 warnings generated.

CompileC /Users/qingque/Library/Developer/Xcode/DerivedData/boxbound-gmbxpjcvwytnwfabbxjdzhvtcdad/Build/Intermediates.noindex/boxbound.build/Debug-iphoneos/boxbound.build/Objects-normal/arm64/WebGLShaderPrecisionFormatImpl.o /Users/qingque/Desktop/HaiyueStudio/Native/examples/boxbound/node_modules/@nativescript/canvas/platforms/ios/src/cpp/webgl/WebGLShaderPrecisionFormatImpl.cpp normal arm64 c++ com.apple.compilers.llvm.clang.1_0.compiler (in target 'boxbound' from project 'boxbound')
    cd /Users/qingque/Desktop/HaiyueStudio/Native/examples/boxbound/platforms/ios
    
    Using response file: /Users/qingque/Library/Developer/Xcode/DerivedData/boxbound-gmbxpjcvwytnwfabbxjdzhvtcdad/Build/Intermediates.noindex/boxbound.build/Debug-iphoneos/boxbound.build/Objects-normal/arm64/82b82416624d2658e5098eb0a28c15c5-common-args.resp
    
    /Applications/Xcode.app/Contents/Developer/Toolchains/XcodeDefault.xctoolchain/usr/bin/clang -x c++ -ivfsstatcache /Users/qingque/Library/Developer/Xcode/DerivedData/SDKStatCaches.noindex/iphoneos26.2-23C57-3794476bd08197c3e2abd9bb477ef7f7.sdkstatcache -fmessage-length\=0 -fdiagnostics-show-note-include-stack -fmacro-backtrace-limit\=0 -fno-color-diagnostics -Wno-trigraphs -Wno-missing-field-initializers -Wno-missing-prototypes -Werror\=return-type -Wunreachable-code -Werror\=deprecated-objc-isa-usage -Werror\=objc-root-class -Wno-non-virtual-dtor -Wno-overloaded-virtual -Wno-exit-time-destructors -Wno-missing-braces -Wparentheses -Wswitch -Wunused-function -Wno-unused-label -Wno-unused-parameter -Wunused-variable -Wunused-value -Wempty-body -Wuninitialized -Wno-unknown-pragmas -Wno-shadow -Wno-four-char-constants -Wno-conversion -Wconstant-conversion -Wint-conversion -Wbool-conversion -Wenum-conversion -Wno-float-conversion -Wnon-literal-null-conversion -Wobjc-literal-conversion -Wshorten-64-to-32 -Wno-newline-eof -Wno-c++11-extensions -Wno-implicit-fallthrough -fstrict-aliasing -Wdeprecated-declarations -Winvalid-offsetof -Wno-sign-conversion -Winfinite-recursion -Wmove -Wcomma -Wblock-capture-autoreleasing -Wstrict-prototypes -Wrange-loop-analysis -Wno-semicolon-before-method-body -index-store-path /Users/qingque/Library/Developer/Xcode/DerivedData/boxbound-gmbxpjcvwytnwfabbxjdzhvtcdad/Index.noindex/DataStore @/Users/qingque/Library/Developer/Xcode/DerivedData/boxbound-gmbxpjcvwytnwfabbxjdzhvtcdad/Build/Intermediates.noindex/boxbound.build/Debug-iphoneos/boxbound.build/Objects-normal/arm64/82b82416624d2658e5098eb0a28c15c5-common-args.resp -include /Users/qingque/Desktop/HaiyueStudio/Native/examples/boxbound/platforms/ios/build/sharedpch/SharedPrecompiledHeaders/17560698271525316586/boxbound-Prefix.pch -MMD -MT dependencies -MF /Users/qingque/Library/Developer/Xcode/DerivedData/boxbound-gmbxpjcvwytnwfabbxjdzhvtcdad/Build/Intermediates.noindex/boxbound.build/Debug-iphoneos/boxbound.build/Objects-normal/arm64/WebGLShaderPrecisionFormatImpl.d --serialize-diagnostics /Users/qingque/Library/Developer/Xcode/DerivedData/boxbound-gmbxpjcvwytnwfabbxjdzhvtcdad/Build/Intermediates.noindex/boxbound.build/Debug-iphoneos/boxbound.build/Objects-normal/arm64/WebGLShaderPrecisionFormatImpl.dia -c /Users/qingque/Desktop/HaiyueStudio/Native/examples/boxbound/node_modules/@nativescript/canvas/platforms/ios/src/cpp/webgl/WebGLShaderPrecisionFormatImpl.cpp -o /Users/qingque/Library/Developer/Xcode/DerivedData/boxbound-gmbxpjcvwytnwfabbxjdzhvtcdad/Build/Intermediates.noindex/boxbound.build/Debug-iphoneos/boxbound.build/Objects-normal/arm64/WebGLShaderPrecisionFormatImpl.o -index-unit-output-path /boxbound.build/Debug-iphoneos/boxbound.build/Objects-normal/arm64/WebGLShaderPrecisionFormatImpl.o
In file included from /Users/qingque/Desktop/HaiyueStudio/Native/examples/boxbound/node_modules/@nativescript/canvas/platforms/ios/src/cpp/webgl/WebGLShaderPrecisionFormatImpl.cpp:5:
In file included from /Users/qingque/Desktop/HaiyueStudio/Native/examples/boxbound/node_modules/@nativescript/canvas/platforms/ios/src/cpp/webgl/WebGLShaderPrecisionFormatImpl.h:8:
/Users/qingque/Desktop/HaiyueStudio/Native/examples/boxbound/node_modules/@nativescript/canvas/platforms/ios/src/cpp/Helpers.h:63:13: warning: unused function 'LogToConsole' [-Wunused-function]
   63 | static void LogToConsole(const std::string &message) {
      |             ^~~~~~~~~~~~
/Users/qingque/Desktop/HaiyueStudio/Native/examples/boxbound/node_modules/@nativescript/canvas/platforms/ios/src/cpp/Helpers.h:160:13: warning: unused function 'SetFastMethod' [-Wunused-function]
  160 | static void SetFastMethod(v8::Isolate *isolate,
      |             ^~~~~~~~~~~~~
/Users/qingque/Desktop/HaiyueStudio/Native/examples/boxbound/node_modules/@nativescript/canvas/platforms/ios/src/cpp/Helpers.h:185:13: warning: unused function 'SetFastMethodWithOverLoads' [-Wunused-function]
  185 | static void SetFastMethodWithOverLoads(v8::Isolate *isolate,
      |             ^~~~~~~~~~~~~~~~~~~~~~~~~~
/Users/qingque/Desktop/HaiyueStudio/Native/examples/boxbound/node_modules/@nativescript/canvas/platforms/ios/src/cpp/Helpers.h:210:13: warning: unused function 'SetFastMethod' [-Wunused-function]
  210 | static void SetFastMethod(v8::Local<v8::Context> context,
      |             ^~~~~~~~~~~~~
/Users/qingque/Desktop/HaiyueStudio/Native/examples/boxbound/node_modules/@nativescript/canvas/platforms/ios/src/cpp/Helpers.h:234:13: warning: unused function 'SetFastMethodNoSideEffect' [-Wunused-function]
  234 | static void SetFastMethodNoSideEffect(v8::Local<v8::Context> context,
      |             ^~~~~~~~~~~~~~~~~~~~~~~~~
/Users/qingque/Desktop/HaiyueStudio/Native/examples/boxbound/node_modules/@nativescript/canvas/platforms/ios/src/cpp/Helpers.h:258:13: warning: unused function 'SetFastMethodNoSideEffect' [-Wunused-function]
  258 | static void SetFastMethodNoSideEffect(v8::Isolate *isolate,
      |             ^~~~~~~~~~~~~~~~~~~~~~~~~
6 warnings generated.

CompileC /Users/qingque/Library/Developer/Xcode/DerivedData/boxbound-gmbxpjcvwytnwfabbxjdzhvtcdad/Build/Intermediates.noindex/boxbound.build/Debug-iphoneos/boxbound.build/Objects-normal/arm64/WebGLActiveInfoImpl.o /Users/qingque/Desktop/HaiyueStudio/Native/examples/boxbound/node_modules/@nativescript/canvas/platforms/ios/src/cpp/webgl/WebGLActiveInfoImpl.cpp normal arm64 c++ com.apple.compilers.llvm.clang.1_0.compiler (in target 'boxbound' from project 'boxbound')
    cd /Users/qingque/Desktop/HaiyueStudio/Native/examples/boxbound/platforms/ios
    
    Using response file: /Users/qingque/Library/Developer/Xcode/DerivedData/boxbound-gmbxpjcvwytnwfabbxjdzhvtcdad/Build/Intermediates.noindex/boxbound.build/Debug-iphoneos/boxbound.build/Objects-normal/arm64/82b82416624d2658e5098eb0a28c15c5-common-args.resp
    
    /Applications/Xcode.app/Contents/Developer/Toolchains/XcodeDefault.xctoolchain/usr/bin/clang -x c++ -ivfsstatcache /Users/qingque/Library/Developer/Xcode/DerivedData/SDKStatCaches.noindex/iphoneos26.2-23C57-3794476bd08197c3e2abd9bb477ef7f7.sdkstatcache -fmessage-length\=0 -fdiagnostics-show-note-include-stack -fmacro-backtrace-limit\=0 -fno-color-diagnostics -Wno-trigraphs -Wno-missing-field-initializers -Wno-missing-prototypes -Werror\=return-type -Wunreachable-code -Werror\=deprecated-objc-isa-usage -Werror\=objc-root-class -Wno-non-virtual-dtor -Wno-overloaded-virtual -Wno-exit-time-destructors -Wno-missing-braces -Wparentheses -Wswitch -Wunused-function -Wno-unused-label -Wno-unused-parameter -Wunused-variable -Wunused-value -Wempty-body -Wuninitialized -Wno-unknown-pragmas -Wno-shadow -Wno-four-char-constants -Wno-conversion -Wconstant-conversion -Wint-conversion -Wbool-conversion -Wenum-conversion -Wno-float-conversion -Wnon-literal-null-conversion -Wobjc-literal-conversion -Wshorten-64-to-32 -Wno-newline-eof -Wno-c++11-extensions -Wno-implicit-fallthrough -fstrict-aliasing -Wdeprecated-declarations -Winvalid-offsetof -Wno-sign-conversion -Winfinite-recursion -Wmove -Wcomma -Wblock-capture-autoreleasing -Wstrict-prototypes -Wrange-loop-analysis -Wno-semicolon-before-method-body -index-store-path /Users/qingque/Library/Developer/Xcode/DerivedData/boxbound-gmbxpjcvwytnwfabbxjdzhvtcdad/Index.noindex/DataStore @/Users/qingque/Library/Developer/Xcode/DerivedData/boxbound-gmbxpjcvwytnwfabbxjdzhvtcdad/Build/Intermediates.noindex/boxbound.build/Debug-iphoneos/boxbound.build/Objects-normal/arm64/82b82416624d2658e5098eb0a28c15c5-common-args.resp -include /Users/qingque/Desktop/HaiyueStudio/Native/examples/boxbound/platforms/ios/build/sharedpch/SharedPrecompiledHeaders/17560698271525316586/boxbound-Prefix.pch -MMD -MT dependencies -MF /Users/qingque/Library/Developer/Xcode/DerivedData/boxbound-gmbxpjcvwytnwfabbxjdzhvtcdad/Build/Intermediates.noindex/boxbound.build/Debug-iphoneos/boxbound.build/Objects-normal/arm64/WebGLActiveInfoImpl.d --serialize-diagnostics /Users/qingque/Library/Developer/Xcode/DerivedData/boxbound-gmbxpjcvwytnwfabbxjdzhvtcdad/Build/Intermediates.noindex/boxbound.build/Debug-iphoneos/boxbound.build/Objects-normal/arm64/WebGLActiveInfoImpl.dia -c /Users/qingque/Desktop/HaiyueStudio/Native/examples/boxbound/node_modules/@nativescript/canvas/platforms/ios/src/cpp/webgl/WebGLActiveInfoImpl.cpp -o /Users/qingque/Library/Developer/Xcode/DerivedData/boxbound-gmbxpjcvwytnwfabbxjdzhvtcdad/Build/Intermediates.noindex/boxbound.build/Debug-iphoneos/boxbound.build/Objects-normal/arm64/WebGLActiveInfoImpl.o -index-unit-output-path /boxbound.build/Debug-iphoneos/boxbound.build/Objects-normal/arm64/WebGLActiveInfoImpl.o
In file included from /Users/qingque/Desktop/HaiyueStudio/Native/examples/boxbound/node_modules/@nativescript/canvas/platforms/ios/src/cpp/webgl/WebGLActiveInfoImpl.cpp:5:
In file included from /Users/qingque/Desktop/HaiyueStudio/Native/examples/boxbound/node_modules/@nativescript/canvas/platforms/ios/src/cpp/webgl/WebGLActiveInfoImpl.h:7:
/Users/qingque/Desktop/HaiyueStudio/Native/examples/boxbound/node_modules/@nativescript/canvas/platforms/ios/src/cpp/Helpers.h:63:13: warning: unused function 'LogToConsole' [-Wunused-function]
   63 | static void LogToConsole(const std::string &message) {
      |             ^~~~~~~~~~~~
/Users/qingque/Desktop/HaiyueStudio/Native/examples/boxbound/node_modules/@nativescript/canvas/platforms/ios/src/cpp/Helpers.h:160:13: warning: unused function 'SetFastMethod' [-Wunused-function]
  160 | static void SetFastMethod(v8::Isolate *isolate,
      |             ^~~~~~~~~~~~~
/Users/qingque/Desktop/HaiyueStudio/Native/examples/boxbound/node_modules/@nativescript/canvas/platforms/ios/src/cpp/Helpers.h:185:13: warning: unused function 'SetFastMethodWithOverLoads' [-Wunused-function]
  185 | static void SetFastMethodWithOverLoads(v8::Isolate *isolate,
      |             ^~~~~~~~~~~~~~~~~~~~~~~~~~
/Users/qingque/Desktop/HaiyueStudio/Native/examples/boxbound/node_modules/@nativescript/canvas/platforms/ios/src/cpp/Helpers.h:210:13: warning: unused function 'SetFastMethod' [-Wunused-function]
  210 | static void SetFastMethod(v8::Local<v8::Context> context,
      |             ^~~~~~~~~~~~~
/Users/qingque/Desktop/HaiyueStudio/Native/examples/boxbound/node_modules/@nativescript/canvas/platforms/ios/src/cpp/Helpers.h:234:13: warning: unused function 'SetFastMethodNoSideEffect' [-Wunused-function]
  234 | static void SetFastMethodNoSideEffect(v8::Local<v8::Context> context,
      |             ^~~~~~~~~~~~~~~~~~~~~~~~~
/Users/qingque/Desktop/HaiyueStudio/Native/examples/boxbound/node_modules/@nativescript/canvas/platforms/ios/src/cpp/Helpers.h:258:13: warning: unused function 'SetFastMethodNoSideEffect' [-Wunused-function]
  258 | static void SetFastMethodNoSideEffect(v8::Isolate *isolate,
      |             ^~~~~~~~~~~~~~~~~~~~~~~~~
6 warnings generated.

CompileC /Users/qingque/Library/Developer/Xcode/DerivedData/boxbound-gmbxpjcvwytnwfabbxjdzhvtcdad/Build/Intermediates.noindex/boxbound.build/Debug-iphoneos/boxbound.build/Objects-normal/arm64/WebGLRenderingContextBase.o /Users/qingque/Desktop/HaiyueStudio/Native/examples/boxbound/node_modules/@nativescript/canvas/platforms/ios/src/cpp/webgl/WebGLRenderingContextBase.cpp normal arm64 c++ com.apple.compilers.llvm.clang.1_0.compiler (in target 'boxbound' from project 'boxbound')
    cd /Users/qingque/Desktop/HaiyueStudio/Native/examples/boxbound/platforms/ios
    
    Using response file: /Users/qingque/Library/Developer/Xcode/DerivedData/boxbound-gmbxpjcvwytnwfabbxjdzhvtcdad/Build/Intermediates.noindex/boxbound.build/Debug-iphoneos/boxbound.build/Objects-normal/arm64/82b82416624d2658e5098eb0a28c15c5-common-args.resp
    
    /Applications/Xcode.app/Contents/Developer/Toolchains/XcodeDefault.xctoolchain/usr/bin/clang -x c++ -ivfsstatcache /Users/qingque/Library/Developer/Xcode/DerivedData/SDKStatCaches.noindex/iphoneos26.2-23C57-3794476bd08197c3e2abd9bb477ef7f7.sdkstatcache -fmessage-length\=0 -fdiagnostics-show-note-include-stack -fmacro-backtrace-limit\=0 -fno-color-diagnostics -Wno-trigraphs -Wno-missing-field-initializers -Wno-missing-prototypes -Werror\=return-type -Wunreachable-code -Werror\=deprecated-objc-isa-usage -Werror\=objc-root-class -Wno-non-virtual-dtor -Wno-overloaded-virtual -Wno-exit-time-destructors -Wno-missing-braces -Wparentheses -Wswitch -Wunused-function -Wno-unused-label -Wno-unused-parameter -Wunused-variable -Wunused-value -Wempty-body -Wuninitialized -Wno-unknown-pragmas -Wno-shadow -Wno-four-char-constants -Wno-conversion -Wconstant-conversion -Wint-conversion -Wbool-conversion -Wenum-conversion -Wno-float-conversion -Wnon-literal-null-conversion -Wobjc-literal-conversion -Wshorten-64-to-32 -Wno-newline-eof -Wno-c++11-extensions -Wno-implicit-fallthrough -fstrict-aliasing -Wdeprecated-declarations -Winvalid-offsetof -Wno-sign-conversion -Winfinite-recursion -Wmove -Wcomma -Wblock-capture-autoreleasing -Wstrict-prototypes -Wrange-loop-analysis -Wno-semicolon-before-method-body -index-store-path /Users/qingque/Library/Developer/Xcode/DerivedData/boxbound-gmbxpjcvwytnwfabbxjdzhvtcdad/Index.noindex/DataStore @/Users/qingque/Library/Developer/Xcode/DerivedData/boxbound-gmbxpjcvwytnwfabbxjdzhvtcdad/Build/Intermediates.noindex/boxbound.build/Debug-iphoneos/boxbound.build/Objects-normal/arm64/82b82416624d2658e5098eb0a28c15c5-common-args.resp -include /Users/qingque/Desktop/HaiyueStudio/Native/examples/boxbound/platforms/ios/build/sharedpch/SharedPrecompiledHeaders/17560698271525316586/boxbound-Prefix.pch -MMD -MT dependencies -MF /Users/qingque/Library/Developer/Xcode/DerivedData/boxbound-gmbxpjcvwytnwfabbxjdzhvtcdad/Build/Intermediates.noindex/boxbound.build/Debug-iphoneos/boxbound.build/Objects-normal/arm64/WebGLRenderingContextBase.d --serialize-diagnostics /Users/qingque/Library/Developer/Xcode/DerivedData/boxbound-gmbxpjcvwytnwfabbxjdzhvtcdad/Build/Intermediates.noindex/boxbound.build/Debug-iphoneos/boxbound.build/Objects-normal/arm64/WebGLRenderingContextBase.dia -c /Users/qingque/Desktop/HaiyueStudio/Native/examples/boxbound/node_modules/@nativescript/canvas/platforms/ios/src/cpp/webgl/WebGLRenderingContextBase.cpp -o /Users/qingque/Library/Developer/Xcode/DerivedData/boxbound-gmbxpjcvwytnwfabbxjdzhvtcdad/Build/Intermediates.noindex/boxbound.build/Debug-iphoneos/boxbound.build/Objects-normal/arm64/WebGLRenderingContextBase.o -index-unit-output-path /boxbound.build/Debug-iphoneos/boxbound.build/Objects-normal/arm64/WebGLRenderingContextBase.o
/Users/qingque/Desktop/HaiyueStudio/Native/examples/boxbound/node_modules/@nativescript/canvas/platforms/ios/src/cpp/webgl/WebGLRenderingContextBase.cpp:84:10: warning: unused variable 'raf' [-Wunused-variable]
   84 |     auto raf = this->GetRaf();
      |          ^~~
In file included from /Users/qingque/Desktop/HaiyueStudio/Native/examples/boxbound/node_modules/@nativescript/canvas/platforms/ios/src/cpp/webgl/WebGLRenderingContextBase.cpp:5:
In file included from /Users/qingque/Desktop/HaiyueStudio/Native/examples/boxbound/node_modules/@nativescript/canvas/platforms/ios/src/cpp/webgl/WebGLRenderingContextBase.h:12:
/Users/qingque/Desktop/HaiyueStudio/Native/examples/boxbound/node_modules/@nativescript/canvas/platforms/ios/src/cpp/Helpers.h:63:13: warning: unused function 'LogToConsole' [-Wunused-function]
   63 | static void LogToConsole(const std::string &message) {
      |             ^~~~~~~~~~~~
/Users/qingque/Desktop/HaiyueStudio/Native/examples/boxbound/node_modules/@nativescript/canvas/platforms/ios/src/cpp/Helpers.h:160:13: warning: unused function 'SetFastMethod' [-Wunused-function]
  160 | static void SetFastMethod(v8::Isolate *isolate,
      |             ^~~~~~~~~~~~~
/Users/qingque/Desktop/HaiyueStudio/Native/examples/boxbound/node_modules/@nativescript/canvas/platforms/ios/src/cpp/Helpers.h:185:13: warning: unused function 'SetFastMethodWithOverLoads' [-Wunused-function]
  185 | static void SetFastMethodWithOverLoads(v8::Isolate *isolate,
      |             ^~~~~~~~~~~~~~~~~~~~~~~~~~
/Users/qingque/Desktop/HaiyueStudio/Native/examples/boxbound/node_modules/@nativescript/canvas/platforms/ios/src/cpp/Helpers.h:210:13: warning: unused function 'SetFastMethod' [-Wunused-function]
  210 | static void SetFastMethod(v8::Local<v8::Context> context,
      |             ^~~~~~~~~~~~~
/Users/qingque/Desktop/HaiyueStudio/Native/examples/boxbound/node_modules/@nativescript/canvas/platforms/ios/src/cpp/Helpers.h:234:13: warning: unused function 'SetFastMethodNoSideEffect' [-Wunused-function]
  234 | static void SetFastMethodNoSideEffect(v8::Local<v8::Context> context,
      |             ^~~~~~~~~~~~~~~~~~~~~~~~~
/Users/qingque/Desktop/HaiyueStudio/Native/examples/boxbound/node_modules/@nativescript/canvas/platforms/ios/src/cpp/Helpers.h:258:13: warning: unused function 'SetFastMethodNoSideEffect' [-Wunused-function]
  258 | static void SetFastMethodNoSideEffect(v8::Isolate *isolate,
      |             ^~~~~~~~~~~~~~~~~~~~~~~~~
7 warnings generated.

CompileC /Users/qingque/Library/Developer/Xcode/DerivedData/boxbound-gmbxpjcvwytnwfabbxjdzhvtcdad/Build/Intermediates.noindex/boxbound.build/Debug-iphoneos/boxbound.build/Objects-normal/arm64/WorkerPool.o /Users/qingque/Desktop/HaiyueStudio/Native/examples/boxbound/node_modules/@nativescript/canvas/platforms/ios/src/cpp/WorkerPool.cpp normal arm64 c++ com.apple.compilers.llvm.clang.1_0.compiler (in target 'boxbound' from project 'boxbound')
    cd /Users/qingque/Desktop/HaiyueStudio/Native/examples/boxbound/platforms/ios
    
    Using response file: /Users/qingque/Library/Developer/Xcode/DerivedData/boxbound-gmbxpjcvwytnwfabbxjdzhvtcdad/Build/Intermediates.noindex/boxbound.build/Debug-iphoneos/boxbound.build/Objects-normal/arm64/82b82416624d2658e5098eb0a28c15c5-common-args.resp
    
    /Applications/Xcode.app/Contents/Developer/Toolchains/XcodeDefault.xctoolchain/usr/bin/clang -x c++ -ivfsstatcache /Users/qingque/Library/Developer/Xcode/DerivedData/SDKStatCaches.noindex/iphoneos26.2-23C57-3794476bd08197c3e2abd9bb477ef7f7.sdkstatcache -fmessage-length\=0 -fdiagnostics-show-note-include-stack -fmacro-backtrace-limit\=0 -fno-color-diagnostics -Wno-trigraphs -Wno-missing-field-initializers -Wno-missing-prototypes -Werror\=return-type -Wunreachable-code -Werror\=deprecated-objc-isa-usage -Werror\=objc-root-class -Wno-non-virtual-dtor -Wno-overloaded-virtual -Wno-exit-time-destructors -Wno-missing-braces -Wparentheses -Wswitch -Wunused-function -Wno-unused-label -Wno-unused-parameter -Wunused-variable -Wunused-value -Wempty-body -Wuninitialized -Wno-unknown-pragmas -Wno-shadow -Wno-four-char-constants -Wno-conversion -Wconstant-conversion -Wint-conversion -Wbool-conversion -Wenum-conversion -Wno-float-conversion -Wnon-literal-null-conversion -Wobjc-literal-conversion -Wshorten-64-to-32 -Wno-newline-eof -Wno-c++11-extensions -Wno-implicit-fallthrough -fstrict-aliasing -Wdeprecated-declarations -Winvalid-offsetof -Wno-sign-conversion -Winfinite-recursion -Wmove -Wcomma -Wblock-capture-autoreleasing -Wstrict-prototypes -Wrange-loop-analysis -Wno-semicolon-before-method-body -index-store-path /Users/qingque/Library/Developer/Xcode/DerivedData/boxbound-gmbxpjcvwytnwfabbxjdzhvtcdad/Index.noindex/DataStore @/Users/qingque/Library/Developer/Xcode/DerivedData/boxbound-gmbxpjcvwytnwfabbxjdzhvtcdad/Build/Intermediates.noindex/boxbound.build/Debug-iphoneos/boxbound.build/Objects-normal/arm64/82b82416624d2658e5098eb0a28c15c5-common-args.resp -include /Users/qingque/Desktop/HaiyueStudio/Native/examples/boxbound/platforms/ios/build/sharedpch/SharedPrecompiledHeaders/17560698271525316586/boxbound-Prefix.pch -MMD -MT dependencies -MF /Users/qingque/Library/Developer/Xcode/DerivedData/boxbound-gmbxpjcvwytnwfabbxjdzhvtcdad/Build/Intermediates.noindex/boxbound.build/Debug-iphoneos/boxbound.build/Objects-normal/arm64/WorkerPool.d --serialize-diagnostics /Users/qingque/Library/Developer/Xcode/DerivedData/boxbound-gmbxpjcvwytnwfabbxjdzhvtcdad/Build/Intermediates.noindex/boxbound.build/Debug-iphoneos/boxbound.build/Objects-normal/arm64/WorkerPool.dia -c /Users/qingque/Desktop/HaiyueStudio/Native/examples/boxbound/node_modules/@nativescript/canvas/platforms/ios/src/cpp/WorkerPool.cpp -o /Users/qingque/Library/Developer/Xcode/DerivedData/boxbound-gmbxpjcvwytnwfabbxjdzhvtcdad/Build/Intermediates.noindex/boxbound.build/Debug-iphoneos/boxbound.build/Objects-normal/arm64/WorkerPool.o -index-unit-output-path /boxbound.build/Debug-iphoneos/boxbound.build/Objects-normal/arm64/WorkerPool.o

CompileC /Users/qingque/Library/Developer/Xcode/DerivedData/boxbound-gmbxpjcvwytnwfabbxjdzhvtcdad/Build/Intermediates.noindex/boxbound.build/Debug-iphoneos/boxbound.build/Objects-normal/arm64/WEBGL_lose_contextImpl.o /Users/qingque/Desktop/HaiyueStudio/Native/examples/boxbound/node_modules/@nativescript/canvas/platforms/ios/src/cpp/webgl/extensions/WEBGL_lose_contextImpl.cpp normal arm64 c++ com.apple.compilers.llvm.clang.1_0.compiler (in target 'boxbound' from project 'boxbound')
    cd /Users/qingque/Desktop/HaiyueStudio/Native/examples/boxbound/platforms/ios
    
    Using response file: /Users/qingque/Library/Developer/Xcode/DerivedData/boxbound-gmbxpjcvwytnwfabbxjdzhvtcdad/Build/Intermediates.noindex/boxbound.build/Debug-iphoneos/boxbound.build/Objects-normal/arm64/82b82416624d2658e5098eb0a28c15c5-common-args.resp
    
    /Applications/Xcode.app/Contents/Developer/Toolchains/XcodeDefault.xctoolchain/usr/bin/clang -x c++ -ivfsstatcache /Users/qingque/Library/Developer/Xcode/DerivedData/SDKStatCaches.noindex/iphoneos26.2-23C57-3794476bd08197c3e2abd9bb477ef7f7.sdkstatcache -fmessage-length\=0 -fdiagnostics-show-note-include-stack -fmacro-backtrace-limit\=0 -fno-color-diagnostics -Wno-trigraphs -Wno-missing-field-initializers -Wno-missing-prototypes -Werror\=return-type -Wunreachable-code -Werror\=deprecated-objc-isa-usage -Werror\=objc-root-class -Wno-non-virtual-dtor -Wno-overloaded-virtual -Wno-exit-time-destructors -Wno-missing-braces -Wparentheses -Wswitch -Wunused-function -Wno-unused-label -Wno-unused-parameter -Wunused-variable -Wunused-value -Wempty-body -Wuninitialized -Wno-unknown-pragmas -Wno-shadow -Wno-four-char-constants -Wno-conversion -Wconstant-conversion -Wint-conversion -Wbool-conversion -Wenum-conversion -Wno-float-conversion -Wnon-literal-null-conversion -Wobjc-literal-conversion -Wshorten-64-to-32 -Wno-newline-eof -Wno-c++11-extensions -Wno-implicit-fallthrough -fstrict-aliasing -Wdeprecated-declarations -Winvalid-offsetof -Wno-sign-conversion -Winfinite-recursion -Wmove -Wcomma -Wblock-capture-autoreleasing -Wstrict-prototypes -Wrange-loop-analysis -Wno-semicolon-before-method-body -index-store-path /Users/qingque/Library/Developer/Xcode/DerivedData/boxbound-gmbxpjcvwytnwfabbxjdzhvtcdad/Index.noindex/DataStore @/Users/qingque/Library/Developer/Xcode/DerivedData/boxbound-gmbxpjcvwytnwfabbxjdzhvtcdad/Build/Intermediates.noindex/boxbound.build/Debug-iphoneos/boxbound.build/Objects-normal/arm64/82b82416624d2658e5098eb0a28c15c5-common-args.resp -include /Users/qingque/Desktop/HaiyueStudio/Native/examples/boxbound/platforms/ios/build/sharedpch/SharedPrecompiledHeaders/17560698271525316586/boxbound-Prefix.pch -MMD -MT dependencies -MF /Users/qingque/Library/Developer/Xcode/DerivedData/boxbound-gmbxpjcvwytnwfabbxjdzhvtcdad/Build/Intermediates.noindex/boxbound.build/Debug-iphoneos/boxbound.build/Objects-normal/arm64/WEBGL_lose_contextImpl.d --serialize-diagnostics /Users/qingque/Library/Developer/Xcode/DerivedData/boxbound-gmbxpjcvwytnwfabbxjdzhvtcdad/Build/Intermediates.noindex/boxbound.build/Debug-iphoneos/boxbound.build/Objects-normal/arm64/WEBGL_lose_contextImpl.dia -c /Users/qingque/Desktop/HaiyueStudio/Native/examples/boxbound/node_modules/@nativescript/canvas/platforms/ios/src/cpp/webgl/extensions/WEBGL_lose_contextImpl.cpp -o /Users/qingque/Library/Developer/Xcode/DerivedData/boxbound-gmbxpjcvwytnwfabbxjdzhvtcdad/Build/Intermediates.noindex/boxbound.build/Debug-iphoneos/boxbound.build/Objects-normal/arm64/WEBGL_lose_contextImpl.o -index-unit-output-path /boxbound.build/Debug-iphoneos/boxbound.build/Objects-normal/arm64/WEBGL_lose_contextImpl.o
In file included from /Users/qingque/Desktop/HaiyueStudio/Native/examples/boxbound/node_modules/@nativescript/canvas/platforms/ios/src/cpp/webgl/extensions/WEBGL_lose_contextImpl.cpp:5:
In file included from /Users/qingque/Desktop/HaiyueStudio/Native/examples/boxbound/node_modules/@nativescript/canvas/platforms/ios/src/cpp/webgl/extensions/WEBGL_lose_contextImpl.h:9:
/Users/qingque/Desktop/HaiyueStudio/Native/examples/boxbound/node_modules/@nativescript/canvas/platforms/ios/src/cpp/Helpers.h:63:13: warning: unused function 'LogToConsole' [-Wunused-function]
   63 | static void LogToConsole(const std::string &message) {
      |             ^~~~~~~~~~~~
/Users/qingque/Desktop/HaiyueStudio/Native/examples/boxbound/node_modules/@nativescript/canvas/platforms/ios/src/cpp/Helpers.h:160:13: warning: unused function 'SetFastMethod' [-Wunused-function]
  160 | static void SetFastMethod(v8::Isolate *isolate,
      |             ^~~~~~~~~~~~~
/Users/qingque/Desktop/HaiyueStudio/Native/examples/boxbound/node_modules/@nativescript/canvas/platforms/ios/src/cpp/Helpers.h:185:13: warning: unused function 'SetFastMethodWithOverLoads' [-Wunused-function]
  185 | static void SetFastMethodWithOverLoads(v8::Isolate *isolate,
      |             ^~~~~~~~~~~~~~~~~~~~~~~~~~
/Users/qingque/Desktop/HaiyueStudio/Native/examples/boxbound/node_modules/@nativescript/canvas/platforms/ios/src/cpp/Helpers.h:210:13: warning: unused function 'SetFastMethod' [-Wunused-function]
  210 | static void SetFastMethod(v8::Local<v8::Context> context,
      |             ^~~~~~~~~~~~~
/Users/qingque/Desktop/HaiyueStudio/Native/examples/boxbound/node_modules/@nativescript/canvas/platforms/ios/src/cpp/Helpers.h:234:13: warning: unused function 'SetFastMethodNoSideEffect' [-Wunused-function]
  234 | static void SetFastMethodNoSideEffect(v8::Local<v8::Context> context,
      |             ^~~~~~~~~~~~~~~~~~~~~~~~~
/Users/qingque/Desktop/HaiyueStudio/Native/examples/boxbound/node_modules/@nativescript/canvas/platforms/ios/src/cpp/Helpers.h:258:13: warning: unused function 'SetFastMethodNoSideEffect' [-Wunused-function]
  258 | static void SetFastMethodNoSideEffect(v8::Isolate *isolate,
      |             ^~~~~~~~~~~~~~~~~~~~~~~~~
6 warnings generated.

CompileC /Users/qingque/Library/Developer/Xcode/DerivedData/boxbound-gmbxpjcvwytnwfabbxjdzhvtcdad/Build/Intermediates.noindex/boxbound.build/Debug-iphoneos/boxbound.build/Objects-normal/arm64/WebGL2RenderingContext.o /Users/qingque/Desktop/HaiyueStudio/Native/examples/boxbound/node_modules/@nativescript/canvas/platforms/ios/src/cpp/webgl2/WebGL2RenderingContext.cpp normal arm64 c++ com.apple.compilers.llvm.clang.1_0.compiler (in target 'boxbound' from project 'boxbound')
    cd /Users/qingque/Desktop/HaiyueStudio/Native/examples/boxbound/platforms/ios
    
    Using response file: /Users/qingque/Library/Developer/Xcode/DerivedData/boxbound-gmbxpjcvwytnwfabbxjdzhvtcdad/Build/Intermediates.noindex/boxbound.build/Debug-iphoneos/boxbound.build/Objects-normal/arm64/82b82416624d2658e5098eb0a28c15c5-common-args.resp
    
    /Applications/Xcode.app/Contents/Developer/Toolchains/XcodeDefault.xctoolchain/usr/bin/clang -x c++ -ivfsstatcache /Users/qingque/Library/Developer/Xcode/DerivedData/SDKStatCaches.noindex/iphoneos26.2-23C57-3794476bd08197c3e2abd9bb477ef7f7.sdkstatcache -fmessage-length\=0 -fdiagnostics-show-note-include-stack -fmacro-backtrace-limit\=0 -fno-color-diagnostics -Wno-trigraphs -Wno-missing-field-initializers -Wno-missing-prototypes -Werror\=return-type -Wunreachable-code -Werror\=deprecated-objc-isa-usage -Werror\=objc-root-class -Wno-non-virtual-dtor -Wno-overloaded-virtual -Wno-exit-time-destructors -Wno-missing-braces -Wparentheses -Wswitch -Wunused-function -Wno-unused-label -Wno-unused-parameter -Wunused-variable -Wunused-value -Wempty-body -Wuninitialized -Wno-unknown-pragmas -Wno-shadow -Wno-four-char-constants -Wno-conversion -Wconstant-conversion -Wint-conversion -Wbool-conversion -Wenum-conversion -Wno-float-conversion -Wnon-literal-null-conversion -Wobjc-literal-conversion -Wshorten-64-to-32 -Wno-newline-eof -Wno-c++11-extensions -Wno-implicit-fallthrough -fstrict-aliasing -Wdeprecated-declarations -Winvalid-offsetof -Wno-sign-conversion -Winfinite-recursion -Wmove -Wcomma -Wblock-capture-autoreleasing -Wstrict-prototypes -Wrange-loop-analysis -Wno-semicolon-before-method-body -index-store-path /Users/qingque/Library/Developer/Xcode/DerivedData/boxbound-gmbxpjcvwytnwfabbxjdzhvtcdad/Index.noindex/DataStore @/Users/qingque/Library/Developer/Xcode/DerivedData/boxbound-gmbxpjcvwytnwfabbxjdzhvtcdad/Build/Intermediates.noindex/boxbound.build/Debug-iphoneos/boxbound.build/Objects-normal/arm64/82b82416624d2658e5098eb0a28c15c5-common-args.resp -include /Users/qingque/Desktop/HaiyueStudio/Native/examples/boxbound/platforms/ios/build/sharedpch/SharedPrecompiledHeaders/17560698271525316586/boxbound-Prefix.pch -MMD -MT dependencies -MF /Users/qingque/Library/Developer/Xcode/DerivedData/boxbound-gmbxpjcvwytnwfabbxjdzhvtcdad/Build/Intermediates.noindex/boxbound.build/Debug-iphoneos/boxbound.build/Objects-normal/arm64/WebGL2RenderingContext.d --serialize-diagnostics /Users/qingque/Library/Developer/Xcode/DerivedData/boxbound-gmbxpjcvwytnwfabbxjdzhvtcdad/Build/Intermediates.noindex/boxbound.build/Debug-iphoneos/boxbound.build/Objects-normal/arm64/WebGL2RenderingContext.dia -c /Users/qingque/Desktop/HaiyueStudio/Native/examples/boxbound/node_modules/@nativescript/canvas/platforms/ios/src/cpp/webgl2/WebGL2RenderingContext.cpp -o /Users/qingque/Library/Developer/Xcode/DerivedData/boxbound-gmbxpjcvwytnwfabbxjdzhvtcdad/Build/Intermediates.noindex/boxbound.build/Debug-iphoneos/boxbound.build/Objects-normal/arm64/WebGL2RenderingContext.o -index-unit-output-path /boxbound.build/Debug-iphoneos/boxbound.build/Objects-normal/arm64/WebGL2RenderingContext.o
In file included from /Users/qingque/Desktop/HaiyueStudio/Native/examples/boxbound/node_modules/@nativescript/canvas/platforms/ios/src/cpp/webgl2/WebGL2RenderingContext.cpp:5:
In file included from /Users/qingque/Desktop/HaiyueStudio/Native/examples/boxbound/node_modules/@nativescript/canvas/platforms/ios/src/cpp/webgl2/WebGL2RenderingContext.h:15:
In file included from /Users/qingque/Desktop/HaiyueStudio/Native/examples/boxbound/node_modules/@nativescript/canvas/platforms/ios/src/cpp/webgl/WebGLRenderingContext.h:32:
/Users/qingque/Desktop/HaiyueStudio/Native/examples/boxbound/node_modules/@nativescript/canvas/platforms/ios/src/cpp/webgl/extensions/EXT_blend_minmaxImpl.h:23:9: warning: ignoring return value of function declared with 'warn_unused_result' attribute [-Wunused-result]
   23 |         object->Set(context, ConvertToV8String(isolate, "ext_name"),
      |         ^~~~~~~~~~~ ~~~~~~~~~~~~~~~~~~~~~~~~~~~~~~~~~~~~~~~~~~~~~~~~
   24 |                     ConvertToV8String(isolate, "EXT_blend_minmax"));
      |                     ~~~~~~~~~~~~~~~~~~~~~~~~~~~~~~~~~~~~~~~~~~~~~~
In file included from /Users/qingque/Desktop/HaiyueStudio/Native/examples/boxbound/node_modules/@nativescript/canvas/platforms/ios/src/cpp/webgl2/WebGL2RenderingContext.cpp:5:
In file included from /Users/qingque/Desktop/HaiyueStudio/Native/examples/boxbound/node_modules/@nativescript/canvas/platforms/ios/src/cpp/webgl2/WebGL2RenderingContext.h:15:
In file included from /Users/qingque/Desktop/HaiyueStudio/Native/examples/boxbound/node_modules/@nativescript/canvas/platforms/ios/src/cpp/webgl/WebGLRenderingContext.h:33:
/Users/qingque/Desktop/HaiyueStudio/Native/examples/boxbound/node_modules/@nativescript/canvas/platforms/ios/src/cpp/webgl/extensions/EXT_color_buffer_half_floatImpl.h:23:9: warning: ignoring return value of function declared with 'warn_unused_result' attribute [-Wunused-result]
   23 |         object->Set(context, ConvertToV8String(isolate, "ext_name"),
      |         ^~~~~~~~~~~ ~~~~~~~~~~~~~~~~~~~~~~~~~~~~~~~~~~~~~~~~~~~~~~~~
   24 |                     ConvertToV8String(isolate, "EXT_color_buffer_half_float"));
      |                     ~~~~~~~~~~~~~~~~~~~~~~~~~~~~~~~~~~~~~~~~~~~~~~~~~~~~~~~~~
In file included from /Users/qingque/Desktop/HaiyueStudio/Native/examples/boxbound/node_modules/@nativescript/canvas/platforms/ios/src/cpp/webgl2/WebGL2RenderingContext.cpp:5:
In file included from /Users/qingque/Desktop/HaiyueStudio/Native/examples/boxbound/node_modules/@nativescript/canvas/platforms/ios/src/cpp/webgl2/WebGL2RenderingContext.h:15:
In file included from /Users/qingque/Desktop/HaiyueStudio/Native/examples/boxbound/node_modules/@nativescript/canvas/platforms/ios/src/cpp/webgl/WebGLRenderingContext.h:34:
/Users/qingque/Desktop/HaiyueStudio/Native/examples/boxbound/node_modules/@nativescript/canvas/platforms/ios/src/cpp/webgl/extensions/EXT_disjoint_timer_queryImpl.h:33:9: warning: ignoring return value of function declared with 'warn_unused_result' attribute [-Wunused-result]
   33 |         object->Set(context, ConvertToV8String(isolate, "ext_name"),
      |         ^~~~~~~~~~~ ~~~~~~~~~~~~~~~~~~~~~~~~~~~~~~~~~~~~~~~~~~~~~~~~
   34 |                     ConvertToV8String(isolate, "EXT_disjoint_timer_query"));
      |                     ~~~~~~~~~~~~~~~~~~~~~~~~~~~~~~~~~~~~~~~~~~~~~~~~~~~~~~
In file included from /Users/qingque/Desktop/HaiyueStudio/Native/examples/boxbound/node_modules/@nativescript/canvas/platforms/ios/src/cpp/webgl2/WebGL2RenderingContext.cpp:5:
In file included from /Users/qingque/Desktop/HaiyueStudio/Native/examples/boxbound/node_modules/@nativescript/canvas/platforms/ios/src/cpp/webgl2/WebGL2RenderingContext.h:15:
In file included from /Users/qingque/Desktop/HaiyueStudio/Native/examples/boxbound/node_modules/@nativescript/canvas/platforms/ios/src/cpp/webgl/WebGLRenderingContext.h:51:
/Users/qingque/Desktop/HaiyueStudio/Native/examples/boxbound/node_modules/@nativescript/canvas/platforms/ios/src/cpp/webgl/extensions/WEBGL_compressed_texture_s3tc_srgbImpl.h:58:9: warning: ignoring return value of function declared with 'warn_unused_result' attribute [-Wunused-result]
   58 |         object->Set(context, ConvertToV8String(isolate, "ext_name"),
      |         ^~~~~~~~~~~ ~~~~~~~~~~~~~~~~~~~~~~~~~~~~~~~~~~~~~~~~~~~~~~~~
   59 |                     ConvertToV8String(isolate, "WEBGL_compressed_texture_s3tc_srgb"));
      |                     ~~~~~~~~~~~~~~~~~~~~~~~~~~~~~~~~~~~~~~~~~~~~~~~~~~~~~~~~~~~~~~~~
In file included from /Users/qingque/Desktop/HaiyueStudio/Native/examples/boxbound/node_modules/@nativescript/canvas/platforms/ios/src/cpp/webgl2/WebGL2RenderingContext.cpp:5:
In file included from /Users/qingque/Desktop/HaiyueStudio/Native/examples/boxbound/node_modules/@nativescript/canvas/platforms/ios/src/cpp/webgl2/WebGL2RenderingContext.h:15:
/Users/qingque/Desktop/HaiyueStudio/Native/examples/boxbound/node_modules/@nativescript/canvas/platforms/ios/src/cpp/webgl/WebGLRenderingContext.h:1801:16: warning: implicit conversion loses integer precision: 'uintptr_t' (aka 'unsigned long') to 'int32_t' (aka 'int') [-Wshorten-64-to-32]
 1801 |         return canvas_native_webgl_get_vertex_attrib_offset(
      |         ~~~~~~ ^~~~~~~~~~~~~~~~~~~~~~~~~~~~~~~~~~~~~~~~~~~~~
 1802 |                 index,
      |                 ~~~~~~
 1803 |                 pname,
      |                 ~~~~~~
 1804 |                 ptr->GetState());
      |                 ~~~~~~~~~~~~~~~~
/Users/qingque/Desktop/HaiyueStudio/Native/examples/boxbound/node_modules/@nativescript/canvas/platforms/ios/src/cpp/webgl2/WebGL2RenderingContext.cpp:489:10: warning: unused variable 'isolate' [-Wunused-variable]
  489 |     auto isolate = args.GetIsolate();
      |          ^~~~~~~
/Users/qingque/Desktop/HaiyueStudio/Native/examples/boxbound/node_modules/@nativescript/canvas/platforms/ios/src/cpp/webgl2/WebGL2RenderingContext.cpp:979:10: warning: unused variable 'isolate' [-Wunused-variable]
  979 |     auto isolate = args.GetIsolate();
      |          ^~~~~~~
/Users/qingque/Desktop/HaiyueStudio/Native/examples/boxbound/node_modules/@nativescript/canvas/platforms/ios/src/cpp/webgl2/WebGL2RenderingContext.cpp:1001:10: warning: unused variable 'isolate' [-Wunused-variable]
 1001 |     auto isolate = args.GetIsolate();
      |          ^~~~~~~
/Users/qingque/Desktop/HaiyueStudio/Native/examples/boxbound/node_modules/@nativescript/canvas/platforms/ios/src/cpp/webgl2/WebGL2RenderingContext.cpp:1025:10: warning: unused variable 'isolate' [-Wunused-variable]
 1025 |     auto isolate = args.GetIsolate();
      |          ^~~~~~~
/Users/qingque/Desktop/HaiyueStudio/Native/examples/boxbound/node_modules/@nativescript/canvas/platforms/ios/src/cpp/webgl2/WebGL2RenderingContext.cpp:1049:10: warning: unused variable 'isolate' [-Wunused-variable]
 1049 |     auto isolate = args.GetIsolate();
      |          ^~~~~~~
/Users/qingque/Desktop/HaiyueStudio/Native/examples/boxbound/node_modules/@nativescript/canvas/platforms/ios/src/cpp/webgl2/WebGL2RenderingContext.cpp:1073:10: warning: unused variable 'isolate' [-Wunused-variable]
 1073 |     auto isolate = args.GetIsolate();
      |          ^~~~~~~
/Users/qingque/Desktop/HaiyueStudio/Native/examples/boxbound/node_modules/@nativescript/canvas/platforms/ios/src/cpp/webgl2/WebGL2RenderingContext.cpp:1216:10: warning: unused variable 'isolate' [-Wunused-variable]
 1216 |     auto isolate = args.GetIsolate();
      |          ^~~~~~~
/Users/qingque/Desktop/HaiyueStudio/Native/examples/boxbound/node_modules/@nativescript/canvas/platforms/ios/src/cpp/webgl2/WebGL2RenderingContext.cpp:1436:25: warning: ignoring return value of function declared with 'warn_unused_result' attribute [-Wunused-result]
 1436 |                         array->Set(
      |                         ^~~~~~~~~~
 1437 |                                    context, j,
      |                                    ~~~~~~~~~~~
 1438 |                                    v8::Integer::NewFromUnsigned(isolate, item));
      |                                    ~~~~~~~~~~~~~~~~~~~~~~~~~~~~~~~~~~~~~~~~~~~
/Users/qingque/Desktop/HaiyueStudio/Native/examples/boxbound/node_modules/@nativescript/canvas/platforms/ios/src/cpp/webgl2/WebGL2RenderingContext.cpp:1458:25: warning: ignoring return value of function declared with 'warn_unused_result' attribute [-Wunused-result]
 1458 |                         array->Set(
      |                         ^~~~~~~~~~
 1459 |                                    context, j,
      |                                    ~~~~~~~~~~~
 1460 |                                    v8::Integer::New(isolate, item));
      |                                    ~~~~~~~~~~~~~~~~~~~~~~~~~~~~~~~
/Users/qingque/Desktop/HaiyueStudio/Native/examples/boxbound/node_modules/@nativescript/canvas/platforms/ios/src/cpp/webgl2/WebGL2RenderingContext.cpp:1479:25: warning: ignoring return value of function declared with 'warn_unused_result' attribute [-Wunused-result]
 1479 |                         array->Set(
      |                         ^~~~~~~~~~
 1480 |                                    context, j,
      |                                    ~~~~~~~~~~~
 1481 |                                    v8::Boolean::New(isolate, item));
      |                                    ~~~~~~~~~~~~~~~~~~~~~~~~~~~~~~~
/Users/qingque/Desktop/HaiyueStudio/Native/examples/boxbound/node_modules/@nativescript/canvas/platforms/ios/src/cpp/webgl2/WebGL2RenderingContext.cpp:1560:10: warning: unused variable 'context' [-Wunused-variable]
 1560 |     auto context = isolate->GetCurrentContext();
      |          ^~~~~~~
/Users/qingque/Desktop/HaiyueStudio/Native/examples/boxbound/node_modules/@nativescript/canvas/platforms/ios/src/cpp/webgl2/WebGL2RenderingContext.cpp:1610:89: warning: implicit conversion loses integer precision: 'intptr_t' (aka 'long') to 'uint32_t' (aka 'unsigned int') [-Wshorten-64-to-32]
 1610 |                                       WebGLBuffer::NewInstance(isolate, new WebGLBuffer(buffer)));
      |                                                                             ~~~~~~~~~~~ ^~~~~~
/Users/qingque/Desktop/HaiyueStudio/Native/examples/boxbound/node_modules/@nativescript/canvas/platforms/ios/src/cpp/webgl2/WebGL2RenderingContext.cpp:1976:10: warning: unused variable 'context' [-Wunused-variable]
 1976 |     auto context = isolate->GetCurrentContext();
      |          ^~~~~~~
/Users/qingque/Desktop/HaiyueStudio/Native/examples/boxbound/node_modules/@nativescript/canvas/platforms/ios/src/cpp/webgl2/WebGL2RenderingContext.cpp:2027:34: warning: variable length arrays in C++ are a Clang extension [-Wvla-cxx-extension]
 2027 |             const char *cStrings[store.size()];
      |                                  ^~~~~~~~~~~~
/Users/qingque/Desktop/HaiyueStudio/Native/examples/boxbound/node_modules/@nativescript/canvas/platforms/ios/src/cpp/webgl2/WebGL2RenderingContext.cpp:2027:40: note: non-constexpr function 'size' cannot be used in a constant expression
 2027 |             const char *cStrings[store.size()];
      |                                        ^
In file included from /Users/qingque/Desktop/HaiyueStudio/Native/examples/boxbound/node_modules/@nativescript/canvas/platforms/ios/src/cpp/webgl2/WebGL2RenderingContext.cpp:5:
In file included from /Users/qingque/Desktop/HaiyueStudio/Native/examples/boxbound/node_modules/@nativescript/canvas/platforms/ios/src/cpp/webgl2/WebGL2RenderingContext.h:8:
In file included from /Applications/Xcode.app/Contents/Developer/Platforms/iPhoneOS.platform/Developer/SDKs/iPhoneOS26.2.sdk/usr/include/c++/v1/vector:314:
/Applications/Xcode.app/Contents/Developer/Platforms/iPhoneOS.platform/Developer/SDKs/iPhoneOS26.2.sdk/usr/include/c++/v1/__vector/vector.h:384:65: note: declared here
  384 |   _LIBCPP_CONSTEXPR_SINCE_CXX20 _LIBCPP_HIDE_FROM_ABI size_type size() const _NOEXCEPT {
      |                                                                 ^
/Users/qingque/Desktop/HaiyueStudio/Native/examples/boxbound/node_modules/@nativescript/canvas/platforms/ios/src/cpp/webgl2/WebGL2RenderingContext.cpp:2045:17: warning: ignoring return value of function declared with 'warn_unused_result' attribute [-Wunused-result]
 2045 |                 result->Set(context,
      |                 ^~~~~~~~~~~ ~~~~~~~~
 2046 |                             j,
      |                             ~~
 2047 |                             v8::Integer::NewFromUnsigned(isolate, item));
      |                             ~~~~~~~~~~~~~~~~~~~~~~~~~~~~~~~~~~~~~~~~~~~
/Users/qingque/Desktop/HaiyueStudio/Native/examples/boxbound/node_modules/@nativescript/canvas/platforms/ios/src/cpp/webgl2/WebGL2RenderingContext.cpp:2135:10: warning: unused variable 'context' [-Wunused-variable]
 2135 |     auto context = isolate->GetCurrentContext();
      |          ^~~~~~~
/Users/qingque/Desktop/HaiyueStudio/Native/examples/boxbound/node_modules/@nativescript/canvas/platforms/ios/src/cpp/webgl2/WebGL2RenderingContext.cpp:2160:10: warning: unused variable 'context' [-Wunused-variable]
 2160 |     auto context = isolate->GetCurrentContext();
      |          ^~~~~~~
/Users/qingque/Desktop/HaiyueStudio/Native/examples/boxbound/node_modules/@nativescript/canvas/platforms/ios/src/cpp/webgl2/WebGL2RenderingContext.cpp:2185:10: warning: unused variable 'context' [-Wunused-variable]
 2185 |     auto context = isolate->GetCurrentContext();
      |          ^~~~~~~
/Users/qingque/Desktop/HaiyueStudio/Native/examples/boxbound/node_modules/@nativescript/canvas/platforms/ios/src/cpp/webgl2/WebGL2RenderingContext.cpp:2210:10: warning: unused variable 'context' [-Wunused-variable]
 2210 |     auto context = isolate->GetCurrentContext();
      |          ^~~~~~~
/Users/qingque/Desktop/HaiyueStudio/Native/examples/boxbound/node_modules/@nativescript/canvas/platforms/ios/src/cpp/webgl2/WebGL2RenderingContext.cpp:2235:10: warning: unused variable 'context' [-Wunused-variable]
 2235 |     auto context = isolate->GetCurrentContext();
      |          ^~~~~~~
/Users/qingque/Desktop/HaiyueStudio/Native/examples/boxbound/node_modules/@nativescript/canvas/platforms/ios/src/cpp/webgl2/WebGL2RenderingContext.cpp:2958:34: warning: variable length arrays in C++ are a Clang extension [-Wvla-cxx-extension]
 2958 |             const char *cStrings[store.size()];
      |                                  ^~~~~~~~~~~~
/Users/qingque/Desktop/HaiyueStudio/Native/examples/boxbound/node_modules/@nativescript/canvas/platforms/ios/src/cpp/webgl2/WebGL2RenderingContext.cpp:2958:40: note: non-constexpr function 'size' cannot be used in a constant expression
 2958 |             const char *cStrings[store.size()];
      |                                        ^
In file included from /Users/qingque/Desktop/HaiyueStudio/Native/examples/boxbound/node_modules/@nativescript/canvas/platforms/ios/src/cpp/webgl2/WebGL2RenderingContext.cpp:5:
In file included from /Users/qingque/Desktop/HaiyueStudio/Native/examples/boxbound/node_modules/@nativescript/canvas/platforms/ios/src/cpp/webgl2/WebGL2RenderingContext.h:8:
In file included from /Applications/Xcode.app/Contents/Developer/Platforms/iPhoneOS.platform/Developer/SDKs/iPhoneOS26.2.sdk/usr/include/c++/v1/vector:314:
/Applications/Xcode.app/Contents/Developer/Platforms/iPhoneOS.platform/Developer/SDKs/iPhoneOS26.2.sdk/usr/include/c++/v1/__vector/vector.h:384:65: note: declared here
  384 |   _LIBCPP_CONSTEXPR_SINCE_CXX20 _LIBCPP_HIDE_FROM_ABI size_type size() const _NOEXCEPT {
      |                                                                 ^
In file included from /Users/qingque/Desktop/HaiyueStudio/Native/examples/boxbound/node_modules/@nativescript/canvas/platforms/ios/src/cpp/webgl2/WebGL2RenderingContext.cpp:5:
In file included from /Users/qingque/Desktop/HaiyueStudio/Native/examples/boxbound/node_modules/@nativescript/canvas/platforms/ios/src/cpp/webgl2/WebGL2RenderingContext.h:10:
In file included from /Users/qingque/Desktop/HaiyueStudio/Native/examples/boxbound/node_modules/@nativescript/canvas/platforms/ios/src/cpp/canvas2d/CanvasRenderingContext2DImpl.h:16:
/Users/qingque/Desktop/HaiyueStudio/Native/examples/boxbound/node_modules/@nativescript/canvas/platforms/ios/src/cpp/Helpers.h:63:13: warning: unused function 'LogToConsole' [-Wunused-function]
   63 | static void LogToConsole(const std::string &message) {
      |             ^~~~~~~~~~~~
/Users/qingque/Desktop/HaiyueStudio/Native/examples/boxbound/node_modules/@nativescript/canvas/platforms/ios/src/cpp/Helpers.h:210:13: warning: unused function 'SetFastMethod' [-Wunused-function]
  210 | static void SetFastMethod(v8::Local<v8::Context> context,
      |             ^~~~~~~~~~~~~
/Users/qingque/Desktop/HaiyueStudio/Native/examples/boxbound/node_modules/@nativescript/canvas/platforms/ios/src/cpp/Helpers.h:234:13: warning: unused function 'SetFastMethodNoSideEffect' [-Wunused-function]
  234 | static void SetFastMethodNoSideEffect(v8::Local<v8::Context> context,
      |             ^~~~~~~~~~~~~~~~~~~~~~~~~
/Users/qingque/Desktop/HaiyueStudio/Native/examples/boxbound/node_modules/@nativescript/canvas/platforms/ios/src/cpp/Helpers.h:258:13: warning: unused function 'SetFastMethodNoSideEffect' [-Wunused-function]
  258 | static void SetFastMethodNoSideEffect(v8::Isolate *isolate,
      |             ^~~~~~~~~~~~~~~~~~~~~~~~~
30 warnings generated.

CompileC /Users/qingque/Library/Developer/Xcode/DerivedData/boxbound-gmbxpjcvwytnwfabbxjdzhvtcdad/Build/Intermediates.noindex/boxbound.build/Debug-iphoneos/boxbound.build/Objects-normal/arm64/WEBGL_draw_buffersImpl.o /Users/qingque/Desktop/HaiyueStudio/Native/examples/boxbound/node_modules/@nativescript/canvas/platforms/ios/src/cpp/webgl/extensions/WEBGL_draw_buffersImpl.cpp normal arm64 c++ com.apple.compilers.llvm.clang.1_0.compiler (in target 'boxbound' from project 'boxbound')
    cd /Users/qingque/Desktop/HaiyueStudio/Native/examples/boxbound/platforms/ios
    
    Using response file: /Users/qingque/Library/Developer/Xcode/DerivedData/boxbound-gmbxpjcvwytnwfabbxjdzhvtcdad/Build/Intermediates.noindex/boxbound.build/Debug-iphoneos/boxbound.build/Objects-normal/arm64/82b82416624d2658e5098eb0a28c15c5-common-args.resp
    
    /Applications/Xcode.app/Contents/Developer/Toolchains/XcodeDefault.xctoolchain/usr/bin/clang -x c++ -ivfsstatcache /Users/qingque/Library/Developer/Xcode/DerivedData/SDKStatCaches.noindex/iphoneos26.2-23C57-3794476bd08197c3e2abd9bb477ef7f7.sdkstatcache -fmessage-length\=0 -fdiagnostics-show-note-include-stack -fmacro-backtrace-limit\=0 -fno-color-diagnostics -Wno-trigraphs -Wno-missing-field-initializers -Wno-missing-prototypes -Werror\=return-type -Wunreachable-code -Werror\=deprecated-objc-isa-usage -Werror\=objc-root-class -Wno-non-virtual-dtor -Wno-overloaded-virtual -Wno-exit-time-destructors -Wno-missing-braces -Wparentheses -Wswitch -Wunused-function -Wno-unused-label -Wno-unused-parameter -Wunused-variable -Wunused-value -Wempty-body -Wuninitialized -Wno-unknown-pragmas -Wno-shadow -Wno-four-char-constants -Wno-conversion -Wconstant-conversion -Wint-conversion -Wbool-conversion -Wenum-conversion -Wno-float-conversion -Wnon-literal-null-conversion -Wobjc-literal-conversion -Wshorten-64-to-32 -Wno-newline-eof -Wno-c++11-extensions -Wno-implicit-fallthrough -fstrict-aliasing -Wdeprecated-declarations -Winvalid-offsetof -Wno-sign-conversion -Winfinite-recursion -Wmove -Wcomma -Wblock-capture-autoreleasing -Wstrict-prototypes -Wrange-loop-analysis -Wno-semicolon-before-method-body -index-store-path /Users/qingque/Library/Developer/Xcode/DerivedData/boxbound-gmbxpjcvwytnwfabbxjdzhvtcdad/Index.noindex/DataStore @/Users/qingque/Library/Developer/Xcode/DerivedData/boxbound-gmbxpjcvwytnwfabbxjdzhvtcdad/Build/Intermediates.noindex/boxbound.build/Debug-iphoneos/boxbound.build/Objects-normal/arm64/82b82416624d2658e5098eb0a28c15c5-common-args.resp -include /Users/qingque/Desktop/HaiyueStudio/Native/examples/boxbound/platforms/ios/build/sharedpch/SharedPrecompiledHeaders/17560698271525316586/boxbound-Prefix.pch -MMD -MT dependencies -MF /Users/qingque/Library/Developer/Xcode/DerivedData/boxbound-gmbxpjcvwytnwfabbxjdzhvtcdad/Build/Intermediates.noindex/boxbound.build/Debug-iphoneos/boxbound.build/Objects-normal/arm64/WEBGL_draw_buffersImpl.d --serialize-diagnostics /Users/qingque/Library/Developer/Xcode/DerivedData/boxbound-gmbxpjcvwytnwfabbxjdzhvtcdad/Build/Intermediates.noindex/boxbound.build/Debug-iphoneos/boxbound.build/Objects-normal/arm64/WEBGL_draw_buffersImpl.dia -c /Users/qingque/Desktop/HaiyueStudio/Native/examples/boxbound/node_modules/@nativescript/canvas/platforms/ios/src/cpp/webgl/extensions/WEBGL_draw_buffersImpl.cpp -o /Users/qingque/Library/Developer/Xcode/DerivedData/boxbound-gmbxpjcvwytnwfabbxjdzhvtcdad/Build/Intermediates.noindex/boxbound.build/Debug-iphoneos/boxbound.build/Objects-normal/arm64/WEBGL_draw_buffersImpl.o -index-unit-output-path /boxbound.build/Debug-iphoneos/boxbound.build/Objects-normal/arm64/WEBGL_draw_buffersImpl.o
In file included from /Users/qingque/Desktop/HaiyueStudio/Native/examples/boxbound/node_modules/@nativescript/canvas/platforms/ios/src/cpp/webgl/extensions/WEBGL_draw_buffersImpl.cpp:5:
In file included from /Users/qingque/Desktop/HaiyueStudio/Native/examples/boxbound/node_modules/@nativescript/canvas/platforms/ios/src/cpp/webgl/extensions/WEBGL_draw_buffersImpl.h:11:
/Users/qingque/Desktop/HaiyueStudio/Native/examples/boxbound/node_modules/@nativescript/canvas/platforms/ios/src/cpp/Helpers.h:63:13: warning: unused function 'LogToConsole' [-Wunused-function]
   63 | static void LogToConsole(const std::string &message) {
      |             ^~~~~~~~~~~~
/Users/qingque/Desktop/HaiyueStudio/Native/examples/boxbound/node_modules/@nativescript/canvas/platforms/ios/src/cpp/Helpers.h:185:13: warning: unused function 'SetFastMethodWithOverLoads' [-Wunused-function]
  185 | static void SetFastMethodWithOverLoads(v8::Isolate *isolate,
      |             ^~~~~~~~~~~~~~~~~~~~~~~~~~
/Users/qingque/Desktop/HaiyueStudio/Native/examples/boxbound/node_modules/@nativescript/canvas/platforms/ios/src/cpp/Helpers.h:210:13: warning: unused function 'SetFastMethod' [-Wunused-function]
  210 | static void SetFastMethod(v8::Local<v8::Context> context,
      |             ^~~~~~~~~~~~~
/Users/qingque/Desktop/HaiyueStudio/Native/examples/boxbound/node_modules/@nativescript/canvas/platforms/ios/src/cpp/Helpers.h:234:13: warning: unused function 'SetFastMethodNoSideEffect' [-Wunused-function]
  234 | static void SetFastMethodNoSideEffect(v8::Local<v8::Context> context,
      |             ^~~~~~~~~~~~~~~~~~~~~~~~~
/Users/qingque/Desktop/HaiyueStudio/Native/examples/boxbound/node_modules/@nativescript/canvas/platforms/ios/src/cpp/Helpers.h:258:13: warning: unused function 'SetFastMethodNoSideEffect' [-Wunused-function]
  258 | static void SetFastMethodNoSideEffect(v8::Isolate *isolate,
      |             ^~~~~~~~~~~~~~~~~~~~~~~~~
5 warnings generated.

CompileC /Users/qingque/Library/Developer/Xcode/DerivedData/boxbound-gmbxpjcvwytnwfabbxjdzhvtcdad/Build/Intermediates.noindex/boxbound.build/Debug-iphoneos/boxbound.build/Objects-normal/arm64/V8BufferHelper.o /Users/qingque/Desktop/HaiyueStudio/Native/examples/boxbound/node_modules/@nativescript/canvas/platforms/ios/src/cpp/V8BufferHelper.cpp normal arm64 c++ com.apple.compilers.llvm.clang.1_0.compiler (in target 'boxbound' from project 'boxbound')
    cd /Users/qingque/Desktop/HaiyueStudio/Native/examples/boxbound/platforms/ios
    
    Using response file: /Users/qingque/Library/Developer/Xcode/DerivedData/boxbound-gmbxpjcvwytnwfabbxjdzhvtcdad/Build/Intermediates.noindex/boxbound.build/Debug-iphoneos/boxbound.build/Objects-normal/arm64/82b82416624d2658e5098eb0a28c15c5-common-args.resp
    
    /Applications/Xcode.app/Contents/Developer/Toolchains/XcodeDefault.xctoolchain/usr/bin/clang -x c++ -ivfsstatcache /Users/qingque/Library/Developer/Xcode/DerivedData/SDKStatCaches.noindex/iphoneos26.2-23C57-3794476bd08197c3e2abd9bb477ef7f7.sdkstatcache -fmessage-length\=0 -fdiagnostics-show-note-include-stack -fmacro-backtrace-limit\=0 -fno-color-diagnostics -Wno-trigraphs -Wno-missing-field-initializers -Wno-missing-prototypes -Werror\=return-type -Wunreachable-code -Werror\=deprecated-objc-isa-usage -Werror\=objc-root-class -Wno-non-virtual-dtor -Wno-overloaded-virtual -Wno-exit-time-destructors -Wno-missing-braces -Wparentheses -Wswitch -Wunused-function -Wno-unused-label -Wno-unused-parameter -Wunused-variable -Wunused-value -Wempty-body -Wuninitialized -Wno-unknown-pragmas -Wno-shadow -Wno-four-char-constants -Wno-conversion -Wconstant-conversion -Wint-conversion -Wbool-conversion -Wenum-conversion -Wno-float-conversion -Wnon-literal-null-conversion -Wobjc-literal-conversion -Wshorten-64-to-32 -Wno-newline-eof -Wno-c++11-extensions -Wno-implicit-fallthrough -fstrict-aliasing -Wdeprecated-declarations -Winvalid-offsetof -Wno-sign-conversion -Winfinite-recursion -Wmove -Wcomma -Wblock-capture-autoreleasing -Wstrict-prototypes -Wrange-loop-analysis -Wno-semicolon-before-method-body -index-store-path /Users/qingque/Library/Developer/Xcode/DerivedData/boxbound-gmbxpjcvwytnwfabbxjdzhvtcdad/Index.noindex/DataStore @/Users/qingque/Library/Developer/Xcode/DerivedData/boxbound-gmbxpjcvwytnwfabbxjdzhvtcdad/Build/Intermediates.noindex/boxbound.build/Debug-iphoneos/boxbound.build/Objects-normal/arm64/82b82416624d2658e5098eb0a28c15c5-common-args.resp -include /Users/qingque/Desktop/HaiyueStudio/Native/examples/boxbound/platforms/ios/build/sharedpch/SharedPrecompiledHeaders/17560698271525316586/boxbound-Prefix.pch -MMD -MT dependencies -MF /Users/qingque/Library/Developer/Xcode/DerivedData/boxbound-gmbxpjcvwytnwfabbxjdzhvtcdad/Build/Intermediates.noindex/boxbound.build/Debug-iphoneos/boxbound.build/Objects-normal/arm64/V8BufferHelper.d --serialize-diagnostics /Users/qingque/Library/Developer/Xcode/DerivedData/boxbound-gmbxpjcvwytnwfabbxjdzhvtcdad/Build/Intermediates.noindex/boxbound.build/Debug-iphoneos/boxbound.build/Objects-normal/arm64/V8BufferHelper.dia -c /Users/qingque/Desktop/HaiyueStudio/Native/examples/boxbound/node_modules/@nativescript/canvas/platforms/ios/src/cpp/V8BufferHelper.cpp -o /Users/qingque/Library/Developer/Xcode/DerivedData/boxbound-gmbxpjcvwytnwfabbxjdzhvtcdad/Build/Intermediates.noindex/boxbound.build/Debug-iphoneos/boxbound.build/Objects-normal/arm64/V8BufferHelper.o -index-unit-output-path /boxbound.build/Debug-iphoneos/boxbound.build/Objects-normal/arm64/V8BufferHelper.o

CompileC /Users/qingque/Library/Developer/Xcode/DerivedData/boxbound-gmbxpjcvwytnwfabbxjdzhvtcdad/Build/Intermediates.noindex/boxbound.build/Debug-iphoneos/boxbound.build/Objects-normal/arm64/TextMetricsImpl.o /Users/qingque/Desktop/HaiyueStudio/Native/examples/boxbound/node_modules/@nativescript/canvas/platforms/ios/src/cpp/canvas2d/TextMetricsImpl.cpp normal arm64 c++ com.apple.compilers.llvm.clang.1_0.compiler (in target 'boxbound' from project 'boxbound')
    cd /Users/qingque/Desktop/HaiyueStudio/Native/examples/boxbound/platforms/ios
    
    Using response file: /Users/qingque/Library/Developer/Xcode/DerivedData/boxbound-gmbxpjcvwytnwfabbxjdzhvtcdad/Build/Intermediates.noindex/boxbound.build/Debug-iphoneos/boxbound.build/Objects-normal/arm64/82b82416624d2658e5098eb0a28c15c5-common-args.resp
    
    /Applications/Xcode.app/Contents/Developer/Toolchains/XcodeDefault.xctoolchain/usr/bin/clang -x c++ -ivfsstatcache /Users/qingque/Library/Developer/Xcode/DerivedData/SDKStatCaches.noindex/iphoneos26.2-23C57-3794476bd08197c3e2abd9bb477ef7f7.sdkstatcache -fmessage-length\=0 -fdiagnostics-show-note-include-stack -fmacro-backtrace-limit\=0 -fno-color-diagnostics -Wno-trigraphs -Wno-missing-field-initializers -Wno-missing-prototypes -Werror\=return-type -Wunreachable-code -Werror\=deprecated-objc-isa-usage -Werror\=objc-root-class -Wno-non-virtual-dtor -Wno-overloaded-virtual -Wno-exit-time-destructors -Wno-missing-braces -Wparentheses -Wswitch -Wunused-function -Wno-unused-label -Wno-unused-parameter -Wunused-variable -Wunused-value -Wempty-body -Wuninitialized -Wno-unknown-pragmas -Wno-shadow -Wno-four-char-constants -Wno-conversion -Wconstant-conversion -Wint-conversion -Wbool-conversion -Wenum-conversion -Wno-float-conversion -Wnon-literal-null-conversion -Wobjc-literal-conversion -Wshorten-64-to-32 -Wno-newline-eof -Wno-c++11-extensions -Wno-implicit-fallthrough -fstrict-aliasing -Wdeprecated-declarations -Winvalid-offsetof -Wno-sign-conversion -Winfinite-recursion -Wmove -Wcomma -Wblock-capture-autoreleasing -Wstrict-prototypes -Wrange-loop-analysis -Wno-semicolon-before-method-body -index-store-path /Users/qingque/Library/Developer/Xcode/DerivedData/boxbound-gmbxpjcvwytnwfabbxjdzhvtcdad/Index.noindex/DataStore @/Users/qingque/Library/Developer/Xcode/DerivedData/boxbound-gmbxpjcvwytnwfabbxjdzhvtcdad/Build/Intermediates.noindex/boxbound.build/Debug-iphoneos/boxbound.build/Objects-normal/arm64/82b82416624d2658e5098eb0a28c15c5-common-args.resp -include /Users/qingque/Desktop/HaiyueStudio/Native/examples/boxbound/platforms/ios/build/sharedpch/SharedPrecompiledHeaders/17560698271525316586/boxbound-Prefix.pch -MMD -MT dependencies -MF /Users/qingque/Library/Developer/Xcode/DerivedData/boxbound-gmbxpjcvwytnwfabbxjdzhvtcdad/Build/Intermediates.noindex/boxbound.build/Debug-iphoneos/boxbound.build/Objects-normal/arm64/TextMetricsImpl.d --serialize-diagnostics /Users/qingque/Library/Developer/Xcode/DerivedData/boxbound-gmbxpjcvwytnwfabbxjdzhvtcdad/Build/Intermediates.noindex/boxbound.build/Debug-iphoneos/boxbound.build/Objects-normal/arm64/TextMetricsImpl.dia -c /Users/qingque/Desktop/HaiyueStudio/Native/examples/boxbound/node_modules/@nativescript/canvas/platforms/ios/src/cpp/canvas2d/TextMetricsImpl.cpp -o /Users/qingque/Library/Developer/Xcode/DerivedData/boxbound-gmbxpjcvwytnwfabbxjdzhvtcdad/Build/Intermediates.noindex/boxbound.build/Debug-iphoneos/boxbound.build/Objects-normal/arm64/TextMetricsImpl.o -index-unit-output-path /boxbound.build/Debug-iphoneos/boxbound.build/Objects-normal/arm64/TextMetricsImpl.o
In file included from /Users/qingque/Desktop/HaiyueStudio/Native/examples/boxbound/node_modules/@nativescript/canvas/platforms/ios/src/cpp/canvas2d/TextMetricsImpl.cpp:5:
In file included from /Users/qingque/Desktop/HaiyueStudio/Native/examples/boxbound/node_modules/@nativescript/canvas/platforms/ios/src/cpp/canvas2d/TextMetricsImpl.h:8:
/Users/qingque/Desktop/HaiyueStudio/Native/examples/boxbound/node_modules/@nativescript/canvas/platforms/ios/src/cpp/Helpers.h:63:13: warning: unused function 'LogToConsole' [-Wunused-function]
   63 | static void LogToConsole(const std::string &message) {
      |             ^~~~~~~~~~~~
/Users/qingque/Desktop/HaiyueStudio/Native/examples/boxbound/node_modules/@nativescript/canvas/platforms/ios/src/cpp/Helpers.h:160:13: warning: unused function 'SetFastMethod' [-Wunused-function]
  160 | static void SetFastMethod(v8::Isolate *isolate,
      |             ^~~~~~~~~~~~~
/Users/qingque/Desktop/HaiyueStudio/Native/examples/boxbound/node_modules/@nativescript/canvas/platforms/ios/src/cpp/Helpers.h:185:13: warning: unused function 'SetFastMethodWithOverLoads' [-Wunused-function]
  185 | static void SetFastMethodWithOverLoads(v8::Isolate *isolate,
      |             ^~~~~~~~~~~~~~~~~~~~~~~~~~
/Users/qingque/Desktop/HaiyueStudio/Native/examples/boxbound/node_modules/@nativescript/canvas/platforms/ios/src/cpp/Helpers.h:210:13: warning: unused function 'SetFastMethod' [-Wunused-function]
  210 | static void SetFastMethod(v8::Local<v8::Context> context,
      |             ^~~~~~~~~~~~~
/Users/qingque/Desktop/HaiyueStudio/Native/examples/boxbound/node_modules/@nativescript/canvas/platforms/ios/src/cpp/Helpers.h:234:13: warning: unused function 'SetFastMethodNoSideEffect' [-Wunused-function]
  234 | static void SetFastMethodNoSideEffect(v8::Local<v8::Context> context,
      |             ^~~~~~~~~~~~~~~~~~~~~~~~~
/Users/qingque/Desktop/HaiyueStudio/Native/examples/boxbound/node_modules/@nativescript/canvas/platforms/ios/src/cpp/Helpers.h:258:13: warning: unused function 'SetFastMethodNoSideEffect' [-Wunused-function]
  258 | static void SetFastMethodNoSideEffect(v8::Isolate *isolate,
      |             ^~~~~~~~~~~~~~~~~~~~~~~~~
6 warnings generated.

SwiftDriverJobDiscovery normal arm64 Compiling NativeScriptMainWindow.swift (in target 'boxbound' from project 'boxbound')

CompileC /Users/qingque/Library/Developer/Xcode/DerivedData/boxbound-gmbxpjcvwytnwfabbxjdzhvtcdad/Build/Intermediates.noindex/boxbound.build/Debug-iphoneos/boxbound.build/Objects-normal/arm64/TextEncoderImpl.o /Users/qingque/Desktop/HaiyueStudio/Native/examples/boxbound/node_modules/@nativescript/canvas/platforms/ios/src/cpp/TextEncoderImpl.cpp normal arm64 c++ com.apple.compilers.llvm.clang.1_0.compiler (in target 'boxbound' from project 'boxbound')
    cd /Users/qingque/Desktop/HaiyueStudio/Native/examples/boxbound/platforms/ios
    
    Using response file: /Users/qingque/Library/Developer/Xcode/DerivedData/boxbound-gmbxpjcvwytnwfabbxjdzhvtcdad/Build/Intermediates.noindex/boxbound.build/Debug-iphoneos/boxbound.build/Objects-normal/arm64/82b82416624d2658e5098eb0a28c15c5-common-args.resp
    
    /Applications/Xcode.app/Contents/Developer/Toolchains/XcodeDefault.xctoolchain/usr/bin/clang -x c++ -ivfsstatcache /Users/qingque/Library/Developer/Xcode/DerivedData/SDKStatCaches.noindex/iphoneos26.2-23C57-3794476bd08197c3e2abd9bb477ef7f7.sdkstatcache -fmessage-length\=0 -fdiagnostics-show-note-include-stack -fmacro-backtrace-limit\=0 -fno-color-diagnostics -Wno-trigraphs -Wno-missing-field-initializers -Wno-missing-prototypes -Werror\=return-type -Wunreachable-code -Werror\=deprecated-objc-isa-usage -Werror\=objc-root-class -Wno-non-virtual-dtor -Wno-overloaded-virtual -Wno-exit-time-destructors -Wno-missing-braces -Wparentheses -Wswitch -Wunused-function -Wno-unused-label -Wno-unused-parameter -Wunused-variable -Wunused-value -Wempty-body -Wuninitialized -Wno-unknown-pragmas -Wno-shadow -Wno-four-char-constants -Wno-conversion -Wconstant-conversion -Wint-conversion -Wbool-conversion -Wenum-conversion -Wno-float-conversion -Wnon-literal-null-conversion -Wobjc-literal-conversion -Wshorten-64-to-32 -Wno-newline-eof -Wno-c++11-extensions -Wno-implicit-fallthrough -fstrict-aliasing -Wdeprecated-declarations -Winvalid-offsetof -Wno-sign-conversion -Winfinite-recursion -Wmove -Wcomma -Wblock-capture-autoreleasing -Wstrict-prototypes -Wrange-loop-analysis -Wno-semicolon-before-method-body -index-store-path /Users/qingque/Library/Developer/Xcode/DerivedData/boxbound-gmbxpjcvwytnwfabbxjdzhvtcdad/Index.noindex/DataStore @/Users/qingque/Library/Developer/Xcode/DerivedData/boxbound-gmbxpjcvwytnwfabbxjdzhvtcdad/Build/Intermediates.noindex/boxbound.build/Debug-iphoneos/boxbound.build/Objects-normal/arm64/82b82416624d2658e5098eb0a28c15c5-common-args.resp -include /Users/qingque/Desktop/HaiyueStudio/Native/examples/boxbound/platforms/ios/build/sharedpch/SharedPrecompiledHeaders/17560698271525316586/boxbound-Prefix.pch -MMD -MT dependencies -MF /Users/qingque/Library/Developer/Xcode/DerivedData/boxbound-gmbxpjcvwytnwfabbxjdzhvtcdad/Build/Intermediates.noindex/boxbound.build/Debug-iphoneos/boxbound.build/Objects-normal/arm64/TextEncoderImpl.d --serialize-diagnostics /Users/qingque/Library/Developer/Xcode/DerivedData/boxbound-gmbxpjcvwytnwfabbxjdzhvtcdad/Build/Intermediates.noindex/boxbound.build/Debug-iphoneos/boxbound.build/Objects-normal/arm64/TextEncoderImpl.dia -c /Users/qingque/Desktop/HaiyueStudio/Native/examples/boxbound/node_modules/@nativescript/canvas/platforms/ios/src/cpp/TextEncoderImpl.cpp -o /Users/qingque/Library/Developer/Xcode/DerivedData/boxbound-gmbxpjcvwytnwfabbxjdzhvtcdad/Build/Intermediates.noindex/boxbound.build/Debug-iphoneos/boxbound.build/Objects-normal/arm64/TextEncoderImpl.o -index-unit-output-path /boxbound.build/Debug-iphoneos/boxbound.build/Objects-normal/arm64/TextEncoderImpl.o
/Users/qingque/Desktop/HaiyueStudio/Native/examples/boxbound/node_modules/@nativescript/canvas/platforms/ios/src/cpp/TextEncoderImpl.cpp:21:5: warning: ignoring return value of function declared with 'warn_unused_result' attribute [-Wunused-result]
   21 |     canvasModule->Set(context, ConvertToV8String(isolate, "TextEncoder"), func);
      |     ^~~~~~~~~~~~~~~~~ ~~~~~~~~~~~~~~~~~~~~~~~~~~~~~~~~~~~~~~~~~~~~~~~~~~~~~~~~
In file included from /Users/qingque/Desktop/HaiyueStudio/Native/examples/boxbound/node_modules/@nativescript/canvas/platforms/ios/src/cpp/TextEncoderImpl.cpp:7:
/Users/qingque/Desktop/HaiyueStudio/Native/examples/boxbound/node_modules/@nativescript/canvas/platforms/ios/src/cpp/Helpers.h:63:13: warning: unused function 'LogToConsole' [-Wunused-function]
   63 | static void LogToConsole(const std::string &message) {
      |             ^~~~~~~~~~~~
/Users/qingque/Desktop/HaiyueStudio/Native/examples/boxbound/node_modules/@nativescript/canvas/platforms/ios/src/cpp/Helpers.h:160:13: warning: unused function 'SetFastMethod' [-Wunused-function]
  160 | static void SetFastMethod(v8::Isolate *isolate,
      |             ^~~~~~~~~~~~~
/Users/qingque/Desktop/HaiyueStudio/Native/examples/boxbound/node_modules/@nativescript/canvas/platforms/ios/src/cpp/Helpers.h:185:13: warning: unused function 'SetFastMethodWithOverLoads' [-Wunused-function]
  185 | static void SetFastMethodWithOverLoads(v8::Isolate *isolate,
      |             ^~~~~~~~~~~~~~~~~~~~~~~~~~
/Users/qingque/Desktop/HaiyueStudio/Native/examples/boxbound/node_modules/@nativescript/canvas/platforms/ios/src/cpp/Helpers.h:210:13: warning: unused function 'SetFastMethod' [-Wunused-function]
  210 | static void SetFastMethod(v8::Local<v8::Context> context,
      |             ^~~~~~~~~~~~~
/Users/qingque/Desktop/HaiyueStudio/Native/examples/boxbound/node_modules/@nativescript/canvas/platforms/ios/src/cpp/Helpers.h:234:13: warning: unused function 'SetFastMethodNoSideEffect' [-Wunused-function]
  234 | static void SetFastMethodNoSideEffect(v8::Local<v8::Context> context,
      |             ^~~~~~~~~~~~~~~~~~~~~~~~~
/Users/qingque/Desktop/HaiyueStudio/Native/examples/boxbound/node_modules/@nativescript/canvas/platforms/ios/src/cpp/Helpers.h:258:13: warning: unused function 'SetFastMethodNoSideEffect' [-Wunused-function]
  258 | static void SetFastMethodNoSideEffect(v8::Isolate *isolate,
      |             ^~~~~~~~~~~~~~~~~~~~~~~~~
7 warnings generated.

CompileC /Users/qingque/Library/Developer/Xcode/DerivedData/boxbound-gmbxpjcvwytnwfabbxjdzhvtcdad/Build/Intermediates.noindex/boxbound.build/Debug-iphoneos/boxbound.build/Objects-normal/arm64/TextDecoderImpl.o /Users/qingque/Desktop/HaiyueStudio/Native/examples/boxbound/node_modules/@nativescript/canvas/platforms/ios/src/cpp/TextDecoderImpl.cpp normal arm64 c++ com.apple.compilers.llvm.clang.1_0.compiler (in target 'boxbound' from project 'boxbound')
    cd /Users/qingque/Desktop/HaiyueStudio/Native/examples/boxbound/platforms/ios
    
    Using response file: /Users/qingque/Library/Developer/Xcode/DerivedData/boxbound-gmbxpjcvwytnwfabbxjdzhvtcdad/Build/Intermediates.noindex/boxbound.build/Debug-iphoneos/boxbound.build/Objects-normal/arm64/82b82416624d2658e5098eb0a28c15c5-common-args.resp
    
    /Applications/Xcode.app/Contents/Developer/Toolchains/XcodeDefault.xctoolchain/usr/bin/clang -x c++ -ivfsstatcache /Users/qingque/Library/Developer/Xcode/DerivedData/SDKStatCaches.noindex/iphoneos26.2-23C57-3794476bd08197c3e2abd9bb477ef7f7.sdkstatcache -fmessage-length\=0 -fdiagnostics-show-note-include-stack -fmacro-backtrace-limit\=0 -fno-color-diagnostics -Wno-trigraphs -Wno-missing-field-initializers -Wno-missing-prototypes -Werror\=return-type -Wunreachable-code -Werror\=deprecated-objc-isa-usage -Werror\=objc-root-class -Wno-non-virtual-dtor -Wno-overloaded-virtual -Wno-exit-time-destructors -Wno-missing-braces -Wparentheses -Wswitch -Wunused-function -Wno-unused-label -Wno-unused-parameter -Wunused-variable -Wunused-value -Wempty-body -Wuninitialized -Wno-unknown-pragmas -Wno-shadow -Wno-four-char-constants -Wno-conversion -Wconstant-conversion -Wint-conversion -Wbool-conversion -Wenum-conversion -Wno-float-conversion -Wnon-literal-null-conversion -Wobjc-literal-conversion -Wshorten-64-to-32 -Wno-newline-eof -Wno-c++11-extensions -Wno-implicit-fallthrough -fstrict-aliasing -Wdeprecated-declarations -Winvalid-offsetof -Wno-sign-conversion -Winfinite-recursion -Wmove -Wcomma -Wblock-capture-autoreleasing -Wstrict-prototypes -Wrange-loop-analysis -Wno-semicolon-before-method-body -index-store-path /Users/qingque/Library/Developer/Xcode/DerivedData/boxbound-gmbxpjcvwytnwfabbxjdzhvtcdad/Index.noindex/DataStore @/Users/qingque/Library/Developer/Xcode/DerivedData/boxbound-gmbxpjcvwytnwfabbxjdzhvtcdad/Build/Intermediates.noindex/boxbound.build/Debug-iphoneos/boxbound.build/Objects-normal/arm64/82b82416624d2658e5098eb0a28c15c5-common-args.resp -include /Users/qingque/Desktop/HaiyueStudio/Native/examples/boxbound/platforms/ios/build/sharedpch/SharedPrecompiledHeaders/17560698271525316586/boxbound-Prefix.pch -MMD -MT dependencies -MF /Users/qingque/Library/Developer/Xcode/DerivedData/boxbound-gmbxpjcvwytnwfabbxjdzhvtcdad/Build/Intermediates.noindex/boxbound.build/Debug-iphoneos/boxbound.build/Objects-normal/arm64/TextDecoderImpl.d --serialize-diagnostics /Users/qingque/Library/Developer/Xcode/DerivedData/boxbound-gmbxpjcvwytnwfabbxjdzhvtcdad/Build/Intermediates.noindex/boxbound.build/Debug-iphoneos/boxbound.build/Objects-normal/arm64/TextDecoderImpl.dia -c /Users/qingque/Desktop/HaiyueStudio/Native/examples/boxbound/node_modules/@nativescript/canvas/platforms/ios/src/cpp/TextDecoderImpl.cpp -o /Users/qingque/Library/Developer/Xcode/DerivedData/boxbound-gmbxpjcvwytnwfabbxjdzhvtcdad/Build/Intermediates.noindex/boxbound.build/Debug-iphoneos/boxbound.build/Objects-normal/arm64/TextDecoderImpl.o -index-unit-output-path /boxbound.build/Debug-iphoneos/boxbound.build/Objects-normal/arm64/TextDecoderImpl.o
/Users/qingque/Desktop/HaiyueStudio/Native/examples/boxbound/node_modules/@nativescript/canvas/platforms/ios/src/cpp/TextDecoderImpl.cpp:22:4: warning: ignoring return value of function declared with 'warn_unused_result' attribute [-Wunused-result]
   22 |    canvasModule->Set(context, ConvertToV8String(isolate, "TextDecoder"), func);
      |    ^~~~~~~~~~~~~~~~~ ~~~~~~~~~~~~~~~~~~~~~~~~~~~~~~~~~~~~~~~~~~~~~~~~~~~~~~~~
/Users/qingque/Desktop/HaiyueStudio/Native/examples/boxbound/node_modules/@nativescript/canvas/platforms/ios/src/cpp/TextDecoderImpl.cpp:217:9: warning: ignoring return value of function declared with 'warn_unused_result' attribute [-Wunused-result]
  217 |         resolver->Reject(context, msg);
      |         ^~~~~~~~~~~~~~~~ ~~~~~~~~~~~~
/Users/qingque/Desktop/HaiyueStudio/Native/examples/boxbound/node_modules/@nativescript/canvas/platforms/ios/src/cpp/TextDecoderImpl.cpp:224:9: warning: ignoring return value of function declared with 'warn_unused_result' attribute [-Wunused-result]
  224 |         resolver->Resolve(context, v8::String::Empty(isolate));
      |         ^~~~~~~~~~~~~~~~~ ~~~~~~~~~~~~~~~~~~~~~~~~~~~~~~~~~~~
/Users/qingque/Desktop/HaiyueStudio/Native/examples/boxbound/node_modules/@nativescript/canvas/platforms/ios/src/cpp/TextDecoderImpl.cpp:232:9: warning: ignoring return value of function declared with 'warn_unused_result' attribute [-Wunused-result]
  232 |         resolver->Reject(context, msg);
      |         ^~~~~~~~~~~~~~~~ ~~~~~~~~~~~~
/Users/qingque/Desktop/HaiyueStudio/Native/examples/boxbound/node_modules/@nativescript/canvas/platforms/ios/src/cpp/TextDecoderImpl.cpp:259:25: warning: ignoring return value of function declared with 'warn_unused_result' attribute [-Wunused-result]
  259 |                         callback->Resolve(context, v8::String::Empty(isolate));
      |                         ^~~~~~~~~~~~~~~~~ ~~~~~~~~~~~~~~~~~~~~~~~~~~~~~~~~~~~
In file included from /Users/qingque/Desktop/HaiyueStudio/Native/examples/boxbound/node_modules/@nativescript/canvas/platforms/ios/src/cpp/TextDecoderImpl.cpp:7:
/Users/qingque/Desktop/HaiyueStudio/Native/examples/boxbound/node_modules/@nativescript/canvas/platforms/ios/src/cpp/Helpers.h:63:13: warning: unused function 'LogToConsole' [-Wunused-function]
   63 | static void LogToConsole(const std::string &message) {
      |             ^~~~~~~~~~~~
/Users/qingque/Desktop/HaiyueStudio/Native/examples/boxbound/node_modules/@nativescript/canvas/platforms/ios/src/cpp/Helpers.h:160:13: warning: unused function 'SetFastMethod' [-Wunused-function]
  160 | static void SetFastMethod(v8::Isolate *isolate,
      |             ^~~~~~~~~~~~~
/Users/qingque/Desktop/HaiyueStudio/Native/examples/boxbound/node_modules/@nativescript/canvas/platforms/ios/src/cpp/Helpers.h:185:13: warning: unused function 'SetFastMethodWithOverLoads' [-Wunused-function]
  185 | static void SetFastMethodWithOverLoads(v8::Isolate *isolate,
      |             ^~~~~~~~~~~~~~~~~~~~~~~~~~
/Users/qingque/Desktop/HaiyueStudio/Native/examples/boxbound/node_modules/@nativescript/canvas/platforms/ios/src/cpp/Helpers.h:210:13: warning: unused function 'SetFastMethod' [-Wunused-function]
  210 | static void SetFastMethod(v8::Local<v8::Context> context,
      |             ^~~~~~~~~~~~~
/Users/qingque/Desktop/HaiyueStudio/Native/examples/boxbound/node_modules/@nativescript/canvas/platforms/ios/src/cpp/Helpers.h:234:13: warning: unused function 'SetFastMethodNoSideEffect' [-Wunused-function]
  234 | static void SetFastMethodNoSideEffect(v8::Local<v8::Context> context,
      |             ^~~~~~~~~~~~~~~~~~~~~~~~~
/Users/qingque/Desktop/HaiyueStudio/Native/examples/boxbound/node_modules/@nativescript/canvas/platforms/ios/src/cpp/Helpers.h:258:13: warning: unused function 'SetFastMethodNoSideEffect' [-Wunused-function]
  258 | static void SetFastMethodNoSideEffect(v8::Isolate *isolate,
      |             ^~~~~~~~~~~~~~~~~~~~~~~~~
11 warnings generated.

CompileC /Users/qingque/Library/Developer/Xcode/DerivedData/boxbound-gmbxpjcvwytnwfabbxjdzhvtcdad/Build/Intermediates.noindex/boxbound.build/Debug-iphoneos/boxbound.build/Objects-normal/arm64/RafImpl.o /Users/qingque/Desktop/HaiyueStudio/Native/examples/boxbound/node_modules/@nativescript/canvas/platforms/ios/src/cpp/RafImpl.cpp normal arm64 c++ com.apple.compilers.llvm.clang.1_0.compiler (in target 'boxbound' from project 'boxbound')
    cd /Users/qingque/Desktop/HaiyueStudio/Native/examples/boxbound/platforms/ios
    
    Using response file: /Users/qingque/Library/Developer/Xcode/DerivedData/boxbound-gmbxpjcvwytnwfabbxjdzhvtcdad/Build/Intermediates.noindex/boxbound.build/Debug-iphoneos/boxbound.build/Objects-normal/arm64/82b82416624d2658e5098eb0a28c15c5-common-args.resp
    
    /Applications/Xcode.app/Contents/Developer/Toolchains/XcodeDefault.xctoolchain/usr/bin/clang -x c++ -ivfsstatcache /Users/qingque/Library/Developer/Xcode/DerivedData/SDKStatCaches.noindex/iphoneos26.2-23C57-3794476bd08197c3e2abd9bb477ef7f7.sdkstatcache -fmessage-length\=0 -fdiagnostics-show-note-include-stack -fmacro-backtrace-limit\=0 -fno-color-diagnostics -Wno-trigraphs -Wno-missing-field-initializers -Wno-missing-prototypes -Werror\=return-type -Wunreachable-code -Werror\=deprecated-objc-isa-usage -Werror\=objc-root-class -Wno-non-virtual-dtor -Wno-overloaded-virtual -Wno-exit-time-destructors -Wno-missing-braces -Wparentheses -Wswitch -Wunused-function -Wno-unused-label -Wno-unused-parameter -Wunused-variable -Wunused-value -Wempty-body -Wuninitialized -Wno-unknown-pragmas -Wno-shadow -Wno-four-char-constants -Wno-conversion -Wconstant-conversion -Wint-conversion -Wbool-conversion -Wenum-conversion -Wno-float-conversion -Wnon-literal-null-conversion -Wobjc-literal-conversion -Wshorten-64-to-32 -Wno-newline-eof -Wno-c++11-extensions -Wno-implicit-fallthrough -fstrict-aliasing -Wdeprecated-declarations -Winvalid-offsetof -Wno-sign-conversion -Winfinite-recursion -Wmove -Wcomma -Wblock-capture-autoreleasing -Wstrict-prototypes -Wrange-loop-analysis -Wno-semicolon-before-method-body -index-store-path /Users/qingque/Library/Developer/Xcode/DerivedData/boxbound-gmbxpjcvwytnwfabbxjdzhvtcdad/Index.noindex/DataStore @/Users/qingque/Library/Developer/Xcode/DerivedData/boxbound-gmbxpjcvwytnwfabbxjdzhvtcdad/Build/Intermediates.noindex/boxbound.build/Debug-iphoneos/boxbound.build/Objects-normal/arm64/82b82416624d2658e5098eb0a28c15c5-common-args.resp -include /Users/qingque/Desktop/HaiyueStudio/Native/examples/boxbound/platforms/ios/build/sharedpch/SharedPrecompiledHeaders/17560698271525316586/boxbound-Prefix.pch -MMD -MT dependencies -MF /Users/qingque/Library/Developer/Xcode/DerivedData/boxbound-gmbxpjcvwytnwfabbxjdzhvtcdad/Build/Intermediates.noindex/boxbound.build/Debug-iphoneos/boxbound.build/Objects-normal/arm64/RafImpl.d --serialize-diagnostics /Users/qingque/Library/Developer/Xcode/DerivedData/boxbound-gmbxpjcvwytnwfabbxjdzhvtcdad/Build/Intermediates.noindex/boxbound.build/Debug-iphoneos/boxbound.build/Objects-normal/arm64/RafImpl.dia -c /Users/qingque/Desktop/HaiyueStudio/Native/examples/boxbound/node_modules/@nativescript/canvas/platforms/ios/src/cpp/RafImpl.cpp -o /Users/qingque/Library/Developer/Xcode/DerivedData/boxbound-gmbxpjcvwytnwfabbxjdzhvtcdad/Build/Intermediates.noindex/boxbound.build/Debug-iphoneos/boxbound.build/Objects-normal/arm64/RafImpl.o -index-unit-output-path /boxbound.build/Debug-iphoneos/boxbound.build/Objects-normal/arm64/RafImpl.o

CompileC /Users/qingque/Library/Developer/Xcode/DerivedData/boxbound-gmbxpjcvwytnwfabbxjdzhvtcdad/Build/Intermediates.noindex/boxbound.build/Debug-iphoneos/boxbound.build/Objects-normal/arm64/Path2D.o /Users/qingque/Desktop/HaiyueStudio/Native/examples/boxbound/node_modules/@nativescript/canvas/platforms/ios/src/cpp/canvas2d/Path2D.cpp normal arm64 c++ com.apple.compilers.llvm.clang.1_0.compiler (in target 'boxbound' from project 'boxbound')
    cd /Users/qingque/Desktop/HaiyueStudio/Native/examples/boxbound/platforms/ios
    
    Using response file: /Users/qingque/Library/Developer/Xcode/DerivedData/boxbound-gmbxpjcvwytnwfabbxjdzhvtcdad/Build/Intermediates.noindex/boxbound.build/Debug-iphoneos/boxbound.build/Objects-normal/arm64/82b82416624d2658e5098eb0a28c15c5-common-args.resp
    
    /Applications/Xcode.app/Contents/Developer/Toolchains/XcodeDefault.xctoolchain/usr/bin/clang -x c++ -ivfsstatcache /Users/qingque/Library/Developer/Xcode/DerivedData/SDKStatCaches.noindex/iphoneos26.2-23C57-3794476bd08197c3e2abd9bb477ef7f7.sdkstatcache -fmessage-length\=0 -fdiagnostics-show-note-include-stack -fmacro-backtrace-limit\=0 -fno-color-diagnostics -Wno-trigraphs -Wno-missing-field-initializers -Wno-missing-prototypes -Werror\=return-type -Wunreachable-code -Werror\=deprecated-objc-isa-usage -Werror\=objc-root-class -Wno-non-virtual-dtor -Wno-overloaded-virtual -Wno-exit-time-destructors -Wno-missing-braces -Wparentheses -Wswitch -Wunused-function -Wno-unused-label -Wno-unused-parameter -Wunused-variable -Wunused-value -Wempty-body -Wuninitialized -Wno-unknown-pragmas -Wno-shadow -Wno-four-char-constants -Wno-conversion -Wconstant-conversion -Wint-conversion -Wbool-conversion -Wenum-conversion -Wno-float-conversion -Wnon-literal-null-conversion -Wobjc-literal-conversion -Wshorten-64-to-32 -Wno-newline-eof -Wno-c++11-extensions -Wno-implicit-fallthrough -fstrict-aliasing -Wdeprecated-declarations -Winvalid-offsetof -Wno-sign-conversion -Winfinite-recursion -Wmove -Wcomma -Wblock-capture-autoreleasing -Wstrict-prototypes -Wrange-loop-analysis -Wno-semicolon-before-method-body -index-store-path /Users/qingque/Library/Developer/Xcode/DerivedData/boxbound-gmbxpjcvwytnwfabbxjdzhvtcdad/Index.noindex/DataStore @/Users/qingque/Library/Developer/Xcode/DerivedData/boxbound-gmbxpjcvwytnwfabbxjdzhvtcdad/Build/Intermediates.noindex/boxbound.build/Debug-iphoneos/boxbound.build/Objects-normal/arm64/82b82416624d2658e5098eb0a28c15c5-common-args.resp -include /Users/qingque/Desktop/HaiyueStudio/Native/examples/boxbound/platforms/ios/build/sharedpch/SharedPrecompiledHeaders/17560698271525316586/boxbound-Prefix.pch -MMD -MT dependencies -MF /Users/qingque/Library/Developer/Xcode/DerivedData/boxbound-gmbxpjcvwytnwfabbxjdzhvtcdad/Build/Intermediates.noindex/boxbound.build/Debug-iphoneos/boxbound.build/Objects-normal/arm64/Path2D.d --serialize-diagnostics /Users/qingque/Library/Developer/Xcode/DerivedData/boxbound-gmbxpjcvwytnwfabbxjdzhvtcdad/Build/Intermediates.noindex/boxbound.build/Debug-iphoneos/boxbound.build/Objects-normal/arm64/Path2D.dia -c /Users/qingque/Desktop/HaiyueStudio/Native/examples/boxbound/node_modules/@nativescript/canvas/platforms/ios/src/cpp/canvas2d/Path2D.cpp -o /Users/qingque/Library/Developer/Xcode/DerivedData/boxbound-gmbxpjcvwytnwfabbxjdzhvtcdad/Build/Intermediates.noindex/boxbound.build/Debug-iphoneos/boxbound.build/Objects-normal/arm64/Path2D.o -index-unit-output-path /boxbound.build/Debug-iphoneos/boxbound.build/Objects-normal/arm64/Path2D.o
/Users/qingque/Desktop/HaiyueStudio/Native/examples/boxbound/node_modules/@nativescript/canvas/platforms/ios/src/cpp/canvas2d/Path2D.cpp:23:5: warning: ignoring return value of function declared with 'warn_unused_result' attribute [-Wunused-result]
   23 |     canvasModule->Set(context, ConvertToV8String(isolate, "Path2D"), func);
      |     ^~~~~~~~~~~~~~~~~ ~~~~~~~~~~~~~~~~~~~~~~~~~~~~~~~~~~~~~~~~~~~~~~~~~~~
In file included from /Users/qingque/Desktop/HaiyueStudio/Native/examples/boxbound/node_modules/@nativescript/canvas/platforms/ios/src/cpp/canvas2d/Path2D.cpp:5:
In file included from /Users/qingque/Desktop/HaiyueStudio/Native/examples/boxbound/node_modules/@nativescript/canvas/platforms/ios/src/cpp/canvas2d/Path2D.h:8:
/Users/qingque/Desktop/HaiyueStudio/Native/examples/boxbound/node_modules/@nativescript/canvas/platforms/ios/src/cpp/Helpers.h:63:13: warning: unused function 'LogToConsole' [-Wunused-function]
   63 | static void LogToConsole(const std::string &message) {
      |             ^~~~~~~~~~~~
/Users/qingque/Desktop/HaiyueStudio/Native/examples/boxbound/node_modules/@nativescript/canvas/platforms/ios/src/cpp/Helpers.h:210:13: warning: unused function 'SetFastMethod' [-Wunused-function]
  210 | static void SetFastMethod(v8::Local<v8::Context> context,
      |             ^~~~~~~~~~~~~
/Users/qingque/Desktop/HaiyueStudio/Native/examples/boxbound/node_modules/@nativescript/canvas/platforms/ios/src/cpp/Helpers.h:234:13: warning: unused function 'SetFastMethodNoSideEffect' [-Wunused-function]
  234 | static void SetFastMethodNoSideEffect(v8::Local<v8::Context> context,
      |             ^~~~~~~~~~~~~~~~~~~~~~~~~
/Users/qingque/Desktop/HaiyueStudio/Native/examples/boxbound/node_modules/@nativescript/canvas/platforms/ios/src/cpp/Helpers.h:258:13: warning: unused function 'SetFastMethodNoSideEffect' [-Wunused-function]
  258 | static void SetFastMethodNoSideEffect(v8::Isolate *isolate,
      |             ^~~~~~~~~~~~~~~~~~~~~~~~~
5 warnings generated.

CompileC /Users/qingque/Library/Developer/Xcode/DerivedData/boxbound-gmbxpjcvwytnwfabbxjdzhvtcdad/Build/Intermediates.noindex/boxbound.build/Debug-iphoneos/boxbound.build/Objects-normal/arm64/OneByteStringResource.o /Users/qingque/Desktop/HaiyueStudio/Native/examples/boxbound/node_modules/@nativescript/canvas/platforms/ios/src/cpp/OneByteStringResource.cpp normal arm64 c++ com.apple.compilers.llvm.clang.1_0.compiler (in target 'boxbound' from project 'boxbound')
    cd /Users/qingque/Desktop/HaiyueStudio/Native/examples/boxbound/platforms/ios
    
    Using response file: /Users/qingque/Library/Developer/Xcode/DerivedData/boxbound-gmbxpjcvwytnwfabbxjdzhvtcdad/Build/Intermediates.noindex/boxbound.build/Debug-iphoneos/boxbound.build/Objects-normal/arm64/82b82416624d2658e5098eb0a28c15c5-common-args.resp
    
    /Applications/Xcode.app/Contents/Developer/Toolchains/XcodeDefault.xctoolchain/usr/bin/clang -x c++ -ivfsstatcache /Users/qingque/Library/Developer/Xcode/DerivedData/SDKStatCaches.noindex/iphoneos26.2-23C57-3794476bd08197c3e2abd9bb477ef7f7.sdkstatcache -fmessage-length\=0 -fdiagnostics-show-note-include-stack -fmacro-backtrace-limit\=0 -fno-color-diagnostics -Wno-trigraphs -Wno-missing-field-initializers -Wno-missing-prototypes -Werror\=return-type -Wunreachable-code -Werror\=deprecated-objc-isa-usage -Werror\=objc-root-class -Wno-non-virtual-dtor -Wno-overloaded-virtual -Wno-exit-time-destructors -Wno-missing-braces -Wparentheses -Wswitch -Wunused-function -Wno-unused-label -Wno-unused-parameter -Wunused-variable -Wunused-value -Wempty-body -Wuninitialized -Wno-unknown-pragmas -Wno-shadow -Wno-four-char-constants -Wno-conversion -Wconstant-conversion -Wint-conversion -Wbool-conversion -Wenum-conversion -Wno-float-conversion -Wnon-literal-null-conversion -Wobjc-literal-conversion -Wshorten-64-to-32 -Wno-newline-eof -Wno-c++11-extensions -Wno-implicit-fallthrough -fstrict-aliasing -Wdeprecated-declarations -Winvalid-offsetof -Wno-sign-conversion -Winfinite-recursion -Wmove -Wcomma -Wblock-capture-autoreleasing -Wstrict-prototypes -Wrange-loop-analysis -Wno-semicolon-before-method-body -index-store-path /Users/qingque/Library/Developer/Xcode/DerivedData/boxbound-gmbxpjcvwytnwfabbxjdzhvtcdad/Index.noindex/DataStore @/Users/qingque/Library/Developer/Xcode/DerivedData/boxbound-gmbxpjcvwytnwfabbxjdzhvtcdad/Build/Intermediates.noindex/boxbound.build/Debug-iphoneos/boxbound.build/Objects-normal/arm64/82b82416624d2658e5098eb0a28c15c5-common-args.resp -include /Users/qingque/Desktop/HaiyueStudio/Native/examples/boxbound/platforms/ios/build/sharedpch/SharedPrecompiledHeaders/17560698271525316586/boxbound-Prefix.pch -MMD -MT dependencies -MF /Users/qingque/Library/Developer/Xcode/DerivedData/boxbound-gmbxpjcvwytnwfabbxjdzhvtcdad/Build/Intermediates.noindex/boxbound.build/Debug-iphoneos/boxbound.build/Objects-normal/arm64/OneByteStringResource.d --serialize-diagnostics /Users/qingque/Library/Developer/Xcode/DerivedData/boxbound-gmbxpjcvwytnwfabbxjdzhvtcdad/Build/Intermediates.noindex/boxbound.build/Debug-iphoneos/boxbound.build/Objects-normal/arm64/OneByteStringResource.dia -c /Users/qingque/Desktop/HaiyueStudio/Native/examples/boxbound/node_modules/@nativescript/canvas/platforms/ios/src/cpp/OneByteStringResource.cpp -o /Users/qingque/Library/Developer/Xcode/DerivedData/boxbound-gmbxpjcvwytnwfabbxjdzhvtcdad/Build/Intermediates.noindex/boxbound.build/Debug-iphoneos/boxbound.build/Objects-normal/arm64/OneByteStringResource.o -index-unit-output-path /boxbound.build/Debug-iphoneos/boxbound.build/Objects-normal/arm64/OneByteStringResource.o

CompileC /Users/qingque/Library/Developer/Xcode/DerivedData/boxbound-gmbxpjcvwytnwfabbxjdzhvtcdad/Build/Intermediates.noindex/boxbound.build/Debug-iphoneos/boxbound.build/Objects-normal/arm64/OnRafCallback.o /Users/qingque/Desktop/HaiyueStudio/Native/examples/boxbound/node_modules/@nativescript/canvas/platforms/ios/src/cpp/OnRafCallback.cpp normal arm64 c++ com.apple.compilers.llvm.clang.1_0.compiler (in target 'boxbound' from project 'boxbound')
    cd /Users/qingque/Desktop/HaiyueStudio/Native/examples/boxbound/platforms/ios
    
    Using response file: /Users/qingque/Library/Developer/Xcode/DerivedData/boxbound-gmbxpjcvwytnwfabbxjdzhvtcdad/Build/Intermediates.noindex/boxbound.build/Debug-iphoneos/boxbound.build/Objects-normal/arm64/82b82416624d2658e5098eb0a28c15c5-common-args.resp
    
    /Applications/Xcode.app/Contents/Developer/Toolchains/XcodeDefault.xctoolchain/usr/bin/clang -x c++ -ivfsstatcache /Users/qingque/Library/Developer/Xcode/DerivedData/SDKStatCaches.noindex/iphoneos26.2-23C57-3794476bd08197c3e2abd9bb477ef7f7.sdkstatcache -fmessage-length\=0 -fdiagnostics-show-note-include-stack -fmacro-backtrace-limit\=0 -fno-color-diagnostics -Wno-trigraphs -Wno-missing-field-initializers -Wno-missing-prototypes -Werror\=return-type -Wunreachable-code -Werror\=deprecated-objc-isa-usage -Werror\=objc-root-class -Wno-non-virtual-dtor -Wno-overloaded-virtual -Wno-exit-time-destructors -Wno-missing-braces -Wparentheses -Wswitch -Wunused-function -Wno-unused-label -Wno-unused-parameter -Wunused-variable -Wunused-value -Wempty-body -Wuninitialized -Wno-unknown-pragmas -Wno-shadow -Wno-four-char-constants -Wno-conversion -Wconstant-conversion -Wint-conversion -Wbool-conversion -Wenum-conversion -Wno-float-conversion -Wnon-literal-null-conversion -Wobjc-literal-conversion -Wshorten-64-to-32 -Wno-newline-eof -Wno-c++11-extensions -Wno-implicit-fallthrough -fstrict-aliasing -Wdeprecated-declarations -Winvalid-offsetof -Wno-sign-conversion -Winfinite-recursion -Wmove -Wcomma -Wblock-capture-autoreleasing -Wstrict-prototypes -Wrange-loop-analysis -Wno-semicolon-before-method-body -index-store-path /Users/qingque/Library/Developer/Xcode/DerivedData/boxbound-gmbxpjcvwytnwfabbxjdzhvtcdad/Index.noindex/DataStore @/Users/qingque/Library/Developer/Xcode/DerivedData/boxbound-gmbxpjcvwytnwfabbxjdzhvtcdad/Build/Intermediates.noindex/boxbound.build/Debug-iphoneos/boxbound.build/Objects-normal/arm64/82b82416624d2658e5098eb0a28c15c5-common-args.resp -include /Users/qingque/Desktop/HaiyueStudio/Native/examples/boxbound/platforms/ios/build/sharedpch/SharedPrecompiledHeaders/17560698271525316586/boxbound-Prefix.pch -MMD -MT dependencies -MF /Users/qingque/Library/Developer/Xcode/DerivedData/boxbound-gmbxpjcvwytnwfabbxjdzhvtcdad/Build/Intermediates.noindex/boxbound.build/Debug-iphoneos/boxbound.build/Objects-normal/arm64/OnRafCallback.d --serialize-diagnostics /Users/qingque/Library/Developer/Xcode/DerivedData/boxbound-gmbxpjcvwytnwfabbxjdzhvtcdad/Build/Intermediates.noindex/boxbound.build/Debug-iphoneos/boxbound.build/Objects-normal/arm64/OnRafCallback.dia -c /Users/qingque/Desktop/HaiyueStudio/Native/examples/boxbound/node_modules/@nativescript/canvas/platforms/ios/src/cpp/OnRafCallback.cpp -o /Users/qingque/Library/Developer/Xcode/DerivedData/boxbound-gmbxpjcvwytnwfabbxjdzhvtcdad/Build/Intermediates.noindex/boxbound.build/Debug-iphoneos/boxbound.build/Objects-normal/arm64/OnRafCallback.o -index-unit-output-path /boxbound.build/Debug-iphoneos/boxbound.build/Objects-normal/arm64/OnRafCallback.o
In file included from /Users/qingque/Desktop/HaiyueStudio/Native/examples/boxbound/node_modules/@nativescript/canvas/platforms/ios/src/cpp/OnRafCallback.cpp:6:
In file included from /Users/qingque/Desktop/HaiyueStudio/Native/examples/boxbound/node_modules/@nativescript/canvas/platforms/ios/src/cpp/canvas2d/CanvasRenderingContext2DImpl.h:16:
/Users/qingque/Desktop/HaiyueStudio/Native/examples/boxbound/node_modules/@nativescript/canvas/platforms/ios/src/cpp/Helpers.h:63:13: warning: unused function 'LogToConsole' [-Wunused-function]
   63 | static void LogToConsole(const std::string &message) {
      |             ^~~~~~~~~~~~
/Users/qingque/Desktop/HaiyueStudio/Native/examples/boxbound/node_modules/@nativescript/canvas/platforms/ios/src/cpp/Helpers.h:160:13: warning: unused function 'SetFastMethod' [-Wunused-function]
  160 | static void SetFastMethod(v8::Isolate *isolate,
      |             ^~~~~~~~~~~~~
/Users/qingque/Desktop/HaiyueStudio/Native/examples/boxbound/node_modules/@nativescript/canvas/platforms/ios/src/cpp/Helpers.h:185:13: warning: unused function 'SetFastMethodWithOverLoads' [-Wunused-function]
  185 | static void SetFastMethodWithOverLoads(v8::Isolate *isolate,
      |             ^~~~~~~~~~~~~~~~~~~~~~~~~~
/Users/qingque/Desktop/HaiyueStudio/Native/examples/boxbound/node_modules/@nativescript/canvas/platforms/ios/src/cpp/Helpers.h:210:13: warning: unused function 'SetFastMethod' [-Wunused-function]
  210 | static void SetFastMethod(v8::Local<v8::Context> context,
      |             ^~~~~~~~~~~~~
/Users/qingque/Desktop/HaiyueStudio/Native/examples/boxbound/node_modules/@nativescript/canvas/platforms/ios/src/cpp/Helpers.h:234:13: warning: unused function 'SetFastMethodNoSideEffect' [-Wunused-function]
  234 | static void SetFastMethodNoSideEffect(v8::Local<v8::Context> context,
      |             ^~~~~~~~~~~~~~~~~~~~~~~~~
/Users/qingque/Desktop/HaiyueStudio/Native/examples/boxbound/node_modules/@nativescript/canvas/platforms/ios/src/cpp/Helpers.h:258:13: warning: unused function 'SetFastMethodNoSideEffect' [-Wunused-function]
  258 | static void SetFastMethodNoSideEffect(v8::Isolate *isolate,
      |             ^~~~~~~~~~~~~~~~~~~~~~~~~
6 warnings generated.

CompileC /Users/qingque/Library/Developer/Xcode/DerivedData/boxbound-gmbxpjcvwytnwfabbxjdzhvtcdad/Build/Intermediates.noindex/boxbound.build/Debug-iphoneos/boxbound.build/Objects-normal/arm64/OES_vertex_array_objectImpl.o /Users/qingque/Desktop/HaiyueStudio/Native/examples/boxbound/node_modules/@nativescript/canvas/platforms/ios/src/cpp/webgl/extensions/OES_vertex_array_objectImpl.cpp normal arm64 c++ com.apple.compilers.llvm.clang.1_0.compiler (in target 'boxbound' from project 'boxbound')
    cd /Users/qingque/Desktop/HaiyueStudio/Native/examples/boxbound/platforms/ios
    
    Using response file: /Users/qingque/Library/Developer/Xcode/DerivedData/boxbound-gmbxpjcvwytnwfabbxjdzhvtcdad/Build/Intermediates.noindex/boxbound.build/Debug-iphoneos/boxbound.build/Objects-normal/arm64/82b82416624d2658e5098eb0a28c15c5-common-args.resp
    
    /Applications/Xcode.app/Contents/Developer/Toolchains/XcodeDefault.xctoolchain/usr/bin/clang -x c++ -ivfsstatcache /Users/qingque/Library/Developer/Xcode/DerivedData/SDKStatCaches.noindex/iphoneos26.2-23C57-3794476bd08197c3e2abd9bb477ef7f7.sdkstatcache -fmessage-length\=0 -fdiagnostics-show-note-include-stack -fmacro-backtrace-limit\=0 -fno-color-diagnostics -Wno-trigraphs -Wno-missing-field-initializers -Wno-missing-prototypes -Werror\=return-type -Wunreachable-code -Werror\=deprecated-objc-isa-usage -Werror\=objc-root-class -Wno-non-virtual-dtor -Wno-overloaded-virtual -Wno-exit-time-destructors -Wno-missing-braces -Wparentheses -Wswitch -Wunused-function -Wno-unused-label -Wno-unused-parameter -Wunused-variable -Wunused-value -Wempty-body -Wuninitialized -Wno-unknown-pragmas -Wno-shadow -Wno-four-char-constants -Wno-conversion -Wconstant-conversion -Wint-conversion -Wbool-conversion -Wenum-conversion -Wno-float-conversion -Wnon-literal-null-conversion -Wobjc-literal-conversion -Wshorten-64-to-32 -Wno-newline-eof -Wno-c++11-extensions -Wno-implicit-fallthrough -fstrict-aliasing -Wdeprecated-declarations -Winvalid-offsetof -Wno-sign-conversion -Winfinite-recursion -Wmove -Wcomma -Wblock-capture-autoreleasing -Wstrict-prototypes -Wrange-loop-analysis -Wno-semicolon-before-method-body -index-store-path /Users/qingque/Library/Developer/Xcode/DerivedData/boxbound-gmbxpjcvwytnwfabbxjdzhvtcdad/Index.noindex/DataStore @/Users/qingque/Library/Developer/Xcode/DerivedData/boxbound-gmbxpjcvwytnwfabbxjdzhvtcdad/Build/Intermediates.noindex/boxbound.build/Debug-iphoneos/boxbound.build/Objects-normal/arm64/82b82416624d2658e5098eb0a28c15c5-common-args.resp -include /Users/qingque/Desktop/HaiyueStudio/Native/examples/boxbound/platforms/ios/build/sharedpch/SharedPrecompiledHeaders/17560698271525316586/boxbound-Prefix.pch -MMD -MT dependencies -MF /Users/qingque/Library/Developer/Xcode/DerivedData/boxbound-gmbxpjcvwytnwfabbxjdzhvtcdad/Build/Intermediates.noindex/boxbound.build/Debug-iphoneos/boxbound.build/Objects-normal/arm64/OES_vertex_array_objectImpl.d --serialize-diagnostics /Users/qingque/Library/Developer/Xcode/DerivedData/boxbound-gmbxpjcvwytnwfabbxjdzhvtcdad/Build/Intermediates.noindex/boxbound.build/Debug-iphoneos/boxbound.build/Objects-normal/arm64/OES_vertex_array_objectImpl.dia -c /Users/qingque/Desktop/HaiyueStudio/Native/examples/boxbound/node_modules/@nativescript/canvas/platforms/ios/src/cpp/webgl/extensions/OES_vertex_array_objectImpl.cpp -o /Users/qingque/Library/Developer/Xcode/DerivedData/boxbound-gmbxpjcvwytnwfabbxjdzhvtcdad/Build/Intermediates.noindex/boxbound.build/Debug-iphoneos/boxbound.build/Objects-normal/arm64/OES_vertex_array_objectImpl.o -index-unit-output-path /boxbound.build/Debug-iphoneos/boxbound.build/Objects-normal/arm64/OES_vertex_array_objectImpl.o
In file included from /Users/qingque/Desktop/HaiyueStudio/Native/examples/boxbound/node_modules/@nativescript/canvas/platforms/ios/src/cpp/webgl/extensions/OES_vertex_array_objectImpl.cpp:5:
In file included from /Users/qingque/Desktop/HaiyueStudio/Native/examples/boxbound/node_modules/@nativescript/canvas/platforms/ios/src/cpp/webgl/extensions/OES_vertex_array_objectImpl.h:8:
In file included from /Users/qingque/Desktop/HaiyueStudio/Native/examples/boxbound/node_modules/@nativescript/canvas/platforms/ios/src/cpp/webgl2/WebGLVertexArrayObject.h:9:
/Users/qingque/Desktop/HaiyueStudio/Native/examples/boxbound/node_modules/@nativescript/canvas/platforms/ios/src/cpp/Helpers.h:63:13: warning: unused function 'LogToConsole' [-Wunused-function]
   63 | static void LogToConsole(const std::string &message) {
      |             ^~~~~~~~~~~~
/Users/qingque/Desktop/HaiyueStudio/Native/examples/boxbound/node_modules/@nativescript/canvas/platforms/ios/src/cpp/Helpers.h:185:13: warning: unused function 'SetFastMethodWithOverLoads' [-Wunused-function]
  185 | static void SetFastMethodWithOverLoads(v8::Isolate *isolate,
      |             ^~~~~~~~~~~~~~~~~~~~~~~~~~
/Users/qingque/Desktop/HaiyueStudio/Native/examples/boxbound/node_modules/@nativescript/canvas/platforms/ios/src/cpp/Helpers.h:210:13: warning: unused function 'SetFastMethod' [-Wunused-function]
  210 | static void SetFastMethod(v8::Local<v8::Context> context,
      |             ^~~~~~~~~~~~~
/Users/qingque/Desktop/HaiyueStudio/Native/examples/boxbound/node_modules/@nativescript/canvas/platforms/ios/src/cpp/Helpers.h:234:13: warning: unused function 'SetFastMethodNoSideEffect' [-Wunused-function]
  234 | static void SetFastMethodNoSideEffect(v8::Local<v8::Context> context,
      |             ^~~~~~~~~~~~~~~~~~~~~~~~~
/Users/qingque/Desktop/HaiyueStudio/Native/examples/boxbound/node_modules/@nativescript/canvas/platforms/ios/src/cpp/Helpers.h:258:13: warning: unused function 'SetFastMethodNoSideEffect' [-Wunused-function]
  258 | static void SetFastMethodNoSideEffect(v8::Isolate *isolate,
      |             ^~~~~~~~~~~~~~~~~~~~~~~~~
5 warnings generated.

CompileC /Users/qingque/Library/Developer/Xcode/DerivedData/boxbound-gmbxpjcvwytnwfabbxjdzhvtcdad/Build/Intermediates.noindex/boxbound.build/Debug-iphoneos/boxbound.build/Objects-normal/arm64/MatrixImpl.o /Users/qingque/Desktop/HaiyueStudio/Native/examples/boxbound/node_modules/@nativescript/canvas/platforms/ios/src/cpp/canvas2d/MatrixImpl.cpp normal arm64 c++ com.apple.compilers.llvm.clang.1_0.compiler (in target 'boxbound' from project 'boxbound')
    cd /Users/qingque/Desktop/HaiyueStudio/Native/examples/boxbound/platforms/ios
    
    Using response file: /Users/qingque/Library/Developer/Xcode/DerivedData/boxbound-gmbxpjcvwytnwfabbxjdzhvtcdad/Build/Intermediates.noindex/boxbound.build/Debug-iphoneos/boxbound.build/Objects-normal/arm64/82b82416624d2658e5098eb0a28c15c5-common-args.resp
    
    /Applications/Xcode.app/Contents/Developer/Toolchains/XcodeDefault.xctoolchain/usr/bin/clang -x c++ -ivfsstatcache /Users/qingque/Library/Developer/Xcode/DerivedData/SDKStatCaches.noindex/iphoneos26.2-23C57-3794476bd08197c3e2abd9bb477ef7f7.sdkstatcache -fmessage-length\=0 -fdiagnostics-show-note-include-stack -fmacro-backtrace-limit\=0 -fno-color-diagnostics -Wno-trigraphs -Wno-missing-field-initializers -Wno-missing-prototypes -Werror\=return-type -Wunreachable-code -Werror\=deprecated-objc-isa-usage -Werror\=objc-root-class -Wno-non-virtual-dtor -Wno-overloaded-virtual -Wno-exit-time-destructors -Wno-missing-braces -Wparentheses -Wswitch -Wunused-function -Wno-unused-label -Wno-unused-parameter -Wunused-variable -Wunused-value -Wempty-body -Wuninitialized -Wno-unknown-pragmas -Wno-shadow -Wno-four-char-constants -Wno-conversion -Wconstant-conversion -Wint-conversion -Wbool-conversion -Wenum-conversion -Wno-float-conversion -Wnon-literal-null-conversion -Wobjc-literal-conversion -Wshorten-64-to-32 -Wno-newline-eof -Wno-c++11-extensions -Wno-implicit-fallthrough -fstrict-aliasing -Wdeprecated-declarations -Winvalid-offsetof -Wno-sign-conversion -Winfinite-recursion -Wmove -Wcomma -Wblock-capture-autoreleasing -Wstrict-prototypes -Wrange-loop-analysis -Wno-semicolon-before-method-body -index-store-path /Users/qingque/Library/Developer/Xcode/DerivedData/boxbound-gmbxpjcvwytnwfabbxjdzhvtcdad/Index.noindex/DataStore @/Users/qingque/Library/Developer/Xcode/DerivedData/boxbound-gmbxpjcvwytnwfabbxjdzhvtcdad/Build/Intermediates.noindex/boxbound.build/Debug-iphoneos/boxbound.build/Objects-normal/arm64/82b82416624d2658e5098eb0a28c15c5-common-args.resp -include /Users/qingque/Desktop/HaiyueStudio/Native/examples/boxbound/platforms/ios/build/sharedpch/SharedPrecompiledHeaders/17560698271525316586/boxbound-Prefix.pch -MMD -MT dependencies -MF /Users/qingque/Library/Developer/Xcode/DerivedData/boxbound-gmbxpjcvwytnwfabbxjdzhvtcdad/Build/Intermediates.noindex/boxbound.build/Debug-iphoneos/boxbound.build/Objects-normal/arm64/MatrixImpl.d --serialize-diagnostics /Users/qingque/Library/Developer/Xcode/DerivedData/boxbound-gmbxpjcvwytnwfabbxjdzhvtcdad/Build/Intermediates.noindex/boxbound.build/Debug-iphoneos/boxbound.build/Objects-normal/arm64/MatrixImpl.dia -c /Users/qingque/Desktop/HaiyueStudio/Native/examples/boxbound/node_modules/@nativescript/canvas/platforms/ios/src/cpp/canvas2d/MatrixImpl.cpp -o /Users/qingque/Library/Developer/Xcode/DerivedData/boxbound-gmbxpjcvwytnwfabbxjdzhvtcdad/Build/Intermediates.noindex/boxbound.build/Debug-iphoneos/boxbound.build/Objects-normal/arm64/MatrixImpl.o -index-unit-output-path /boxbound.build/Debug-iphoneos/boxbound.build/Objects-normal/arm64/MatrixImpl.o
/Users/qingque/Desktop/HaiyueStudio/Native/examples/boxbound/node_modules/@nativescript/canvas/platforms/ios/src/cpp/canvas2d/MatrixImpl.cpp:20:5: warning: ignoring return value of function declared with 'warn_unused_result' attribute [-Wunused-result]
   20 |     canvasModule->Set(context, ConvertToV8String(isolate, "DOMMatrix"), func);
      |     ^~~~~~~~~~~~~~~~~ ~~~~~~~~~~~~~~~~~~~~~~~~~~~~~~~~~~~~~~~~~~~~~~~~~~~~~~
/Users/qingque/Desktop/HaiyueStudio/Native/examples/boxbound/node_modules/@nativescript/canvas/platforms/ios/src/cpp/canvas2d/MatrixImpl.cpp:936:14: warning: unused variable 'context' [-Wunused-variable]
  936 |         auto context = isolate->GetCurrentContext();
      |              ^~~~~~~
/Users/qingque/Desktop/HaiyueStudio/Native/examples/boxbound/node_modules/@nativescript/canvas/platforms/ios/src/cpp/canvas2d/MatrixImpl.cpp:953:14: warning: unused variable 'context' [-Wunused-variable]
  953 |         auto context = isolate->GetCurrentContext();
      |              ^~~~~~~
In file included from /Users/qingque/Desktop/HaiyueStudio/Native/examples/boxbound/node_modules/@nativescript/canvas/platforms/ios/src/cpp/canvas2d/MatrixImpl.cpp:6:
In file included from /Users/qingque/Desktop/HaiyueStudio/Native/examples/boxbound/node_modules/@nativescript/canvas/platforms/ios/src/cpp/canvas2d/MatrixImpl.h:8:
/Users/qingque/Desktop/HaiyueStudio/Native/examples/boxbound/node_modules/@nativescript/canvas/platforms/ios/src/cpp/Helpers.h:63:13: warning: unused function 'LogToConsole' [-Wunused-function]
   63 | static void LogToConsole(const std::string &message) {
      |             ^~~~~~~~~~~~
/Users/qingque/Desktop/HaiyueStudio/Native/examples/boxbound/node_modules/@nativescript/canvas/platforms/ios/src/cpp/Helpers.h:160:13: warning: unused function 'SetFastMethod' [-Wunused-function]
  160 | static void SetFastMethod(v8::Isolate *isolate,
      |             ^~~~~~~~~~~~~
/Users/qingque/Desktop/HaiyueStudio/Native/examples/boxbound/node_modules/@nativescript/canvas/platforms/ios/src/cpp/Helpers.h:185:13: warning: unused function 'SetFastMethodWithOverLoads' [-Wunused-function]
  185 | static void SetFastMethodWithOverLoads(v8::Isolate *isolate,
      |             ^~~~~~~~~~~~~~~~~~~~~~~~~~
/Users/qingque/Desktop/HaiyueStudio/Native/examples/boxbound/node_modules/@nativescript/canvas/platforms/ios/src/cpp/Helpers.h:210:13: warning: unused function 'SetFastMethod' [-Wunused-function]
  210 | static void SetFastMethod(v8::Local<v8::Context> context,
      |             ^~~~~~~~~~~~~
/Users/qingque/Desktop/HaiyueStudio/Native/examples/boxbound/node_modules/@nativescript/canvas/platforms/ios/src/cpp/Helpers.h:234:13: warning: unused function 'SetFastMethodNoSideEffect' [-Wunused-function]
  234 | static void SetFastMethodNoSideEffect(v8::Local<v8::Context> context,
      |             ^~~~~~~~~~~~~~~~~~~~~~~~~
/Users/qingque/Desktop/HaiyueStudio/Native/examples/boxbound/node_modules/@nativescript/canvas/platforms/ios/src/cpp/Helpers.h:258:13: warning: unused function 'SetFastMethodNoSideEffect' [-Wunused-function]
  258 | static void SetFastMethodNoSideEffect(v8::Isolate *isolate,
      |             ^~~~~~~~~~~~~~~~~~~~~~~~~
9 warnings generated.

CompileC /Users/qingque/Library/Developer/Xcode/DerivedData/boxbound-gmbxpjcvwytnwfabbxjdzhvtcdad/Build/Intermediates.noindex/boxbound.build/Debug-iphoneos/boxbound.build/Objects-normal/arm64/main.o /Users/qingque/Desktop/HaiyueStudio/Native/examples/boxbound/platforms/ios/internal/main.m normal arm64 objective-c com.apple.compilers.llvm.clang.1_0.compiler (in target 'boxbound' from project 'boxbound')
    cd /Users/qingque/Desktop/HaiyueStudio/Native/examples/boxbound/platforms/ios
    
    Using response file: /Users/qingque/Library/Developer/Xcode/DerivedData/boxbound-gmbxpjcvwytnwfabbxjdzhvtcdad/Build/Intermediates.noindex/boxbound.build/Debug-iphoneos/boxbound.build/Objects-normal/arm64/e6072d4f65d7061329687fe24e3d63a7-common-args.resp
    
    /Applications/Xcode.app/Contents/Developer/Toolchains/XcodeDefault.xctoolchain/usr/bin/clang -x objective-c -ivfsstatcache /Users/qingque/Library/Developer/Xcode/DerivedData/SDKStatCaches.noindex/iphoneos26.2-23C57-3794476bd08197c3e2abd9bb477ef7f7.sdkstatcache -fmessage-length\=0 -fdiagnostics-show-note-include-stack -fmacro-backtrace-limit\=0 -fno-color-diagnostics -Wno-trigraphs -Wno-missing-field-initializers -Wno-missing-prototypes -Werror\=return-type -Wunreachable-code -Wno-implicit-atomic-properties -Werror\=deprecated-objc-isa-usage -Wno-objc-interface-ivars -Werror\=objc-root-class -Wno-arc-repeated-use-of-weak -Wimplicit-retain-self -Wduplicate-method-match -Wno-missing-braces -Wparentheses -Wswitch -Wunused-function -Wno-unused-label -Wno-unused-parameter -Wunused-variable -Wunused-value -Wempty-body -Wuninitialized -Wno-unknown-pragmas -Wno-shadow -Wno-four-char-constants -Wno-conversion -Wconstant-conversion -Wint-conversion -Wbool-conversion -Wenum-conversion -Wno-float-conversion -Wnon-literal-null-conversion -Wobjc-literal-conversion -Wshorten-64-to-32 -Wpointer-sign -Wno-newline-eof -Wno-selector -Wno-strict-selector-match -Wundeclared-selector -Wdeprecated-implementations -Wno-implicit-fallthrough -fstrict-aliasing -Wprotocol -Wdeprecated-declarations -Wno-sign-conversion -Winfinite-recursion -Wcomma -Wblock-capture-autoreleasing -Wstrict-prototypes -Wno-semicolon-before-method-body -index-store-path /Users/qingque/Library/Developer/Xcode/DerivedData/boxbound-gmbxpjcvwytnwfabbxjdzhvtcdad/Index.noindex/DataStore @/Users/qingque/Library/Developer/Xcode/DerivedData/boxbound-gmbxpjcvwytnwfabbxjdzhvtcdad/Build/Intermediates.noindex/boxbound.build/Debug-iphoneos/boxbound.build/Objects-normal/arm64/e6072d4f65d7061329687fe24e3d63a7-common-args.resp -include /Users/qingque/Desktop/HaiyueStudio/Native/examples/boxbound/platforms/ios/build/sharedpch/SharedPrecompiledHeaders/11461375716485269268/boxbound-Prefix.pch -MMD -MT dependencies -MF /Users/qingque/Library/Developer/Xcode/DerivedData/boxbound-gmbxpjcvwytnwfabbxjdzhvtcdad/Build/Intermediates.noindex/boxbound.build/Debug-iphoneos/boxbound.build/Objects-normal/arm64/main.d --serialize-diagnostics /Users/qingque/Library/Developer/Xcode/DerivedData/boxbound-gmbxpjcvwytnwfabbxjdzhvtcdad/Build/Intermediates.noindex/boxbound.build/Debug-iphoneos/boxbound.build/Objects-normal/arm64/main.dia -c /Users/qingque/Desktop/HaiyueStudio/Native/examples/boxbound/platforms/ios/internal/main.m -o /Users/qingque/Library/Developer/Xcode/DerivedData/boxbound-gmbxpjcvwytnwfabbxjdzhvtcdad/Build/Intermediates.noindex/boxbound.build/Debug-iphoneos/boxbound.build/Objects-normal/arm64/main.o -index-unit-output-path /boxbound.build/Debug-iphoneos/boxbound.build/Objects-normal/arm64/main.o

CompileC /Users/qingque/Library/Developer/Xcode/DerivedData/boxbound-gmbxpjcvwytnwfabbxjdzhvtcdad/Build/Intermediates.noindex/boxbound.build/Debug-iphoneos/boxbound.build/Objects-normal/arm64/UIView+NativeScript.o /Users/qingque/Desktop/HaiyueStudio/Native/examples/boxbound/node_modules/@nativescript/core/platforms/ios/src/UIView+NativeScript.m normal arm64 objective-c com.apple.compilers.llvm.clang.1_0.compiler (in target 'boxbound' from project 'boxbound')
    cd /Users/qingque/Desktop/HaiyueStudio/Native/examples/boxbound/platforms/ios
    
    Using response file: /Users/qingque/Library/Developer/Xcode/DerivedData/boxbound-gmbxpjcvwytnwfabbxjdzhvtcdad/Build/Intermediates.noindex/boxbound.build/Debug-iphoneos/boxbound.build/Objects-normal/arm64/e6072d4f65d7061329687fe24e3d63a7-common-args.resp
    
    /Applications/Xcode.app/Contents/Developer/Toolchains/XcodeDefault.xctoolchain/usr/bin/clang -x objective-c -ivfsstatcache /Users/qingque/Library/Developer/Xcode/DerivedData/SDKStatCaches.noindex/iphoneos26.2-23C57-3794476bd08197c3e2abd9bb477ef7f7.sdkstatcache -fmessage-length\=0 -fdiagnostics-show-note-include-stack -fmacro-backtrace-limit\=0 -fno-color-diagnostics -Wno-trigraphs -Wno-missing-field-initializers -Wno-missing-prototypes -Werror\=return-type -Wunreachable-code -Wno-implicit-atomic-properties -Werror\=deprecated-objc-isa-usage -Wno-objc-interface-ivars -Werror\=objc-root-class -Wno-arc-repeated-use-of-weak -Wimplicit-retain-self -Wduplicate-method-match -Wno-missing-braces -Wparentheses -Wswitch -Wunused-function -Wno-unused-label -Wno-unused-parameter -Wunused-variable -Wunused-value -Wempty-body -Wuninitialized -Wno-unknown-pragmas -Wno-shadow -Wno-four-char-constants -Wno-conversion -Wconstant-conversion -Wint-conversion -Wbool-conversion -Wenum-conversion -Wno-float-conversion -Wnon-literal-null-conversion -Wobjc-literal-conversion -Wshorten-64-to-32 -Wpointer-sign -Wno-newline-eof -Wno-selector -Wno-strict-selector-match -Wundeclared-selector -Wdeprecated-implementations -Wno-implicit-fallthrough -fstrict-aliasing -Wprotocol -Wdeprecated-declarations -Wno-sign-conversion -Winfinite-recursion -Wcomma -Wblock-capture-autoreleasing -Wstrict-prototypes -Wno-semicolon-before-method-body -index-store-path /Users/qingque/Library/Developer/Xcode/DerivedData/boxbound-gmbxpjcvwytnwfabbxjdzhvtcdad/Index.noindex/DataStore @/Users/qingque/Library/Developer/Xcode/DerivedData/boxbound-gmbxpjcvwytnwfabbxjdzhvtcdad/Build/Intermediates.noindex/boxbound.build/Debug-iphoneos/boxbound.build/Objects-normal/arm64/e6072d4f65d7061329687fe24e3d63a7-common-args.resp -include /Users/qingque/Desktop/HaiyueStudio/Native/examples/boxbound/platforms/ios/build/sharedpch/SharedPrecompiledHeaders/11461375716485269268/boxbound-Prefix.pch -MMD -MT dependencies -MF /Users/qingque/Library/Developer/Xcode/DerivedData/boxbound-gmbxpjcvwytnwfabbxjdzhvtcdad/Build/Intermediates.noindex/boxbound.build/Debug-iphoneos/boxbound.build/Objects-normal/arm64/UIView+NativeScript.d --serialize-diagnostics /Users/qingque/Library/Developer/Xcode/DerivedData/boxbound-gmbxpjcvwytnwfabbxjdzhvtcdad/Build/Intermediates.noindex/boxbound.build/Debug-iphoneos/boxbound.build/Objects-normal/arm64/UIView+NativeScript.dia -c /Users/qingque/Desktop/HaiyueStudio/Native/examples/boxbound/node_modules/@nativescript/core/platforms/ios/src/UIView+NativeScript.m -o /Users/qingque/Library/Developer/Xcode/DerivedData/boxbound-gmbxpjcvwytnwfabbxjdzhvtcdad/Build/Intermediates.noindex/boxbound.build/Debug-iphoneos/boxbound.build/Objects-normal/arm64/UIView+NativeScript.o -index-unit-output-path /boxbound.build/Debug-iphoneos/boxbound.build/Objects-normal/arm64/UIView+NativeScript.o

CompileC /Users/qingque/Library/Developer/Xcode/DerivedData/boxbound-gmbxpjcvwytnwfabbxjdzhvtcdad/Build/Intermediates.noindex/boxbound.build/Debug-iphoneos/boxbound.build/Objects-normal/arm64/NativeScriptUtils.o /Users/qingque/Desktop/HaiyueStudio/Native/examples/boxbound/node_modules/@nativescript/core/platforms/ios/src/NativeScriptUtils.m normal arm64 objective-c com.apple.compilers.llvm.clang.1_0.compiler (in target 'boxbound' from project 'boxbound')
    cd /Users/qingque/Desktop/HaiyueStudio/Native/examples/boxbound/platforms/ios
    
    Using response file: /Users/qingque/Library/Developer/Xcode/DerivedData/boxbound-gmbxpjcvwytnwfabbxjdzhvtcdad/Build/Intermediates.noindex/boxbound.build/Debug-iphoneos/boxbound.build/Objects-normal/arm64/e6072d4f65d7061329687fe24e3d63a7-common-args.resp
    
    /Applications/Xcode.app/Contents/Developer/Toolchains/XcodeDefault.xctoolchain/usr/bin/clang -x objective-c -ivfsstatcache /Users/qingque/Library/Developer/Xcode/DerivedData/SDKStatCaches.noindex/iphoneos26.2-23C57-3794476bd08197c3e2abd9bb477ef7f7.sdkstatcache -fmessage-length\=0 -fdiagnostics-show-note-include-stack -fmacro-backtrace-limit\=0 -fno-color-diagnostics -Wno-trigraphs -Wno-missing-field-initializers -Wno-missing-prototypes -Werror\=return-type -Wunreachable-code -Wno-implicit-atomic-properties -Werror\=deprecated-objc-isa-usage -Wno-objc-interface-ivars -Werror\=objc-root-class -Wno-arc-repeated-use-of-weak -Wimplicit-retain-self -Wduplicate-method-match -Wno-missing-braces -Wparentheses -Wswitch -Wunused-function -Wno-unused-label -Wno-unused-parameter -Wunused-variable -Wunused-value -Wempty-body -Wuninitialized -Wno-unknown-pragmas -Wno-shadow -Wno-four-char-constants -Wno-conversion -Wconstant-conversion -Wint-conversion -Wbool-conversion -Wenum-conversion -Wno-float-conversion -Wnon-literal-null-conversion -Wobjc-literal-conversion -Wshorten-64-to-32 -Wpointer-sign -Wno-newline-eof -Wno-selector -Wno-strict-selector-match -Wundeclared-selector -Wdeprecated-implementations -Wno-implicit-fallthrough -fstrict-aliasing -Wprotocol -Wdeprecated-declarations -Wno-sign-conversion -Winfinite-recursion -Wcomma -Wblock-capture-autoreleasing -Wstrict-prototypes -Wno-semicolon-before-method-body -index-store-path /Users/qingque/Library/Developer/Xcode/DerivedData/boxbound-gmbxpjcvwytnwfabbxjdzhvtcdad/Index.noindex/DataStore @/Users/qingque/Library/Developer/Xcode/DerivedData/boxbound-gmbxpjcvwytnwfabbxjdzhvtcdad/Build/Intermediates.noindex/boxbound.build/Debug-iphoneos/boxbound.build/Objects-normal/arm64/e6072d4f65d7061329687fe24e3d63a7-common-args.resp -include /Users/qingque/Desktop/HaiyueStudio/Native/examples/boxbound/platforms/ios/build/sharedpch/SharedPrecompiledHeaders/11461375716485269268/boxbound-Prefix.pch -MMD -MT dependencies -MF /Users/qingque/Library/Developer/Xcode/DerivedData/boxbound-gmbxpjcvwytnwfabbxjdzhvtcdad/Build/Intermediates.noindex/boxbound.build/Debug-iphoneos/boxbound.build/Objects-normal/arm64/NativeScriptUtils.d --serialize-diagnostics /Users/qingque/Library/Developer/Xcode/DerivedData/boxbound-gmbxpjcvwytnwfabbxjdzhvtcdad/Build/Intermediates.noindex/boxbound.build/Debug-iphoneos/boxbound.build/Objects-normal/arm64/NativeScriptUtils.dia -c /Users/qingque/Desktop/HaiyueStudio/Native/examples/boxbound/node_modules/@nativescript/core/platforms/ios/src/NativeScriptUtils.m -o /Users/qingque/Library/Developer/Xcode/DerivedData/boxbound-gmbxpjcvwytnwfabbxjdzhvtcdad/Build/Intermediates.noindex/boxbound.build/Debug-iphoneos/boxbound.build/Objects-normal/arm64/NativeScriptUtils.o -index-unit-output-path /boxbound.build/Debug-iphoneos/boxbound.build/Objects-normal/arm64/NativeScriptUtils.o

CompileC /Users/qingque/Library/Developer/Xcode/DerivedData/boxbound-gmbxpjcvwytnwfabbxjdzhvtcdad/Build/Intermediates.noindex/boxbound.build/Debug-iphoneos/boxbound.build/Objects-normal/arm64/NativeScriptStart.o /Users/qingque/Desktop/HaiyueStudio/Native/examples/boxbound/platforms/ios/internal/NativeScriptStart.m normal arm64 objective-c com.apple.compilers.llvm.clang.1_0.compiler (in target 'boxbound' from project 'boxbound')
    cd /Users/qingque/Desktop/HaiyueStudio/Native/examples/boxbound/platforms/ios
    
    Using response file: /Users/qingque/Library/Developer/Xcode/DerivedData/boxbound-gmbxpjcvwytnwfabbxjdzhvtcdad/Build/Intermediates.noindex/boxbound.build/Debug-iphoneos/boxbound.build/Objects-normal/arm64/e6072d4f65d7061329687fe24e3d63a7-common-args.resp
    
    /Applications/Xcode.app/Contents/Developer/Toolchains/XcodeDefault.xctoolchain/usr/bin/clang -x objective-c -ivfsstatcache /Users/qingque/Library/Developer/Xcode/DerivedData/SDKStatCaches.noindex/iphoneos26.2-23C57-3794476bd08197c3e2abd9bb477ef7f7.sdkstatcache -fmessage-length\=0 -fdiagnostics-show-note-include-stack -fmacro-backtrace-limit\=0 -fno-color-diagnostics -Wno-trigraphs -Wno-missing-field-initializers -Wno-missing-prototypes -Werror\=return-type -Wunreachable-code -Wno-implicit-atomic-properties -Werror\=deprecated-objc-isa-usage -Wno-objc-interface-ivars -Werror\=objc-root-class -Wno-arc-repeated-use-of-weak -Wimplicit-retain-self -Wduplicate-method-match -Wno-missing-braces -Wparentheses -Wswitch -Wunused-function -Wno-unused-label -Wno-unused-parameter -Wunused-variable -Wunused-value -Wempty-body -Wuninitialized -Wno-unknown-pragmas -Wno-shadow -Wno-four-char-constants -Wno-conversion -Wconstant-conversion -Wint-conversion -Wbool-conversion -Wenum-conversion -Wno-float-conversion -Wnon-literal-null-conversion -Wobjc-literal-conversion -Wshorten-64-to-32 -Wpointer-sign -Wno-newline-eof -Wno-selector -Wno-strict-selector-match -Wundeclared-selector -Wdeprecated-implementations -Wno-implicit-fallthrough -fstrict-aliasing -Wprotocol -Wdeprecated-declarations -Wno-sign-conversion -Winfinite-recursion -Wcomma -Wblock-capture-autoreleasing -Wstrict-prototypes -Wno-semicolon-before-method-body -index-store-path /Users/qingque/Library/Developer/Xcode/DerivedData/boxbound-gmbxpjcvwytnwfabbxjdzhvtcdad/Index.noindex/DataStore @/Users/qingque/Library/Developer/Xcode/DerivedData/boxbound-gmbxpjcvwytnwfabbxjdzhvtcdad/Build/Intermediates.noindex/boxbound.build/Debug-iphoneos/boxbound.build/Objects-normal/arm64/e6072d4f65d7061329687fe24e3d63a7-common-args.resp -include /Users/qingque/Desktop/HaiyueStudio/Native/examples/boxbound/platforms/ios/build/sharedpch/SharedPrecompiledHeaders/11461375716485269268/boxbound-Prefix.pch -MMD -MT dependencies -MF /Users/qingque/Library/Developer/Xcode/DerivedData/boxbound-gmbxpjcvwytnwfabbxjdzhvtcdad/Build/Intermediates.noindex/boxbound.build/Debug-iphoneos/boxbound.build/Objects-normal/arm64/NativeScriptStart.d --serialize-diagnostics /Users/qingque/Library/Developer/Xcode/DerivedData/boxbound-gmbxpjcvwytnwfabbxjdzhvtcdad/Build/Intermediates.noindex/boxbound.build/Debug-iphoneos/boxbound.build/Objects-normal/arm64/NativeScriptStart.dia -c /Users/qingque/Desktop/HaiyueStudio/Native/examples/boxbound/platforms/ios/internal/NativeScriptStart.m -o /Users/qingque/Library/Developer/Xcode/DerivedData/boxbound-gmbxpjcvwytnwfabbxjdzhvtcdad/Build/Intermediates.noindex/boxbound.build/Debug-iphoneos/boxbound.build/Objects-normal/arm64/NativeScriptStart.o -index-unit-output-path /boxbound.build/Debug-iphoneos/boxbound.build/Objects-normal/arm64/NativeScriptStart.o

CompileC /Users/qingque/Library/Developer/Xcode/DerivedData/boxbound-gmbxpjcvwytnwfabbxjdzhvtcdad/Build/Intermediates.noindex/boxbound.build/Debug-iphoneos/boxbound.build/Objects-normal/arm64/NativeScriptEmbedder.o /Users/qingque/Desktop/HaiyueStudio/Native/examples/boxbound/node_modules/@nativescript/core/platforms/ios/src/NativeScriptEmbedder.m normal arm64 objective-c com.apple.compilers.llvm.clang.1_0.compiler (in target 'boxbound' from project 'boxbound')
    cd /Users/qingque/Desktop/HaiyueStudio/Native/examples/boxbound/platforms/ios
    
    Using response file: /Users/qingque/Library/Developer/Xcode/DerivedData/boxbound-gmbxpjcvwytnwfabbxjdzhvtcdad/Build/Intermediates.noindex/boxbound.build/Debug-iphoneos/boxbound.build/Objects-normal/arm64/e6072d4f65d7061329687fe24e3d63a7-common-args.resp
    
    /Applications/Xcode.app/Contents/Developer/Toolchains/XcodeDefault.xctoolchain/usr/bin/clang -x objective-c -ivfsstatcache /Users/qingque/Library/Developer/Xcode/DerivedData/SDKStatCaches.noindex/iphoneos26.2-23C57-3794476bd08197c3e2abd9bb477ef7f7.sdkstatcache -fmessage-length\=0 -fdiagnostics-show-note-include-stack -fmacro-backtrace-limit\=0 -fno-color-diagnostics -Wno-trigraphs -Wno-missing-field-initializers -Wno-missing-prototypes -Werror\=return-type -Wunreachable-code -Wno-implicit-atomic-properties -Werror\=deprecated-objc-isa-usage -Wno-objc-interface-ivars -Werror\=objc-root-class -Wno-arc-repeated-use-of-weak -Wimplicit-retain-self -Wduplicate-method-match -Wno-missing-braces -Wparentheses -Wswitch -Wunused-function -Wno-unused-label -Wno-unused-parameter -Wunused-variable -Wunused-value -Wempty-body -Wuninitialized -Wno-unknown-pragmas -Wno-shadow -Wno-four-char-constants -Wno-conversion -Wconstant-conversion -Wint-conversion -Wbool-conversion -Wenum-conversion -Wno-float-conversion -Wnon-literal-null-conversion -Wobjc-literal-conversion -Wshorten-64-to-32 -Wpointer-sign -Wno-newline-eof -Wno-selector -Wno-strict-selector-match -Wundeclared-selector -Wdeprecated-implementations -Wno-implicit-fallthrough -fstrict-aliasing -Wprotocol -Wdeprecated-declarations -Wno-sign-conversion -Winfinite-recursion -Wcomma -Wblock-capture-autoreleasing -Wstrict-prototypes -Wno-semicolon-before-method-body -index-store-path /Users/qingque/Library/Developer/Xcode/DerivedData/boxbound-gmbxpjcvwytnwfabbxjdzhvtcdad/Index.noindex/DataStore @/Users/qingque/Library/Developer/Xcode/DerivedData/boxbound-gmbxpjcvwytnwfabbxjdzhvtcdad/Build/Intermediates.noindex/boxbound.build/Debug-iphoneos/boxbound.build/Objects-normal/arm64/e6072d4f65d7061329687fe24e3d63a7-common-args.resp -include /Users/qingque/Desktop/HaiyueStudio/Native/examples/boxbound/platforms/ios/build/sharedpch/SharedPrecompiledHeaders/11461375716485269268/boxbound-Prefix.pch -MMD -MT dependencies -MF /Users/qingque/Library/Developer/Xcode/DerivedData/boxbound-gmbxpjcvwytnwfabbxjdzhvtcdad/Build/Intermediates.noindex/boxbound.build/Debug-iphoneos/boxbound.build/Objects-normal/arm64/NativeScriptEmbedder.d --serialize-diagnostics /Users/qingque/Library/Developer/Xcode/DerivedData/boxbound-gmbxpjcvwytnwfabbxjdzhvtcdad/Build/Intermediates.noindex/boxbound.build/Debug-iphoneos/boxbound.build/Objects-normal/arm64/NativeScriptEmbedder.dia -c /Users/qingque/Desktop/HaiyueStudio/Native/examples/boxbound/node_modules/@nativescript/core/platforms/ios/src/NativeScriptEmbedder.m -o /Users/qingque/Library/Developer/Xcode/DerivedData/boxbound-gmbxpjcvwytnwfabbxjdzhvtcdad/Build/Intermediates.noindex/boxbound.build/Debug-iphoneos/boxbound.build/Objects-normal/arm64/NativeScriptEmbedder.o -index-unit-output-path /boxbound.build/Debug-iphoneos/boxbound.build/Objects-normal/arm64/NativeScriptEmbedder.o

CompileC /Users/qingque/Library/Developer/Xcode/DerivedData/boxbound-gmbxpjcvwytnwfabbxjdzhvtcdad/Build/Intermediates.noindex/boxbound.build/Debug-iphoneos/boxbound.build/Objects-normal/arm64/NSOperationQueueWrapper.o /Users/qingque/Desktop/HaiyueStudio/Native/examples/boxbound/node_modules/@nativescript/canvas/platforms/ios/src/NSOperationQueueWrapper.mm normal arm64 objective-c++ com.apple.compilers.llvm.clang.1_0.compiler (in target 'boxbound' from project 'boxbound')
    cd /Users/qingque/Desktop/HaiyueStudio/Native/examples/boxbound/platforms/ios
    
    Using response file: /Users/qingque/Library/Developer/Xcode/DerivedData/boxbound-gmbxpjcvwytnwfabbxjdzhvtcdad/Build/Intermediates.noindex/boxbound.build/Debug-iphoneos/boxbound.build/Objects-normal/arm64/af3fcb34312c57c0f52879cdce924b91-common-args.resp
    
    /Applications/Xcode.app/Contents/Developer/Toolchains/XcodeDefault.xctoolchain/usr/bin/clang -x objective-c++ -ivfsstatcache /Users/qingque/Library/Developer/Xcode/DerivedData/SDKStatCaches.noindex/iphoneos26.2-23C57-3794476bd08197c3e2abd9bb477ef7f7.sdkstatcache -fmessage-length\=0 -fdiagnostics-show-note-include-stack -fmacro-backtrace-limit\=0 -fno-color-diagnostics -Wno-trigraphs -Wno-missing-field-initializers -Wno-missing-prototypes -Werror\=return-type -Wunreachable-code -Wno-implicit-atomic-properties -Werror\=deprecated-objc-isa-usage -Wno-objc-interface-ivars -Werror\=objc-root-class -Wno-arc-repeated-use-of-weak -Wimplicit-retain-self -Wno-non-virtual-dtor -Wno-overloaded-virtual -Wno-exit-time-destructors -Wduplicate-method-match -Wno-missing-braces -Wparentheses -Wswitch -Wunused-function -Wno-unused-label -Wno-unused-parameter -Wunused-variable -Wunused-value -Wempty-body -Wuninitialized -Wno-unknown-pragmas -Wno-shadow -Wno-four-char-constants -Wno-conversion -Wconstant-conversion -Wint-conversion -Wbool-conversion -Wenum-conversion -Wno-float-conversion -Wnon-literal-null-conversion -Wobjc-literal-conversion -Wshorten-64-to-32 -Wno-newline-eof -Wno-selector -Wno-strict-selector-match -Wundeclared-selector -Wdeprecated-implementations -Wno-c++11-extensions -Wno-implicit-fallthrough -fstrict-aliasing -Wprotocol -Wdeprecated-declarations -Winvalid-offsetof -Wno-sign-conversion -Winfinite-recursion -Wmove -Wcomma -Wblock-capture-autoreleasing -Wstrict-prototypes -Wrange-loop-analysis -Wno-semicolon-before-method-body -index-store-path /Users/qingque/Library/Developer/Xcode/DerivedData/boxbound-gmbxpjcvwytnwfabbxjdzhvtcdad/Index.noindex/DataStore @/Users/qingque/Library/Developer/Xcode/DerivedData/boxbound-gmbxpjcvwytnwfabbxjdzhvtcdad/Build/Intermediates.noindex/boxbound.build/Debug-iphoneos/boxbound.build/Objects-normal/arm64/af3fcb34312c57c0f52879cdce924b91-common-args.resp -include /Users/qingque/Desktop/HaiyueStudio/Native/examples/boxbound/platforms/ios/build/sharedpch/SharedPrecompiledHeaders/5627123511641207197/boxbound-Prefix.pch -MMD -MT dependencies -MF /Users/qingque/Library/Developer/Xcode/DerivedData/boxbound-gmbxpjcvwytnwfabbxjdzhvtcdad/Build/Intermediates.noindex/boxbound.build/Debug-iphoneos/boxbound.build/Objects-normal/arm64/NSOperationQueueWrapper.d --serialize-diagnostics /Users/qingque/Library/Developer/Xcode/DerivedData/boxbound-gmbxpjcvwytnwfabbxjdzhvtcdad/Build/Intermediates.noindex/boxbound.build/Debug-iphoneos/boxbound.build/Objects-normal/arm64/NSOperationQueueWrapper.dia -c /Users/qingque/Desktop/HaiyueStudio/Native/examples/boxbound/node_modules/@nativescript/canvas/platforms/ios/src/NSOperationQueueWrapper.mm -o /Users/qingque/Library/Developer/Xcode/DerivedData/boxbound-gmbxpjcvwytnwfabbxjdzhvtcdad/Build/Intermediates.noindex/boxbound.build/Debug-iphoneos/boxbound.build/Objects-normal/arm64/NSOperationQueueWrapper.o -index-unit-output-path /boxbound.build/Debug-iphoneos/boxbound.build/Objects-normal/arm64/NSOperationQueueWrapper.o

CompileC /Users/qingque/Library/Developer/Xcode/DerivedData/boxbound-gmbxpjcvwytnwfabbxjdzhvtcdad/Build/Intermediates.noindex/boxbound.build/Debug-iphoneos/boxbound.build/Objects-normal/arm64/JSIRuntime.o /Users/qingque/Desktop/HaiyueStudio/Native/examples/boxbound/node_modules/@nativescript/canvas/platforms/ios/src/cpp/JSIRuntime.cpp normal arm64 c++ com.apple.compilers.llvm.clang.1_0.compiler (in target 'boxbound' from project 'boxbound')
    cd /Users/qingque/Desktop/HaiyueStudio/Native/examples/boxbound/platforms/ios
    
    Using response file: /Users/qingque/Library/Developer/Xcode/DerivedData/boxbound-gmbxpjcvwytnwfabbxjdzhvtcdad/Build/Intermediates.noindex/boxbound.build/Debug-iphoneos/boxbound.build/Objects-normal/arm64/82b82416624d2658e5098eb0a28c15c5-common-args.resp
    
    /Applications/Xcode.app/Contents/Developer/Toolchains/XcodeDefault.xctoolchain/usr/bin/clang -x c++ -ivfsstatcache /Users/qingque/Library/Developer/Xcode/DerivedData/SDKStatCaches.noindex/iphoneos26.2-23C57-3794476bd08197c3e2abd9bb477ef7f7.sdkstatcache -fmessage-length\=0 -fdiagnostics-show-note-include-stack -fmacro-backtrace-limit\=0 -fno-color-diagnostics -Wno-trigraphs -Wno-missing-field-initializers -Wno-missing-prototypes -Werror\=return-type -Wunreachable-code -Werror\=deprecated-objc-isa-usage -Werror\=objc-root-class -Wno-non-virtual-dtor -Wno-overloaded-virtual -Wno-exit-time-destructors -Wno-missing-braces -Wparentheses -Wswitch -Wunused-function -Wno-unused-label -Wno-unused-parameter -Wunused-variable -Wunused-value -Wempty-body -Wuninitialized -Wno-unknown-pragmas -Wno-shadow -Wno-four-char-constants -Wno-conversion -Wconstant-conversion -Wint-conversion -Wbool-conversion -Wenum-conversion -Wno-float-conversion -Wnon-literal-null-conversion -Wobjc-literal-conversion -Wshorten-64-to-32 -Wno-newline-eof -Wno-c++11-extensions -Wno-implicit-fallthrough -fstrict-aliasing -Wdeprecated-declarations -Winvalid-offsetof -Wno-sign-conversion -Winfinite-recursion -Wmove -Wcomma -Wblock-capture-autoreleasing -Wstrict-prototypes -Wrange-loop-analysis -Wno-semicolon-before-method-body -index-store-path /Users/qingque/Library/Developer/Xcode/DerivedData/boxbound-gmbxpjcvwytnwfabbxjdzhvtcdad/Index.noindex/DataStore @/Users/qingque/Library/Developer/Xcode/DerivedData/boxbound-gmbxpjcvwytnwfabbxjdzhvtcdad/Build/Intermediates.noindex/boxbound.build/Debug-iphoneos/boxbound.build/Objects-normal/arm64/82b82416624d2658e5098eb0a28c15c5-common-args.resp -include /Users/qingque/Desktop/HaiyueStudio/Native/examples/boxbound/platforms/ios/build/sharedpch/SharedPrecompiledHeaders/17560698271525316586/boxbound-Prefix.pch -MMD -MT dependencies -MF /Users/qingque/Library/Developer/Xcode/DerivedData/boxbound-gmbxpjcvwytnwfabbxjdzhvtcdad/Build/Intermediates.noindex/boxbound.build/Debug-iphoneos/boxbound.build/Objects-normal/arm64/JSIRuntime.d --serialize-diagnostics /Users/qingque/Library/Developer/Xcode/DerivedData/boxbound-gmbxpjcvwytnwfabbxjdzhvtcdad/Build/Intermediates.noindex/boxbound.build/Debug-iphoneos/boxbound.build/Objects-normal/arm64/JSIRuntime.dia -c /Users/qingque/Desktop/HaiyueStudio/Native/examples/boxbound/node_modules/@nativescript/canvas/platforms/ios/src/cpp/JSIRuntime.cpp -o /Users/qingque/Library/Developer/Xcode/DerivedData/boxbound-gmbxpjcvwytnwfabbxjdzhvtcdad/Build/Intermediates.noindex/boxbound.build/Debug-iphoneos/boxbound.build/Objects-normal/arm64/JSIRuntime.o -index-unit-output-path /boxbound.build/Debug-iphoneos/boxbound.build/Objects-normal/arm64/JSIRuntime.o
In file included from /Users/qingque/Desktop/HaiyueStudio/Native/examples/boxbound/node_modules/@nativescript/canvas/platforms/ios/src/cpp/JSIRuntime.cpp:5:
In file included from /Users/qingque/Desktop/HaiyueStudio/Native/examples/boxbound/node_modules/@nativescript/canvas/platforms/ios/src/cpp/CanvasJSIModule.h:19:
In file included from /Users/qingque/Desktop/HaiyueStudio/Native/examples/boxbound/node_modules/@nativescript/canvas/platforms/ios/src/cpp/webgl/WebGLRenderingContext.h:32:
/Users/qingque/Desktop/HaiyueStudio/Native/examples/boxbound/node_modules/@nativescript/canvas/platforms/ios/src/cpp/webgl/extensions/EXT_blend_minmaxImpl.h:23:9: warning: ignoring return value of function declared with 'warn_unused_result' attribute [-Wunused-result]
   23 |         object->Set(context, ConvertToV8String(isolate, "ext_name"),
      |         ^~~~~~~~~~~ ~~~~~~~~~~~~~~~~~~~~~~~~~~~~~~~~~~~~~~~~~~~~~~~~
   24 |                     ConvertToV8String(isolate, "EXT_blend_minmax"));
      |                     ~~~~~~~~~~~~~~~~~~~~~~~~~~~~~~~~~~~~~~~~~~~~~~
In file included from /Users/qingque/Desktop/HaiyueStudio/Native/examples/boxbound/node_modules/@nativescript/canvas/platforms/ios/src/cpp/JSIRuntime.cpp:5:
In file included from /Users/qingque/Desktop/HaiyueStudio/Native/examples/boxbound/node_modules/@nativescript/canvas/platforms/ios/src/cpp/CanvasJSIModule.h:19:
In file included from /Users/qingque/Desktop/HaiyueStudio/Native/examples/boxbound/node_modules/@nativescript/canvas/platforms/ios/src/cpp/webgl/WebGLRenderingContext.h:33:
/Users/qingque/Desktop/HaiyueStudio/Native/examples/boxbound/node_modules/@nativescript/canvas/platforms/ios/src/cpp/webgl/extensions/EXT_color_buffer_half_floatImpl.h:23:9: warning: ignoring return value of function declared with 'warn_unused_result' attribute [-Wunused-result]
   23 |         object->Set(context, ConvertToV8String(isolate, "ext_name"),
      |         ^~~~~~~~~~~ ~~~~~~~~~~~~~~~~~~~~~~~~~~~~~~~~~~~~~~~~~~~~~~~~
   24 |                     ConvertToV8String(isolate, "EXT_color_buffer_half_float"));
      |                     ~~~~~~~~~~~~~~~~~~~~~~~~~~~~~~~~~~~~~~~~~~~~~~~~~~~~~~~~~
In file included from /Users/qingque/Desktop/HaiyueStudio/Native/examples/boxbound/node_modules/@nativescript/canvas/platforms/ios/src/cpp/JSIRuntime.cpp:5:
In file included from /Users/qingque/Desktop/HaiyueStudio/Native/examples/boxbound/node_modules/@nativescript/canvas/platforms/ios/src/cpp/CanvasJSIModule.h:19:
In file included from /Users/qingque/Desktop/HaiyueStudio/Native/examples/boxbound/node_modules/@nativescript/canvas/platforms/ios/src/cpp/webgl/WebGLRenderingContext.h:34:
/Users/qingque/Desktop/HaiyueStudio/Native/examples/boxbound/node_modules/@nativescript/canvas/platforms/ios/src/cpp/webgl/extensions/EXT_disjoint_timer_queryImpl.h:33:9: warning: ignoring return value of function declared with 'warn_unused_result' attribute [-Wunused-result]
   33 |         object->Set(context, ConvertToV8String(isolate, "ext_name"),
      |         ^~~~~~~~~~~ ~~~~~~~~~~~~~~~~~~~~~~~~~~~~~~~~~~~~~~~~~~~~~~~~
   34 |                     ConvertToV8String(isolate, "EXT_disjoint_timer_query"));
      |                     ~~~~~~~~~~~~~~~~~~~~~~~~~~~~~~~~~~~~~~~~~~~~~~~~~~~~~~
In file included from /Users/qingque/Desktop/HaiyueStudio/Native/examples/boxbound/node_modules/@nativescript/canvas/platforms/ios/src/cpp/JSIRuntime.cpp:5:
In file included from /Users/qingque/Desktop/HaiyueStudio/Native/examples/boxbound/node_modules/@nativescript/canvas/platforms/ios/src/cpp/CanvasJSIModule.h:19:
In file included from /Users/qingque/Desktop/HaiyueStudio/Native/examples/boxbound/node_modules/@nativescript/canvas/platforms/ios/src/cpp/webgl/WebGLRenderingContext.h:51:
/Users/qingque/Desktop/HaiyueStudio/Native/examples/boxbound/node_modules/@nativescript/canvas/platforms/ios/src/cpp/webgl/extensions/WEBGL_compressed_texture_s3tc_srgbImpl.h:58:9: warning: ignoring return value of function declared with 'warn_unused_result' attribute [-Wunused-result]
   58 |         object->Set(context, ConvertToV8String(isolate, "ext_name"),
      |         ^~~~~~~~~~~ ~~~~~~~~~~~~~~~~~~~~~~~~~~~~~~~~~~~~~~~~~~~~~~~~
   59 |                     ConvertToV8String(isolate, "WEBGL_compressed_texture_s3tc_srgb"));
      |                     ~~~~~~~~~~~~~~~~~~~~~~~~~~~~~~~~~~~~~~~~~~~~~~~~~~~~~~~~~~~~~~~~
In file included from /Users/qingque/Desktop/HaiyueStudio/Native/examples/boxbound/node_modules/@nativescript/canvas/platforms/ios/src/cpp/JSIRuntime.cpp:5:
In file included from /Users/qingque/Desktop/HaiyueStudio/Native/examples/boxbound/node_modules/@nativescript/canvas/platforms/ios/src/cpp/CanvasJSIModule.h:19:
/Users/qingque/Desktop/HaiyueStudio/Native/examples/boxbound/node_modules/@nativescript/canvas/platforms/ios/src/cpp/webgl/WebGLRenderingContext.h:1801:16: warning: implicit conversion loses integer precision: 'uintptr_t' (aka 'unsigned long') to 'int32_t' (aka 'int') [-Wshorten-64-to-32]
 1801 |         return canvas_native_webgl_get_vertex_attrib_offset(
      |         ~~~~~~ ^~~~~~~~~~~~~~~~~~~~~~~~~~~~~~~~~~~~~~~~~~~~~
 1802 |                 index,
      |                 ~~~~~~
 1803 |                 pname,
      |                 ~~~~~~
 1804 |                 ptr->GetState());
      |                 ~~~~~~~~~~~~~~~~
In file included from /Users/qingque/Desktop/HaiyueStudio/Native/examples/boxbound/node_modules/@nativescript/canvas/platforms/ios/src/cpp/JSIRuntime.cpp:5:
In file included from /Users/qingque/Desktop/HaiyueStudio/Native/examples/boxbound/node_modules/@nativescript/canvas/platforms/ios/src/cpp/CanvasJSIModule.h:25:
In file included from /Users/qingque/Desktop/HaiyueStudio/Native/examples/boxbound/node_modules/@nativescript/canvas/platforms/ios/src/cpp/webgpu/GPUQueueImpl.h:12:
/Users/qingque/Desktop/HaiyueStudio/Native/examples/boxbound/node_modules/@nativescript/canvas/platforms/ios/src/cpp/webgpu/GPUUtils.h:61:13: warning: ignoring return value of function declared with 'warn_unused_result' attribute [-Wunused-result]
   61 |             entriesArray->Get(context, i).ToLocal(&entryVal);
      |             ^~~~~~~~~~~~~~~~~~~~~~~~~~~~~~~~~~~~~ ~~~~~~~~~
/Users/qingque/Desktop/HaiyueStudio/Native/examples/boxbound/node_modules/@nativescript/canvas/platforms/ios/src/cpp/webgpu/GPUUtils.h:68:17: warning: ignoring return value of function declared with 'warn_unused_result' attribute [-Wunused-result]
   68 |                 entryObj->Get(context, ConvertToV8String(isolate, "resource")).ToLocal(
      |                 ^~~~~~~~~~~~~~~~~~~~~~~~~~~~~~~~~~~~~~~~~~~~~~~~~~~~~~~~~~~~~~~~~~~~~~
   69 |                         &resourceVal);
      |                         ~~~~~~~~~~~~
/Users/qingque/Desktop/HaiyueStudio/Native/examples/boxbound/node_modules/@nativescript/canvas/platforms/ios/src/cpp/webgpu/GPUUtils.h:102:29: warning: ignoring return value of function declared with 'warn_unused_result' attribute [-Wunused-result]
  102 |                             resourceObj->Get(context,
      |                             ^~~~~~~~~~~~~~~~~~~~~~~~~
  103 |                                              ConvertToV8String(isolate, "buffer")).ToLocal(
      |                                              ~~~~~~~~~~~~~~~~~~~~~~~~~~~~~~~~~~~~~~~~~~~~~
  104 |                                     &bufferVal);
      |                                     ~~~~~~~~~~
/Users/qingque/Desktop/HaiyueStudio/Native/examples/boxbound/node_modules/@nativescript/canvas/platforms/ios/src/cpp/webgpu/GPUUtils.h:117:37: warning: ignoring return value of function declared with 'warn_unused_result' attribute [-Wunused-result]
  117 |                                     resourceObj->Get(context,
      |                                     ^~~~~~~~~~~~~~~~~~~~~~~~~
  118 |                                                      ConvertToV8String(isolate,
      |                                                      ~~~~~~~~~~~~~~~~~~~~~~~~~~
  119 |                                                                        "offset")).ToLocal(
      |                                                                        ~~~~~~~~~~~~~~~~~~
  120 |                                             &offsetVal);
      |                                             ~~~~~~~~~~
/Users/qingque/Desktop/HaiyueStudio/Native/examples/boxbound/node_modules/@nativescript/canvas/platforms/ios/src/cpp/webgpu/GPUUtils.h:129:37: warning: ignoring return value of function declared with 'warn_unused_result' attribute [-Wunused-result]
  129 |                                     resourceObj->Get(context,
      |                                     ^~~~~~~~~~~~~~~~~~~~~~~~~
  130 |                                                      ConvertToV8String(isolate,
      |                                                      ~~~~~~~~~~~~~~~~~~~~~~~~~~
  131 |                                                                        "size")).ToLocal(
      |                                                                        ~~~~~~~~~~~~~~~~
  132 |                                             &sizeVal);
      |                                             ~~~~~~~~
/Users/qingque/Desktop/HaiyueStudio/Native/examples/boxbound/node_modules/@nativescript/canvas/platforms/ios/src/cpp/webgpu/GPUUtils.h:168:13: warning: ignoring return value of function declared with 'warn_unused_result' attribute [-Wunused-result]
  168 |             entriesArray->Get(context, i).ToLocal(&entryVal);
      |             ^~~~~~~~~~~~~~~~~~~~~~~~~~~~~~~~~~~~~ ~~~~~~~~~
/Users/qingque/Desktop/HaiyueStudio/Native/examples/boxbound/node_modules/@nativescript/canvas/platforms/ios/src/cpp/webgpu/GPUUtils.h:183:17: warning: ignoring return value of function declared with 'warn_unused_result' attribute [-Wunused-result]
  183 |                 entryObj->Get(context, ConvertToV8String(isolate, "buffer")).ToLocal(
      |                 ^~~~~~~~~~~~~~~~~~~~~~~~~~~~~~~~~~~~~~~~~~~~~~~~~~~~~~~~~~~~~~~~~~~~
  184 |                         &bufferVal);
      |                         ~~~~~~~~~~
/Users/qingque/Desktop/HaiyueStudio/Native/examples/boxbound/node_modules/@nativescript/canvas/platforms/ios/src/cpp/webgpu/GPUUtils.h:189:21: warning: ignoring return value of function declared with 'warn_unused_result' attribute [-Wunused-result]
  189 |                     bufferObj->Get(context, ConvertToV8String(isolate, "type")).ToLocal(
      |                     ^~~~~~~~~~~~~~~~~~~~~~~~~~~~~~~~~~~~~~~~~~~~~~~~~~~~~~~~~~~~~~~~~~~
  190 |                             &bufferType);
      |                             ~~~~~~~~~~~
/Users/qingque/Desktop/HaiyueStudio/Native/examples/boxbound/node_modules/@nativescript/canvas/platforms/ios/src/cpp/webgpu/GPUUtils.h:208:21: warning: ignoring return value of function declared with 'warn_unused_result' attribute [-Wunused-result]
  208 |                     bufferObj->Get(context,
      |                     ^~~~~~~~~~~~~~~~~~~~~~~
  209 |                                    ConvertToV8String(isolate, "hasDynamicOffset")).ToLocal(
      |                                    ~~~~~~~~~~~~~~~~~~~~~~~~~~~~~~~~~~~~~~~~~~~~~~~~~~~~~~~
  210 |                             &hasDynamicOffsetVal);
      |                             ~~~~~~~~~~~~~~~~~~~~
/Users/qingque/Desktop/HaiyueStudio/Native/examples/boxbound/node_modules/@nativescript/canvas/platforms/ios/src/cpp/webgpu/GPUUtils.h:220:21: warning: ignoring return value of function declared with 'warn_unused_result' attribute [-Wunused-result]
  220 |                     bufferObj->Get(context,
      |                     ^~~~~~~~~~~~~~~~~~~~~~~
  221 |                                    ConvertToV8String(isolate, "minBindingSize")).ToLocal(
      |                                    ~~~~~~~~~~~~~~~~~~~~~~~~~~~~~~~~~~~~~~~~~~~~~~~~~~~~~
  222 |                             &minBindingSizeVal);
      |                             ~~~~~~~~~~~~~~~~~~
/Users/qingque/Desktop/HaiyueStudio/Native/examples/boxbound/node_modules/@nativescript/canvas/platforms/ios/src/cpp/webgpu/GPUUtils.h:252:17: warning: ignoring return value of function declared with 'warn_unused_result' attribute [-Wunused-result]
  252 |                 entryObj->Get(context, ConvertToV8String(isolate, "externalTexture")).ToLocal(
      |                 ^~~~~~~~~~~~~~~~~~~~~~~~~~~~~~~~~~~~~~~~~~~~~~~~~~~~~~~~~~~~~~~~~~~~~~~~~~~~~
  253 |                         &externalTextureVal);
      |                         ~~~~~~~~~~~~~~~~~~~
/Users/qingque/Desktop/HaiyueStudio/Native/examples/boxbound/node_modules/@nativescript/canvas/platforms/ios/src/cpp/webgpu/GPUUtils.h:278:17: warning: ignoring return value of function declared with 'warn_unused_result' attribute [-Wunused-result]
  278 |                 entryObj->Get(context, ConvertToV8String(isolate, "sampler")).ToLocal(
      |                 ^~~~~~~~~~~~~~~~~~~~~~~~~~~~~~~~~~~~~~~~~~~~~~~~~~~~~~~~~~~~~~~~~~~~~
  279 |                         &samplerVal);
      |                         ~~~~~~~~~~~
/Users/qingque/Desktop/HaiyueStudio/Native/examples/boxbound/node_modules/@nativescript/canvas/platforms/ios/src/cpp/webgpu/GPUUtils.h:284:21: warning: ignoring return value of function declared with 'warn_unused_result' attribute [-Wunused-result]
  284 |                     samplerObj->Get(context, ConvertToV8String(isolate, "type")).ToLocal(
      |                     ^~~~~~~~~~~~~~~~~~~~~~~~~~~~~~~~~~~~~~~~~~~~~~~~~~~~~~~~~~~~~~~~~~~~
  285 |                             &samplerType);
      |                             ~~~~~~~~~~~~
/Users/qingque/Desktop/HaiyueStudio/Native/examples/boxbound/node_modules/@nativescript/canvas/platforms/ios/src/cpp/webgpu/GPUUtils.h:324:17: warning: ignoring return value of function declared with 'warn_unused_result' attribute [-Wunused-result]
  324 |                 entryObj->Get(context, ConvertToV8String(isolate, "storageTexture")).ToLocal(
      |                 ^~~~~~~~~~~~~~~~~~~~~~~~~~~~~~~~~~~~~~~~~~~~~~~~~~~~~~~~~~~~~~~~~~~~~~~~~~~~
  325 |                         &storageTextureVal);
      |                         ~~~~~~~~~~~~~~~~~~
/Users/qingque/Desktop/HaiyueStudio/Native/examples/boxbound/node_modules/@nativescript/canvas/platforms/ios/src/cpp/webgpu/GPUUtils.h:338:21: warning: ignoring return value of function declared with 'warn_unused_result' attribute [-Wunused-result]
  338 |                     storageTextureObj->Get(context,
      |                     ^~~~~~~~~~~~~~~~~~~~~~~~~~~~~~~
  339 |                                            ConvertToV8String(isolate, "access")).ToLocal(
      |                                            ~~~~~~~~~~~~~~~~~~~~~~~~~~~~~~~~~~~~~~~~~~~~~
  340 |                             &accessVal);
      |                             ~~~~~~~~~~
/Users/qingque/Desktop/HaiyueStudio/Native/examples/boxbound/node_modules/@nativescript/canvas/platforms/ios/src/cpp/webgpu/GPUUtils.h:361:21: warning: ignoring return value of function declared with 'warn_unused_result' attribute [-Wunused-result]
  361 |                     storageTextureObj->Get(context,
      |                     ^~~~~~~~~~~~~~~~~~~~~~~~~~~~~~~
  362 |                                            ConvertToV8String(isolate, "viewDimension")).ToLocal(
      |                                            ~~~~~~~~~~~~~~~~~~~~~~~~~~~~~~~~~~~~~~~~~~~~~~~~~~~~
  363 |                             &viewDimensionVal);
      |                             ~~~~~~~~~~~~~~~~~
/Users/qingque/Desktop/HaiyueStudio/Native/examples/boxbound/node_modules/@nativescript/canvas/platforms/ios/src/cpp/webgpu/GPUUtils.h:386:21: warning: ignoring return value of function declared with 'warn_unused_result' attribute [-Wunused-result]
  386 |                     storageTextureObj->Get(context,
      |                     ^~~~~~~~~~~~~~~~~~~~~~~~~~~~~~~
  387 |                                            ConvertToV8String(isolate, "format")).ToLocal(
      |                                            ~~~~~~~~~~~~~~~~~~~~~~~~~~~~~~~~~~~~~~~~~~~~~
  388 |                             &formatVal);
      |                             ~~~~~~~~~~
/Users/qingque/Desktop/HaiyueStudio/Native/examples/boxbound/node_modules/@nativescript/canvas/platforms/ios/src/cpp/webgpu/GPUUtils.h:424:17: warning: ignoring return value of function declared with 'warn_unused_result' attribute [-Wunused-result]
  424 |                 entryObj->Get(context, ConvertToV8String(isolate, "texture")).ToLocal(
      |                 ^~~~~~~~~~~~~~~~~~~~~~~~~~~~~~~~~~~~~~~~~~~~~~~~~~~~~~~~~~~~~~~~~~~~~
  425 |                         &textureVal);
      |                         ~~~~~~~~~~~
/Users/qingque/Desktop/HaiyueStudio/Native/examples/boxbound/node_modules/@nativescript/canvas/platforms/ios/src/cpp/webgpu/GPUUtils.h:433:21: warning: ignoring return value of function declared with 'warn_unused_result' attribute [-Wunused-result]
  433 |                     textureObj->Get(context,
      |                     ^~~~~~~~~~~~~~~~~~~~~~~~
  434 |                                     ConvertToV8String(isolate, "multisampled")).ToLocal(
      |                                     ~~~~~~~~~~~~~~~~~~~~~~~~~~~~~~~~~~~~~~~~~~~~~~~~~~~
  435 |                             &multisampledVal);
      |                             ~~~~~~~~~~~~~~~~
/Users/qingque/Desktop/HaiyueStudio/Native/examples/boxbound/node_modules/@nativescript/canvas/platforms/ios/src/cpp/webgpu/GPUUtils.h:443:21: warning: ignoring return value of function declared with 'warn_unused_result' attribute [-Wunused-result]
  443 |                     textureObj->Get(context, ConvertToV8String(isolate, "sampleType")).ToLocal(
      |                     ^~~~~~~~~~~~~~~~~~~~~~~~~~~~~~~~~~~~~~~~~~~~~~~~~~~~~~~~~~~~~~~~~~~~~~~~~~
  444 |                             &sampleTypeVal);
      |                             ~~~~~~~~~~~~~~
/Users/qingque/Desktop/HaiyueStudio/Native/examples/boxbound/node_modules/@nativescript/canvas/platforms/ios/src/cpp/webgpu/GPUUtils.h:469:21: warning: ignoring return value of function declared with 'warn_unused_result' attribute [-Wunused-result]
  469 |                     textureObj->Get(context,
      |                     ^~~~~~~~~~~~~~~~~~~~~~~~
  470 |                                     ConvertToV8String(isolate, "viewDimension")).ToLocal(
      |                                     ~~~~~~~~~~~~~~~~~~~~~~~~~~~~~~~~~~~~~~~~~~~~~~~~~~~~
  471 |                             &viewDimensionVal);
      |                             ~~~~~~~~~~~~~~~~~
In file included from /Users/qingque/Desktop/HaiyueStudio/Native/examples/boxbound/node_modules/@nativescript/canvas/platforms/ios/src/cpp/JSIRuntime.cpp:5:
In file included from /Users/qingque/Desktop/HaiyueStudio/Native/examples/boxbound/node_modules/@nativescript/canvas/platforms/ios/src/cpp/CanvasJSIModule.h:9:
In file included from /Users/qingque/Desktop/HaiyueStudio/Native/examples/boxbound/node_modules/@nativescript/canvas/platforms/ios/src/cpp/canvas2d/CanvasRenderingContext2DImpl.h:16:
/Users/qingque/Desktop/HaiyueStudio/Native/examples/boxbound/node_modules/@nativescript/canvas/platforms/ios/src/cpp/Helpers.h:63:13: warning: unused function 'LogToConsole' [-Wunused-function]
   63 | static void LogToConsole(const std::string &message) {
      |             ^~~~~~~~~~~~
/Users/qingque/Desktop/HaiyueStudio/Native/examples/boxbound/node_modules/@nativescript/canvas/platforms/ios/src/cpp/Helpers.h:185:13: warning: unused function 'SetFastMethodWithOverLoads' [-Wunused-function]
  185 | static void SetFastMethodWithOverLoads(v8::Isolate *isolate,
      |             ^~~~~~~~~~~~~~~~~~~~~~~~~~
/Users/qingque/Desktop/HaiyueStudio/Native/examples/boxbound/node_modules/@nativescript/canvas/platforms/ios/src/cpp/Helpers.h:210:13: warning: unused function 'SetFastMethod' [-Wunused-function]
  210 | static void SetFastMethod(v8::Local<v8::Context> context,
      |             ^~~~~~~~~~~~~
/Users/qingque/Desktop/HaiyueStudio/Native/examples/boxbound/node_modules/@nativescript/canvas/platforms/ios/src/cpp/Helpers.h:234:13: warning: unused function 'SetFastMethodNoSideEffect' [-Wunused-function]
  234 | static void SetFastMethodNoSideEffect(v8::Local<v8::Context> context,
      |             ^~~~~~~~~~~~~~~~~~~~~~~~~
/Users/qingque/Desktop/HaiyueStudio/Native/examples/boxbound/node_modules/@nativescript/canvas/platforms/ios/src/cpp/Helpers.h:258:13: warning: unused function 'SetFastMethodNoSideEffect' [-Wunused-function]
  258 | static void SetFastMethodNoSideEffect(v8::Isolate *isolate,
      |             ^~~~~~~~~~~~~~~~~~~~~~~~~
31 warnings generated.

CompileC /Users/qingque/Library/Developer/Xcode/DerivedData/boxbound-gmbxpjcvwytnwfabbxjdzhvtcdad/Build/Intermediates.noindex/boxbound.build/Debug-iphoneos/boxbound.build/Objects-normal/arm64/ImageDataImpl.o /Users/qingque/Desktop/HaiyueStudio/Native/examples/boxbound/node_modules/@nativescript/canvas/platforms/ios/src/cpp/canvas2d/ImageDataImpl.cpp normal arm64 c++ com.apple.compilers.llvm.clang.1_0.compiler (in target 'boxbound' from project 'boxbound')
    cd /Users/qingque/Desktop/HaiyueStudio/Native/examples/boxbound/platforms/ios
    
    Using response file: /Users/qingque/Library/Developer/Xcode/DerivedData/boxbound-gmbxpjcvwytnwfabbxjdzhvtcdad/Build/Intermediates.noindex/boxbound.build/Debug-iphoneos/boxbound.build/Objects-normal/arm64/82b82416624d2658e5098eb0a28c15c5-common-args.resp
    
    /Applications/Xcode.app/Contents/Developer/Toolchains/XcodeDefault.xctoolchain/usr/bin/clang -x c++ -ivfsstatcache /Users/qingque/Library/Developer/Xcode/DerivedData/SDKStatCaches.noindex/iphoneos26.2-23C57-3794476bd08197c3e2abd9bb477ef7f7.sdkstatcache -fmessage-length\=0 -fdiagnostics-show-note-include-stack -fmacro-backtrace-limit\=0 -fno-color-diagnostics -Wno-trigraphs -Wno-missing-field-initializers -Wno-missing-prototypes -Werror\=return-type -Wunreachable-code -Werror\=deprecated-objc-isa-usage -Werror\=objc-root-class -Wno-non-virtual-dtor -Wno-overloaded-virtual -Wno-exit-time-destructors -Wno-missing-braces -Wparentheses -Wswitch -Wunused-function -Wno-unused-label -Wno-unused-parameter -Wunused-variable -Wunused-value -Wempty-body -Wuninitialized -Wno-unknown-pragmas -Wno-shadow -Wno-four-char-constants -Wno-conversion -Wconstant-conversion -Wint-conversion -Wbool-conversion -Wenum-conversion -Wno-float-conversion -Wnon-literal-null-conversion -Wobjc-literal-conversion -Wshorten-64-to-32 -Wno-newline-eof -Wno-c++11-extensions -Wno-implicit-fallthrough -fstrict-aliasing -Wdeprecated-declarations -Winvalid-offsetof -Wno-sign-conversion -Winfinite-recursion -Wmove -Wcomma -Wblock-capture-autoreleasing -Wstrict-prototypes -Wrange-loop-analysis -Wno-semicolon-before-method-body -index-store-path /Users/qingque/Library/Developer/Xcode/DerivedData/boxbound-gmbxpjcvwytnwfabbxjdzhvtcdad/Index.noindex/DataStore @/Users/qingque/Library/Developer/Xcode/DerivedData/boxbound-gmbxpjcvwytnwfabbxjdzhvtcdad/Build/Intermediates.noindex/boxbound.build/Debug-iphoneos/boxbound.build/Objects-normal/arm64/82b82416624d2658e5098eb0a28c15c5-common-args.resp -include /Users/qingque/Desktop/HaiyueStudio/Native/examples/boxbound/platforms/ios/build/sharedpch/SharedPrecompiledHeaders/17560698271525316586/boxbound-Prefix.pch -MMD -MT dependencies -MF /Users/qingque/Library/Developer/Xcode/DerivedData/boxbound-gmbxpjcvwytnwfabbxjdzhvtcdad/Build/Intermediates.noindex/boxbound.build/Debug-iphoneos/boxbound.build/Objects-normal/arm64/ImageDataImpl.d --serialize-diagnostics /Users/qingque/Library/Developer/Xcode/DerivedData/boxbound-gmbxpjcvwytnwfabbxjdzhvtcdad/Build/Intermediates.noindex/boxbound.build/Debug-iphoneos/boxbound.build/Objects-normal/arm64/ImageDataImpl.dia -c /Users/qingque/Desktop/HaiyueStudio/Native/examples/boxbound/node_modules/@nativescript/canvas/platforms/ios/src/cpp/canvas2d/ImageDataImpl.cpp -o /Users/qingque/Library/Developer/Xcode/DerivedData/boxbound-gmbxpjcvwytnwfabbxjdzhvtcdad/Build/Intermediates.noindex/boxbound.build/Debug-iphoneos/boxbound.build/Objects-normal/arm64/ImageDataImpl.o -index-unit-output-path /boxbound.build/Debug-iphoneos/boxbound.build/Objects-normal/arm64/ImageDataImpl.o
/Users/qingque/Desktop/HaiyueStudio/Native/examples/boxbound/node_modules/@nativescript/canvas/platforms/ios/src/cpp/canvas2d/ImageDataImpl.cpp:50:5: warning: ignoring return value of function declared with 'warn_unused_result' attribute [-Wunused-result]
   50 |     canvasModule->Set(context, ConvertToV8String(isolate, "ImageData"), func);
      |     ^~~~~~~~~~~~~~~~~ ~~~~~~~~~~~~~~~~~~~~~~~~~~~~~~~~~~~~~~~~~~~~~~~~~~~~~~
In file included from /Users/qingque/Desktop/HaiyueStudio/Native/examples/boxbound/node_modules/@nativescript/canvas/platforms/ios/src/cpp/canvas2d/ImageDataImpl.cpp:6:
/Users/qingque/Desktop/HaiyueStudio/Native/examples/boxbound/node_modules/@nativescript/canvas/platforms/ios/src/cpp/Helpers.h:63:13: warning: unused function 'LogToConsole' [-Wunused-function]
   63 | static void LogToConsole(const std::string &message) {
      |             ^~~~~~~~~~~~
/Users/qingque/Desktop/HaiyueStudio/Native/examples/boxbound/node_modules/@nativescript/canvas/platforms/ios/src/cpp/Helpers.h:160:13: warning: unused function 'SetFastMethod' [-Wunused-function]
  160 | static void SetFastMethod(v8::Isolate *isolate,
      |             ^~~~~~~~~~~~~
/Users/qingque/Desktop/HaiyueStudio/Native/examples/boxbound/node_modules/@nativescript/canvas/platforms/ios/src/cpp/Helpers.h:185:13: warning: unused function 'SetFastMethodWithOverLoads' [-Wunused-function]
  185 | static void SetFastMethodWithOverLoads(v8::Isolate *isolate,
      |             ^~~~~~~~~~~~~~~~~~~~~~~~~~
/Users/qingque/Desktop/HaiyueStudio/Native/examples/boxbound/node_modules/@nativescript/canvas/platforms/ios/src/cpp/Helpers.h:210:13: warning: unused function 'SetFastMethod' [-Wunused-function]
  210 | static void SetFastMethod(v8::Local<v8::Context> context,
      |             ^~~~~~~~~~~~~
/Users/qingque/Desktop/HaiyueStudio/Native/examples/boxbound/node_modules/@nativescript/canvas/platforms/ios/src/cpp/Helpers.h:234:13: warning: unused function 'SetFastMethodNoSideEffect' [-Wunused-function]
  234 | static void SetFastMethodNoSideEffect(v8::Local<v8::Context> context,
      |             ^~~~~~~~~~~~~~~~~~~~~~~~~
/Users/qingque/Desktop/HaiyueStudio/Native/examples/boxbound/node_modules/@nativescript/canvas/platforms/ios/src/cpp/Helpers.h:258:13: warning: unused function 'SetFastMethodNoSideEffect' [-Wunused-function]
  258 | static void SetFastMethodNoSideEffect(v8::Isolate *isolate,
      |             ^~~~~~~~~~~~~~~~~~~~~~~~~
7 warnings generated.

CompileC /Users/qingque/Library/Developer/Xcode/DerivedData/boxbound-gmbxpjcvwytnwfabbxjdzhvtcdad/Build/Intermediates.noindex/boxbound.build/Debug-iphoneos/boxbound.build/Objects-normal/arm64/ImageBitmapImpl.o /Users/qingque/Desktop/HaiyueStudio/Native/examples/boxbound/node_modules/@nativescript/canvas/platforms/ios/src/cpp/ImageBitmapImpl.cpp normal arm64 c++ com.apple.compilers.llvm.clang.1_0.compiler (in target 'boxbound' from project 'boxbound')
    cd /Users/qingque/Desktop/HaiyueStudio/Native/examples/boxbound/platforms/ios
    
    Using response file: /Users/qingque/Library/Developer/Xcode/DerivedData/boxbound-gmbxpjcvwytnwfabbxjdzhvtcdad/Build/Intermediates.noindex/boxbound.build/Debug-iphoneos/boxbound.build/Objects-normal/arm64/82b82416624d2658e5098eb0a28c15c5-common-args.resp
    
    /Applications/Xcode.app/Contents/Developer/Toolchains/XcodeDefault.xctoolchain/usr/bin/clang -x c++ -ivfsstatcache /Users/qingque/Library/Developer/Xcode/DerivedData/SDKStatCaches.noindex/iphoneos26.2-23C57-3794476bd08197c3e2abd9bb477ef7f7.sdkstatcache -fmessage-length\=0 -fdiagnostics-show-note-include-stack -fmacro-backtrace-limit\=0 -fno-color-diagnostics -Wno-trigraphs -Wno-missing-field-initializers -Wno-missing-prototypes -Werror\=return-type -Wunreachable-code -Werror\=deprecated-objc-isa-usage -Werror\=objc-root-class -Wno-non-virtual-dtor -Wno-overloaded-virtual -Wno-exit-time-destructors -Wno-missing-braces -Wparentheses -Wswitch -Wunused-function -Wno-unused-label -Wno-unused-parameter -Wunused-variable -Wunused-value -Wempty-body -Wuninitialized -Wno-unknown-pragmas -Wno-shadow -Wno-four-char-constants -Wno-conversion -Wconstant-conversion -Wint-conversion -Wbool-conversion -Wenum-conversion -Wno-float-conversion -Wnon-literal-null-conversion -Wobjc-literal-conversion -Wshorten-64-to-32 -Wno-newline-eof -Wno-c++11-extensions -Wno-implicit-fallthrough -fstrict-aliasing -Wdeprecated-declarations -Winvalid-offsetof -Wno-sign-conversion -Winfinite-recursion -Wmove -Wcomma -Wblock-capture-autoreleasing -Wstrict-prototypes -Wrange-loop-analysis -Wno-semicolon-before-method-body -index-store-path /Users/qingque/Library/Developer/Xcode/DerivedData/boxbound-gmbxpjcvwytnwfabbxjdzhvtcdad/Index.noindex/DataStore @/Users/qingque/Library/Developer/Xcode/DerivedData/boxbound-gmbxpjcvwytnwfabbxjdzhvtcdad/Build/Intermediates.noindex/boxbound.build/Debug-iphoneos/boxbound.build/Objects-normal/arm64/82b82416624d2658e5098eb0a28c15c5-common-args.resp -include /Users/qingque/Desktop/HaiyueStudio/Native/examples/boxbound/platforms/ios/build/sharedpch/SharedPrecompiledHeaders/17560698271525316586/boxbound-Prefix.pch -MMD -MT dependencies -MF /Users/qingque/Library/Developer/Xcode/DerivedData/boxbound-gmbxpjcvwytnwfabbxjdzhvtcdad/Build/Intermediates.noindex/boxbound.build/Debug-iphoneos/boxbound.build/Objects-normal/arm64/ImageBitmapImpl.d --serialize-diagnostics /Users/qingque/Library/Developer/Xcode/DerivedData/boxbound-gmbxpjcvwytnwfabbxjdzhvtcdad/Build/Intermediates.noindex/boxbound.build/Debug-iphoneos/boxbound.build/Objects-normal/arm64/ImageBitmapImpl.dia -c /Users/qingque/Desktop/HaiyueStudio/Native/examples/boxbound/node_modules/@nativescript/canvas/platforms/ios/src/cpp/ImageBitmapImpl.cpp -o /Users/qingque/Library/Developer/Xcode/DerivedData/boxbound-gmbxpjcvwytnwfabbxjdzhvtcdad/Build/Intermediates.noindex/boxbound.build/Debug-iphoneos/boxbound.build/Objects-normal/arm64/ImageBitmapImpl.o -index-unit-output-path /boxbound.build/Debug-iphoneos/boxbound.build/Objects-normal/arm64/ImageBitmapImpl.o
/Users/qingque/Desktop/HaiyueStudio/Native/examples/boxbound/node_modules/@nativescript/canvas/platforms/ios/src/cpp/ImageBitmapImpl.cpp:26:5: warning: ignoring return value of function declared with 'warn_unused_result' attribute [-Wunused-result]
   26 |     canvasModule->Set(context, ConvertToV8String(isolate, "ImageBitmap"), func);
      |     ^~~~~~~~~~~~~~~~~ ~~~~~~~~~~~~~~~~~~~~~~~~~~~~~~~~~~~~~~~~~~~~~~~~~~~~~~~~
/Users/qingque/Desktop/HaiyueStudio/Native/examples/boxbound/node_modules/@nativescript/canvas/platforms/ios/src/cpp/ImageBitmapImpl.cpp:139:9: warning: ignoring return value of function declared with 'warn_unused_result' attribute [-Wunused-result]
  139 |         config->Get(context, ConvertToV8String(isolate, "flipY")).ToLocal(&flipYValue);
      |         ^~~~~~~~~~~~~~~~~~~~~~~~~~~~~~~~~~~~~~~~~~~~~~~~~~~~~~~~~~~~~~~~~ ~~~~~~~~~~~
/Users/qingque/Desktop/HaiyueStudio/Native/examples/boxbound/node_modules/@nativescript/canvas/platforms/ios/src/cpp/ImageBitmapImpl.cpp:146:9: warning: ignoring return value of function declared with 'warn_unused_result' attribute [-Wunused-result]
  146 |         config->Get(context, ConvertToV8String(isolate, "premultiplyAlpha")).ToLocal(
      |         ^~~~~~~~~~~~~~~~~~~~~~~~~~~~~~~~~~~~~~~~~~~~~~~~~~~~~~~~~~~~~~~~~~~~~~~~~~~~
  147 |                 &premultiplyAlphaValue);
      |                 ~~~~~~~~~~~~~~~~~~~~~~
/Users/qingque/Desktop/HaiyueStudio/Native/examples/boxbound/node_modules/@nativescript/canvas/platforms/ios/src/cpp/ImageBitmapImpl.cpp:162:9: warning: ignoring return value of function declared with 'warn_unused_result' attribute [-Wunused-result]
  162 |         config->Get(context, ConvertToV8String(isolate, "colorSpaceConversion")).ToLocal(
      |         ^~~~~~~~~~~~~~~~~~~~~~~~~~~~~~~~~~~~~~~~~~~~~~~~~~~~~~~~~~~~~~~~~~~~~~~~~~~~~~~~
  163 |                 &colorSpaceConversionValue);
      |                 ~~~~~~~~~~~~~~~~~~~~~~~~~~
/Users/qingque/Desktop/HaiyueStudio/Native/examples/boxbound/node_modules/@nativescript/canvas/platforms/ios/src/cpp/ImageBitmapImpl.cpp:175:9: warning: ignoring return value of function declared with 'warn_unused_result' attribute [-Wunused-result]
  175 |         config->Get(context, ConvertToV8String(isolate, "resizeQuality")).ToLocal(
      |         ^~~~~~~~~~~~~~~~~~~~~~~~~~~~~~~~~~~~~~~~~~~~~~~~~~~~~~~~~~~~~~~~~~~~~~~~~
  176 |                 &resizeQualityValue);
      |                 ~~~~~~~~~~~~~~~~~~~
/Users/qingque/Desktop/HaiyueStudio/Native/examples/boxbound/node_modules/@nativescript/canvas/platforms/ios/src/cpp/ImageBitmapImpl.cpp:195:9: warning: ignoring return value of function declared with 'warn_unused_result' attribute [-Wunused-result]
  195 |         config->Get(context, ConvertToV8String(isolate, "resizeWidth")).ToLocal(&resizeWidthValue);
      |         ^~~~~~~~~~~~~~~~~~~~~~~~~~~~~~~~~~~~~~~~~~~~~~~~~~~~~~~~~~~~~~~~~~~~~~~ ~~~~~~~~~~~~~~~~~
/Users/qingque/Desktop/HaiyueStudio/Native/examples/boxbound/node_modules/@nativescript/canvas/platforms/ios/src/cpp/ImageBitmapImpl.cpp:204:9: warning: ignoring return value of function declared with 'warn_unused_result' attribute [-Wunused-result]
  204 |         config->Get(context, ConvertToV8String(isolate, "resizeHeight")).ToLocal(
      |         ^~~~~~~~~~~~~~~~~~~~~~~~~~~~~~~~~~~~~~~~~~~~~~~~~~~~~~~~~~~~~~~~~~~~~~~~
  205 |                 &resizeHeightValue);
      |                 ~~~~~~~~~~~~~~~~~~
In file included from /Users/qingque/Desktop/HaiyueStudio/Native/examples/boxbound/node_modules/@nativescript/canvas/platforms/ios/src/cpp/ImageBitmapImpl.cpp:5:
In file included from /Users/qingque/Desktop/HaiyueStudio/Native/examples/boxbound/node_modules/@nativescript/canvas/platforms/ios/src/cpp/ImageBitmapImpl.h:7:
In file included from /Users/qingque/Desktop/HaiyueStudio/Native/examples/boxbound/node_modules/@nativescript/canvas/platforms/ios/src/cpp/ImageAssetImpl.h:10:
/Users/qingque/Desktop/HaiyueStudio/Native/examples/boxbound/node_modules/@nativescript/canvas/platforms/ios/src/cpp/Helpers.h:63:13: warning: unused function 'LogToConsole' [-Wunused-function]
   63 | static void LogToConsole(const std::string &message) {
      |             ^~~~~~~~~~~~
/Users/qingque/Desktop/HaiyueStudio/Native/examples/boxbound/node_modules/@nativescript/canvas/platforms/ios/src/cpp/Helpers.h:160:13: warning: unused function 'SetFastMethod' [-Wunused-function]
  160 | static void SetFastMethod(v8::Isolate *isolate,
      |             ^~~~~~~~~~~~~
/Users/qingque/Desktop/HaiyueStudio/Native/examples/boxbound/node_modules/@nativescript/canvas/platforms/ios/src/cpp/Helpers.h:185:13: warning: unused function 'SetFastMethodWithOverLoads' [-Wunused-function]
  185 | static void SetFastMethodWithOverLoads(v8::Isolate *isolate,
      |             ^~~~~~~~~~~~~~~~~~~~~~~~~~
/Users/qingque/Desktop/HaiyueStudio/Native/examples/boxbound/node_modules/@nativescript/canvas/platforms/ios/src/cpp/Helpers.h:210:13: warning: unused function 'SetFastMethod' [-Wunused-function]
  210 | static void SetFastMethod(v8::Local<v8::Context> context,
      |             ^~~~~~~~~~~~~
/Users/qingque/Desktop/HaiyueStudio/Native/examples/boxbound/node_modules/@nativescript/canvas/platforms/ios/src/cpp/Helpers.h:234:13: warning: unused function 'SetFastMethodNoSideEffect' [-Wunused-function]
  234 | static void SetFastMethodNoSideEffect(v8::Local<v8::Context> context,
      |             ^~~~~~~~~~~~~~~~~~~~~~~~~
/Users/qingque/Desktop/HaiyueStudio/Native/examples/boxbound/node_modules/@nativescript/canvas/platforms/ios/src/cpp/Helpers.h:258:13: warning: unused function 'SetFastMethodNoSideEffect' [-Wunused-function]
  258 | static void SetFastMethodNoSideEffect(v8::Isolate *isolate,
      |             ^~~~~~~~~~~~~~~~~~~~~~~~~
13 warnings generated.

CompileC /Users/qingque/Library/Developer/Xcode/DerivedData/boxbound-gmbxpjcvwytnwfabbxjdzhvtcdad/Build/Intermediates.noindex/boxbound.build/Debug-iphoneos/boxbound.build/Objects-normal/arm64/ImageAssetImpl.o /Users/qingque/Desktop/HaiyueStudio/Native/examples/boxbound/node_modules/@nativescript/canvas/platforms/ios/src/cpp/ImageAssetImpl.cpp normal arm64 c++ com.apple.compilers.llvm.clang.1_0.compiler (in target 'boxbound' from project 'boxbound')
    cd /Users/qingque/Desktop/HaiyueStudio/Native/examples/boxbound/platforms/ios
    
    Using response file: /Users/qingque/Library/Developer/Xcode/DerivedData/boxbound-gmbxpjcvwytnwfabbxjdzhvtcdad/Build/Intermediates.noindex/boxbound.build/Debug-iphoneos/boxbound.build/Objects-normal/arm64/82b82416624d2658e5098eb0a28c15c5-common-args.resp
    
    /Applications/Xcode.app/Contents/Developer/Toolchains/XcodeDefault.xctoolchain/usr/bin/clang -x c++ -ivfsstatcache /Users/qingque/Library/Developer/Xcode/DerivedData/SDKStatCaches.noindex/iphoneos26.2-23C57-3794476bd08197c3e2abd9bb477ef7f7.sdkstatcache -fmessage-length\=0 -fdiagnostics-show-note-include-stack -fmacro-backtrace-limit\=0 -fno-color-diagnostics -Wno-trigraphs -Wno-missing-field-initializers -Wno-missing-prototypes -Werror\=return-type -Wunreachable-code -Werror\=deprecated-objc-isa-usage -Werror\=objc-root-class -Wno-non-virtual-dtor -Wno-overloaded-virtual -Wno-exit-time-destructors -Wno-missing-braces -Wparentheses -Wswitch -Wunused-function -Wno-unused-label -Wno-unused-parameter -Wunused-variable -Wunused-value -Wempty-body -Wuninitialized -Wno-unknown-pragmas -Wno-shadow -Wno-four-char-constants -Wno-conversion -Wconstant-conversion -Wint-conversion -Wbool-conversion -Wenum-conversion -Wno-float-conversion -Wnon-literal-null-conversion -Wobjc-literal-conversion -Wshorten-64-to-32 -Wno-newline-eof -Wno-c++11-extensions -Wno-implicit-fallthrough -fstrict-aliasing -Wdeprecated-declarations -Winvalid-offsetof -Wno-sign-conversion -Winfinite-recursion -Wmove -Wcomma -Wblock-capture-autoreleasing -Wstrict-prototypes -Wrange-loop-analysis -Wno-semicolon-before-method-body -index-store-path /Users/qingque/Library/Developer/Xcode/DerivedData/boxbound-gmbxpjcvwytnwfabbxjdzhvtcdad/Index.noindex/DataStore @/Users/qingque/Library/Developer/Xcode/DerivedData/boxbound-gmbxpjcvwytnwfabbxjdzhvtcdad/Build/Intermediates.noindex/boxbound.build/Debug-iphoneos/boxbound.build/Objects-normal/arm64/82b82416624d2658e5098eb0a28c15c5-common-args.resp -include /Users/qingque/Desktop/HaiyueStudio/Native/examples/boxbound/platforms/ios/build/sharedpch/SharedPrecompiledHeaders/17560698271525316586/boxbound-Prefix.pch -MMD -MT dependencies -MF /Users/qingque/Library/Developer/Xcode/DerivedData/boxbound-gmbxpjcvwytnwfabbxjdzhvtcdad/Build/Intermediates.noindex/boxbound.build/Debug-iphoneos/boxbound.build/Objects-normal/arm64/ImageAssetImpl.d --serialize-diagnostics /Users/qingque/Library/Developer/Xcode/DerivedData/boxbound-gmbxpjcvwytnwfabbxjdzhvtcdad/Build/Intermediates.noindex/boxbound.build/Debug-iphoneos/boxbound.build/Objects-normal/arm64/ImageAssetImpl.dia -c /Users/qingque/Desktop/HaiyueStudio/Native/examples/boxbound/node_modules/@nativescript/canvas/platforms/ios/src/cpp/ImageAssetImpl.cpp -o /Users/qingque/Library/Developer/Xcode/DerivedData/boxbound-gmbxpjcvwytnwfabbxjdzhvtcdad/Build/Intermediates.noindex/boxbound.build/Debug-iphoneos/boxbound.build/Objects-normal/arm64/ImageAssetImpl.o -index-unit-output-path /boxbound.build/Debug-iphoneos/boxbound.build/Objects-normal/arm64/ImageAssetImpl.o
In file included from /Users/qingque/Desktop/HaiyueStudio/Native/examples/boxbound/node_modules/@nativescript/canvas/platforms/ios/src/cpp/ImageAssetImpl.cpp:7:
In file included from /Users/qingque/Desktop/HaiyueStudio/Native/examples/boxbound/node_modules/@nativescript/canvas/platforms/ios/src/cpp/JSIRuntime.h:5:
In file included from /Users/qingque/Desktop/HaiyueStudio/Native/examples/boxbound/node_modules/@nativescript/canvas/platforms/ios/src/cpp/CanvasJSIModule.h:19:
In file included from /Users/qingque/Desktop/HaiyueStudio/Native/examples/boxbound/node_modules/@nativescript/canvas/platforms/ios/src/cpp/webgl/WebGLRenderingContext.h:32:
/Users/qingque/Desktop/HaiyueStudio/Native/examples/boxbound/node_modules/@nativescript/canvas/platforms/ios/src/cpp/webgl/extensions/EXT_blend_minmaxImpl.h:23:9: warning: ignoring return value of function declared with 'warn_unused_result' attribute [-Wunused-result]
   23 |         object->Set(context, ConvertToV8String(isolate, "ext_name"),
      |         ^~~~~~~~~~~ ~~~~~~~~~~~~~~~~~~~~~~~~~~~~~~~~~~~~~~~~~~~~~~~~
   24 |                     ConvertToV8String(isolate, "EXT_blend_minmax"));
      |                     ~~~~~~~~~~~~~~~~~~~~~~~~~~~~~~~~~~~~~~~~~~~~~~
In file included from /Users/qingque/Desktop/HaiyueStudio/Native/examples/boxbound/node_modules/@nativescript/canvas/platforms/ios/src/cpp/ImageAssetImpl.cpp:7:
In file included from /Users/qingque/Desktop/HaiyueStudio/Native/examples/boxbound/node_modules/@nativescript/canvas/platforms/ios/src/cpp/JSIRuntime.h:5:
In file included from /Users/qingque/Desktop/HaiyueStudio/Native/examples/boxbound/node_modules/@nativescript/canvas/platforms/ios/src/cpp/CanvasJSIModule.h:19:
In file included from /Users/qingque/Desktop/HaiyueStudio/Native/examples/boxbound/node_modules/@nativescript/canvas/platforms/ios/src/cpp/webgl/WebGLRenderingContext.h:33:
/Users/qingque/Desktop/HaiyueStudio/Native/examples/boxbound/node_modules/@nativescript/canvas/platforms/ios/src/cpp/webgl/extensions/EXT_color_buffer_half_floatImpl.h:23:9: warning: ignoring return value of function declared with 'warn_unused_result' attribute [-Wunused-result]
   23 |         object->Set(context, ConvertToV8String(isolate, "ext_name"),
      |         ^~~~~~~~~~~ ~~~~~~~~~~~~~~~~~~~~~~~~~~~~~~~~~~~~~~~~~~~~~~~~
   24 |                     ConvertToV8String(isolate, "EXT_color_buffer_half_float"));
      |                     ~~~~~~~~~~~~~~~~~~~~~~~~~~~~~~~~~~~~~~~~~~~~~~~~~~~~~~~~~
In file included from /Users/qingque/Desktop/HaiyueStudio/Native/examples/boxbound/node_modules/@nativescript/canvas/platforms/ios/src/cpp/ImageAssetImpl.cpp:7:
In file included from /Users/qingque/Desktop/HaiyueStudio/Native/examples/boxbound/node_modules/@nativescript/canvas/platforms/ios/src/cpp/JSIRuntime.h:5:
In file included from /Users/qingque/Desktop/HaiyueStudio/Native/examples/boxbound/node_modules/@nativescript/canvas/platforms/ios/src/cpp/CanvasJSIModule.h:19:
In file included from /Users/qingque/Desktop/HaiyueStudio/Native/examples/boxbound/node_modules/@nativescript/canvas/platforms/ios/src/cpp/webgl/WebGLRenderingContext.h:34:
/Users/qingque/Desktop/HaiyueStudio/Native/examples/boxbound/node_modules/@nativescript/canvas/platforms/ios/src/cpp/webgl/extensions/EXT_disjoint_timer_queryImpl.h:33:9: warning: ignoring return value of function declared with 'warn_unused_result' attribute [-Wunused-result]
   33 |         object->Set(context, ConvertToV8String(isolate, "ext_name"),
      |         ^~~~~~~~~~~ ~~~~~~~~~~~~~~~~~~~~~~~~~~~~~~~~~~~~~~~~~~~~~~~~
   34 |                     ConvertToV8String(isolate, "EXT_disjoint_timer_query"));
      |                     ~~~~~~~~~~~~~~~~~~~~~~~~~~~~~~~~~~~~~~~~~~~~~~~~~~~~~~
In file included from /Users/qingque/Desktop/HaiyueStudio/Native/examples/boxbound/node_modules/@nativescript/canvas/platforms/ios/src/cpp/ImageAssetImpl.cpp:7:
In file included from /Users/qingque/Desktop/HaiyueStudio/Native/examples/boxbound/node_modules/@nativescript/canvas/platforms/ios/src/cpp/JSIRuntime.h:5:
In file included from /Users/qingque/Desktop/HaiyueStudio/Native/examples/boxbound/node_modules/@nativescript/canvas/platforms/ios/src/cpp/CanvasJSIModule.h:19:
In file included from /Users/qingque/Desktop/HaiyueStudio/Native/examples/boxbound/node_modules/@nativescript/canvas/platforms/ios/src/cpp/webgl/WebGLRenderingContext.h:51:
/Users/qingque/Desktop/HaiyueStudio/Native/examples/boxbound/node_modules/@nativescript/canvas/platforms/ios/src/cpp/webgl/extensions/WEBGL_compressed_texture_s3tc_srgbImpl.h:58:9: warning: ignoring return value of function declared with 'warn_unused_result' attribute [-Wunused-result]
   58 |         object->Set(context, ConvertToV8String(isolate, "ext_name"),
      |         ^~~~~~~~~~~ ~~~~~~~~~~~~~~~~~~~~~~~~~~~~~~~~~~~~~~~~~~~~~~~~
   59 |                     ConvertToV8String(isolate, "WEBGL_compressed_texture_s3tc_srgb"));
      |                     ~~~~~~~~~~~~~~~~~~~~~~~~~~~~~~~~~~~~~~~~~~~~~~~~~~~~~~~~~~~~~~~~
In file included from /Users/qingque/Desktop/HaiyueStudio/Native/examples/boxbound/node_modules/@nativescript/canvas/platforms/ios/src/cpp/ImageAssetImpl.cpp:7:
In file included from /Users/qingque/Desktop/HaiyueStudio/Native/examples/boxbound/node_modules/@nativescript/canvas/platforms/ios/src/cpp/JSIRuntime.h:5:
In file included from /Users/qingque/Desktop/HaiyueStudio/Native/examples/boxbound/node_modules/@nativescript/canvas/platforms/ios/src/cpp/CanvasJSIModule.h:19:
/Users/qingque/Desktop/HaiyueStudio/Native/examples/boxbound/node_modules/@nativescript/canvas/platforms/ios/src/cpp/webgl/WebGLRenderingContext.h:1801:16: warning: implicit conversion loses integer precision: 'uintptr_t' (aka 'unsigned long') to 'int32_t' (aka 'int') [-Wshorten-64-to-32]
 1801 |         return canvas_native_webgl_get_vertex_attrib_offset(
      |         ~~~~~~ ^~~~~~~~~~~~~~~~~~~~~~~~~~~~~~~~~~~~~~~~~~~~~
 1802 |                 index,
      |                 ~~~~~~
 1803 |                 pname,
      |                 ~~~~~~
 1804 |                 ptr->GetState());
      |                 ~~~~~~~~~~~~~~~~
In file included from /Users/qingque/Desktop/HaiyueStudio/Native/examples/boxbound/node_modules/@nativescript/canvas/platforms/ios/src/cpp/ImageAssetImpl.cpp:7:
In file included from /Users/qingque/Desktop/HaiyueStudio/Native/examples/boxbound/node_modules/@nativescript/canvas/platforms/ios/src/cpp/JSIRuntime.h:5:
In file included from /Users/qingque/Desktop/HaiyueStudio/Native/examples/boxbound/node_modules/@nativescript/canvas/platforms/ios/src/cpp/CanvasJSIModule.h:25:
In file included from /Users/qingque/Desktop/HaiyueStudio/Native/examples/boxbound/node_modules/@nativescript/canvas/platforms/ios/src/cpp/webgpu/GPUQueueImpl.h:12:
/Users/qingque/Desktop/HaiyueStudio/Native/examples/boxbound/node_modules/@nativescript/canvas/platforms/ios/src/cpp/webgpu/GPUUtils.h:61:13: warning: ignoring return value of function declared with 'warn_unused_result' attribute [-Wunused-result]
   61 |             entriesArray->Get(context, i).ToLocal(&entryVal);
      |             ^~~~~~~~~~~~~~~~~~~~~~~~~~~~~~~~~~~~~ ~~~~~~~~~
/Users/qingque/Desktop/HaiyueStudio/Native/examples/boxbound/node_modules/@nativescript/canvas/platforms/ios/src/cpp/webgpu/GPUUtils.h:68:17: warning: ignoring return value of function declared with 'warn_unused_result' attribute [-Wunused-result]
   68 |                 entryObj->Get(context, ConvertToV8String(isolate, "resource")).ToLocal(
      |                 ^~~~~~~~~~~~~~~~~~~~~~~~~~~~~~~~~~~~~~~~~~~~~~~~~~~~~~~~~~~~~~~~~~~~~~
   69 |                         &resourceVal);
      |                         ~~~~~~~~~~~~
/Users/qingque/Desktop/HaiyueStudio/Native/examples/boxbound/node_modules/@nativescript/canvas/platforms/ios/src/cpp/webgpu/GPUUtils.h:102:29: warning: ignoring return value of function declared with 'warn_unused_result' attribute [-Wunused-result]
  102 |                             resourceObj->Get(context,
      |                             ^~~~~~~~~~~~~~~~~~~~~~~~~
  103 |                                              ConvertToV8String(isolate, "buffer")).ToLocal(
      |                                              ~~~~~~~~~~~~~~~~~~~~~~~~~~~~~~~~~~~~~~~~~~~~~
  104 |                                     &bufferVal);
      |                                     ~~~~~~~~~~
/Users/qingque/Desktop/HaiyueStudio/Native/examples/boxbound/node_modules/@nativescript/canvas/platforms/ios/src/cpp/webgpu/GPUUtils.h:117:37: warning: ignoring return value of function declared with 'warn_unused_result' attribute [-Wunused-result]
  117 |                                     resourceObj->Get(context,
      |                                     ^~~~~~~~~~~~~~~~~~~~~~~~~
  118 |                                                      ConvertToV8String(isolate,
      |                                                      ~~~~~~~~~~~~~~~~~~~~~~~~~~
  119 |                                                                        "offset")).ToLocal(
      |                                                                        ~~~~~~~~~~~~~~~~~~
  120 |                                             &offsetVal);
      |                                             ~~~~~~~~~~
/Users/qingque/Desktop/HaiyueStudio/Native/examples/boxbound/node_modules/@nativescript/canvas/platforms/ios/src/cpp/webgpu/GPUUtils.h:129:37: warning: ignoring return value of function declared with 'warn_unused_result' attribute [-Wunused-result]
  129 |                                     resourceObj->Get(context,
      |                                     ^~~~~~~~~~~~~~~~~~~~~~~~~
  130 |                                                      ConvertToV8String(isolate,
      |                                                      ~~~~~~~~~~~~~~~~~~~~~~~~~~
  131 |                                                                        "size")).ToLocal(
      |                                                                        ~~~~~~~~~~~~~~~~
  132 |                                             &sizeVal);
      |                                             ~~~~~~~~
/Users/qingque/Desktop/HaiyueStudio/Native/examples/boxbound/node_modules/@nativescript/canvas/platforms/ios/src/cpp/webgpu/GPUUtils.h:168:13: warning: ignoring return value of function declared with 'warn_unused_result' attribute [-Wunused-result]
  168 |             entriesArray->Get(context, i).ToLocal(&entryVal);
      |             ^~~~~~~~~~~~~~~~~~~~~~~~~~~~~~~~~~~~~ ~~~~~~~~~
/Users/qingque/Desktop/HaiyueStudio/Native/examples/boxbound/node_modules/@nativescript/canvas/platforms/ios/src/cpp/webgpu/GPUUtils.h:183:17: warning: ignoring return value of function declared with 'warn_unused_result' attribute [-Wunused-result]
  183 |                 entryObj->Get(context, ConvertToV8String(isolate, "buffer")).ToLocal(
      |                 ^~~~~~~~~~~~~~~~~~~~~~~~~~~~~~~~~~~~~~~~~~~~~~~~~~~~~~~~~~~~~~~~~~~~
  184 |                         &bufferVal);
      |                         ~~~~~~~~~~
/Users/qingque/Desktop/HaiyueStudio/Native/examples/boxbound/node_modules/@nativescript/canvas/platforms/ios/src/cpp/webgpu/GPUUtils.h:189:21: warning: ignoring return value of function declared with 'warn_unused_result' attribute [-Wunused-result]
  189 |                     bufferObj->Get(context, ConvertToV8String(isolate, "type")).ToLocal(
      |                     ^~~~~~~~~~~~~~~~~~~~~~~~~~~~~~~~~~~~~~~~~~~~~~~~~~~~~~~~~~~~~~~~~~~
  190 |                             &bufferType);
      |                             ~~~~~~~~~~~
/Users/qingque/Desktop/HaiyueStudio/Native/examples/boxbound/node_modules/@nativescript/canvas/platforms/ios/src/cpp/webgpu/GPUUtils.h:208:21: warning: ignoring return value of function declared with 'warn_unused_result' attribute [-Wunused-result]
  208 |                     bufferObj->Get(context,
      |                     ^~~~~~~~~~~~~~~~~~~~~~~
  209 |                                    ConvertToV8String(isolate, "hasDynamicOffset")).ToLocal(
      |                                    ~~~~~~~~~~~~~~~~~~~~~~~~~~~~~~~~~~~~~~~~~~~~~~~~~~~~~~~
  210 |                             &hasDynamicOffsetVal);
      |                             ~~~~~~~~~~~~~~~~~~~~
/Users/qingque/Desktop/HaiyueStudio/Native/examples/boxbound/node_modules/@nativescript/canvas/platforms/ios/src/cpp/webgpu/GPUUtils.h:220:21: warning: ignoring return value of function declared with 'warn_unused_result' attribute [-Wunused-result]
  220 |                     bufferObj->Get(context,
      |                     ^~~~~~~~~~~~~~~~~~~~~~~
  221 |                                    ConvertToV8String(isolate, "minBindingSize")).ToLocal(
      |                                    ~~~~~~~~~~~~~~~~~~~~~~~~~~~~~~~~~~~~~~~~~~~~~~~~~~~~~
  222 |                             &minBindingSizeVal);
      |                             ~~~~~~~~~~~~~~~~~~
/Users/qingque/Desktop/HaiyueStudio/Native/examples/boxbound/node_modules/@nativescript/canvas/platforms/ios/src/cpp/webgpu/GPUUtils.h:252:17: warning: ignoring return value of function declared with 'warn_unused_result' attribute [-Wunused-result]
  252 |                 entryObj->Get(context, ConvertToV8String(isolate, "externalTexture")).ToLocal(
      |                 ^~~~~~~~~~~~~~~~~~~~~~~~~~~~~~~~~~~~~~~~~~~~~~~~~~~~~~~~~~~~~~~~~~~~~~~~~~~~~
  253 |                         &externalTextureVal);
      |                         ~~~~~~~~~~~~~~~~~~~
/Users/qingque/Desktop/HaiyueStudio/Native/examples/boxbound/node_modules/@nativescript/canvas/platforms/ios/src/cpp/webgpu/GPUUtils.h:278:17: warning: ignoring return value of function declared with 'warn_unused_result' attribute [-Wunused-result]
  278 |                 entryObj->Get(context, ConvertToV8String(isolate, "sampler")).ToLocal(
      |                 ^~~~~~~~~~~~~~~~~~~~~~~~~~~~~~~~~~~~~~~~~~~~~~~~~~~~~~~~~~~~~~~~~~~~~
  279 |                         &samplerVal);
      |                         ~~~~~~~~~~~
/Users/qingque/Desktop/HaiyueStudio/Native/examples/boxbound/node_modules/@nativescript/canvas/platforms/ios/src/cpp/webgpu/GPUUtils.h:284:21: warning: ignoring return value of function declared with 'warn_unused_result' attribute [-Wunused-result]
  284 |                     samplerObj->Get(context, ConvertToV8String(isolate, "type")).ToLocal(
      |                     ^~~~~~~~~~~~~~~~~~~~~~~~~~~~~~~~~~~~~~~~~~~~~~~~~~~~~~~~~~~~~~~~~~~~
  285 |                             &samplerType);
      |                             ~~~~~~~~~~~~
/Users/qingque/Desktop/HaiyueStudio/Native/examples/boxbound/node_modules/@nativescript/canvas/platforms/ios/src/cpp/webgpu/GPUUtils.h:324:17: warning: ignoring return value of function declared with 'warn_unused_result' attribute [-Wunused-result]
  324 |                 entryObj->Get(context, ConvertToV8String(isolate, "storageTexture")).ToLocal(
      |                 ^~~~~~~~~~~~~~~~~~~~~~~~~~~~~~~~~~~~~~~~~~~~~~~~~~~~~~~~~~~~~~~~~~~~~~~~~~~~
  325 |                         &storageTextureVal);
      |                         ~~~~~~~~~~~~~~~~~~
/Users/qingque/Desktop/HaiyueStudio/Native/examples/boxbound/node_modules/@nativescript/canvas/platforms/ios/src/cpp/webgpu/GPUUtils.h:338:21: warning: ignoring return value of function declared with 'warn_unused_result' attribute [-Wunused-result]
  338 |                     storageTextureObj->Get(context,
      |                     ^~~~~~~~~~~~~~~~~~~~~~~~~~~~~~~
  339 |                                            ConvertToV8String(isolate, "access")).ToLocal(
      |                                            ~~~~~~~~~~~~~~~~~~~~~~~~~~~~~~~~~~~~~~~~~~~~~
  340 |                             &accessVal);
      |                             ~~~~~~~~~~
/Users/qingque/Desktop/HaiyueStudio/Native/examples/boxbound/node_modules/@nativescript/canvas/platforms/ios/src/cpp/webgpu/GPUUtils.h:361:21: warning: ignoring return value of function declared with 'warn_unused_result' attribute [-Wunused-result]
  361 |                     storageTextureObj->Get(context,
      |                     ^~~~~~~~~~~~~~~~~~~~~~~~~~~~~~~
  362 |                                            ConvertToV8String(isolate, "viewDimension")).ToLocal(
      |                                            ~~~~~~~~~~~~~~~~~~~~~~~~~~~~~~~~~~~~~~~~~~~~~~~~~~~~
  363 |                             &viewDimensionVal);
      |                             ~~~~~~~~~~~~~~~~~
/Users/qingque/Desktop/HaiyueStudio/Native/examples/boxbound/node_modules/@nativescript/canvas/platforms/ios/src/cpp/webgpu/GPUUtils.h:386:21: warning: ignoring return value of function declared with 'warn_unused_result' attribute [-Wunused-result]
  386 |                     storageTextureObj->Get(context,
      |                     ^~~~~~~~~~~~~~~~~~~~~~~~~~~~~~~
  387 |                                            ConvertToV8String(isolate, "format")).ToLocal(
      |                                            ~~~~~~~~~~~~~~~~~~~~~~~~~~~~~~~~~~~~~~~~~~~~~
  388 |                             &formatVal);
      |                             ~~~~~~~~~~
/Users/qingque/Desktop/HaiyueStudio/Native/examples/boxbound/node_modules/@nativescript/canvas/platforms/ios/src/cpp/webgpu/GPUUtils.h:424:17: warning: ignoring return value of function declared with 'warn_unused_result' attribute [-Wunused-result]
  424 |                 entryObj->Get(context, ConvertToV8String(isolate, "texture")).ToLocal(
      |                 ^~~~~~~~~~~~~~~~~~~~~~~~~~~~~~~~~~~~~~~~~~~~~~~~~~~~~~~~~~~~~~~~~~~~~
  425 |                         &textureVal);
      |                         ~~~~~~~~~~~
/Users/qingque/Desktop/HaiyueStudio/Native/examples/boxbound/node_modules/@nativescript/canvas/platforms/ios/src/cpp/webgpu/GPUUtils.h:433:21: warning: ignoring return value of function declared with 'warn_unused_result' attribute [-Wunused-result]
  433 |                     textureObj->Get(context,
      |                     ^~~~~~~~~~~~~~~~~~~~~~~~
  434 |                                     ConvertToV8String(isolate, "multisampled")).ToLocal(
      |                                     ~~~~~~~~~~~~~~~~~~~~~~~~~~~~~~~~~~~~~~~~~~~~~~~~~~~
  435 |                             &multisampledVal);
      |                             ~~~~~~~~~~~~~~~~
/Users/qingque/Desktop/HaiyueStudio/Native/examples/boxbound/node_modules/@nativescript/canvas/platforms/ios/src/cpp/webgpu/GPUUtils.h:443:21: warning: ignoring return value of function declared with 'warn_unused_result' attribute [-Wunused-result]
  443 |                     textureObj->Get(context, ConvertToV8String(isolate, "sampleType")).ToLocal(
      |                     ^~~~~~~~~~~~~~~~~~~~~~~~~~~~~~~~~~~~~~~~~~~~~~~~~~~~~~~~~~~~~~~~~~~~~~~~~~
  444 |                             &sampleTypeVal);
      |                             ~~~~~~~~~~~~~~
/Users/qingque/Desktop/HaiyueStudio/Native/examples/boxbound/node_modules/@nativescript/canvas/platforms/ios/src/cpp/webgpu/GPUUtils.h:469:21: warning: ignoring return value of function declared with 'warn_unused_result' attribute [-Wunused-result]
  469 |                     textureObj->Get(context,
      |                     ^~~~~~~~~~~~~~~~~~~~~~~~
  470 |                                     ConvertToV8String(isolate, "viewDimension")).ToLocal(
      |                                     ~~~~~~~~~~~~~~~~~~~~~~~~~~~~~~~~~~~~~~~~~~~~~~~~~~~~
  471 |                             &viewDimensionVal);
      |                             ~~~~~~~~~~~~~~~~~
/Users/qingque/Desktop/HaiyueStudio/Native/examples/boxbound/node_modules/@nativescript/canvas/platforms/ios/src/cpp/ImageAssetImpl.cpp:366:13: warning: ignoring return value of function declared with 'warn_unused_result' attribute [-Wunused-result]
  366 |             callback->Call(context, context->Global(), 1,
      |             ^~~~~~~~~~~~~~ ~~~~~~~~~~~~~~~~~~~~~~~~~~~~~~
  367 |                            args);  // ignore JS return value
      |                            ~~~~
/Users/qingque/Desktop/HaiyueStudio/Native/examples/boxbound/node_modules/@nativescript/canvas/platforms/ios/src/cpp/ImageAssetImpl.cpp:487:13: warning: ignoring return value of function declared with 'warn_unused_result' attribute [-Wunused-result]
  487 |             callback->Call(context, context->Global(), 1,

      |             ^~~~~~~~~~~~~~ ~~~~~~~~~~~~~~~~~~~~~~~~~~~~~~
  488 |                            args);  // ignore JS return value
      |                            ~~~~
/Users/qingque/Desktop/HaiyueStudio/Native/examples/boxbound/node_modules/@nativescript/canvas/platforms/ios/src/cpp/ImageAssetImpl.cpp:564:5: warning: ignoring return value of function declared with 'warn_unused_result' attribute [-Wunused-result]
  564 |     args[0]->Uint32Value(context).To(&width);
      |     ^~~~~~~~~~~~~~~~~~~~~~~~~~~~~~~~ ~~~~~~
/Users/qingque/Desktop/HaiyueStudio/Native/examples/boxbound/node_modules/@nativescript/canvas/platforms/ios/src/cpp/ImageAssetImpl.cpp:565:5: warning: ignoring return value of function declared with 'warn_unused_result' attribute [-Wunused-result]
  565 |     args[1]->Uint32Value(context).To(&height);
      |     ^~~~~~~~~~~~~~~~~~~~~~~~~~~~~~~~ ~~~~~~~
/Users/qingque/Desktop/HaiyueStudio/Native/examples/boxbound/node_modules/@nativescript/canvas/platforms/ios/src/cpp/ImageAssetImpl.cpp:636:13: warning: ignoring return value of function declared with 'warn_unused_result' attribute [-Wunused-result]
  636 |             callback->Call(context, context->Global(), 1,
      |             ^~~~~~~~~~~~~~ ~~~~~~~~~~~~~~~~~~~~~~~~~~~~~~
  637 |                            args);  // ignore JS return value
      |                            ~~~~
/Users/qingque/Desktop/HaiyueStudio/Native/examples/boxbound/node_modules/@nativescript/canvas/platforms/ios/src/cpp/ImageAssetImpl.cpp:771:13: warning: ignoring return value of function declared with 'warn_unused_result' attribute [-Wunused-result]
  771 |             callback->Call(context, context->Global(), 1,
      |             ^~~~~~~~~~~~~~ ~~~~~~~~~~~~~~~~~~~~~~~~~~~~~~
  772 |                            args);  // ignore JS return value
      |                            ~~~~
In file included from /Users/qingque/Desktop/HaiyueStudio/Native/examples/boxbound/node_modules/@nativescript/canvas/platforms/ios/src/cpp/ImageAssetImpl.cpp:5:
In file included from /Users/qingque/Desktop/HaiyueStudio/Native/examples/boxbound/node_modules/@nativescript/canvas/platforms/ios/src/cpp/ImageAssetImpl.h:10:
/Users/qingque/Desktop/HaiyueStudio/Native/examples/boxbound/node_modules/@nativescript/canvas/platforms/ios/src/cpp/Helpers.h:63:13: warning: unused function 'LogToConsole' [-Wunused-function]
   63 | static void LogToConsole(const std::string &message) {
      |             ^~~~~~~~~~~~
/Users/qingque/Desktop/HaiyueStudio/Native/examples/boxbound/node_modules/@nativescript/canvas/platforms/ios/src/cpp/Helpers.h:185:13: warning: unused function 'SetFastMethodWithOverLoads' [-Wunused-function]
  185 | static void SetFastMethodWithOverLoads(v8::Isolate *isolate,
      |             ^~~~~~~~~~~~~~~~~~~~~~~~~~
/Users/qingque/Desktop/HaiyueStudio/Native/examples/boxbound/node_modules/@nativescript/canvas/platforms/ios/src/cpp/Helpers.h:210:13: warning: unused function 'SetFastMethod' [-Wunused-function]
  210 | static void SetFastMethod(v8::Local<v8::Context> context,
      |             ^~~~~~~~~~~~~
/Users/qingque/Desktop/HaiyueStudio/Native/examples/boxbound/node_modules/@nativescript/canvas/platforms/ios/src/cpp/Helpers.h:234:13: warning: unused function 'SetFastMethodNoSideEffect' [-Wunused-function]
  234 | static void SetFastMethodNoSideEffect(v8::Local<v8::Context> context,
      |             ^~~~~~~~~~~~~~~~~~~~~~~~~
/Users/qingque/Desktop/HaiyueStudio/Native/examples/boxbound/node_modules/@nativescript/canvas/platforms/ios/src/cpp/Helpers.h:258:13: warning: unused function 'SetFastMethodNoSideEffect' [-Wunused-function]
  258 | static void SetFastMethodNoSideEffect(v8::Isolate *isolate,
      |             ^~~~~~~~~~~~~~~~~~~~~~~~~
37 warnings generated.

CompileC /Users/qingque/Library/Developer/Xcode/DerivedData/boxbound-gmbxpjcvwytnwfabbxjdzhvtcdad/Build/Intermediates.noindex/boxbound.build/Debug-iphoneos/boxbound.build/Objects-normal/arm64/GPUTextureViewImpl.o /Users/qingque/Desktop/HaiyueStudio/Native/examples/boxbound/node_modules/@nativescript/canvas/platforms/ios/src/cpp/webgpu/GPUTextureViewImpl.cpp normal arm64 c++ com.apple.compilers.llvm.clang.1_0.compiler (in target 'boxbound' from project 'boxbound')
    cd /Users/qingque/Desktop/HaiyueStudio/Native/examples/boxbound/platforms/ios
    
    Using response file: /Users/qingque/Library/Developer/Xcode/DerivedData/boxbound-gmbxpjcvwytnwfabbxjdzhvtcdad/Build/Intermediates.noindex/boxbound.build/Debug-iphoneos/boxbound.build/Objects-normal/arm64/82b82416624d2658e5098eb0a28c15c5-common-args.resp
    
    /Applications/Xcode.app/Contents/Developer/Toolchains/XcodeDefault.xctoolchain/usr/bin/clang -x c++ -ivfsstatcache /Users/qingque/Library/Developer/Xcode/DerivedData/SDKStatCaches.noindex/iphoneos26.2-23C57-3794476bd08197c3e2abd9bb477ef7f7.sdkstatcache -fmessage-length\=0 -fdiagnostics-show-note-include-stack -fmacro-backtrace-limit\=0 -fno-color-diagnostics -Wno-trigraphs -Wno-missing-field-initializers -Wno-missing-prototypes -Werror\=return-type -Wunreachable-code -Werror\=deprecated-objc-isa-usage -Werror\=objc-root-class -Wno-non-virtual-dtor -Wno-overloaded-virtual -Wno-exit-time-destructors -Wno-missing-braces -Wparentheses -Wswitch -Wunused-function -Wno-unused-label -Wno-unused-parameter -Wunused-variable -Wunused-value -Wempty-body -Wuninitialized -Wno-unknown-pragmas -Wno-shadow -Wno-four-char-constants -Wno-conversion -Wconstant-conversion -Wint-conversion -Wbool-conversion -Wenum-conversion -Wno-float-conversion -Wnon-literal-null-conversion -Wobjc-literal-conversion -Wshorten-64-to-32 -Wno-newline-eof -Wno-c++11-extensions -Wno-implicit-fallthrough -fstrict-aliasing -Wdeprecated-declarations -Winvalid-offsetof -Wno-sign-conversion -Winfinite-recursion -Wmove -Wcomma -Wblock-capture-autoreleasing -Wstrict-prototypes -Wrange-loop-analysis -Wno-semicolon-before-method-body -index-store-path /Users/qingque/Library/Developer/Xcode/DerivedData/boxbound-gmbxpjcvwytnwfabbxjdzhvtcdad/Index.noindex/DataStore @/Users/qingque/Library/Developer/Xcode/DerivedData/boxbound-gmbxpjcvwytnwfabbxjdzhvtcdad/Build/Intermediates.noindex/boxbound.build/Debug-iphoneos/boxbound.build/Objects-normal/arm64/82b82416624d2658e5098eb0a28c15c5-common-args.resp -include /Users/qingque/Desktop/HaiyueStudio/Native/examples/boxbound/platforms/ios/build/sharedpch/SharedPrecompiledHeaders/17560698271525316586/boxbound-Prefix.pch -MMD -MT dependencies -MF /Users/qingque/Library/Developer/Xcode/DerivedData/boxbound-gmbxpjcvwytnwfabbxjdzhvtcdad/Build/Intermediates.noindex/boxbound.build/Debug-iphoneos/boxbound.build/Objects-normal/arm64/GPUTextureViewImpl.d --serialize-diagnostics /Users/qingque/Library/Developer/Xcode/DerivedData/boxbound-gmbxpjcvwytnwfabbxjdzhvtcdad/Build/Intermediates.noindex/boxbound.build/Debug-iphoneos/boxbound.build/Objects-normal/arm64/GPUTextureViewImpl.dia -c /Users/qingque/Desktop/HaiyueStudio/Native/examples/boxbound/node_modules/@nativescript/canvas/platforms/ios/src/cpp/webgpu/GPUTextureViewImpl.cpp -o /Users/qingque/Library/Developer/Xcode/DerivedData/boxbound-gmbxpjcvwytnwfabbxjdzhvtcdad/Build/Intermediates.noindex/boxbound.build/Debug-iphoneos/boxbound.build/Objects-normal/arm64/GPUTextureViewImpl.o -index-unit-output-path /boxbound.build/Debug-iphoneos/boxbound.build/Objects-normal/arm64/GPUTextureViewImpl.o
In file included from /Users/qingque/Desktop/HaiyueStudio/Native/examples/boxbound/node_modules/@nativescript/canvas/platforms/ios/src/cpp/webgpu/GPUTextureViewImpl.cpp:5:
In file included from /Users/qingque/Desktop/HaiyueStudio/Native/examples/boxbound/node_modules/@nativescript/canvas/platforms/ios/src/cpp/webgpu/GPUTextureViewImpl.h:9:
/Users/qingque/Desktop/HaiyueStudio/Native/examples/boxbound/node_modules/@nativescript/canvas/platforms/ios/src/cpp/Helpers.h:63:13: warning: unused function 'LogToConsole' [-Wunused-function]
   63 | static void LogToConsole(const std::string &message) {
      |             ^~~~~~~~~~~~
/Users/qingque/Desktop/HaiyueStudio/Native/examples/boxbound/node_modules/@nativescript/canvas/platforms/ios/src/cpp/Helpers.h:160:13: warning: unused function 'SetFastMethod' [-Wunused-function]
  160 | static void SetFastMethod(v8::Isolate *isolate,
      |             ^~~~~~~~~~~~~
/Users/qingque/Desktop/HaiyueStudio/Native/examples/boxbound/node_modules/@nativescript/canvas/platforms/ios/src/cpp/Helpers.h:185:13: warning: unused function 'SetFastMethodWithOverLoads' [-Wunused-function]
  185 | static void SetFastMethodWithOverLoads(v8::Isolate *isolate,
      |             ^~~~~~~~~~~~~~~~~~~~~~~~~~
/Users/qingque/Desktop/HaiyueStudio/Native/examples/boxbound/node_modules/@nativescript/canvas/platforms/ios/src/cpp/Helpers.h:210:13: warning: unused function 'SetFastMethod' [-Wunused-function]
  210 | static void SetFastMethod(v8::Local<v8::Context> context,
      |             ^~~~~~~~~~~~~
/Users/qingque/Desktop/HaiyueStudio/Native/examples/boxbound/node_modules/@nativescript/canvas/platforms/ios/src/cpp/Helpers.h:234:13: warning: unused function 'SetFastMethodNoSideEffect' [-Wunused-function]
  234 | static void SetFastMethodNoSideEffect(v8::Local<v8::Context> context,
      |             ^~~~~~~~~~~~~~~~~~~~~~~~~
/Users/qingque/Desktop/HaiyueStudio/Native/examples/boxbound/node_modules/@nativescript/canvas/platforms/ios/src/cpp/Helpers.h:258:13: warning: unused function 'SetFastMethodNoSideEffect' [-Wunused-function]
  258 | static void SetFastMethodNoSideEffect(v8::Isolate *isolate,
      |             ^~~~~~~~~~~~~~~~~~~~~~~~~
6 warnings generated.

CompileC /Users/qingque/Library/Developer/Xcode/DerivedData/boxbound-gmbxpjcvwytnwfabbxjdzhvtcdad/Build/Intermediates.noindex/boxbound.build/Debug-iphoneos/boxbound.build/Objects-normal/arm64/GPUTextureImpl.o /Users/qingque/Desktop/HaiyueStudio/Native/examples/boxbound/node_modules/@nativescript/canvas/platforms/ios/src/cpp/webgpu/GPUTextureImpl.cpp normal arm64 c++ com.apple.compilers.llvm.clang.1_0.compiler (in target 'boxbound' from project 'boxbound')
    cd /Users/qingque/Desktop/HaiyueStudio/Native/examples/boxbound/platforms/ios
    
    Using response file: /Users/qingque/Library/Developer/Xcode/DerivedData/boxbound-gmbxpjcvwytnwfabbxjdzhvtcdad/Build/Intermediates.noindex/boxbound.build/Debug-iphoneos/boxbound.build/Objects-normal/arm64/82b82416624d2658e5098eb0a28c15c5-common-args.resp
    
    /Applications/Xcode.app/Contents/Developer/Toolchains/XcodeDefault.xctoolchain/usr/bin/clang -x c++ -ivfsstatcache /Users/qingque/Library/Developer/Xcode/DerivedData/SDKStatCaches.noindex/iphoneos26.2-23C57-3794476bd08197c3e2abd9bb477ef7f7.sdkstatcache -fmessage-length\=0 -fdiagnostics-show-note-include-stack -fmacro-backtrace-limit\=0 -fno-color-diagnostics -Wno-trigraphs -Wno-missing-field-initializers -Wno-missing-prototypes -Werror\=return-type -Wunreachable-code -Werror\=deprecated-objc-isa-usage -Werror\=objc-root-class -Wno-non-virtual-dtor -Wno-overloaded-virtual -Wno-exit-time-destructors -Wno-missing-braces -Wparentheses -Wswitch -Wunused-function -Wno-unused-label -Wno-unused-parameter -Wunused-variable -Wunused-value -Wempty-body -Wuninitialized -Wno-unknown-pragmas -Wno-shadow -Wno-four-char-constants -Wno-conversion -Wconstant-conversion -Wint-conversion -Wbool-conversion -Wenum-conversion -Wno-float-conversion -Wnon-literal-null-conversion -Wobjc-literal-conversion -Wshorten-64-to-32 -Wno-newline-eof -Wno-c++11-extensions -Wno-implicit-fallthrough -fstrict-aliasing -Wdeprecated-declarations -Winvalid-offsetof -Wno-sign-conversion -Winfinite-recursion -Wmove -Wcomma -Wblock-capture-autoreleasing -Wstrict-prototypes -Wrange-loop-analysis -Wno-semicolon-before-method-body -index-store-path /Users/qingque/Library/Developer/Xcode/DerivedData/boxbound-gmbxpjcvwytnwfabbxjdzhvtcdad/Index.noindex/DataStore @/Users/qingque/Library/Developer/Xcode/DerivedData/boxbound-gmbxpjcvwytnwfabbxjdzhvtcdad/Build/Intermediates.noindex/boxbound.build/Debug-iphoneos/boxbound.build/Objects-normal/arm64/82b82416624d2658e5098eb0a28c15c5-common-args.resp -include /Users/qingque/Desktop/HaiyueStudio/Native/examples/boxbound/platforms/ios/build/sharedpch/SharedPrecompiledHeaders/17560698271525316586/boxbound-Prefix.pch -MMD -MT dependencies -MF /Users/qingque/Library/Developer/Xcode/DerivedData/boxbound-gmbxpjcvwytnwfabbxjdzhvtcdad/Build/Intermediates.noindex/boxbound.build/Debug-iphoneos/boxbound.build/Objects-normal/arm64/GPUTextureImpl.d --serialize-diagnostics /Users/qingque/Library/Developer/Xcode/DerivedData/boxbound-gmbxpjcvwytnwfabbxjdzhvtcdad/Build/Intermediates.noindex/boxbound.build/Debug-iphoneos/boxbound.build/Objects-normal/arm64/GPUTextureImpl.dia -c /Users/qingque/Desktop/HaiyueStudio/Native/examples/boxbound/node_modules/@nativescript/canvas/platforms/ios/src/cpp/webgpu/GPUTextureImpl.cpp -o /Users/qingque/Library/Developer/Xcode/DerivedData/boxbound-gmbxpjcvwytnwfabbxjdzhvtcdad/Build/Intermediates.noindex/boxbound.build/Debug-iphoneos/boxbound.build/Objects-normal/arm64/GPUTextureImpl.o -index-unit-output-path /boxbound.build/Debug-iphoneos/boxbound.build/Objects-normal/arm64/GPUTextureImpl.o
/Users/qingque/Desktop/HaiyueStudio/Native/examples/boxbound/node_modules/@nativescript/canvas/platforms/ios/src/cpp/webgpu/GPUTextureImpl.cpp:339:9: warning: ignoring return value of function declared with 'warn_unused_result' attribute [-Wunused-result]
  339 |         descObj->Get(context, ConvertToV8String(isolate, "format")).ToLocal(&formatVal);
      |         ^~~~~~~~~~~~~~~~~~~~~~~~~~~~~~~~~~~~~~~~~~~~~~~~~~~~~~~~~~~~~~~~~~~ ~~~~~~~~~~
/Users/qingque/Desktop/HaiyueStudio/Native/examples/boxbound/node_modules/@nativescript/canvas/platforms/ios/src/cpp/webgpu/GPUTextureImpl.cpp:355:9: warning: ignoring return value of function declared with 'warn_unused_result' attribute [-Wunused-result]
  355 |         descObj->Get(context, ConvertToV8String(isolate, "label")).ToLocal(&labelVal);
      |         ^~~~~~~~~~~~~~~~~~~~~~~~~~~~~~~~~~~~~~~~~~~~~~~~~~~~~~~~~~~~~~~~~~ ~~~~~~~~~
In file included from /Users/qingque/Desktop/HaiyueStudio/Native/examples/boxbound/node_modules/@nativescript/canvas/platforms/ios/src/cpp/webgpu/GPUTextureImpl.cpp:5:
In file included from /Users/qingque/Desktop/HaiyueStudio/Native/examples/boxbound/node_modules/@nativescript/canvas/platforms/ios/src/cpp/webgpu/GPUTextureImpl.h:9:
/Users/qingque/Desktop/HaiyueStudio/Native/examples/boxbound/node_modules/@nativescript/canvas/platforms/ios/src/cpp/Helpers.h:63:13: warning: unused function 'LogToConsole' [-Wunused-function]
   63 | static void LogToConsole(const std::string &message) {
      |             ^~~~~~~~~~~~
/Users/qingque/Desktop/HaiyueStudio/Native/examples/boxbound/node_modules/@nativescript/canvas/platforms/ios/src/cpp/Helpers.h:160:13: warning: unused function 'SetFastMethod' [-Wunused-function]
  160 | static void SetFastMethod(v8::Isolate *isolate,
      |             ^~~~~~~~~~~~~
/Users/qingque/Desktop/HaiyueStudio/Native/examples/boxbound/node_modules/@nativescript/canvas/platforms/ios/src/cpp/Helpers.h:185:13: warning: unused function 'SetFastMethodWithOverLoads' [-Wunused-function]
  185 | static void SetFastMethodWithOverLoads(v8::Isolate *isolate,
      |             ^~~~~~~~~~~~~~~~~~~~~~~~~~
/Users/qingque/Desktop/HaiyueStudio/Native/examples/boxbound/node_modules/@nativescript/canvas/platforms/ios/src/cpp/Helpers.h:210:13: warning: unused function 'SetFastMethod' [-Wunused-function]
  210 | static void SetFastMethod(v8::Local<v8::Context> context,
      |             ^~~~~~~~~~~~~
/Users/qingque/Desktop/HaiyueStudio/Native/examples/boxbound/node_modules/@nativescript/canvas/platforms/ios/src/cpp/Helpers.h:234:13: warning: unused function 'SetFastMethodNoSideEffect' [-Wunused-function]
  234 | static void SetFastMethodNoSideEffect(v8::Local<v8::Context> context,
      |             ^~~~~~~~~~~~~~~~~~~~~~~~~
/Users/qingque/Desktop/HaiyueStudio/Native/examples/boxbound/node_modules/@nativescript/canvas/platforms/ios/src/cpp/Helpers.h:258:13: warning: unused function 'SetFastMethodNoSideEffect' [-Wunused-function]
  258 | static void SetFastMethodNoSideEffect(v8::Isolate *isolate,
      |             ^~~~~~~~~~~~~~~~~~~~~~~~~
8 warnings generated.

CompileC /Users/qingque/Library/Developer/Xcode/DerivedData/boxbound-gmbxpjcvwytnwfabbxjdzhvtcdad/Build/Intermediates.noindex/boxbound.build/Debug-iphoneos/boxbound.build/Objects-normal/arm64/GPUSupportedLimitsImpl.o /Users/qingque/Desktop/HaiyueStudio/Native/examples/boxbound/node_modules/@nativescript/canvas/platforms/ios/src/cpp/webgpu/GPUSupportedLimitsImpl.cpp normal arm64 c++ com.apple.compilers.llvm.clang.1_0.compiler (in target 'boxbound' from project 'boxbound')
    cd /Users/qingque/Desktop/HaiyueStudio/Native/examples/boxbound/platforms/ios
    
    Using response file: /Users/qingque/Library/Developer/Xcode/DerivedData/boxbound-gmbxpjcvwytnwfabbxjdzhvtcdad/Build/Intermediates.noindex/boxbound.build/Debug-iphoneos/boxbound.build/Objects-normal/arm64/82b82416624d2658e5098eb0a28c15c5-common-args.resp
    
    /Applications/Xcode.app/Contents/Developer/Toolchains/XcodeDefault.xctoolchain/usr/bin/clang -x c++ -ivfsstatcache /Users/qingque/Library/Developer/Xcode/DerivedData/SDKStatCaches.noindex/iphoneos26.2-23C57-3794476bd08197c3e2abd9bb477ef7f7.sdkstatcache -fmessage-length\=0 -fdiagnostics-show-note-include-stack -fmacro-backtrace-limit\=0 -fno-color-diagnostics -Wno-trigraphs -Wno-missing-field-initializers -Wno-missing-prototypes -Werror\=return-type -Wunreachable-code -Werror\=deprecated-objc-isa-usage -Werror\=objc-root-class -Wno-non-virtual-dtor -Wno-overloaded-virtual -Wno-exit-time-destructors -Wno-missing-braces -Wparentheses -Wswitch -Wunused-function -Wno-unused-label -Wno-unused-parameter -Wunused-variable -Wunused-value -Wempty-body -Wuninitialized -Wno-unknown-pragmas -Wno-shadow -Wno-four-char-constants -Wno-conversion -Wconstant-conversion -Wint-conversion -Wbool-conversion -Wenum-conversion -Wno-float-conversion -Wnon-literal-null-conversion -Wobjc-literal-conversion -Wshorten-64-to-32 -Wno-newline-eof -Wno-c++11-extensions -Wno-implicit-fallthrough -fstrict-aliasing -Wdeprecated-declarations -Winvalid-offsetof -Wno-sign-conversion -Winfinite-recursion -Wmove -Wcomma -Wblock-capture-autoreleasing -Wstrict-prototypes -Wrange-loop-analysis -Wno-semicolon-before-method-body -index-store-path /Users/qingque/Library/Developer/Xcode/DerivedData/boxbound-gmbxpjcvwytnwfabbxjdzhvtcdad/Index.noindex/DataStore @/Users/qingque/Library/Developer/Xcode/DerivedData/boxbound-gmbxpjcvwytnwfabbxjdzhvtcdad/Build/Intermediates.noindex/boxbound.build/Debug-iphoneos/boxbound.build/Objects-normal/arm64/82b82416624d2658e5098eb0a28c15c5-common-args.resp -include /Users/qingque/Desktop/HaiyueStudio/Native/examples/boxbound/platforms/ios/build/sharedpch/SharedPrecompiledHeaders/17560698271525316586/boxbound-Prefix.pch -MMD -MT dependencies -MF /Users/qingque/Library/Developer/Xcode/DerivedData/boxbound-gmbxpjcvwytnwfabbxjdzhvtcdad/Build/Intermediates.noindex/boxbound.build/Debug-iphoneos/boxbound.build/Objects-normal/arm64/GPUSupportedLimitsImpl.d --serialize-diagnostics /Users/qingque/Library/Developer/Xcode/DerivedData/boxbound-gmbxpjcvwytnwfabbxjdzhvtcdad/Build/Intermediates.noindex/boxbound.build/Debug-iphoneos/boxbound.build/Objects-normal/arm64/GPUSupportedLimitsImpl.dia -c /Users/qingque/Desktop/HaiyueStudio/Native/examples/boxbound/node_modules/@nativescript/canvas/platforms/ios/src/cpp/webgpu/GPUSupportedLimitsImpl.cpp -o /Users/qingque/Library/Developer/Xcode/DerivedData/boxbound-gmbxpjcvwytnwfabbxjdzhvtcdad/Build/Intermediates.noindex/boxbound.build/Debug-iphoneos/boxbound.build/Objects-normal/arm64/GPUSupportedLimitsImpl.o -index-unit-output-path /boxbound.build/Debug-iphoneos/boxbound.build/Objects-normal/arm64/GPUSupportedLimitsImpl.o
In file included from /Users/qingque/Desktop/HaiyueStudio/Native/examples/boxbound/node_modules/@nativescript/canvas/platforms/ios/src/cpp/webgpu/GPUSupportedLimitsImpl.cpp:5:
In file included from /Users/qingque/Desktop/HaiyueStudio/Native/examples/boxbound/node_modules/@nativescript/canvas/platforms/ios/src/cpp/webgpu/GPUSupportedLimitsImpl.h:8:
/Users/qingque/Desktop/HaiyueStudio/Native/examples/boxbound/node_modules/@nativescript/canvas/platforms/ios/src/cpp/Helpers.h:63:13: warning: unused function 'LogToConsole' [-Wunused-function]
   63 | static void LogToConsole(const std::string &message) {
      |             ^~~~~~~~~~~~
/Users/qingque/Desktop/HaiyueStudio/Native/examples/boxbound/node_modules/@nativescript/canvas/platforms/ios/src/cpp/Helpers.h:160:13: warning: unused function 'SetFastMethod' [-Wunused-function]
  160 | static void SetFastMethod(v8::Isolate *isolate,
      |             ^~~~~~~~~~~~~
/Users/qingque/Desktop/HaiyueStudio/Native/examples/boxbound/node_modules/@nativescript/canvas/platforms/ios/src/cpp/Helpers.h:185:13: warning: unused function 'SetFastMethodWithOverLoads' [-Wunused-function]
  185 | static void SetFastMethodWithOverLoads(v8::Isolate *isolate,
      |             ^~~~~~~~~~~~~~~~~~~~~~~~~~
/Users/qingque/Desktop/HaiyueStudio/Native/examples/boxbound/node_modules/@nativescript/canvas/platforms/ios/src/cpp/Helpers.h:210:13: warning: unused function 'SetFastMethod' [-Wunused-function]
  210 | static void SetFastMethod(v8::Local<v8::Context> context,
      |             ^~~~~~~~~~~~~
/Users/qingque/Desktop/HaiyueStudio/Native/examples/boxbound/node_modules/@nativescript/canvas/platforms/ios/src/cpp/Helpers.h:234:13: warning: unused function 'SetFastMethodNoSideEffect' [-Wunused-function]
  234 | static void SetFastMethodNoSideEffect(v8::Local<v8::Context> context,
      |             ^~~~~~~~~~~~~~~~~~~~~~~~~
/Users/qingque/Desktop/HaiyueStudio/Native/examples/boxbound/node_modules/@nativescript/canvas/platforms/ios/src/cpp/Helpers.h:258:13: warning: unused function 'SetFastMethodNoSideEffect' [-Wunused-function]
  258 | static void SetFastMethodNoSideEffect(v8::Isolate *isolate,
      |             ^~~~~~~~~~~~~~~~~~~~~~~~~
6 warnings generated.

CompileC /Users/qingque/Library/Developer/Xcode/DerivedData/boxbound-gmbxpjcvwytnwfabbxjdzhvtcdad/Build/Intermediates.noindex/boxbound.build/Debug-iphoneos/boxbound.build/Objects-normal/arm64/GPUShaderModuleImpl.o /Users/qingque/Desktop/HaiyueStudio/Native/examples/boxbound/node_modules/@nativescript/canvas/platforms/ios/src/cpp/webgpu/GPUShaderModuleImpl.cpp normal arm64 c++ com.apple.compilers.llvm.clang.1_0.compiler (in target 'boxbound' from project 'boxbound')
    cd /Users/qingque/Desktop/HaiyueStudio/Native/examples/boxbound/platforms/ios
    
    Using response file: /Users/qingque/Library/Developer/Xcode/DerivedData/boxbound-gmbxpjcvwytnwfabbxjdzhvtcdad/Build/Intermediates.noindex/boxbound.build/Debug-iphoneos/boxbound.build/Objects-normal/arm64/82b82416624d2658e5098eb0a28c15c5-common-args.resp
    
    /Applications/Xcode.app/Contents/Developer/Toolchains/XcodeDefault.xctoolchain/usr/bin/clang -x c++ -ivfsstatcache /Users/qingque/Library/Developer/Xcode/DerivedData/SDKStatCaches.noindex/iphoneos26.2-23C57-3794476bd08197c3e2abd9bb477ef7f7.sdkstatcache -fmessage-length\=0 -fdiagnostics-show-note-include-stack -fmacro-backtrace-limit\=0 -fno-color-diagnostics -Wno-trigraphs -Wno-missing-field-initializers -Wno-missing-prototypes -Werror\=return-type -Wunreachable-code -Werror\=deprecated-objc-isa-usage -Werror\=objc-root-class -Wno-non-virtual-dtor -Wno-overloaded-virtual -Wno-exit-time-destructors -Wno-missing-braces -Wparentheses -Wswitch -Wunused-function -Wno-unused-label -Wno-unused-parameter -Wunused-variable -Wunused-value -Wempty-body -Wuninitialized -Wno-unknown-pragmas -Wno-shadow -Wno-four-char-constants -Wno-conversion -Wconstant-conversion -Wint-conversion -Wbool-conversion -Wenum-conversion -Wno-float-conversion -Wnon-literal-null-conversion -Wobjc-literal-conversion -Wshorten-64-to-32 -Wno-newline-eof -Wno-c++11-extensions -Wno-implicit-fallthrough -fstrict-aliasing -Wdeprecated-declarations -Winvalid-offsetof -Wno-sign-conversion -Winfinite-recursion -Wmove -Wcomma -Wblock-capture-autoreleasing -Wstrict-prototypes -Wrange-loop-analysis -Wno-semicolon-before-method-body -index-store-path /Users/qingque/Library/Developer/Xcode/DerivedData/boxbound-gmbxpjcvwytnwfabbxjdzhvtcdad/Index.noindex/DataStore @/Users/qingque/Library/Developer/Xcode/DerivedData/boxbound-gmbxpjcvwytnwfabbxjdzhvtcdad/Build/Intermediates.noindex/boxbound.build/Debug-iphoneos/boxbound.build/Objects-normal/arm64/82b82416624d2658e5098eb0a28c15c5-common-args.resp -include /Users/qingque/Desktop/HaiyueStudio/Native/examples/boxbound/platforms/ios/build/sharedpch/SharedPrecompiledHeaders/17560698271525316586/boxbound-Prefix.pch -MMD -MT dependencies -MF /Users/qingque/Library/Developer/Xcode/DerivedData/boxbound-gmbxpjcvwytnwfabbxjdzhvtcdad/Build/Intermediates.noindex/boxbound.build/Debug-iphoneos/boxbound.build/Objects-normal/arm64/GPUShaderModuleImpl.d --serialize-diagnostics /Users/qingque/Library/Developer/Xcode/DerivedData/boxbound-gmbxpjcvwytnwfabbxjdzhvtcdad/Build/Intermediates.noindex/boxbound.build/Debug-iphoneos/boxbound.build/Objects-normal/arm64/GPUShaderModuleImpl.dia -c /Users/qingque/Desktop/HaiyueStudio/Native/examples/boxbound/node_modules/@nativescript/canvas/platforms/ios/src/cpp/webgpu/GPUShaderModuleImpl.cpp -o /Users/qingque/Library/Developer/Xcode/DerivedData/boxbound-gmbxpjcvwytnwfabbxjdzhvtcdad/Build/Intermediates.noindex/boxbound.build/Debug-iphoneos/boxbound.build/Objects-normal/arm64/GPUShaderModuleImpl.o -index-unit-output-path /boxbound.build/Debug-iphoneos/boxbound.build/Objects-normal/arm64/GPUShaderModuleImpl.o
/Users/qingque/Desktop/HaiyueStudio/Native/examples/boxbound/node_modules/@nativescript/canvas/platforms/ios/src/cpp/webgpu/GPUShaderModuleImpl.cpp:93:9: warning: ignoring return value of function declared with 'warn_unused_result' attribute [-Wunused-result]
   93 |         resolver->Reject(context, v8::Null(isolate));
      |         ^~~~~~~~~~~~~~~~ ~~~~~~~~~~~~~~~~~~~~~~~~~~
/Users/qingque/Desktop/HaiyueStudio/Native/examples/boxbound/node_modules/@nativescript/canvas/platforms/ios/src/cpp/webgpu/GPUShaderModuleImpl.cpp:101:5: warning: ignoring return value of function declared with 'warn_unused_result' attribute [-Wunused-result]
  101 |     resolver->Resolve(context, GPUCompilationInfoImpl::NewInstance(isolate, info));
      |     ^~~~~~~~~~~~~~~~~ ~~~~~~~~~~~~~~~~~~~~~~~~~~~~~~~~~~~~~~~~~~~~~~~~~~~~~~~~~~~
In file included from /Users/qingque/Desktop/HaiyueStudio/Native/examples/boxbound/node_modules/@nativescript/canvas/platforms/ios/src/cpp/webgpu/GPUShaderModuleImpl.cpp:5:
In file included from /Users/qingque/Desktop/HaiyueStudio/Native/examples/boxbound/node_modules/@nativescript/canvas/platforms/ios/src/cpp/webgpu/GPUShaderModuleImpl.h:9:
/Users/qingque/Desktop/HaiyueStudio/Native/examples/boxbound/node_modules/@nativescript/canvas/platforms/ios/src/cpp/Helpers.h:63:13: warning: unused function 'LogToConsole' [-Wunused-function]
   63 | static void LogToConsole(const std::string &message) {
      |             ^~~~~~~~~~~~
/Users/qingque/Desktop/HaiyueStudio/Native/examples/boxbound/node_modules/@nativescript/canvas/platforms/ios/src/cpp/Helpers.h:160:13: warning: unused function 'SetFastMethod' [-Wunused-function]
  160 | static void SetFastMethod(v8::Isolate *isolate,
      |             ^~~~~~~~~~~~~
/Users/qingque/Desktop/HaiyueStudio/Native/examples/boxbound/node_modules/@nativescript/canvas/platforms/ios/src/cpp/Helpers.h:185:13: warning: unused function 'SetFastMethodWithOverLoads' [-Wunused-function]
  185 | static void SetFastMethodWithOverLoads(v8::Isolate *isolate,
      |             ^~~~~~~~~~~~~~~~~~~~~~~~~~
/Users/qingque/Desktop/HaiyueStudio/Native/examples/boxbound/node_modules/@nativescript/canvas/platforms/ios/src/cpp/Helpers.h:210:13: warning: unused function 'SetFastMethod' [-Wunused-function]
  210 | static void SetFastMethod(v8::Local<v8::Context> context,
      |             ^~~~~~~~~~~~~
/Users/qingque/Desktop/HaiyueStudio/Native/examples/boxbound/node_modules/@nativescript/canvas/platforms/ios/src/cpp/Helpers.h:234:13: warning: unused function 'SetFastMethodNoSideEffect' [-Wunused-function]
  234 | static void SetFastMethodNoSideEffect(v8::Local<v8::Context> context,
      |             ^~~~~~~~~~~~~~~~~~~~~~~~~
/Users/qingque/Desktop/HaiyueStudio/Native/examples/boxbound/node_modules/@nativescript/canvas/platforms/ios/src/cpp/Helpers.h:258:13: warning: unused function 'SetFastMethodNoSideEffect' [-Wunused-function]
  258 | static void SetFastMethodNoSideEffect(v8::Isolate *isolate,
      |             ^~~~~~~~~~~~~~~~~~~~~~~~~
8 warnings generated.

CompileC /Users/qingque/Library/Developer/Xcode/DerivedData/boxbound-gmbxpjcvwytnwfabbxjdzhvtcdad/Build/Intermediates.noindex/boxbound.build/Debug-iphoneos/boxbound.build/Objects-normal/arm64/GPUSamplerImpl.o /Users/qingque/Desktop/HaiyueStudio/Native/examples/boxbound/node_modules/@nativescript/canvas/platforms/ios/src/cpp/webgpu/GPUSamplerImpl.cpp normal arm64 c++ com.apple.compilers.llvm.clang.1_0.compiler (in target 'boxbound' from project 'boxbound')
    cd /Users/qingque/Desktop/HaiyueStudio/Native/examples/boxbound/platforms/ios
    
    Using response file: /Users/qingque/Library/Developer/Xcode/DerivedData/boxbound-gmbxpjcvwytnwfabbxjdzhvtcdad/Build/Intermediates.noindex/boxbound.build/Debug-iphoneos/boxbound.build/Objects-normal/arm64/82b82416624d2658e5098eb0a28c15c5-common-args.resp
    
    /Applications/Xcode.app/Contents/Developer/Toolchains/XcodeDefault.xctoolchain/usr/bin/clang -x c++ -ivfsstatcache /Users/qingque/Library/Developer/Xcode/DerivedData/SDKStatCaches.noindex/iphoneos26.2-23C57-3794476bd08197c3e2abd9bb477ef7f7.sdkstatcache -fmessage-length\=0 -fdiagnostics-show-note-include-stack -fmacro-backtrace-limit\=0 -fno-color-diagnostics -Wno-trigraphs -Wno-missing-field-initializers -Wno-missing-prototypes -Werror\=return-type -Wunreachable-code -Werror\=deprecated-objc-isa-usage -Werror\=objc-root-class -Wno-non-virtual-dtor -Wno-overloaded-virtual -Wno-exit-time-destructors -Wno-missing-braces -Wparentheses -Wswitch -Wunused-function -Wno-unused-label -Wno-unused-parameter -Wunused-variable -Wunused-value -Wempty-body -Wuninitialized -Wno-unknown-pragmas -Wno-shadow -Wno-four-char-constants -Wno-conversion -Wconstant-conversion -Wint-conversion -Wbool-conversion -Wenum-conversion -Wno-float-conversion -Wnon-literal-null-conversion -Wobjc-literal-conversion -Wshorten-64-to-32 -Wno-newline-eof -Wno-c++11-extensions -Wno-implicit-fallthrough -fstrict-aliasing -Wdeprecated-declarations -Winvalid-offsetof -Wno-sign-conversion -Winfinite-recursion -Wmove -Wcomma -Wblock-capture-autoreleasing -Wstrict-prototypes -Wrange-loop-analysis -Wno-semicolon-before-method-body -index-store-path /Users/qingque/Library/Developer/Xcode/DerivedData/boxbound-gmbxpjcvwytnwfabbxjdzhvtcdad/Index.noindex/DataStore @/Users/qingque/Library/Developer/Xcode/DerivedData/boxbound-gmbxpjcvwytnwfabbxjdzhvtcdad/Build/Intermediates.noindex/boxbound.build/Debug-iphoneos/boxbound.build/Objects-normal/arm64/82b82416624d2658e5098eb0a28c15c5-common-args.resp -include /Users/qingque/Desktop/HaiyueStudio/Native/examples/boxbound/platforms/ios/build/sharedpch/SharedPrecompiledHeaders/17560698271525316586/boxbound-Prefix.pch -MMD -MT dependencies -MF /Users/qingque/Library/Developer/Xcode/DerivedData/boxbound-gmbxpjcvwytnwfabbxjdzhvtcdad/Build/Intermediates.noindex/boxbound.build/Debug-iphoneos/boxbound.build/Objects-normal/arm64/GPUSamplerImpl.d --serialize-diagnostics /Users/qingque/Library/Developer/Xcode/DerivedData/boxbound-gmbxpjcvwytnwfabbxjdzhvtcdad/Build/Intermediates.noindex/boxbound.build/Debug-iphoneos/boxbound.build/Objects-normal/arm64/GPUSamplerImpl.dia -c /Users/qingque/Desktop/HaiyueStudio/Native/examples/boxbound/node_modules/@nativescript/canvas/platforms/ios/src/cpp/webgpu/GPUSamplerImpl.cpp -o /Users/qingque/Library/Developer/Xcode/DerivedData/boxbound-gmbxpjcvwytnwfabbxjdzhvtcdad/Build/Intermediates.noindex/boxbound.build/Debug-iphoneos/boxbound.build/Objects-normal/arm64/GPUSamplerImpl.o -index-unit-output-path /boxbound.build/Debug-iphoneos/boxbound.build/Objects-normal/arm64/GPUSamplerImpl.o
In file included from /Users/qingque/Desktop/HaiyueStudio/Native/examples/boxbound/node_modules/@nativescript/canvas/platforms/ios/src/cpp/webgpu/GPUSamplerImpl.cpp:5:
In file included from /Users/qingque/Desktop/HaiyueStudio/Native/examples/boxbound/node_modules/@nativescript/canvas/platforms/ios/src/cpp/webgpu/GPUSamplerImpl.h:9:
/Users/qingque/Desktop/HaiyueStudio/Native/examples/boxbound/node_modules/@nativescript/canvas/platforms/ios/src/cpp/Helpers.h:63:13: warning: unused function 'LogToConsole' [-Wunused-function]
   63 | static void LogToConsole(const std::string &message) {
      |             ^~~~~~~~~~~~
/Users/qingque/Desktop/HaiyueStudio/Native/examples/boxbound/node_modules/@nativescript/canvas/platforms/ios/src/cpp/Helpers.h:160:13: warning: unused function 'SetFastMethod' [-Wunused-function]
  160 | static void SetFastMethod(v8::Isolate *isolate,
      |             ^~~~~~~~~~~~~
/Users/qingque/Desktop/HaiyueStudio/Native/examples/boxbound/node_modules/@nativescript/canvas/platforms/ios/src/cpp/Helpers.h:185:13: warning: unused function 'SetFastMethodWithOverLoads' [-Wunused-function]
  185 | static void SetFastMethodWithOverLoads(v8::Isolate *isolate,
      |             ^~~~~~~~~~~~~~~~~~~~~~~~~~
/Users/qingque/Desktop/HaiyueStudio/Native/examples/boxbound/node_modules/@nativescript/canvas/platforms/ios/src/cpp/Helpers.h:210:13: warning: unused function 'SetFastMethod' [-Wunused-function]
  210 | static void SetFastMethod(v8::Local<v8::Context> context,
      |             ^~~~~~~~~~~~~
/Users/qingque/Desktop/HaiyueStudio/Native/examples/boxbound/node_modules/@nativescript/canvas/platforms/ios/src/cpp/Helpers.h:234:13: warning: unused function 'SetFastMethodNoSideEffect' [-Wunused-function]
  234 | static void SetFastMethodNoSideEffect(v8::Local<v8::Context> context,
      |             ^~~~~~~~~~~~~~~~~~~~~~~~~
/Users/qingque/Desktop/HaiyueStudio/Native/examples/boxbound/node_modules/@nativescript/canvas/platforms/ios/src/cpp/Helpers.h:258:13: warning: unused function 'SetFastMethodNoSideEffect' [-Wunused-function]
  258 | static void SetFastMethodNoSideEffect(v8::Isolate *isolate,
      |             ^~~~~~~~~~~~~~~~~~~~~~~~~
6 warnings generated.

CompileC /Users/qingque/Library/Developer/Xcode/DerivedData/boxbound-gmbxpjcvwytnwfabbxjdzhvtcdad/Build/Intermediates.noindex/boxbound.build/Debug-iphoneos/boxbound.build/Objects-normal/arm64/GPURenderPipelineImpl.o /Users/qingque/Desktop/HaiyueStudio/Native/examples/boxbound/node_modules/@nativescript/canvas/platforms/ios/src/cpp/webgpu/GPURenderPipelineImpl.cpp normal arm64 c++ com.apple.compilers.llvm.clang.1_0.compiler (in target 'boxbound' from project 'boxbound')
    cd /Users/qingque/Desktop/HaiyueStudio/Native/examples/boxbound/platforms/ios
    
    Using response file: /Users/qingque/Library/Developer/Xcode/DerivedData/boxbound-gmbxpjcvwytnwfabbxjdzhvtcdad/Build/Intermediates.noindex/boxbound.build/Debug-iphoneos/boxbound.build/Objects-normal/arm64/82b82416624d2658e5098eb0a28c15c5-common-args.resp
    
    /Applications/Xcode.app/Contents/Developer/Toolchains/XcodeDefault.xctoolchain/usr/bin/clang -x c++ -ivfsstatcache /Users/qingque/Library/Developer/Xcode/DerivedData/SDKStatCaches.noindex/iphoneos26.2-23C57-3794476bd08197c3e2abd9bb477ef7f7.sdkstatcache -fmessage-length\=0 -fdiagnostics-show-note-include-stack -fmacro-backtrace-limit\=0 -fno-color-diagnostics -Wno-trigraphs -Wno-missing-field-initializers -Wno-missing-prototypes -Werror\=return-type -Wunreachable-code -Werror\=deprecated-objc-isa-usage -Werror\=objc-root-class -Wno-non-virtual-dtor -Wno-overloaded-virtual -Wno-exit-time-destructors -Wno-missing-braces -Wparentheses -Wswitch -Wunused-function -Wno-unused-label -Wno-unused-parameter -Wunused-variable -Wunused-value -Wempty-body -Wuninitialized -Wno-unknown-pragmas -Wno-shadow -Wno-four-char-constants -Wno-conversion -Wconstant-conversion -Wint-conversion -Wbool-conversion -Wenum-conversion -Wno-float-conversion -Wnon-literal-null-conversion -Wobjc-literal-conversion -Wshorten-64-to-32 -Wno-newline-eof -Wno-c++11-extensions -Wno-implicit-fallthrough -fstrict-aliasing -Wdeprecated-declarations -Winvalid-offsetof -Wno-sign-conversion -Winfinite-recursion -Wmove -Wcomma -Wblock-capture-autoreleasing -Wstrict-prototypes -Wrange-loop-analysis -Wno-semicolon-before-method-body -index-store-path /Users/qingque/Library/Developer/Xcode/DerivedData/boxbound-gmbxpjcvwytnwfabbxjdzhvtcdad/Index.noindex/DataStore @/Users/qingque/Library/Developer/Xcode/DerivedData/boxbound-gmbxpjcvwytnwfabbxjdzhvtcdad/Build/Intermediates.noindex/boxbound.build/Debug-iphoneos/boxbound.build/Objects-normal/arm64/82b82416624d2658e5098eb0a28c15c5-common-args.resp -include /Users/qingque/Desktop/HaiyueStudio/Native/examples/boxbound/platforms/ios/build/sharedpch/SharedPrecompiledHeaders/17560698271525316586/boxbound-Prefix.pch -MMD -MT dependencies -MF /Users/qingque/Library/Developer/Xcode/DerivedData/boxbound-gmbxpjcvwytnwfabbxjdzhvtcdad/Build/Intermediates.noindex/boxbound.build/Debug-iphoneos/boxbound.build/Objects-normal/arm64/GPURenderPipelineImpl.d --serialize-diagnostics /Users/qingque/Library/Developer/Xcode/DerivedData/boxbound-gmbxpjcvwytnwfabbxjdzhvtcdad/Build/Intermediates.noindex/boxbound.build/Debug-iphoneos/boxbound.build/Objects-normal/arm64/GPURenderPipelineImpl.dia -c /Users/qingque/Desktop/HaiyueStudio/Native/examples/boxbound/node_modules/@nativescript/canvas/platforms/ios/src/cpp/webgpu/GPURenderPipelineImpl.cpp -o /Users/qingque/Library/Developer/Xcode/DerivedData/boxbound-gmbxpjcvwytnwfabbxjdzhvtcdad/Build/Intermediates.noindex/boxbound.build/Debug-iphoneos/boxbound.build/Objects-normal/arm64/GPURenderPipelineImpl.o -index-unit-output-path /boxbound.build/Debug-iphoneos/boxbound.build/Objects-normal/arm64/GPURenderPipelineImpl.o
In file included from /Users/qingque/Desktop/HaiyueStudio/Native/examples/boxbound/node_modules/@nativescript/canvas/platforms/ios/src/cpp/webgpu/GPURenderPipelineImpl.cpp:5:
In file included from /Users/qingque/Desktop/HaiyueStudio/Native/examples/boxbound/node_modules/@nativescript/canvas/platforms/ios/src/cpp/webgpu/GPURenderPipelineImpl.h:9:
/Users/qingque/Desktop/HaiyueStudio/Native/examples/boxbound/node_modules/@nativescript/canvas/platforms/ios/src/cpp/Helpers.h:63:13: warning: unused function 'LogToConsole' [-Wunused-function]
   63 | static void LogToConsole(const std::string &message) {
      |             ^~~~~~~~~~~~
/Users/qingque/Desktop/HaiyueStudio/Native/examples/boxbound/node_modules/@nativescript/canvas/platforms/ios/src/cpp/Helpers.h:160:13: warning: unused function 'SetFastMethod' [-Wunused-function]
  160 | static void SetFastMethod(v8::Isolate *isolate,
      |             ^~~~~~~~~~~~~
/Users/qingque/Desktop/HaiyueStudio/Native/examples/boxbound/node_modules/@nativescript/canvas/platforms/ios/src/cpp/Helpers.h:185:13: warning: unused function 'SetFastMethodWithOverLoads' [-Wunused-function]
  185 | static void SetFastMethodWithOverLoads(v8::Isolate *isolate,
      |             ^~~~~~~~~~~~~~~~~~~~~~~~~~
/Users/qingque/Desktop/HaiyueStudio/Native/examples/boxbound/node_modules/@nativescript/canvas/platforms/ios/src/cpp/Helpers.h:210:13: warning: unused function 'SetFastMethod' [-Wunused-function]
  210 | static void SetFastMethod(v8::Local<v8::Context> context,
      |             ^~~~~~~~~~~~~
/Users/qingque/Desktop/HaiyueStudio/Native/examples/boxbound/node_modules/@nativescript/canvas/platforms/ios/src/cpp/Helpers.h:234:13: warning: unused function 'SetFastMethodNoSideEffect' [-Wunused-function]
  234 | static void SetFastMethodNoSideEffect(v8::Local<v8::Context> context,
      |             ^~~~~~~~~~~~~~~~~~~~~~~~~
/Users/qingque/Desktop/HaiyueStudio/Native/examples/boxbound/node_modules/@nativescript/canvas/platforms/ios/src/cpp/Helpers.h:258:13: warning: unused function 'SetFastMethodNoSideEffect' [-Wunused-function]
  258 | static void SetFastMethodNoSideEffect(v8::Isolate *isolate,
      |             ^~~~~~~~~~~~~~~~~~~~~~~~~
6 warnings generated.

CompileC /Users/qingque/Library/Developer/Xcode/DerivedData/boxbound-gmbxpjcvwytnwfabbxjdzhvtcdad/Build/Intermediates.noindex/boxbound.build/Debug-iphoneos/boxbound.build/Objects-normal/arm64/GPURenderPassEncoderImpl.o /Users/qingque/Desktop/HaiyueStudio/Native/examples/boxbound/node_modules/@nativescript/canvas/platforms/ios/src/cpp/webgpu/GPURenderPassEncoderImpl.cpp normal arm64 c++ com.apple.compilers.llvm.clang.1_0.compiler (in target 'boxbound' from project 'boxbound')
    cd /Users/qingque/Desktop/HaiyueStudio/Native/examples/boxbound/platforms/ios
    
    Using response file: /Users/qingque/Library/Developer/Xcode/DerivedData/boxbound-gmbxpjcvwytnwfabbxjdzhvtcdad/Build/Intermediates.noindex/boxbound.build/Debug-iphoneos/boxbound.build/Objects-normal/arm64/82b82416624d2658e5098eb0a28c15c5-common-args.resp
    
    /Applications/Xcode.app/Contents/Developer/Toolchains/XcodeDefault.xctoolchain/usr/bin/clang -x c++ -ivfsstatcache /Users/qingque/Library/Developer/Xcode/DerivedData/SDKStatCaches.noindex/iphoneos26.2-23C57-3794476bd08197c3e2abd9bb477ef7f7.sdkstatcache -fmessage-length\=0 -fdiagnostics-show-note-include-stack -fmacro-backtrace-limit\=0 -fno-color-diagnostics -Wno-trigraphs -Wno-missing-field-initializers -Wno-missing-prototypes -Werror\=return-type -Wunreachable-code -Werror\=deprecated-objc-isa-usage -Werror\=objc-root-class -Wno-non-virtual-dtor -Wno-overloaded-virtual -Wno-exit-time-destructors -Wno-missing-braces -Wparentheses -Wswitch -Wunused-function -Wno-unused-label -Wno-unused-parameter -Wunused-variable -Wunused-value -Wempty-body -Wuninitialized -Wno-unknown-pragmas -Wno-shadow -Wno-four-char-constants -Wno-conversion -Wconstant-conversion -Wint-conversion -Wbool-conversion -Wenum-conversion -Wno-float-conversion -Wnon-literal-null-conversion -Wobjc-literal-conversion -Wshorten-64-to-32 -Wno-newline-eof -Wno-c++11-extensions -Wno-implicit-fallthrough -fstrict-aliasing -Wdeprecated-declarations -Winvalid-offsetof -Wno-sign-conversion -Winfinite-recursion -Wmove -Wcomma -Wblock-capture-autoreleasing -Wstrict-prototypes -Wrange-loop-analysis -Wno-semicolon-before-method-body -index-store-path /Users/qingque/Library/Developer/Xcode/DerivedData/boxbound-gmbxpjcvwytnwfabbxjdzhvtcdad/Index.noindex/DataStore @/Users/qingque/Library/Developer/Xcode/DerivedData/boxbound-gmbxpjcvwytnwfabbxjdzhvtcdad/Build/Intermediates.noindex/boxbound.build/Debug-iphoneos/boxbound.build/Objects-normal/arm64/82b82416624d2658e5098eb0a28c15c5-common-args.resp -include /Users/qingque/Desktop/HaiyueStudio/Native/examples/boxbound/platforms/ios/build/sharedpch/SharedPrecompiledHeaders/17560698271525316586/boxbound-Prefix.pch -MMD -MT dependencies -MF /Users/qingque/Library/Developer/Xcode/DerivedData/boxbound-gmbxpjcvwytnwfabbxjdzhvtcdad/Build/Intermediates.noindex/boxbound.build/Debug-iphoneos/boxbound.build/Objects-normal/arm64/GPURenderPassEncoderImpl.d --serialize-diagnostics /Users/qingque/Library/Developer/Xcode/DerivedData/boxbound-gmbxpjcvwytnwfabbxjdzhvtcdad/Build/Intermediates.noindex/boxbound.build/Debug-iphoneos/boxbound.build/Objects-normal/arm64/GPURenderPassEncoderImpl.dia -c /Users/qingque/Desktop/HaiyueStudio/Native/examples/boxbound/node_modules/@nativescript/canvas/platforms/ios/src/cpp/webgpu/GPURenderPassEncoderImpl.cpp -o /Users/qingque/Library/Developer/Xcode/DerivedData/boxbound-gmbxpjcvwytnwfabbxjdzhvtcdad/Build/Intermediates.noindex/boxbound.build/Debug-iphoneos/boxbound.build/Objects-normal/arm64/GPURenderPassEncoderImpl.o -index-unit-output-path /boxbound.build/Debug-iphoneos/boxbound.build/Objects-normal/arm64/GPURenderPassEncoderImpl.o
In file included from /Users/qingque/Desktop/HaiyueStudio/Native/examples/boxbound/node_modules/@nativescript/canvas/platforms/ios/src/cpp/webgpu/GPURenderPassEncoderImpl.cpp:5:
In file included from /Users/qingque/Desktop/HaiyueStudio/Native/examples/boxbound/node_modules/@nativescript/canvas/platforms/ios/src/cpp/webgpu/GPURenderPassEncoderImpl.h:11:
/Users/qingque/Desktop/HaiyueStudio/Native/examples/boxbound/node_modules/@nativescript/canvas/platforms/ios/src/cpp/webgpu/GPUUtils.h:61:13: warning: ignoring return value of function declared with 'warn_unused_result' attribute [-Wunused-result]
   61 |             entriesArray->Get(context, i).ToLocal(&entryVal);
      |             ^~~~~~~~~~~~~~~~~~~~~~~~~~~~~~~~~~~~~ ~~~~~~~~~
/Users/qingque/Desktop/HaiyueStudio/Native/examples/boxbound/node_modules/@nativescript/canvas/platforms/ios/src/cpp/webgpu/GPUUtils.h:68:17: warning: ignoring return value of function declared with 'warn_unused_result' attribute [-Wunused-result]
   68 |                 entryObj->Get(context, ConvertToV8String(isolate, "resource")).ToLocal(
      |                 ^~~~~~~~~~~~~~~~~~~~~~~~~~~~~~~~~~~~~~~~~~~~~~~~~~~~~~~~~~~~~~~~~~~~~~
   69 |                         &resourceVal);
      |                         ~~~~~~~~~~~~
/Users/qingque/Desktop/HaiyueStudio/Native/examples/boxbound/node_modules/@nativescript/canvas/platforms/ios/src/cpp/webgpu/GPUUtils.h:102:29: warning: ignoring return value of function declared with 'warn_unused_result' attribute [-Wunused-result]
  102 |                             resourceObj->Get(context,
      |                             ^~~~~~~~~~~~~~~~~~~~~~~~~
  103 |                                              ConvertToV8String(isolate, "buffer")).ToLocal(
      |                                              ~~~~~~~~~~~~~~~~~~~~~~~~~~~~~~~~~~~~~~~~~~~~~
  104 |                                     &bufferVal);
      |                                     ~~~~~~~~~~
/Users/qingque/Desktop/HaiyueStudio/Native/examples/boxbound/node_modules/@nativescript/canvas/platforms/ios/src/cpp/webgpu/GPUUtils.h:117:37: warning: ignoring return value of function declared with 'warn_unused_result' attribute [-Wunused-result]
  117 |                                     resourceObj->Get(context,
      |                                     ^~~~~~~~~~~~~~~~~~~~~~~~~
  118 |                                                      ConvertToV8String(isolate,
      |                                                      ~~~~~~~~~~~~~~~~~~~~~~~~~~
  119 |                                                                        "offset")).ToLocal(
      |                                                                        ~~~~~~~~~~~~~~~~~~
  120 |                                             &offsetVal);
      |                                             ~~~~~~~~~~
/Users/qingque/Desktop/HaiyueStudio/Native/examples/boxbound/node_modules/@nativescript/canvas/platforms/ios/src/cpp/webgpu/GPUUtils.h:129:37: warning: ignoring return value of function declared with 'warn_unused_result' attribute [-Wunused-result]
  129 |                                     resourceObj->Get(context,
      |                                     ^~~~~~~~~~~~~~~~~~~~~~~~~
  130 |                                                      ConvertToV8String(isolate,
      |                                                      ~~~~~~~~~~~~~~~~~~~~~~~~~~
  131 |                                                                        "size")).ToLocal(
      |                                                                        ~~~~~~~~~~~~~~~~
  132 |                                             &sizeVal);
      |                                             ~~~~~~~~
/Users/qingque/Desktop/HaiyueStudio/Native/examples/boxbound/node_modules/@nativescript/canvas/platforms/ios/src/cpp/webgpu/GPUUtils.h:168:13: warning: ignoring return value of function declared with 'warn_unused_result' attribute [-Wunused-result]
  168 |             entriesArray->Get(context, i).ToLocal(&entryVal);
      |             ^~~~~~~~~~~~~~~~~~~~~~~~~~~~~~~~~~~~~ ~~~~~~~~~
/Users/qingque/Desktop/HaiyueStudio/Native/examples/boxbound/node_modules/@nativescript/canvas/platforms/ios/src/cpp/webgpu/GPUUtils.h:183:17: warning: ignoring return value of function declared with 'warn_unused_result' attribute [-Wunused-result]
  183 |                 entryObj->Get(context, ConvertToV8String(isolate, "buffer")).ToLocal(
      |                 ^~~~~~~~~~~~~~~~~~~~~~~~~~~~~~~~~~~~~~~~~~~~~~~~~~~~~~~~~~~~~~~~~~~~
  184 |                         &bufferVal);
      |                         ~~~~~~~~~~
/Users/qingque/Desktop/HaiyueStudio/Native/examples/boxbound/node_modules/@nativescript/canvas/platforms/ios/src/cpp/webgpu/GPUUtils.h:189:21: warning: ignoring return value of function declared with 'warn_unused_result' attribute [-Wunused-result]
  189 |                     bufferObj->Get(context, ConvertToV8String(isolate, "type")).ToLocal(
      |                     ^~~~~~~~~~~~~~~~~~~~~~~~~~~~~~~~~~~~~~~~~~~~~~~~~~~~~~~~~~~~~~~~~~~
  190 |                             &bufferType);
      |                             ~~~~~~~~~~~
/Users/qingque/Desktop/HaiyueStudio/Native/examples/boxbound/node_modules/@nativescript/canvas/platforms/ios/src/cpp/webgpu/GPUUtils.h:208:21: warning: ignoring return value of function declared with 'warn_unused_result' attribute [-Wunused-result]
  208 |                     bufferObj->Get(context,
      |                     ^~~~~~~~~~~~~~~~~~~~~~~
  209 |                                    ConvertToV8String(isolate, "hasDynamicOffset")).ToLocal(
      |                                    ~~~~~~~~~~~~~~~~~~~~~~~~~~~~~~~~~~~~~~~~~~~~~~~~~~~~~~~
  210 |                             &hasDynamicOffsetVal);
      |                             ~~~~~~~~~~~~~~~~~~~~
/Users/qingque/Desktop/HaiyueStudio/Native/examples/boxbound/node_modules/@nativescript/canvas/platforms/ios/src/cpp/webgpu/GPUUtils.h:220:21: warning: ignoring return value of function declared with 'warn_unused_result' attribute [-Wunused-result]
  220 |                     bufferObj->Get(context,
      |                     ^~~~~~~~~~~~~~~~~~~~~~~
  221 |                                    ConvertToV8String(isolate, "minBindingSize")).ToLocal(
      |                                    ~~~~~~~~~~~~~~~~~~~~~~~~~~~~~~~~~~~~~~~~~~~~~~~~~~~~~
  222 |                             &minBindingSizeVal);
      |                             ~~~~~~~~~~~~~~~~~~
/Users/qingque/Desktop/HaiyueStudio/Native/examples/boxbound/node_modules/@nativescript/canvas/platforms/ios/src/cpp/webgpu/GPUUtils.h:252:17: warning: ignoring return value of function declared with 'warn_unused_result' attribute [-Wunused-result]
  252 |                 entryObj->Get(context, ConvertToV8String(isolate, "externalTexture")).ToLocal(
      |                 ^~~~~~~~~~~~~~~~~~~~~~~~~~~~~~~~~~~~~~~~~~~~~~~~~~~~~~~~~~~~~~~~~~~~~~~~~~~~~
  253 |                         &externalTextureVal);
      |                         ~~~~~~~~~~~~~~~~~~~
/Users/qingque/Desktop/HaiyueStudio/Native/examples/boxbound/node_modules/@nativescript/canvas/platforms/ios/src/cpp/webgpu/GPUUtils.h:278:17: warning: ignoring return value of function declared with 'warn_unused_result' attribute [-Wunused-result]
  278 |                 entryObj->Get(context, ConvertToV8String(isolate, "sampler")).ToLocal(
      |                 ^~~~~~~~~~~~~~~~~~~~~~~~~~~~~~~~~~~~~~~~~~~~~~~~~~~~~~~~~~~~~~~~~~~~~
  279 |                         &samplerVal);
      |                         ~~~~~~~~~~~
/Users/qingque/Desktop/HaiyueStudio/Native/examples/boxbound/node_modules/@nativescript/canvas/platforms/ios/src/cpp/webgpu/GPUUtils.h:284:21: warning: ignoring return value of function declared with 'warn_unused_result' attribute [-Wunused-result]
  284 |                     samplerObj->Get(context, ConvertToV8String(isolate, "type")).ToLocal(
      |                     ^~~~~~~~~~~~~~~~~~~~~~~~~~~~~~~~~~~~~~~~~~~~~~~~~~~~~~~~~~~~~~~~~~~~
  285 |                             &samplerType);
      |                             ~~~~~~~~~~~~
/Users/qingque/Desktop/HaiyueStudio/Native/examples/boxbound/node_modules/@nativescript/canvas/platforms/ios/src/cpp/webgpu/GPUUtils.h:324:17: warning: ignoring return value of function declared with 'warn_unused_result' attribute [-Wunused-result]
  324 |                 entryObj->Get(context, ConvertToV8String(isolate, "storageTexture")).ToLocal(
      |                 ^~~~~~~~~~~~~~~~~~~~~~~~~~~~~~~~~~~~~~~~~~~~~~~~~~~~~~~~~~~~~~~~~~~~~~~~~~~~
  325 |                         &storageTextureVal);
      |                         ~~~~~~~~~~~~~~~~~~
/Users/qingque/Desktop/HaiyueStudio/Native/examples/boxbound/node_modules/@nativescript/canvas/platforms/ios/src/cpp/webgpu/GPUUtils.h:338:21: warning: ignoring return value of function declared with 'warn_unused_result' attribute [-Wunused-result]
  338 |                     storageTextureObj->Get(context,
      |                     ^~~~~~~~~~~~~~~~~~~~~~~~~~~~~~~
  339 |                                            ConvertToV8String(isolate, "access")).ToLocal(
      |                                            ~~~~~~~~~~~~~~~~~~~~~~~~~~~~~~~~~~~~~~~~~~~~~
  340 |                             &accessVal);
      |                             ~~~~~~~~~~
/Users/qingque/Desktop/HaiyueStudio/Native/examples/boxbound/node_modules/@nativescript/canvas/platforms/ios/src/cpp/webgpu/GPUUtils.h:361:21: warning: ignoring return value of function declared with 'warn_unused_result' attribute [-Wunused-result]
  361 |                     storageTextureObj->Get(context,
      |                     ^~~~~~~~~~~~~~~~~~~~~~~~~~~~~~~
  362 |                                            ConvertToV8String(isolate, "viewDimension")).ToLocal(
      |                                            ~~~~~~~~~~~~~~~~~~~~~~~~~~~~~~~~~~~~~~~~~~~~~~~~~~~~
  363 |                             &viewDimensionVal);
      |                             ~~~~~~~~~~~~~~~~~
/Users/qingque/Desktop/HaiyueStudio/Native/examples/boxbound/node_modules/@nativescript/canvas/platforms/ios/src/cpp/webgpu/GPUUtils.h:386:21: warning: ignoring return value of function declared with 'warn_unused_result' attribute [-Wunused-result]
  386 |                     storageTextureObj->Get(context,
      |                     ^~~~~~~~~~~~~~~~~~~~~~~~~~~~~~~
  387 |                                            ConvertToV8String(isolate, "format")).ToLocal(
      |                                            ~~~~~~~~~~~~~~~~~~~~~~~~~~~~~~~~~~~~~~~~~~~~~
  388 |                             &formatVal);
      |                             ~~~~~~~~~~
/Users/qingque/Desktop/HaiyueStudio/Native/examples/boxbound/node_modules/@nativescript/canvas/platforms/ios/src/cpp/webgpu/GPUUtils.h:424:17: warning: ignoring return value of function declared with 'warn_unused_result' attribute [-Wunused-result]
  424 |                 entryObj->Get(context, ConvertToV8String(isolate, "texture")).ToLocal(
      |                 ^~~~~~~~~~~~~~~~~~~~~~~~~~~~~~~~~~~~~~~~~~~~~~~~~~~~~~~~~~~~~~~~~~~~~
  425 |                         &textureVal);
      |                         ~~~~~~~~~~~
/Users/qingque/Desktop/HaiyueStudio/Native/examples/boxbound/node_modules/@nativescript/canvas/platforms/ios/src/cpp/webgpu/GPUUtils.h:433:21: warning: ignoring return value of function declared with 'warn_unused_result' attribute [-Wunused-result]
  433 |                     textureObj->Get(context,
      |                     ^~~~~~~~~~~~~~~~~~~~~~~~
  434 |                                     ConvertToV8String(isolate, "multisampled")).ToLocal(
      |                                     ~~~~~~~~~~~~~~~~~~~~~~~~~~~~~~~~~~~~~~~~~~~~~~~~~~~
  435 |                             &multisampledVal);
      |                             ~~~~~~~~~~~~~~~~
/Users/qingque/Desktop/HaiyueStudio/Native/examples/boxbound/node_modules/@nativescript/canvas/platforms/ios/src/cpp/webgpu/GPUUtils.h:443:21: warning: ignoring return value of function declared with 'warn_unused_result' attribute [-Wunused-result]
  443 |                     textureObj->Get(context, ConvertToV8String(isolate, "sampleType")).ToLocal(
      |                     ^~~~~~~~~~~~~~~~~~~~~~~~~~~~~~~~~~~~~~~~~~~~~~~~~~~~~~~~~~~~~~~~~~~~~~~~~~
  444 |                             &sampleTypeVal);
      |                             ~~~~~~~~~~~~~~
/Users/qingque/Desktop/HaiyueStudio/Native/examples/boxbound/node_modules/@nativescript/canvas/platforms/ios/src/cpp/webgpu/GPUUtils.h:469:21: warning: ignoring return value of function declared with 'warn_unused_result' attribute [-Wunused-result]
  469 |                     textureObj->Get(context,
      |                     ^~~~~~~~~~~~~~~~~~~~~~~~
  470 |                                     ConvertToV8String(isolate, "viewDimension")).ToLocal(
      |                                     ~~~~~~~~~~~~~~~~~~~~~~~~~~~~~~~~~~~~~~~~~~~~~~~~~~~~
  471 |                             &viewDimensionVal);
      |                             ~~~~~~~~~~~~~~~~~
/Users/qingque/Desktop/HaiyueStudio/Native/examples/boxbound/node_modules/@nativescript/canvas/platforms/ios/src/cpp/webgpu/GPURenderPassEncoderImpl.cpp:435:13: warning: ignoring return value of function declared with 'warn_unused_result' attribute [-Wunused-result]
  435 |             bundlesArray->Get(context, i).ToLocal(&bundleVal);
      |             ^~~~~~~~~~~~~~~~~~~~~~~~~~~~~~~~~~~~~ ~~~~~~~~~~
In file included from /Users/qingque/Desktop/HaiyueStudio/Native/examples/boxbound/node_modules/@nativescript/canvas/platforms/ios/src/cpp/webgpu/GPURenderPassEncoderImpl.cpp:5:
In file included from /Users/qingque/Desktop/HaiyueStudio/Native/examples/boxbound/node_modules/@nativescript/canvas/platforms/ios/src/cpp/webgpu/GPURenderPassEncoderImpl.h:9:
/Users/qingque/Desktop/HaiyueStudio/Native/examples/boxbound/node_modules/@nativescript/canvas/platforms/ios/src/cpp/Helpers.h:63:13: warning: unused function 'LogToConsole' [-Wunused-function]
   63 | static void LogToConsole(const std::string &message) {
      |             ^~~~~~~~~~~~
/Users/qingque/Desktop/HaiyueStudio/Native/examples/boxbound/node_modules/@nativescript/canvas/platforms/ios/src/cpp/Helpers.h:160:13: warning: unused function 'SetFastMethod' [-Wunused-function]
  160 | static void SetFastMethod(v8::Isolate *isolate,
      |             ^~~~~~~~~~~~~
/Users/qingque/Desktop/HaiyueStudio/Native/examples/boxbound/node_modules/@nativescript/canvas/platforms/ios/src/cpp/Helpers.h:185:13: warning: unused function 'SetFastMethodWithOverLoads' [-Wunused-function]
  185 | static void SetFastMethodWithOverLoads(v8::Isolate *isolate,
      |             ^~~~~~~~~~~~~~~~~~~~~~~~~~
/Users/qingque/Desktop/HaiyueStudio/Native/examples/boxbound/node_modules/@nativescript/canvas/platforms/ios/src/cpp/Helpers.h:210:13: warning: unused function 'SetFastMethod' [-Wunused-function]
  210 | static void SetFastMethod(v8::Local<v8::Context> context,
      |             ^~~~~~~~~~~~~
/Users/qingque/Desktop/HaiyueStudio/Native/examples/boxbound/node_modules/@nativescript/canvas/platforms/ios/src/cpp/Helpers.h:234:13: warning: unused function 'SetFastMethodNoSideEffect' [-Wunused-function]
  234 | static void SetFastMethodNoSideEffect(v8::Local<v8::Context> context,
      |             ^~~~~~~~~~~~~~~~~~~~~~~~~
/Users/qingque/Desktop/HaiyueStudio/Native/examples/boxbound/node_modules/@nativescript/canvas/platforms/ios/src/cpp/Helpers.h:258:13: warning: unused function 'SetFastMethodNoSideEffect' [-Wunused-function]
  258 | static void SetFastMethodNoSideEffect(v8::Isolate *isolate,
      |             ^~~~~~~~~~~~~~~~~~~~~~~~~
28 warnings generated.

CompileC /Users/qingque/Library/Developer/Xcode/DerivedData/boxbound-gmbxpjcvwytnwfabbxjdzhvtcdad/Build/Intermediates.noindex/boxbound.build/Debug-iphoneos/boxbound.build/Objects-normal/arm64/GPURenderBundleImpl.o /Users/qingque/Desktop/HaiyueStudio/Native/examples/boxbound/node_modules/@nativescript/canvas/platforms/ios/src/cpp/webgpu/GPURenderBundleImpl.cpp normal arm64 c++ com.apple.compilers.llvm.clang.1_0.compiler (in target 'boxbound' from project 'boxbound')
    cd /Users/qingque/Desktop/HaiyueStudio/Native/examples/boxbound/platforms/ios
    
    Using response file: /Users/qingque/Library/Developer/Xcode/DerivedData/boxbound-gmbxpjcvwytnwfabbxjdzhvtcdad/Build/Intermediates.noindex/boxbound.build/Debug-iphoneos/boxbound.build/Objects-normal/arm64/82b82416624d2658e5098eb0a28c15c5-common-args.resp
    
    /Applications/Xcode.app/Contents/Developer/Toolchains/XcodeDefault.xctoolchain/usr/bin/clang -x c++ -ivfsstatcache /Users/qingque/Library/Developer/Xcode/DerivedData/SDKStatCaches.noindex/iphoneos26.2-23C57-3794476bd08197c3e2abd9bb477ef7f7.sdkstatcache -fmessage-length\=0 -fdiagnostics-show-note-include-stack -fmacro-backtrace-limit\=0 -fno-color-diagnostics -Wno-trigraphs -Wno-missing-field-initializers -Wno-missing-prototypes -Werror\=return-type -Wunreachable-code -Werror\=deprecated-objc-isa-usage -Werror\=objc-root-class -Wno-non-virtual-dtor -Wno-overloaded-virtual -Wno-exit-time-destructors -Wno-missing-braces -Wparentheses -Wswitch -Wunused-function -Wno-unused-label -Wno-unused-parameter -Wunused-variable -Wunused-value -Wempty-body -Wuninitialized -Wno-unknown-pragmas -Wno-shadow -Wno-four-char-constants -Wno-conversion -Wconstant-conversion -Wint-conversion -Wbool-conversion -Wenum-conversion -Wno-float-conversion -Wnon-literal-null-conversion -Wobjc-literal-conversion -Wshorten-64-to-32 -Wno-newline-eof -Wno-c++11-extensions -Wno-implicit-fallthrough -fstrict-aliasing -Wdeprecated-declarations -Winvalid-offsetof -Wno-sign-conversion -Winfinite-recursion -Wmove -Wcomma -Wblock-capture-autoreleasing -Wstrict-prototypes -Wrange-loop-analysis -Wno-semicolon-before-method-body -index-store-path /Users/qingque/Library/Developer/Xcode/DerivedData/boxbound-gmbxpjcvwytnwfabbxjdzhvtcdad/Index.noindex/DataStore @/Users/qingque/Library/Developer/Xcode/DerivedData/boxbound-gmbxpjcvwytnwfabbxjdzhvtcdad/Build/Intermediates.noindex/boxbound.build/Debug-iphoneos/boxbound.build/Objects-normal/arm64/82b82416624d2658e5098eb0a28c15c5-common-args.resp -include /Users/qingque/Desktop/HaiyueStudio/Native/examples/boxbound/platforms/ios/build/sharedpch/SharedPrecompiledHeaders/17560698271525316586/boxbound-Prefix.pch -MMD -MT dependencies -MF /Users/qingque/Library/Developer/Xcode/DerivedData/boxbound-gmbxpjcvwytnwfabbxjdzhvtcdad/Build/Intermediates.noindex/boxbound.build/Debug-iphoneos/boxbound.build/Objects-normal/arm64/GPURenderBundleImpl.d --serialize-diagnostics /Users/qingque/Library/Developer/Xcode/DerivedData/boxbound-gmbxpjcvwytnwfabbxjdzhvtcdad/Build/Intermediates.noindex/boxbound.build/Debug-iphoneos/boxbound.build/Objects-normal/arm64/GPURenderBundleImpl.dia -c /Users/qingque/Desktop/HaiyueStudio/Native/examples/boxbound/node_modules/@nativescript/canvas/platforms/ios/src/cpp/webgpu/GPURenderBundleImpl.cpp -o /Users/qingque/Library/Developer/Xcode/DerivedData/boxbound-gmbxpjcvwytnwfabbxjdzhvtcdad/Build/Intermediates.noindex/boxbound.build/Debug-iphoneos/boxbound.build/Objects-normal/arm64/GPURenderBundleImpl.o -index-unit-output-path /boxbound.build/Debug-iphoneos/boxbound.build/Objects-normal/arm64/GPURenderBundleImpl.o
In file included from /Users/qingque/Desktop/HaiyueStudio/Native/examples/boxbound/node_modules/@nativescript/canvas/platforms/ios/src/cpp/webgpu/GPURenderBundleImpl.cpp:5:
In file included from /Users/qingque/Desktop/HaiyueStudio/Native/examples/boxbound/node_modules/@nativescript/canvas/platforms/ios/src/cpp/webgpu/GPURenderBundleImpl.h:9:
/Users/qingque/Desktop/HaiyueStudio/Native/examples/boxbound/node_modules/@nativescript/canvas/platforms/ios/src/cpp/Helpers.h:63:13: warning: unused function 'LogToConsole' [-Wunused-function]
   63 | static void LogToConsole(const std::string &message) {
      |             ^~~~~~~~~~~~
/Users/qingque/Desktop/HaiyueStudio/Native/examples/boxbound/node_modules/@nativescript/canvas/platforms/ios/src/cpp/Helpers.h:160:13: warning: unused function 'SetFastMethod' [-Wunused-function]
  160 | static void SetFastMethod(v8::Isolate *isolate,
      |             ^~~~~~~~~~~~~
/Users/qingque/Desktop/HaiyueStudio/Native/examples/boxbound/node_modules/@nativescript/canvas/platforms/ios/src/cpp/Helpers.h:185:13: warning: unused function 'SetFastMethodWithOverLoads' [-Wunused-function]
  185 | static void SetFastMethodWithOverLoads(v8::Isolate *isolate,
      |             ^~~~~~~~~~~~~~~~~~~~~~~~~~
/Users/qingque/Desktop/HaiyueStudio/Native/examples/boxbound/node_modules/@nativescript/canvas/platforms/ios/src/cpp/Helpers.h:210:13: warning: unused function 'SetFastMethod' [-Wunused-function]
  210 | static void SetFastMethod(v8::Local<v8::Context> context,
      |             ^~~~~~~~~~~~~
/Users/qingque/Desktop/HaiyueStudio/Native/examples/boxbound/node_modules/@nativescript/canvas/platforms/ios/src/cpp/Helpers.h:234:13: warning: unused function 'SetFastMethodNoSideEffect' [-Wunused-function]
  234 | static void SetFastMethodNoSideEffect(v8::Local<v8::Context> context,
      |             ^~~~~~~~~~~~~~~~~~~~~~~~~
/Users/qingque/Desktop/HaiyueStudio/Native/examples/boxbound/node_modules/@nativescript/canvas/platforms/ios/src/cpp/Helpers.h:258:13: warning: unused function 'SetFastMethodNoSideEffect' [-Wunused-function]
  258 | static void SetFastMethodNoSideEffect(v8::Isolate *isolate,
      |             ^~~~~~~~~~~~~~~~~~~~~~~~~
6 warnings generated.

CompileC /Users/qingque/Library/Developer/Xcode/DerivedData/boxbound-gmbxpjcvwytnwfabbxjdzhvtcdad/Build/Intermediates.noindex/boxbound.build/Debug-iphoneos/boxbound.build/Objects-normal/arm64/GPURenderBundleEncoderImpl.o /Users/qingque/Desktop/HaiyueStudio/Native/examples/boxbound/node_modules/@nativescript/canvas/platforms/ios/src/cpp/webgpu/GPURenderBundleEncoderImpl.cpp normal arm64 c++ com.apple.compilers.llvm.clang.1_0.compiler (in target 'boxbound' from project 'boxbound')
    cd /Users/qingque/Desktop/HaiyueStudio/Native/examples/boxbound/platforms/ios
    
    Using response file: /Users/qingque/Library/Developer/Xcode/DerivedData/boxbound-gmbxpjcvwytnwfabbxjdzhvtcdad/Build/Intermediates.noindex/boxbound.build/Debug-iphoneos/boxbound.build/Objects-normal/arm64/82b82416624d2658e5098eb0a28c15c5-common-args.resp
    
    /Applications/Xcode.app/Contents/Developer/Toolchains/XcodeDefault.xctoolchain/usr/bin/clang -x c++ -ivfsstatcache /Users/qingque/Library/Developer/Xcode/DerivedData/SDKStatCaches.noindex/iphoneos26.2-23C57-3794476bd08197c3e2abd9bb477ef7f7.sdkstatcache -fmessage-length\=0 -fdiagnostics-show-note-include-stack -fmacro-backtrace-limit\=0 -fno-color-diagnostics -Wno-trigraphs -Wno-missing-field-initializers -Wno-missing-prototypes -Werror\=return-type -Wunreachable-code -Werror\=deprecated-objc-isa-usage -Werror\=objc-root-class -Wno-non-virtual-dtor -Wno-overloaded-virtual -Wno-exit-time-destructors -Wno-missing-braces -Wparentheses -Wswitch -Wunused-function -Wno-unused-label -Wno-unused-parameter -Wunused-variable -Wunused-value -Wempty-body -Wuninitialized -Wno-unknown-pragmas -Wno-shadow -Wno-four-char-constants -Wno-conversion -Wconstant-conversion -Wint-conversion -Wbool-conversion -Wenum-conversion -Wno-float-conversion -Wnon-literal-null-conversion -Wobjc-literal-conversion -Wshorten-64-to-32 -Wno-newline-eof -Wno-c++11-extensions -Wno-implicit-fallthrough -fstrict-aliasing -Wdeprecated-declarations -Winvalid-offsetof -Wno-sign-conversion -Winfinite-recursion -Wmove -Wcomma -Wblock-capture-autoreleasing -Wstrict-prototypes -Wrange-loop-analysis -Wno-semicolon-before-method-body -index-store-path /Users/qingque/Library/Developer/Xcode/DerivedData/boxbound-gmbxpjcvwytnwfabbxjdzhvtcdad/Index.noindex/DataStore @/Users/qingque/Library/Developer/Xcode/DerivedData/boxbound-gmbxpjcvwytnwfabbxjdzhvtcdad/Build/Intermediates.noindex/boxbound.build/Debug-iphoneos/boxbound.build/Objects-normal/arm64/82b82416624d2658e5098eb0a28c15c5-common-args.resp -include /Users/qingque/Desktop/HaiyueStudio/Native/examples/boxbound/platforms/ios/build/sharedpch/SharedPrecompiledHeaders/17560698271525316586/boxbound-Prefix.pch -MMD -MT dependencies -MF /Users/qingque/Library/Developer/Xcode/DerivedData/boxbound-gmbxpjcvwytnwfabbxjdzhvtcdad/Build/Intermediates.noindex/boxbound.build/Debug-iphoneos/boxbound.build/Objects-normal/arm64/GPURenderBundleEncoderImpl.d --serialize-diagnostics /Users/qingque/Library/Developer/Xcode/DerivedData/boxbound-gmbxpjcvwytnwfabbxjdzhvtcdad/Build/Intermediates.noindex/boxbound.build/Debug-iphoneos/boxbound.build/Objects-normal/arm64/GPURenderBundleEncoderImpl.dia -c /Users/qingque/Desktop/HaiyueStudio/Native/examples/boxbound/node_modules/@nativescript/canvas/platforms/ios/src/cpp/webgpu/GPURenderBundleEncoderImpl.cpp -o /Users/qingque/Library/Developer/Xcode/DerivedData/boxbound-gmbxpjcvwytnwfabbxjdzhvtcdad/Build/Intermediates.noindex/boxbound.build/Debug-iphoneos/boxbound.build/Objects-normal/arm64/GPURenderBundleEncoderImpl.o -index-unit-output-path /boxbound.build/Debug-iphoneos/boxbound.build/Objects-normal/arm64/GPURenderBundleEncoderImpl.o
/Users/qingque/Desktop/HaiyueStudio/Native/examples/boxbound/node_modules/@nativescript/canvas/platforms/ios/src/cpp/webgpu/GPURenderBundleEncoderImpl.cpp:298:9: warning: ignoring return value of function declared with 'warn_unused_result' attribute [-Wunused-result]
  298 |         options->Get(context, ConvertToV8String(isolate, "label")).ToLocal(&labelVal);
      |         ^~~~~~~~~~~~~~~~~~~~~~~~~~~~~~~~~~~~~~~~~~~~~~~~~~~~~~~~~~~~~~~~~~ ~~~~~~~~~
In file included from /Users/qingque/Desktop/HaiyueStudio/Native/examples/boxbound/node_modules/@nativescript/canvas/platforms/ios/src/cpp/webgpu/GPURenderBundleEncoderImpl.cpp:5:
In file included from /Users/qingque/Desktop/HaiyueStudio/Native/examples/boxbound/node_modules/@nativescript/canvas/platforms/ios/src/cpp/webgpu/GPURenderBundleEncoderImpl.h:9:
/Users/qingque/Desktop/HaiyueStudio/Native/examples/boxbound/node_modules/@nativescript/canvas/platforms/ios/src/cpp/Helpers.h:63:13: warning: unused function 'LogToConsole' [-Wunused-function]
   63 | static void LogToConsole(const std::string &message) {
      |             ^~~~~~~~~~~~
/Users/qingque/Desktop/HaiyueStudio/Native/examples/boxbound/node_modules/@nativescript/canvas/platforms/ios/src/cpp/Helpers.h:160:13: warning: unused function 'SetFastMethod' [-Wunused-function]
  160 | static void SetFastMethod(v8::Isolate *isolate,
      |             ^~~~~~~~~~~~~
/Users/qingque/Desktop/HaiyueStudio/Native/examples/boxbound/node_modules/@nativescript/canvas/platforms/ios/src/cpp/Helpers.h:185:13: warning: unused function 'SetFastMethodWithOverLoads' [-Wunused-function]
  185 | static void SetFastMethodWithOverLoads(v8::Isolate *isolate,
      |             ^~~~~~~~~~~~~~~~~~~~~~~~~~
/Users/qingque/Desktop/HaiyueStudio/Native/examples/boxbound/node_modules/@nativescript/canvas/platforms/ios/src/cpp/Helpers.h:210:13: warning: unused function 'SetFastMethod' [-Wunused-function]
  210 | static void SetFastMethod(v8::Local<v8::Context> context,
      |             ^~~~~~~~~~~~~
/Users/qingque/Desktop/HaiyueStudio/Native/examples/boxbound/node_modules/@nativescript/canvas/platforms/ios/src/cpp/Helpers.h:234:13: warning: unused function 'SetFastMethodNoSideEffect' [-Wunused-function]
  234 | static void SetFastMethodNoSideEffect(v8::Local<v8::Context> context,
      |             ^~~~~~~~~~~~~~~~~~~~~~~~~
/Users/qingque/Desktop/HaiyueStudio/Native/examples/boxbound/node_modules/@nativescript/canvas/platforms/ios/src/cpp/Helpers.h:258:13: warning: unused function 'SetFastMethodNoSideEffect' [-Wunused-function]
  258 | static void SetFastMethodNoSideEffect(v8::Isolate *isolate,
      |             ^~~~~~~~~~~~~~~~~~~~~~~~~
7 warnings generated.

CompileC /Users/qingque/Library/Developer/Xcode/DerivedData/boxbound-gmbxpjcvwytnwfabbxjdzhvtcdad/Build/Intermediates.noindex/boxbound.build/Debug-iphoneos/boxbound.build/Objects-normal/arm64/GPUQueueImpl.o /Users/qingque/Desktop/HaiyueStudio/Native/examples/boxbound/node_modules/@nativescript/canvas/platforms/ios/src/cpp/webgpu/GPUQueueImpl.cpp normal arm64 c++ com.apple.compilers.llvm.clang.1_0.compiler (in target 'boxbound' from project 'boxbound')
    cd /Users/qingque/Desktop/HaiyueStudio/Native/examples/boxbound/platforms/ios
    
    Using response file: /Users/qingque/Library/Developer/Xcode/DerivedData/boxbound-gmbxpjcvwytnwfabbxjdzhvtcdad/Build/Intermediates.noindex/boxbound.build/Debug-iphoneos/boxbound.build/Objects-normal/arm64/82b82416624d2658e5098eb0a28c15c5-common-args.resp
    
    /Applications/Xcode.app/Contents/Developer/Toolchains/XcodeDefault.xctoolchain/usr/bin/clang -x c++ -ivfsstatcache /Users/qingque/Library/Developer/Xcode/DerivedData/SDKStatCaches.noindex/iphoneos26.2-23C57-3794476bd08197c3e2abd9bb477ef7f7.sdkstatcache -fmessage-length\=0 -fdiagnostics-show-note-include-stack -fmacro-backtrace-limit\=0 -fno-color-diagnostics -Wno-trigraphs -Wno-missing-field-initializers -Wno-missing-prototypes -Werror\=return-type -Wunreachable-code -Werror\=deprecated-objc-isa-usage -Werror\=objc-root-class -Wno-non-virtual-dtor -Wno-overloaded-virtual -Wno-exit-time-destructors -Wno-missing-braces -Wparentheses -Wswitch -Wunused-function -Wno-unused-label -Wno-unused-parameter -Wunused-variable -Wunused-value -Wempty-body -Wuninitialized -Wno-unknown-pragmas -Wno-shadow -Wno-four-char-constants -Wno-conversion -Wconstant-conversion -Wint-conversion -Wbool-conversion -Wenum-conversion -Wno-float-conversion -Wnon-literal-null-conversion -Wobjc-literal-conversion -Wshorten-64-to-32 -Wno-newline-eof -Wno-c++11-extensions -Wno-implicit-fallthrough -fstrict-aliasing -Wdeprecated-declarations -Winvalid-offsetof -Wno-sign-conversion -Winfinite-recursion -Wmove -Wcomma -Wblock-capture-autoreleasing -Wstrict-prototypes -Wrange-loop-analysis -Wno-semicolon-before-method-body -index-store-path /Users/qingque/Library/Developer/Xcode/DerivedData/boxbound-gmbxpjcvwytnwfabbxjdzhvtcdad/Index.noindex/DataStore @/Users/qingque/Library/Developer/Xcode/DerivedData/boxbound-gmbxpjcvwytnwfabbxjdzhvtcdad/Build/Intermediates.noindex/boxbound.build/Debug-iphoneos/boxbound.build/Objects-normal/arm64/82b82416624d2658e5098eb0a28c15c5-common-args.resp -include /Users/qingque/Desktop/HaiyueStudio/Native/examples/boxbound/platforms/ios/build/sharedpch/SharedPrecompiledHeaders/17560698271525316586/boxbound-Prefix.pch -MMD -MT dependencies -MF /Users/qingque/Library/Developer/Xcode/DerivedData/boxbound-gmbxpjcvwytnwfabbxjdzhvtcdad/Build/Intermediates.noindex/boxbound.build/Debug-iphoneos/boxbound.build/Objects-normal/arm64/GPUQueueImpl.d --serialize-diagnostics /Users/qingque/Library/Developer/Xcode/DerivedData/boxbound-gmbxpjcvwytnwfabbxjdzhvtcdad/Build/Intermediates.noindex/boxbound.build/Debug-iphoneos/boxbound.build/Objects-normal/arm64/GPUQueueImpl.dia -c /Users/qingque/Desktop/HaiyueStudio/Native/examples/boxbound/node_modules/@nativescript/canvas/platforms/ios/src/cpp/webgpu/GPUQueueImpl.cpp -o /Users/qingque/Library/Developer/Xcode/DerivedData/boxbound-gmbxpjcvwytnwfabbxjdzhvtcdad/Build/Intermediates.noindex/boxbound.build/Debug-iphoneos/boxbound.build/Objects-normal/arm64/GPUQueueImpl.o -index-unit-output-path /boxbound.build/Debug-iphoneos/boxbound.build/Objects-normal/arm64/GPUQueueImpl.o
In file included from /Users/qingque/Desktop/HaiyueStudio/Native/examples/boxbound/node_modules/@nativescript/canvas/platforms/ios/src/cpp/webgpu/GPUQueueImpl.cpp:5:
In file included from /Users/qingque/Desktop/HaiyueStudio/Native/examples/boxbound/node_modules/@nativescript/canvas/platforms/ios/src/cpp/webgpu/GPUQueueImpl.h:12:
/Users/qingque/Desktop/HaiyueStudio/Native/examples/boxbound/node_modules/@nativescript/canvas/platforms/ios/src/cpp/webgpu/GPUUtils.h:61:13: warning: ignoring return value of function declared with 'warn_unused_result' attribute [-Wunused-result]
   61 |             entriesArray->Get(context, i).ToLocal(&entryVal);
      |             ^~~~~~~~~~~~~~~~~~~~~~~~~~~~~~~~~~~~~ ~~~~~~~~~
/Users/qingque/Desktop/HaiyueStudio/Native/examples/boxbound/node_modules/@nativescript/canvas/platforms/ios/src/cpp/webgpu/GPUUtils.h:68:17: warning: ignoring return value of function declared with 'warn_unused_result' attribute [-Wunused-result]
   68 |                 entryObj->Get(context, ConvertToV8String(isolate, "resource")).ToLocal(
      |                 ^~~~~~~~~~~~~~~~~~~~~~~~~~~~~~~~~~~~~~~~~~~~~~~~~~~~~~~~~~~~~~~~~~~~~~
   69 |                         &resourceVal);
      |                         ~~~~~~~~~~~~
/Users/qingque/Desktop/HaiyueStudio/Native/examples/boxbound/node_modules/@nativescript/canvas/platforms/ios/src/cpp/webgpu/GPUUtils.h:102:29: warning: ignoring return value of function declared with 'warn_unused_result' attribute [-Wunused-result]
  102 |                             resourceObj->Get(context,
      |                             ^~~~~~~~~~~~~~~~~~~~~~~~~
  103 |                                              ConvertToV8String(isolate, "buffer")).ToLocal(
      |                                              ~~~~~~~~~~~~~~~~~~~~~~~~~~~~~~~~~~~~~~~~~~~~~
  104 |                                     &bufferVal);
      |                                     ~~~~~~~~~~
/Users/qingque/Desktop/HaiyueStudio/Native/examples/boxbound/node_modules/@nativescript/canvas/platforms/ios/src/cpp/webgpu/GPUUtils.h:117:37: warning: ignoring return value of function declared with 'warn_unused_result' attribute [-Wunused-result]
  117 |                                     resourceObj->Get(context,
      |                                     ^~~~~~~~~~~~~~~~~~~~~~~~~
  118 |                                                      ConvertToV8String(isolate,
      |                                                      ~~~~~~~~~~~~~~~~~~~~~~~~~~
  119 |                                                                        "offset")).ToLocal(
      |                                                                        ~~~~~~~~~~~~~~~~~~
  120 |                                             &offsetVal);
      |                                             ~~~~~~~~~~
/Users/qingque/Desktop/HaiyueStudio/Native/examples/boxbound/node_modules/@nativescript/canvas/platforms/ios/src/cpp/webgpu/GPUUtils.h:129:37: warning: ignoring return value of function declared with 'warn_unused_result' attribute [-Wunused-result]
  129 |                                     resourceObj->Get(context,
      |                                     ^~~~~~~~~~~~~~~~~~~~~~~~~
  130 |                                                      ConvertToV8String(isolate,
      |                                                      ~~~~~~~~~~~~~~~~~~~~~~~~~~
  131 |                                                                        "size")).ToLocal(
      |                                                                        ~~~~~~~~~~~~~~~~
  132 |                                             &sizeVal);
      |                                             ~~~~~~~~
/Users/qingque/Desktop/HaiyueStudio/Native/examples/boxbound/node_modules/@nativescript/canvas/platforms/ios/src/cpp/webgpu/GPUUtils.h:168:13: warning: ignoring return value of function declared with 'warn_unused_result' attribute [-Wunused-result]
  168 |             entriesArray->Get(context, i).ToLocal(&entryVal);
      |             ^~~~~~~~~~~~~~~~~~~~~~~~~~~~~~~~~~~~~ ~~~~~~~~~
/Users/qingque/Desktop/HaiyueStudio/Native/examples/boxbound/node_modules/@nativescript/canvas/platforms/ios/src/cpp/webgpu/GPUUtils.h:183:17: warning: ignoring return value of function declared with 'warn_unused_result' attribute [-Wunused-result]
  183 |                 entryObj->Get(context, ConvertToV8String(isolate, "buffer")).ToLocal(
      |                 ^~~~~~~~~~~~~~~~~~~~~~~~~~~~~~~~~~~~~~~~~~~~~~~~~~~~~~~~~~~~~~~~~~~~
  184 |                         &bufferVal);
      |                         ~~~~~~~~~~
/Users/qingque/Desktop/HaiyueStudio/Native/examples/boxbound/node_modules/@nativescript/canvas/platforms/ios/src/cpp/webgpu/GPUUtils.h:189:21: warning: ignoring return value of function declared with 'warn_unused_result' attribute [-Wunused-result]
  189 |                     bufferObj->Get(context, ConvertToV8String(isolate, "type")).ToLocal(
      |                     ^~~~~~~~~~~~~~~~~~~~~~~~~~~~~~~~~~~~~~~~~~~~~~~~~~~~~~~~~~~~~~~~~~~
  190 |                             &bufferType);
      |                             ~~~~~~~~~~~
/Users/qingque/Desktop/HaiyueStudio/Native/examples/boxbound/node_modules/@nativescript/canvas/platforms/ios/src/cpp/webgpu/GPUUtils.h:208:21: warning: ignoring return value of function declared with 'warn_unused_result' attribute [-Wunused-result]
  208 |                     bufferObj->Get(context,
      |                     ^~~~~~~~~~~~~~~~~~~~~~~
  209 |                                    ConvertToV8String(isolate, "hasDynamicOffset")).ToLocal(
      |                                    ~~~~~~~~~~~~~~~~~~~~~~~~~~~~~~~~~~~~~~~~~~~~~~~~~~~~~~~
  210 |                             &hasDynamicOffsetVal);
      |                             ~~~~~~~~~~~~~~~~~~~~
/Users/qingque/Desktop/HaiyueStudio/Native/examples/boxbound/node_modules/@nativescript/canvas/platforms/ios/src/cpp/webgpu/GPUUtils.h:220:21: warning: ignoring return value of function declared with 'warn_unused_result' attribute [-Wunused-result]
  220 |                     bufferObj->Get(context,
      |                     ^~~~~~~~~~~~~~~~~~~~~~~
  221 |                                    ConvertToV8String(isolate, "minBindingSize")).ToLocal(
      |                                    ~~~~~~~~~~~~~~~~~~~~~~~~~~~~~~~~~~~~~~~~~~~~~~~~~~~~~
  222 |                             &minBindingSizeVal);
      |                             ~~~~~~~~~~~~~~~~~~
/Users/qingque/Desktop/HaiyueStudio/Native/examples/boxbound/node_modules/@nativescript/canvas/platforms/ios/src/cpp/webgpu/GPUUtils.h:252:17: warning: ignoring return value of function declared with 'warn_unused_result' attribute [-Wunused-result]
  252 |                 entryObj->Get(context, ConvertToV8String(isolate, "externalTexture")).ToLocal(
      |                 ^~~~~~~~~~~~~~~~~~~~~~~~~~~~~~~~~~~~~~~~~~~~~~~~~~~~~~~~~~~~~~~~~~~~~~~~~~~~~
  253 |                         &externalTextureVal);
      |                         ~~~~~~~~~~~~~~~~~~~
/Users/qingque/Desktop/HaiyueStudio/Native/examples/boxbound/node_modules/@nativescript/canvas/platforms/ios/src/cpp/webgpu/GPUUtils.h:278:17: warning: ignoring return value of function declared with 'warn_unused_result' attribute [-Wunused-result]
  278 |                 entryObj->Get(context, ConvertToV8String(isolate, "sampler")).ToLocal(
      |                 ^~~~~~~~~~~~~~~~~~~~~~~~~~~~~~~~~~~~~~~~~~~~~~~~~~~~~~~~~~~~~~~~~~~~~
  279 |                         &samplerVal);
      |                         ~~~~~~~~~~~
/Users/qingque/Desktop/HaiyueStudio/Native/examples/boxbound/node_modules/@nativescript/canvas/platforms/ios/src/cpp/webgpu/GPUUtils.h:284:21: warning: ignoring return value of function declared with 'warn_unused_result' attribute [-Wunused-result]
  284 |                     samplerObj->Get(context, ConvertToV8String(isolate, "type")).ToLocal(
      |                     ^~~~~~~~~~~~~~~~~~~~~~~~~~~~~~~~~~~~~~~~~~~~~~~~~~~~~~~~~~~~~~~~~~~~
  285 |                             &samplerType);
      |                             ~~~~~~~~~~~~
/Users/qingque/Desktop/HaiyueStudio/Native/examples/boxbound/node_modules/@nativescript/canvas/platforms/ios/src/cpp/webgpu/GPUUtils.h:324:17: warning: ignoring return value of function declared with 'warn_unused_result' attribute [-Wunused-result]
  324 |                 entryObj->Get(context, ConvertToV8String(isolate, "storageTexture")).ToLocal(
      |                 ^~~~~~~~~~~~~~~~~~~~~~~~~~~~~~~~~~~~~~~~~~~~~~~~~~~~~~~~~~~~~~~~~~~~~~~~~~~~
  325 |                         &storageTextureVal);
      |                         ~~~~~~~~~~~~~~~~~~
/Users/qingque/Desktop/HaiyueStudio/Native/examples/boxbound/node_modules/@nativescript/canvas/platforms/ios/src/cpp/webgpu/GPUUtils.h:338:21: warning: ignoring return value of function declared with 'warn_unused_result' attribute [-Wunused-result]
  338 |                     storageTextureObj->Get(context,
      |                     ^~~~~~~~~~~~~~~~~~~~~~~~~~~~~~~
  339 |                                            ConvertToV8String(isolate, "access")).ToLocal(
      |                                            ~~~~~~~~~~~~~~~~~~~~~~~~~~~~~~~~~~~~~~~~~~~~~
  340 |                             &accessVal);
      |                             ~~~~~~~~~~
/Users/qingque/Desktop/HaiyueStudio/Native/examples/boxbound/node_modules/@nativescript/canvas/platforms/ios/src/cpp/webgpu/GPUUtils.h:361:21: warning: ignoring return value of function declared with 'warn_unused_result' attribute [-Wunused-result]
  361 |                     storageTextureObj->Get(context,
      |                     ^~~~~~~~~~~~~~~~~~~~~~~~~~~~~~~
  362 |                                            ConvertToV8String(isolate, "viewDimension")).ToLocal(
      |                                            ~~~~~~~~~~~~~~~~~~~~~~~~~~~~~~~~~~~~~~~~~~~~~~~~~~~~
  363 |                             &viewDimensionVal);
      |                             ~~~~~~~~~~~~~~~~~
/Users/qingque/Desktop/HaiyueStudio/Native/examples/boxbound/node_modules/@nativescript/canvas/platforms/ios/src/cpp/webgpu/GPUUtils.h:386:21: warning: ignoring return value of function declared with 'warn_unused_result' attribute [-Wunused-result]
  386 |                     storageTextureObj->Get(context,
      |                     ^~~~~~~~~~~~~~~~~~~~~~~~~~~~~~~
  387 |                                            ConvertToV8String(isolate, "format")).ToLocal(
      |                                            ~~~~~~~~~~~~~~~~~~~~~~~~~~~~~~~~~~~~~~~~~~~~~
  388 |                             &formatVal);
      |                             ~~~~~~~~~~
/Users/qingque/Desktop/HaiyueStudio/Native/examples/boxbound/node_modules/@nativescript/canvas/platforms/ios/src/cpp/webgpu/GPUUtils.h:424:17: warning: ignoring return value of function declared with 'warn_unused_result' attribute [-Wunused-result]
  424 |                 entryObj->Get(context, ConvertToV8String(isolate, "texture")).ToLocal(
      |                 ^~~~~~~~~~~~~~~~~~~~~~~~~~~~~~~~~~~~~~~~~~~~~~~~~~~~~~~~~~~~~~~~~~~~~
  425 |                         &textureVal);
      |                         ~~~~~~~~~~~
/Users/qingque/Desktop/HaiyueStudio/Native/examples/boxbound/node_modules/@nativescript/canvas/platforms/ios/src/cpp/webgpu/GPUUtils.h:433:21: warning: ignoring return value of function declared with 'warn_unused_result' attribute [-Wunused-result]
  433 |                     textureObj->Get(context,
      |                     ^~~~~~~~~~~~~~~~~~~~~~~~
  434 |                                     ConvertToV8String(isolate, "multisampled")).ToLocal(
      |                                     ~~~~~~~~~~~~~~~~~~~~~~~~~~~~~~~~~~~~~~~~~~~~~~~~~~~
  435 |                             &multisampledVal);
      |                             ~~~~~~~~~~~~~~~~
/Users/qingque/Desktop/HaiyueStudio/Native/examples/boxbound/node_modules/@nativescript/canvas/platforms/ios/src/cpp/webgpu/GPUUtils.h:443:21: warning: ignoring return value of function declared with 'warn_unused_result' attribute [-Wunused-result]
  443 |                     textureObj->Get(context, ConvertToV8String(isolate, "sampleType")).ToLocal(
      |                     ^~~~~~~~~~~~~~~~~~~~~~~~~~~~~~~~~~~~~~~~~~~~~~~~~~~~~~~~~~~~~~~~~~~~~~~~~~
  444 |                             &sampleTypeVal);
      |                             ~~~~~~~~~~~~~~
/Users/qingque/Desktop/HaiyueStudio/Native/examples/boxbound/node_modules/@nativescript/canvas/platforms/ios/src/cpp/webgpu/GPUUtils.h:469:21: warning: ignoring return value of function declared with 'warn_unused_result' attribute [-Wunused-result]
  469 |                     textureObj->Get(context,
      |                     ^~~~~~~~~~~~~~~~~~~~~~~~
  470 |                                     ConvertToV8String(isolate, "viewDimension")).ToLocal(
      |                                     ~~~~~~~~~~~~~~~~~~~~~~~~~~~~~~~~~~~~~~~~~~~~~~~~~~~~
  471 |                             &viewDimensionVal);
      |                             ~~~~~~~~~~~~~~~~~
/Users/qingque/Desktop/HaiyueStudio/Native/examples/boxbound/node_modules/@nativescript/canvas/platforms/ios/src/cpp/webgpu/GPUQueueImpl.cpp:132:9: warning: ignoring return value of function declared with 'warn_unused_result' attribute [-Wunused-result]
  132 |         sourceObj->Get(context, ConvertToV8String(isolate, "source")).ToLocal(&sourceSourceValue);
      |         ^~~~~~~~~~~~~~~~~~~~~~~~~~~~~~~~~~~~~~~~~~~~~~~~~~~~~~~~~~~~~~~~~~~~~ ~~~~~~~~~~~~~~~~~~
/Users/qingque/Desktop/HaiyueStudio/Native/examples/boxbound/node_modules/@nativescript/canvas/platforms/ios/src/cpp/webgpu/GPUQueueImpl.cpp:356:13: warning: ignoring return value of function declared with 'warn_unused_result' attribute [-Wunused-result]
  356 |             commandBuffersArray->Get(context, i).ToLocal(&item);
      |             ^~~~~~~~~~~~~~~~~~~~~~~~~~~~~~~~~~~~~~~~~~~~ ~~~~~
/Users/qingque/Desktop/HaiyueStudio/Native/examples/boxbound/node_modules/@nativescript/canvas/platforms/ios/src/cpp/webgpu/GPUQueueImpl.cpp:406:17: warning: ignoring return value of function declared with 'warn_unused_result' attribute [-Wunused-result]
  406 |                 callback->Call(context,
      |                 ^~~~~~~~~~~~~~ ~~~~~~~~
  407 |                                context->Global(),
      |                                ~~~~~~~~~~~~~~~~~~
  408 |                                0, nullptr);
      |                                ~~~~~~~~~~
In file included from /Users/qingque/Desktop/HaiyueStudio/Native/examples/boxbound/node_modules/@nativescript/canvas/platforms/ios/src/cpp/webgpu/GPUQueueImpl.cpp:5:
In file included from /Users/qingque/Desktop/HaiyueStudio/Native/examples/boxbound/node_modules/@nativescript/canvas/platforms/ios/src/cpp/webgpu/GPUQueueImpl.h:9:
/Users/qingque/Desktop/HaiyueStudio/Native/examples/boxbound/node_modules/@nativescript/canvas/platforms/ios/src/cpp/Helpers.h:63:13: warning: unused function 'LogToConsole' [-Wunused-function]
   63 | static void LogToConsole(const std::string &message) {
      |             ^~~~~~~~~~~~
/Users/qingque/Desktop/HaiyueStudio/Native/examples/boxbound/node_modules/@nativescript/canvas/platforms/ios/src/cpp/Helpers.h:160:13: warning: unused function 'SetFastMethod' [-Wunused-function]
  160 | static void SetFastMethod(v8::Isolate *isolate,
      |             ^~~~~~~~~~~~~
/Users/qingque/Desktop/HaiyueStudio/Native/examples/boxbound/node_modules/@nativescript/canvas/platforms/ios/src/cpp/Helpers.h:185:13: warning: unused function 'SetFastMethodWithOverLoads' [-Wunused-function]
  185 | static void SetFastMethodWithOverLoads(v8::Isolate *isolate,
      |             ^~~~~~~~~~~~~~~~~~~~~~~~~~
/Users/qingque/Desktop/HaiyueStudio/Native/examples/boxbound/node_modules/@nativescript/canvas/platforms/ios/src/cpp/Helpers.h:210:13: warning: unused function 'SetFastMethod' [-Wunused-function]
  210 | static void SetFastMethod(v8::Local<v8::Context> context,
      |             ^~~~~~~~~~~~~
/Users/qingque/Desktop/HaiyueStudio/Native/examples/boxbound/node_modules/@nativescript/canvas/platforms/ios/src/cpp/Helpers.h:234:13: warning: unused function 'SetFastMethodNoSideEffect' [-Wunused-function]
  234 | static void SetFastMethodNoSideEffect(v8::Local<v8::Context> context,
      |             ^~~~~~~~~~~~~~~~~~~~~~~~~
/Users/qingque/Desktop/HaiyueStudio/Native/examples/boxbound/node_modules/@nativescript/canvas/platforms/ios/src/cpp/Helpers.h:258:13: warning: unused function 'SetFastMethodNoSideEffect' [-Wunused-function]
  258 | static void SetFastMethodNoSideEffect(v8::Isolate *isolate,
      |             ^~~~~~~~~~~~~~~~~~~~~~~~~
30 warnings generated.

CompileC /Users/qingque/Library/Developer/Xcode/DerivedData/boxbound-gmbxpjcvwytnwfabbxjdzhvtcdad/Build/Intermediates.noindex/boxbound.build/Debug-iphoneos/boxbound.build/Objects-normal/arm64/GPUQuerySetImpl.o /Users/qingque/Desktop/HaiyueStudio/Native/examples/boxbound/node_modules/@nativescript/canvas/platforms/ios/src/cpp/webgpu/GPUQuerySetImpl.cpp normal arm64 c++ com.apple.compilers.llvm.clang.1_0.compiler (in target 'boxbound' from project 'boxbound')
    cd /Users/qingque/Desktop/HaiyueStudio/Native/examples/boxbound/platforms/ios
    
    Using response file: /Users/qingque/Library/Developer/Xcode/DerivedData/boxbound-gmbxpjcvwytnwfabbxjdzhvtcdad/Build/Intermediates.noindex/boxbound.build/Debug-iphoneos/boxbound.build/Objects-normal/arm64/82b82416624d2658e5098eb0a28c15c5-common-args.resp
    
    /Applications/Xcode.app/Contents/Developer/Toolchains/XcodeDefault.xctoolchain/usr/bin/clang -x c++ -ivfsstatcache /Users/qingque/Library/Developer/Xcode/DerivedData/SDKStatCaches.noindex/iphoneos26.2-23C57-3794476bd08197c3e2abd9bb477ef7f7.sdkstatcache -fmessage-length\=0 -fdiagnostics-show-note-include-stack -fmacro-backtrace-limit\=0 -fno-color-diagnostics -Wno-trigraphs -Wno-missing-field-initializers -Wno-missing-prototypes -Werror\=return-type -Wunreachable-code -Werror\=deprecated-objc-isa-usage -Werror\=objc-root-class -Wno-non-virtual-dtor -Wno-overloaded-virtual -Wno-exit-time-destructors -Wno-missing-braces -Wparentheses -Wswitch -Wunused-function -Wno-unused-label -Wno-unused-parameter -Wunused-variable -Wunused-value -Wempty-body -Wuninitialized -Wno-unknown-pragmas -Wno-shadow -Wno-four-char-constants -Wno-conversion -Wconstant-conversion -Wint-conversion -Wbool-conversion -Wenum-conversion -Wno-float-conversion -Wnon-literal-null-conversion -Wobjc-literal-conversion -Wshorten-64-to-32 -Wno-newline-eof -Wno-c++11-extensions -Wno-implicit-fallthrough -fstrict-aliasing -Wdeprecated-declarations -Winvalid-offsetof -Wno-sign-conversion -Winfinite-recursion -Wmove -Wcomma -Wblock-capture-autoreleasing -Wstrict-prototypes -Wrange-loop-analysis -Wno-semicolon-before-method-body -index-store-path /Users/qingque/Library/Developer/Xcode/DerivedData/boxbound-gmbxpjcvwytnwfabbxjdzhvtcdad/Index.noindex/DataStore @/Users/qingque/Library/Developer/Xcode/DerivedData/boxbound-gmbxpjcvwytnwfabbxjdzhvtcdad/Build/Intermediates.noindex/boxbound.build/Debug-iphoneos/boxbound.build/Objects-normal/arm64/82b82416624d2658e5098eb0a28c15c5-common-args.resp -include /Users/qingque/Desktop/HaiyueStudio/Native/examples/boxbound/platforms/ios/build/sharedpch/SharedPrecompiledHeaders/17560698271525316586/boxbound-Prefix.pch -MMD -MT dependencies -MF /Users/qingque/Library/Developer/Xcode/DerivedData/boxbound-gmbxpjcvwytnwfabbxjdzhvtcdad/Build/Intermediates.noindex/boxbound.build/Debug-iphoneos/boxbound.build/Objects-normal/arm64/GPUQuerySetImpl.d --serialize-diagnostics /Users/qingque/Library/Developer/Xcode/DerivedData/boxbound-gmbxpjcvwytnwfabbxjdzhvtcdad/Build/Intermediates.noindex/boxbound.build/Debug-iphoneos/boxbound.build/Objects-normal/arm64/GPUQuerySetImpl.dia -c /Users/qingque/Desktop/HaiyueStudio/Native/examples/boxbound/node_modules/@nativescript/canvas/platforms/ios/src/cpp/webgpu/GPUQuerySetImpl.cpp -o /Users/qingque/Library/Developer/Xcode/DerivedData/boxbound-gmbxpjcvwytnwfabbxjdzhvtcdad/Build/Intermediates.noindex/boxbound.build/Debug-iphoneos/boxbound.build/Objects-normal/arm64/GPUQuerySetImpl.o -index-unit-output-path /boxbound.build/Debug-iphoneos/boxbound.build/Objects-normal/arm64/GPUQuerySetImpl.o
In file included from /Users/qingque/Desktop/HaiyueStudio/Native/examples/boxbound/node_modules/@nativescript/canvas/platforms/ios/src/cpp/webgpu/GPUQuerySetImpl.cpp:5:
In file included from /Users/qingque/Desktop/HaiyueStudio/Native/examples/boxbound/node_modules/@nativescript/canvas/platforms/ios/src/cpp/webgpu/GPUQuerySetImpl.h:8:
/Users/qingque/Desktop/HaiyueStudio/Native/examples/boxbound/node_modules/@nativescript/canvas/platforms/ios/src/cpp/Helpers.h:63:13: warning: unused function 'LogToConsole' [-Wunused-function]
   63 | static void LogToConsole(const std::string &message) {
      |             ^~~~~~~~~~~~
/Users/qingque/Desktop/HaiyueStudio/Native/examples/boxbound/node_modules/@nativescript/canvas/platforms/ios/src/cpp/Helpers.h:160:13: warning: unused function 'SetFastMethod' [-Wunused-function]
  160 | static void SetFastMethod(v8::Isolate *isolate,
      |             ^~~~~~~~~~~~~
/Users/qingque/Desktop/HaiyueStudio/Native/examples/boxbound/node_modules/@nativescript/canvas/platforms/ios/src/cpp/Helpers.h:185:13: warning: unused function 'SetFastMethodWithOverLoads' [-Wunused-function]
  185 | static void SetFastMethodWithOverLoads(v8::Isolate *isolate,
      |             ^~~~~~~~~~~~~~~~~~~~~~~~~~
/Users/qingque/Desktop/HaiyueStudio/Native/examples/boxbound/node_modules/@nativescript/canvas/platforms/ios/src/cpp/Helpers.h:210:13: warning: unused function 'SetFastMethod' [-Wunused-function]
  210 | static void SetFastMethod(v8::Local<v8::Context> context,
      |             ^~~~~~~~~~~~~
/Users/qingque/Desktop/HaiyueStudio/Native/examples/boxbound/node_modules/@nativescript/canvas/platforms/ios/src/cpp/Helpers.h:234:13: warning: unused function 'SetFastMethodNoSideEffect' [-Wunused-function]
  234 | static void SetFastMethodNoSideEffect(v8::Local<v8::Context> context,
      |             ^~~~~~~~~~~~~~~~~~~~~~~~~
/Users/qingque/Desktop/HaiyueStudio/Native/examples/boxbound/node_modules/@nativescript/canvas/platforms/ios/src/cpp/Helpers.h:258:13: warning: unused function 'SetFastMethodNoSideEffect' [-Wunused-function]
  258 | static void SetFastMethodNoSideEffect(v8::Isolate *isolate,
      |             ^~~~~~~~~~~~~~~~~~~~~~~~~
6 warnings generated.

CompileC /Users/qingque/Library/Developer/Xcode/DerivedData/boxbound-gmbxpjcvwytnwfabbxjdzhvtcdad/Build/Intermediates.noindex/boxbound.build/Debug-iphoneos/boxbound.build/Objects-normal/arm64/GPUPipelineLayoutImpl.o /Users/qingque/Desktop/HaiyueStudio/Native/examples/boxbound/node_modules/@nativescript/canvas/platforms/ios/src/cpp/webgpu/GPUPipelineLayoutImpl.cpp normal arm64 c++ com.apple.compilers.llvm.clang.1_0.compiler (in target 'boxbound' from project 'boxbound')
    cd /Users/qingque/Desktop/HaiyueStudio/Native/examples/boxbound/platforms/ios
    
    Using response file: /Users/qingque/Library/Developer/Xcode/DerivedData/boxbound-gmbxpjcvwytnwfabbxjdzhvtcdad/Build/Intermediates.noindex/boxbound.build/Debug-iphoneos/boxbound.build/Objects-normal/arm64/82b82416624d2658e5098eb0a28c15c5-common-args.resp
    
    /Applications/Xcode.app/Contents/Developer/Toolchains/XcodeDefault.xctoolchain/usr/bin/clang -x c++ -ivfsstatcache /Users/qingque/Library/Developer/Xcode/DerivedData/SDKStatCaches.noindex/iphoneos26.2-23C57-3794476bd08197c3e2abd9bb477ef7f7.sdkstatcache -fmessage-length\=0 -fdiagnostics-show-note-include-stack -fmacro-backtrace-limit\=0 -fno-color-diagnostics -Wno-trigraphs -Wno-missing-field-initializers -Wno-missing-prototypes -Werror\=return-type -Wunreachable-code -Werror\=deprecated-objc-isa-usage -Werror\=objc-root-class -Wno-non-virtual-dtor -Wno-overloaded-virtual -Wno-exit-time-destructors -Wno-missing-braces -Wparentheses -Wswitch -Wunused-function -Wno-unused-label -Wno-unused-parameter -Wunused-variable -Wunused-value -Wempty-body -Wuninitialized -Wno-unknown-pragmas -Wno-shadow -Wno-four-char-constants -Wno-conversion -Wconstant-conversion -Wint-conversion -Wbool-conversion -Wenum-conversion -Wno-float-conversion -Wnon-literal-null-conversion -Wobjc-literal-conversion -Wshorten-64-to-32 -Wno-newline-eof -Wno-c++11-extensions -Wno-implicit-fallthrough -fstrict-aliasing -Wdeprecated-declarations -Winvalid-offsetof -Wno-sign-conversion -Winfinite-recursion -Wmove -Wcomma -Wblock-capture-autoreleasing -Wstrict-prototypes -Wrange-loop-analysis -Wno-semicolon-before-method-body -index-store-path /Users/qingque/Library/Developer/Xcode/DerivedData/boxbound-gmbxpjcvwytnwfabbxjdzhvtcdad/Index.noindex/DataStore @/Users/qingque/Library/Developer/Xcode/DerivedData/boxbound-gmbxpjcvwytnwfabbxjdzhvtcdad/Build/Intermediates.noindex/boxbound.build/Debug-iphoneos/boxbound.build/Objects-normal/arm64/82b82416624d2658e5098eb0a28c15c5-common-args.resp -include /Users/qingque/Desktop/HaiyueStudio/Native/examples/boxbound/platforms/ios/build/sharedpch/SharedPrecompiledHeaders/17560698271525316586/boxbound-Prefix.pch -MMD -MT dependencies -MF /Users/qingque/Library/Developer/Xcode/DerivedData/boxbound-gmbxpjcvwytnwfabbxjdzhvtcdad/Build/Intermediates.noindex/boxbound.build/Debug-iphoneos/boxbound.build/Objects-normal/arm64/GPUPipelineLayoutImpl.d --serialize-diagnostics /Users/qingque/Library/Developer/Xcode/DerivedData/boxbound-gmbxpjcvwytnwfabbxjdzhvtcdad/Build/Intermediates.noindex/boxbound.build/Debug-iphoneos/boxbound.build/Objects-normal/arm64/GPUPipelineLayoutImpl.dia -c /Users/qingque/Desktop/HaiyueStudio/Native/examples/boxbound/node_modules/@nativescript/canvas/platforms/ios/src/cpp/webgpu/GPUPipelineLayoutImpl.cpp -o /Users/qingque/Library/Developer/Xcode/DerivedData/boxbound-gmbxpjcvwytnwfabbxjdzhvtcdad/Build/Intermediates.noindex/boxbound.build/Debug-iphoneos/boxbound.build/Objects-normal/arm64/GPUPipelineLayoutImpl.o -index-unit-output-path /boxbound.build/Debug-iphoneos/boxbound.build/Objects-normal/arm64/GPUPipelineLayoutImpl.o
In file included from /Users/qingque/Desktop/HaiyueStudio/Native/examples/boxbound/node_modules/@nativescript/canvas/platforms/ios/src/cpp/webgpu/GPUPipelineLayoutImpl.cpp:5:
In file included from /Users/qingque/Desktop/HaiyueStudio/Native/examples/boxbound/node_modules/@nativescript/canvas/platforms/ios/src/cpp/webgpu/GPUPipelineLayoutImpl.h:9:
/Users/qingque/Desktop/HaiyueStudio/Native/examples/boxbound/node_modules/@nativescript/canvas/platforms/ios/src/cpp/Helpers.h:63:13: warning: unused function 'LogToConsole' [-Wunused-function]
   63 | static void LogToConsole(const std::string &message) {
      |             ^~~~~~~~~~~~
/Users/qingque/Desktop/HaiyueStudio/Native/examples/boxbound/node_modules/@nativescript/canvas/platforms/ios/src/cpp/Helpers.h:160:13: warning: unused function 'SetFastMethod' [-Wunused-function]
  160 | static void SetFastMethod(v8::Isolate *isolate,
      |             ^~~~~~~~~~~~~
/Users/qingque/Desktop/HaiyueStudio/Native/examples/boxbound/node_modules/@nativescript/canvas/platforms/ios/src/cpp/Helpers.h:185:13: warning: unused function 'SetFastMethodWithOverLoads' [-Wunused-function]
  185 | static void SetFastMethodWithOverLoads(v8::Isolate *isolate,
      |             ^~~~~~~~~~~~~~~~~~~~~~~~~~
/Users/qingque/Desktop/HaiyueStudio/Native/examples/boxbound/node_modules/@nativescript/canvas/platforms/ios/src/cpp/Helpers.h:210:13: warning: unused function 'SetFastMethod' [-Wunused-function]
  210 | static void SetFastMethod(v8::Local<v8::Context> context,
      |             ^~~~~~~~~~~~~
/Users/qingque/Desktop/HaiyueStudio/Native/examples/boxbound/node_modules/@nativescript/canvas/platforms/ios/src/cpp/Helpers.h:234:13: warning: unused function 'SetFastMethodNoSideEffect' [-Wunused-function]
  234 | static void SetFastMethodNoSideEffect(v8::Local<v8::Context> context,
      |             ^~~~~~~~~~~~~~~~~~~~~~~~~
/Users/qingque/Desktop/HaiyueStudio/Native/examples/boxbound/node_modules/@nativescript/canvas/platforms/ios/src/cpp/Helpers.h:258:13: warning: unused function 'SetFastMethodNoSideEffect' [-Wunused-function]
  258 | static void SetFastMethodNoSideEffect(v8::Isolate *isolate,
      |             ^~~~~~~~~~~~~~~~~~~~~~~~~
6 warnings generated.

CompileC /Users/qingque/Library/Developer/Xcode/DerivedData/boxbound-gmbxpjcvwytnwfabbxjdzhvtcdad/Build/Intermediates.noindex/boxbound.build/Debug-iphoneos/boxbound.build/Objects-normal/arm64/GPUImpl.o /Users/qingque/Desktop/HaiyueStudio/Native/examples/boxbound/node_modules/@nativescript/canvas/platforms/ios/src/cpp/webgpu/GPUImpl.cpp normal arm64 c++ com.apple.compilers.llvm.clang.1_0.compiler (in target 'boxbound' from project 'boxbound')
    cd /Users/qingque/Desktop/HaiyueStudio/Native/examples/boxbound/platforms/ios
    
    Using response file: /Users/qingque/Library/Developer/Xcode/DerivedData/boxbound-gmbxpjcvwytnwfabbxjdzhvtcdad/Build/Intermediates.noindex/boxbound.build/Debug-iphoneos/boxbound.build/Objects-normal/arm64/82b82416624d2658e5098eb0a28c15c5-common-args.resp
    
    /Applications/Xcode.app/Contents/Developer/Toolchains/XcodeDefault.xctoolchain/usr/bin/clang -x c++ -ivfsstatcache /Users/qingque/Library/Developer/Xcode/DerivedData/SDKStatCaches.noindex/iphoneos26.2-23C57-3794476bd08197c3e2abd9bb477ef7f7.sdkstatcache -fmessage-length\=0 -fdiagnostics-show-note-include-stack -fmacro-backtrace-limit\=0 -fno-color-diagnostics -Wno-trigraphs -Wno-missing-field-initializers -Wno-missing-prototypes -Werror\=return-type -Wunreachable-code -Werror\=deprecated-objc-isa-usage -Werror\=objc-root-class -Wno-non-virtual-dtor -Wno-overloaded-virtual -Wno-exit-time-destructors -Wno-missing-braces -Wparentheses -Wswitch -Wunused-function -Wno-unused-label -Wno-unused-parameter -Wunused-variable -Wunused-value -Wempty-body -Wuninitialized -Wno-unknown-pragmas -Wno-shadow -Wno-four-char-constants -Wno-conversion -Wconstant-conversion -Wint-conversion -Wbool-conversion -Wenum-conversion -Wno-float-conversion -Wnon-literal-null-conversion -Wobjc-literal-conversion -Wshorten-64-to-32 -Wno-newline-eof -Wno-c++11-extensions -Wno-implicit-fallthrough -fstrict-aliasing -Wdeprecated-declarations -Winvalid-offsetof -Wno-sign-conversion -Winfinite-recursion -Wmove -Wcomma -Wblock-capture-autoreleasing -Wstrict-prototypes -Wrange-loop-analysis -Wno-semicolon-before-method-body -index-store-path /Users/qingque/Library/Developer/Xcode/DerivedData/boxbound-gmbxpjcvwytnwfabbxjdzhvtcdad/Index.noindex/DataStore @/Users/qingque/Library/Developer/Xcode/DerivedData/boxbound-gmbxpjcvwytnwfabbxjdzhvtcdad/Build/Intermediates.noindex/boxbound.build/Debug-iphoneos/boxbound.build/Objects-normal/arm64/82b82416624d2658e5098eb0a28c15c5-common-args.resp -include /Users/qingque/Desktop/HaiyueStudio/Native/examples/boxbound/platforms/ios/build/sharedpch/SharedPrecompiledHeaders/17560698271525316586/boxbound-Prefix.pch -MMD -MT dependencies -MF /Users/qingque/Library/Developer/Xcode/DerivedData/boxbound-gmbxpjcvwytnwfabbxjdzhvtcdad/Build/Intermediates.noindex/boxbound.build/Debug-iphoneos/boxbound.build/Objects-normal/arm64/GPUImpl.d --serialize-diagnostics /Users/qingque/Library/Developer/Xcode/DerivedData/boxbound-gmbxpjcvwytnwfabbxjdzhvtcdad/Build/Intermediates.noindex/boxbound.build/Debug-iphoneos/boxbound.build/Objects-normal/arm64/GPUImpl.dia -c /Users/qingque/Desktop/HaiyueStudio/Native/examples/boxbound/node_modules/@nativescript/canvas/platforms/ios/src/cpp/webgpu/GPUImpl.cpp -o /Users/qingque/Library/Developer/Xcode/DerivedData/boxbound-gmbxpjcvwytnwfabbxjdzhvtcdad/Build/Intermediates.noindex/boxbound.build/Debug-iphoneos/boxbound.build/Objects-normal/arm64/GPUImpl.o -index-unit-output-path /boxbound.build/Debug-iphoneos/boxbound.build/Objects-normal/arm64/GPUImpl.o
/Users/qingque/Desktop/HaiyueStudio/Native/examples/boxbound/node_modules/@nativescript/canvas/platforms/ios/src/cpp/webgpu/GPUImpl.cpp:86:9: warning: ignoring return value of function declared with 'warn_unused_result' attribute [-Wunused-result]
   86 |         args[1].As<v8::Function>()->Call(context, context->Global(), 0, nullptr);
      |         ^~~~~~~~~~~~~~~~~~~~~~~~~~~~~~~~ ~~~~~~~~~~~~~~~~~~~~~~~~~~~~~~~~~~~~~~
/Users/qingque/Desktop/HaiyueStudio/Native/examples/boxbound/node_modules/@nativescript/canvas/platforms/ios/src/cpp/webgpu/GPUImpl.cpp:100:9: warning: ignoring return value of function declared with 'warn_unused_result' attribute [-Wunused-result]
  100 |         options->Get(context, ConvertToV8String(isolate, "powerPreference")).ToLocal(&ppValue);
      |         ^~~~~~~~~~~~~~~~~~~~~~~~~~~~~~~~~~~~~~~~~~~~~~~~~~~~~~~~~~~~~~~~~~~~~~~~~~~~ ~~~~~~~~
/Users/qingque/Desktop/HaiyueStudio/Native/examples/boxbound/node_modules/@nativescript/canvas/platforms/ios/src/cpp/webgpu/GPUImpl.cpp:117:9: warning: ignoring return value of function declared with 'warn_unused_result' attribute [-Wunused-result]
  117 |         options->Get(context, ConvertToV8String(isolate, "forceFallbackAdapter")).ToLocal(
      |         ^~~~~~~~~~~~~~~~~~~~~~~~~~~~~~~~~~~~~~~~~~~~~~~~~~~~~~~~~~~~~~~~~~~~~~~~~~~~~~~~~
  118 |                 &forceFallbackValue);
      |                 ~~~~~~~~~~~~~~~~~~~
/Users/qingque/Desktop/HaiyueStudio/Native/examples/boxbound/node_modules/@nativescript/canvas/platforms/ios/src/cpp/webgpu/GPUImpl.cpp:122:9: warning: ignoring return value of function declared with 'warn_unused_result' attribute [-Wunused-result]
  122 |         options->Get(context, ConvertToV8String(isolate, "featureLevel")).ToLocal(
      |         ^~~~~~~~~~~~~~~~~~~~~~~~~~~~~~~~~~~~~~~~~~~~~~~~~~~~~~~~~~~~~~~~~~~~~~~~~
  123 |                 &featureLevelValue);
      |                 ~~~~~~~~~~~~~~~~~~
/Users/qingque/Desktop/HaiyueStudio/Native/examples/boxbound/node_modules/@nativescript/canvas/platforms/ios/src/cpp/webgpu/GPUImpl.cpp:167:29: warning: ignoring return value of function declared with 'warn_unused_result' attribute [-Wunused-result]
  167 |                             callback->Call(context, context->Global(),
      |                             ^~~~~~~~~~~~~~ ~~~~~~~~~~~~~~~~~~~~~~~~~~~
  168 |                                            2,
      |                                            ~~
  169 |                                            args);  // ignore JS return value
      |                                            ~~~~
/Users/qingque/Desktop/HaiyueStudio/Native/examples/boxbound/node_modules/@nativescript/canvas/platforms/ios/src/cpp/webgpu/GPUImpl.cpp:177:29: warning: ignoring return value of function declared with 'warn_unused_result' attribute [-Wunused-result]
  177 |                             callback->Call(context, context->Global(),
      |                             ^~~~~~~~~~~~~~ ~~~~~~~~~~~~~~~~~~~~~~~~~~~
  178 |                                            1,
      |                                            ~~
  179 |                                            args);  // ignore JS return value
      |                                            ~~~~
In file included from /Users/qingque/Desktop/HaiyueStudio/Native/examples/boxbound/node_modules/@nativescript/canvas/platforms/ios/src/cpp/webgpu/GPUImpl.cpp:5:
In file included from /Users/qingque/Desktop/HaiyueStudio/Native/examples/boxbound/node_modules/@nativescript/canvas/platforms/ios/src/cpp/webgpu/GPUImpl.h:9:
/Users/qingque/Desktop/HaiyueStudio/Native/examples/boxbound/node_modules/@nativescript/canvas/platforms/ios/src/cpp/Helpers.h:63:13: warning: unused function 'LogToConsole' [-Wunused-function]
   63 | static void LogToConsole(const std::string &message) {
      |             ^~~~~~~~~~~~
/Users/qingque/Desktop/HaiyueStudio/Native/examples/boxbound/node_modules/@nativescript/canvas/platforms/ios/src/cpp/Helpers.h:160:13: warning: unused function 'SetFastMethod' [-Wunused-function]
  160 | static void SetFastMethod(v8::Isolate *isolate,
      |             ^~~~~~~~~~~~~
/Users/qingque/Desktop/HaiyueStudio/Native/examples/boxbound/node_modules/@nativescript/canvas/platforms/ios/src/cpp/Helpers.h:185:13: warning: unused function 'SetFastMethodWithOverLoads' [-Wunused-function]
  185 | static void SetFastMethodWithOverLoads(v8::Isolate *isolate,
      |             ^~~~~~~~~~~~~~~~~~~~~~~~~~
/Users/qingque/Desktop/HaiyueStudio/Native/examples/boxbound/node_modules/@nativescript/canvas/platforms/ios/src/cpp/Helpers.h:210:13: warning: unused function 'SetFastMethod' [-Wunused-function]
  210 | static void SetFastMethod(v8::Local<v8::Context> context,
      |             ^~~~~~~~~~~~~
/Users/qingque/Desktop/HaiyueStudio/Native/examples/boxbound/node_modules/@nativescript/canvas/platforms/ios/src/cpp/Helpers.h:234:13: warning: unused function 'SetFastMethodNoSideEffect' [-Wunused-function]
  234 | static void SetFastMethodNoSideEffect(v8::Local<v8::Context> context,
      |             ^~~~~~~~~~~~~~~~~~~~~~~~~
/Users/qingque/Desktop/HaiyueStudio/Native/examples/boxbound/node_modules/@nativescript/canvas/platforms/ios/src/cpp/Helpers.h:258:13: warning: unused function 'SetFastMethodNoSideEffect' [-Wunused-function]
  258 | static void SetFastMethodNoSideEffect(v8::Isolate *isolate,
      |             ^~~~~~~~~~~~~~~~~~~~~~~~~
12 warnings generated.

CompileC /Users/qingque/Library/Developer/Xcode/DerivedData/boxbound-gmbxpjcvwytnwfabbxjdzhvtcdad/Build/Intermediates.noindex/boxbound.build/Debug-iphoneos/boxbound.build/Objects-normal/arm64/GPUDeviceImpl.o /Users/qingque/Desktop/HaiyueStudio/Native/examples/boxbound/node_modules/@nativescript/canvas/platforms/ios/src/cpp/webgpu/GPUDeviceImpl.cpp normal arm64 c++ com.apple.compilers.llvm.clang.1_0.compiler (in target 'boxbound' from project 'boxbound')
    cd /Users/qingque/Desktop/HaiyueStudio/Native/examples/boxbound/platforms/ios
    
    Using response file: /Users/qingque/Library/Developer/Xcode/DerivedData/boxbound-gmbxpjcvwytnwfabbxjdzhvtcdad/Build/Intermediates.noindex/boxbound.build/Debug-iphoneos/boxbound.build/Objects-normal/arm64/82b82416624d2658e5098eb0a28c15c5-common-args.resp
    
    /Applications/Xcode.app/Contents/Developer/Toolchains/XcodeDefault.xctoolchain/usr/bin/clang -x c++ -ivfsstatcache /Users/qingque/Library/Developer/Xcode/DerivedData/SDKStatCaches.noindex/iphoneos26.2-23C57-3794476bd08197c3e2abd9bb477ef7f7.sdkstatcache -fmessage-length\=0 -fdiagnostics-show-note-include-stack -fmacro-backtrace-limit\=0 -fno-color-diagnostics -Wno-trigraphs -Wno-missing-field-initializers -Wno-missing-prototypes -Werror\=return-type -Wunreachable-code -Werror\=deprecated-objc-isa-usage -Werror\=objc-root-class -Wno-non-virtual-dtor -Wno-overloaded-virtual -Wno-exit-time-destructors -Wno-missing-braces -Wparentheses -Wswitch -Wunused-function -Wno-unused-label -Wno-unused-parameter -Wunused-variable -Wunused-value -Wempty-body -Wuninitialized -Wno-unknown-pragmas -Wno-shadow -Wno-four-char-constants -Wno-conversion -Wconstant-conversion -Wint-conversion -Wbool-conversion -Wenum-conversion -Wno-float-conversion -Wnon-literal-null-conversion -Wobjc-literal-conversion -Wshorten-64-to-32 -Wno-newline-eof -Wno-c++11-extensions -Wno-implicit-fallthrough -fstrict-aliasing -Wdeprecated-declarations -Winvalid-offsetof -Wno-sign-conversion -Winfinite-recursion -Wmove -Wcomma -Wblock-capture-autoreleasing -Wstrict-prototypes -Wrange-loop-analysis -Wno-semicolon-before-method-body -index-store-path /Users/qingque/Library/Developer/Xcode/DerivedData/boxbound-gmbxpjcvwytnwfabbxjdzhvtcdad/Index.noindex/DataStore @/Users/qingque/Library/Developer/Xcode/DerivedData/boxbound-gmbxpjcvwytnwfabbxjdzhvtcdad/Build/Intermediates.noindex/boxbound.build/Debug-iphoneos/boxbound.build/Objects-normal/arm64/82b82416624d2658e5098eb0a28c15c5-common-args.resp -include /Users/qingque/Desktop/HaiyueStudio/Native/examples/boxbound/platforms/ios/build/sharedpch/SharedPrecompiledHeaders/17560698271525316586/boxbound-Prefix.pch -MMD -MT dependencies -MF /Users/qingque/Library/Developer/Xcode/DerivedData/boxbound-gmbxpjcvwytnwfabbxjdzhvtcdad/Build/Intermediates.noindex/boxbound.build/Debug-iphoneos/boxbound.build/Objects-normal/arm64/GPUDeviceImpl.d --serialize-diagnostics /Users/qingque/Library/Developer/Xcode/DerivedData/boxbound-gmbxpjcvwytnwfabbxjdzhvtcdad/Build/Intermediates.noindex/boxbound.build/Debug-iphoneos/boxbound.build/Objects-normal/arm64/GPUDeviceImpl.dia -c /Users/qingque/Desktop/HaiyueStudio/Native/examples/boxbound/node_modules/@nativescript/canvas/platforms/ios/src/cpp/webgpu/GPUDeviceImpl.cpp -o /Users/qingque/Library/Developer/Xcode/DerivedData/boxbound-gmbxpjcvwytnwfabbxjdzhvtcdad/Build/Intermediates.noindex/boxbound.build/Debug-iphoneos/boxbound.build/Objects-normal/arm64/GPUDeviceImpl.o -index-unit-output-path /boxbound.build/Debug-iphoneos/boxbound.build/Objects-normal/arm64/GPUDeviceImpl.o
In file included from /Users/qingque/Desktop/HaiyueStudio/Native/examples/boxbound/node_modules/@nativescript/canvas/platforms/ios/src/cpp/webgpu/GPUDeviceImpl.cpp:8:
In file included from /Users/qingque/Desktop/HaiyueStudio/Native/examples/boxbound/node_modules/@nativescript/canvas/platforms/ios/src/cpp/webgpu/GPUQueueImpl.h:12:
/Users/qingque/Desktop/HaiyueStudio/Native/examples/boxbound/node_modules/@nativescript/canvas/platforms/ios/src/cpp/webgpu/GPUUtils.h:61:13: warning: ignoring return value of function declared with 'warn_unused_result' attribute [-Wunused-result]
   61 |             entriesArray->Get(context, i).ToLocal(&entryVal);
      |             ^~~~~~~~~~~~~~~~~~~~~~~~~~~~~~~~~~~~~ ~~~~~~~~~
/Users/qingque/Desktop/HaiyueStudio/Native/examples/boxbound/node_modules/@nativescript/canvas/platforms/ios/src/cpp/webgpu/GPUUtils.h:68:17: warning: ignoring return value of function declared with 'warn_unused_result' attribute [-Wunused-result]
   68 |                 entryObj->Get(context, ConvertToV8String(isolate, "resource")).ToLocal(
      |                 ^~~~~~~~~~~~~~~~~~~~~~~~~~~~~~~~~~~~~~~~~~~~~~~~~~~~~~~~~~~~~~~~~~~~~~
   69 |                         &resourceVal);
      |                         ~~~~~~~~~~~~
/Users/qingque/Desktop/HaiyueStudio/Native/examples/boxbound/node_modules/@nativescript/canvas/platforms/ios/src/cpp/webgpu/GPUUtils.h:102:29: warning: ignoring return value of function declared with 'warn_unused_result' attribute [-Wunused-result]
  102 |                             resourceObj->Get(context,
      |                             ^~~~~~~~~~~~~~~~~~~~~~~~~
  103 |                                              ConvertToV8String(isolate, "buffer")).ToLocal(
      |                                              ~~~~~~~~~~~~~~~~~~~~~~~~~~~~~~~~~~~~~~~~~~~~~
  104 |                                     &bufferVal);
      |                                     ~~~~~~~~~~
/Users/qingque/Desktop/HaiyueStudio/Native/examples/boxbound/node_modules/@nativescript/canvas/platforms/ios/src/cpp/webgpu/GPUUtils.h:117:37: warning: ignoring return value of function declared with 'warn_unused_result' attribute [-Wunused-result]
  117 |                                     resourceObj->Get(context,
      |                                     ^~~~~~~~~~~~~~~~~~~~~~~~~
  118 |                                                      ConvertToV8String(isolate,
      |                                                      ~~~~~~~~~~~~~~~~~~~~~~~~~~
  119 |                                                                        "offset")).ToLocal(
      |                                                                        ~~~~~~~~~~~~~~~~~~
  120 |                                             &offsetVal);
      |                                             ~~~~~~~~~~
/Users/qingque/Desktop/HaiyueStudio/Native/examples/boxbound/node_modules/@nativescript/canvas/platforms/ios/src/cpp/webgpu/GPUUtils.h:129:37: warning: ignoring return value of function declared with 'warn_unused_result' attribute [-Wunused-result]
  129 |                                     resourceObj->Get(context,
      |                                     ^~~~~~~~~~~~~~~~~~~~~~~~~
  130 |                                                      ConvertToV8String(isolate,
      |                                                      ~~~~~~~~~~~~~~~~~~~~~~~~~~
  131 |                                                                        "size")).ToLocal(
      |                                                                        ~~~~~~~~~~~~~~~~
  132 |                                             &sizeVal);
      |                                             ~~~~~~~~
/Users/qingque/Desktop/HaiyueStudio/Native/examples/boxbound/node_modules/@nativescript/canvas/platforms/ios/src/cpp/webgpu/GPUUtils.h:168:13: warning: ignoring return value of function declared with 'warn_unused_result' attribute [-Wunused-result]
  168 |             entriesArray->Get(context, i).ToLocal(&entryVal);
      |             ^~~~~~~~~~~~~~~~~~~~~~~~~~~~~~~~~~~~~ ~~~~~~~~~
/Users/qingque/Desktop/HaiyueStudio/Native/examples/boxbound/node_modules/@nativescript/canvas/platforms/ios/src/cpp/webgpu/GPUUtils.h:183:17: warning: ignoring return value of function declared with 'warn_unused_result' attribute [-Wunused-result]
  183 |                 entryObj->Get(context, ConvertToV8String(isolate, "buffer")).ToLocal(
      |                 ^~~~~~~~~~~~~~~~~~~~~~~~~~~~~~~~~~~~~~~~~~~~~~~~~~~~~~~~~~~~~~~~~~~~
  184 |                         &bufferVal);
      |                         ~~~~~~~~~~
/Users/qingque/Desktop/HaiyueStudio/Native/examples/boxbound/node_modules/@nativescript/canvas/platforms/ios/src/cpp/webgpu/GPUUtils.h:189:21: warning: ignoring return value of function declared with 'warn_unused_result' attribute [-Wunused-result]
  189 |                     bufferObj->Get(context, ConvertToV8String(isolate, "type")).ToLocal(
      |                     ^~~~~~~~~~~~~~~~~~~~~~~~~~~~~~~~~~~~~~~~~~~~~~~~~~~~~~~~~~~~~~~~~~~
  190 |                             &bufferType);
      |                             ~~~~~~~~~~~
/Users/qingque/Desktop/HaiyueStudio/Native/examples/boxbound/node_modules/@nativescript/canvas/platforms/ios/src/cpp/webgpu/GPUUtils.h:208:21: warning: ignoring return value of function declared with 'warn_unused_result' attribute [-Wunused-result]
  208 |                     bufferObj->Get(context,
      |                     ^~~~~~~~~~~~~~~~~~~~~~~
  209 |                                    ConvertToV8String(isolate, "hasDynamicOffset")).ToLocal(
      |                                    ~~~~~~~~~~~~~~~~~~~~~~~~~~~~~~~~~~~~~~~~~~~~~~~~~~~~~~~
  210 |                             &hasDynamicOffsetVal);
      |                             ~~~~~~~~~~~~~~~~~~~~
/Users/qingque/Desktop/HaiyueStudio/Native/examples/boxbound/node_modules/@nativescript/canvas/platforms/ios/src/cpp/webgpu/GPUUtils.h:220:21: warning: ignoring return value of function declared with 'warn_unused_result' attribute [-Wunused-result]
  220 |                     bufferObj->Get(context,
      |                     ^~~~~~~~~~~~~~~~~~~~~~~
  221 |                                    ConvertToV8String(isolate, "minBindingSize")).ToLocal(
      |                                    ~~~~~~~~~~~~~~~~~~~~~~~~~~~~~~~~~~~~~~~~~~~~~~~~~~~~~
  222 |                             &minBindingSizeVal);
      |                             ~~~~~~~~~~~~~~~~~~
/Users/qingque/Desktop/HaiyueStudio/Native/examples/boxbound/node_modules/@nativescript/canvas/platforms/ios/src/cpp/webgpu/GPUUtils.h:252:17: warning: ignoring return value of function declared with 'warn_unused_result' attribute [-Wunused-result]
  252 |                 entryObj->Get(context, ConvertToV8String(isolate, "externalTexture")).ToLocal(
      |                 ^~~~~~~~~~~~~~~~~~~~~~~~~~~~~~~~~~~~~~~~~~~~~~~~~~~~~~~~~~~~~~~~~~~~~~~~~~~~~
  253 |                         &externalTextureVal);
      |                         ~~~~~~~~~~~~~~~~~~~
/Users/qingque/Desktop/HaiyueStudio/Native/examples/boxbound/node_modules/@nativescript/canvas/platforms/ios/src/cpp/webgpu/GPUUtils.h:278:17: warning: ignoring return value of function declared with 'warn_unused_result' attribute [-Wunused-result]
  278 |                 entryObj->Get(context, ConvertToV8String(isolate, "sampler")).ToLocal(
      |                 ^~~~~~~~~~~~~~~~~~~~~~~~~~~~~~~~~~~~~~~~~~~~~~~~~~~~~~~~~~~~~~~~~~~~~
  279 |                         &samplerVal);
      |                         ~~~~~~~~~~~
/Users/qingque/Desktop/HaiyueStudio/Native/examples/boxbound/node_modules/@nativescript/canvas/platforms/ios/src/cpp/webgpu/GPUUtils.h:284:21: warning: ignoring return value of function declared with 'warn_unused_result' attribute [-Wunused-result]
  284 |                     samplerObj->Get(context, ConvertToV8String(isolate, "type")).ToLocal(
      |                     ^~~~~~~~~~~~~~~~~~~~~~~~~~~~~~~~~~~~~~~~~~~~~~~~~~~~~~~~~~~~~~~~~~~~
  285 |                             &samplerType);
      |                             ~~~~~~~~~~~~
/Users/qingque/Desktop/HaiyueStudio/Native/examples/boxbound/node_modules/@nativescript/canvas/platforms/ios/src/cpp/webgpu/GPUUtils.h:324:17: warning: ignoring return value of function declared with 'warn_unused_result' attribute [-Wunused-result]
  324 |                 entryObj->Get(context, ConvertToV8String(isolate, "storageTexture")).ToLocal(
      |                 ^~~~~~~~~~~~~~~~~~~~~~~~~~~~~~~~~~~~~~~~~~~~~~~~~~~~~~~~~~~~~~~~~~~~~~~~~~~~
  325 |                         &storageTextureVal);
      |                         ~~~~~~~~~~~~~~~~~~
/Users/qingque/Desktop/HaiyueStudio/Native/examples/boxbound/node_modules/@nativescript/canvas/platforms/ios/src/cpp/webgpu/GPUUtils.h:338:21: warning: ignoring return value of function declared with 'warn_unused_result' attribute [-Wunused-result]
  338 |                     storageTextureObj->Get(context,
      |                     ^~~~~~~~~~~~~~~~~~~~~~~~~~~~~~~
  339 |                                            ConvertToV8String(isolate, "access")).ToLocal(
      |                                            ~~~~~~~~~~~~~~~~~~~~~~~~~~~~~~~~~~~~~~~~~~~~~
  340 |                             &accessVal);
      |                             ~~~~~~~~~~
/Users/qingque/Desktop/HaiyueStudio/Native/examples/boxbound/node_modules/@nativescript/canvas/platforms/ios/src/cpp/webgpu/GPUUtils.h:361:21: warning: ignoring return value of function declared with 'warn_unused_result' attribute [-Wunused-result]
  361 |                     storageTextureObj->Get(context,
      |                     ^~~~~~~~~~~~~~~~~~~~~~~~~~~~~~~
  362 |                                            ConvertToV8String(isolate, "viewDimension")).ToLocal(
      |                                            ~~~~~~~~~~~~~~~~~~~~~~~~~~~~~~~~~~~~~~~~~~~~~~~~~~~~
  363 |                             &viewDimensionVal);
      |                             ~~~~~~~~~~~~~~~~~
/Users/qingque/Desktop/HaiyueStudio/Native/examples/boxbound/node_modules/@nativescript/canvas/platforms/ios/src/cpp/webgpu/GPUUtils.h:386:21: warning: ignoring return value of function declared with 'warn_unused_result' attribute [-Wunused-result]
  386 |                     storageTextureObj->Get(context,
      |                     ^~~~~~~~~~~~~~~~~~~~~~~~~~~~~~~
  387 |                                            ConvertToV8String(isolate, "format")).ToLocal(
      |                                            ~~~~~~~~~~~~~~~~~~~~~~~~~~~~~~~~~~~~~~~~~~~~~
  388 |                             &formatVal);
      |                             ~~~~~~~~~~
/Users/qingque/Desktop/HaiyueStudio/Native/examples/boxbound/node_modules/@nativescript/canvas/platforms/ios/src/cpp/webgpu/GPUUtils.h:424:17: warning: ignoring return value of function declared with 'warn_unused_result' attribute [-Wunused-result]
  424 |                 entryObj->Get(context, ConvertToV8String(isolate, "texture")).ToLocal(
      |                 ^~~~~~~~~~~~~~~~~~~~~~~~~~~~~~~~~~~~~~~~~~~~~~~~~~~~~~~~~~~~~~~~~~~~~
  425 |                         &textureVal);
      |                         ~~~~~~~~~~~
/Users/qingque/Desktop/HaiyueStudio/Native/examples/boxbound/node_modules/@nativescript/canvas/platforms/ios/src/cpp/webgpu/GPUUtils.h:433:21: warning: ignoring return value of function declared with 'warn_unused_result' attribute [-Wunused-result]
  433 |                     textureObj->Get(context,
      |                     ^~~~~~~~~~~~~~~~~~~~~~~~
  434 |                                     ConvertToV8String(isolate, "multisampled")).ToLocal(
      |                                     ~~~~~~~~~~~~~~~~~~~~~~~~~~~~~~~~~~~~~~~~~~~~~~~~~~~
  435 |                             &multisampledVal);
      |                             ~~~~~~~~~~~~~~~~
/Users/qingque/Desktop/HaiyueStudio/Native/examples/boxbound/node_modules/@nativescript/canvas/platforms/ios/src/cpp/webgpu/GPUUtils.h:443:21: warning: ignoring return value of function declared with 'warn_unused_result' attribute [-Wunused-result]
  443 |                     textureObj->Get(context, ConvertToV8String(isolate, "sampleType")).ToLocal(
      |                     ^~~~~~~~~~~~~~~~~~~~~~~~~~~~~~~~~~~~~~~~~~~~~~~~~~~~~~~~~~~~~~~~~~~~~~~~~~
  444 |                             &sampleTypeVal);
      |                             ~~~~~~~~~~~~~~
/Users/qingque/Desktop/HaiyueStudio/Native/examples/boxbound/node_modules/@nativescript/canvas/platforms/ios/src/cpp/webgpu/GPUUtils.h:469:21: warning: ignoring return value of function declared with 'warn_unused_result' attribute [-Wunused-result]
  469 |                     textureObj->Get(context,
      |                     ^~~~~~~~~~~~~~~~~~~~~~~~
  470 |                                     ConvertToV8String(isolate, "viewDimension")).ToLocal(
      |                                     ~~~~~~~~~~~~~~~~~~~~~~~~~~~~~~~~~~~~~~~~~~~~~~~~~~~~
  471 |                             &viewDimensionVal);
      |                             ~~~~~~~~~~~~~~~~~
/Users/qingque/Desktop/HaiyueStudio/Native/examples/boxbound/node_modules/@nativescript/canvas/platforms/ios/src/cpp/webgpu/GPUDeviceImpl.cpp:256:67: warning: ignoring return value of function declared with 'warn_unused_result' attribute [-Wunused-result]
  256 |                                                                   callback->Call(context,
      |                                                                   ^~~~~~~~~~~~~~ ~~~~~~~~
  257 |                                                                                  context->Global(),
      |                                                                                  ~~~~~~~~~~~~~~~~~~
  258 |                                                                                  2, args);
      |                                                                                  ~~~~~~~
/Users/qingque/Desktop/HaiyueStudio/Native/examples/boxbound/node_modules/@nativescript/canvas/platforms/ios/src/cpp/webgpu/GPUDeviceImpl.cpp:286:17: warning: ignoring return value of function declared with 'warn_unused_result' attribute [-Wunused-result]
  286 |                 set->Add(context, keyValue);
      |                 ^~~~~~~~ ~~~~~~~~~~~~~~~~~
/Users/qingque/Desktop/HaiyueStudio/Native/examples/boxbound/node_modules/@nativescript/canvas/platforms/ios/src/cpp/webgpu/GPUDeviceImpl.cpp:376:37: warning: ignoring return value of function declared with 'warn_unused_result' attribute [-Wunused-result]
  376 |                                     ret->Set(context,
      |                                     ^~~~~~~~ ~~~~~~~~
  377 |                                              ConvertToV8String(
      |                                              ~~~~~~~~~~~~~~~~~~
  378 |                                                      isolate,
      |                                                      ~~~~~~~~
  379 |                                                      "message"),
      |                                                      ~~~~~~~~~~~
  380 |                                              ConvertToV8String(
      |                                              ~~~~~~~~~~~~~~~~~~
  381 |                                                      isolate,
      |                                                      ~~~~~~~~
  382 |                                                      lostData->message));
      |                                                      ~~~~~~~~~~~~~~~~~~
/Users/qingque/Desktop/HaiyueStudio/Native/examples/boxbound/node_modules/@nativescript/canvas/platforms/ios/src/cpp/webgpu/GPUDeviceImpl.cpp:394:33: warning: ignoring return value of function declared with 'warn_unused_result' attribute [-Wunused-result]
  394 |                                 ret->Set(context,
      |                                 ^~~~~~~~ ~~~~~~~~
  395 |                                          ConvertToV8String(
      |                                          ~~~~~~~~~~~~~~~~~~
  396 |                                                  isolate,
      |                                                  ~~~~~~~~
  397 |                                                  "message"),
      |                                                  ~~~~~~~~~~~
  398 |                                          v8::String::Empty(
      |                                          ~~~~~~~~~~~~~~~~~~
  399 |                                                  isolate));
      |                                                  ~~~~~~~~
/Users/qingque/Desktop/HaiyueStudio/Native/examples/boxbound/node_modules/@nativescript/canvas/platforms/ios/src/cpp/webgpu/GPUDeviceImpl.cpp:402:29: warning: ignoring return value of function declared with 'warn_unused_result' attribute [-Wunused-result]
  402 |                             callback->Resolve(context, ret);
      |                             ^~~~~~~~~~~~~~~~~ ~~~~~~~~~~~~
/Users/qingque/Desktop/HaiyueStudio/Native/examples/boxbound/node_modules/@nativescript/canvas/platforms/ios/src/cpp/webgpu/GPUDeviceImpl.cpp:445:9: warning: ignoring return value of function declared with 'warn_unused_result' attribute [-Wunused-result]
  445 |         options->Get(context, ConvertToV8String(isolate, "label")).ToLocal(&labelVal);
      |         ^~~~~~~~~~~~~~~~~~~~~~~~~~~~~~~~~~~~~~~~~~~~~~~~~~~~~~~~~~~~~~~~~~ ~~~~~~~~~
/Users/qingque/Desktop/HaiyueStudio/Native/examples/boxbound/node_modules/@nativescript/canvas/platforms/ios/src/cpp/webgpu/GPUDeviceImpl.cpp:453:9: warning: ignoring return value of function declared with 'warn_unused_result' attribute [-Wunused-result]
  453 |         options->Get(context, ConvertToV8String(isolate, "layout")).ToLocal(&layoutVal);
      |         ^~~~~~~~~~~~~~~~~~~~~~~~~~~~~~~~~~~~~~~~~~~~~~~~~~~~~~~~~~~~~~~~~~~ ~~~~~~~~~~
/Users/qingque/Desktop/HaiyueStudio/Native/examples/boxbound/node_modules/@nativescript/canvas/platforms/ios/src/cpp/webgpu/GPUDeviceImpl.cpp:465:9: warning: ignoring return value of function declared with 'warn_unused_result' attribute [-Wunused-result]
  465 |         options->Get(context, ConvertToV8String(isolate, "entries")).ToLocal(&entriesVal);
      |         ^~~~~~~~~~~~~~~~~~~~~~~~~~~~~~~~~~~~~~~~~~~~~~~~~~~~~~~~~~~~~~~~~~~~ ~~~~~~~~~~~
/Users/qingque/Desktop/HaiyueStudio/Native/examples/boxbound/node_modules/@nativescript/canvas/platforms/ios/src/cpp/webgpu/GPUDeviceImpl.cpp:498:9: warning: ignoring return value of function declared with 'warn_unused_result' attribute [-Wunused-result]
  498 |         options->Get(context, ConvertToV8String(isolate, "label")).ToLocal(&labelVal);
      |         ^~~~~~~~~~~~~~~~~~~~~~~~~~~~~~~~~~~~~~~~~~~~~~~~~~~~~~~~~~~~~~~~~~ ~~~~~~~~~
/Users/qingque/Desktop/HaiyueStudio/Native/examples/boxbound/node_modules/@nativescript/canvas/platforms/ios/src/cpp/webgpu/GPUDeviceImpl.cpp:503:9: warning: ignoring return value of function declared with 'warn_unused_result' attribute [-Wunused-result]
  503 |         options->Get(context, ConvertToV8String(isolate, "entries")).ToLocal(&entriesVal);
      |         ^~~~~~~~~~~~~~~~~~~~~~~~~~~~~~~~~~~~~~~~~~~~~~~~~~~~~~~~~~~~~~~~~~~~ ~~~~~~~~~~~
/Users/qingque/Desktop/HaiyueStudio/Native/examples/boxbound/node_modules/@nativescript/canvas/platforms/ios/src/cpp/webgpu/GPUDeviceImpl.cpp:541:9: warning: ignoring return value of function declared with 'warn_unused_result' attribute [-Wunused-result]
  541 |         options->Get(context, ConvertToV8String(isolate, "label")).ToLocal(&labelVal);
      |         ^~~~~~~~~~~~~~~~~~~~~~~~~~~~~~~~~~~~~~~~~~~~~~~~~~~~~~~~~~~~~~~~~~ ~~~~~~~~~
/Users/qingque/Desktop/HaiyueStudio/Native/examples/boxbound/node_modules/@nativescript/canvas/platforms/ios/src/cpp/webgpu/GPUDeviceImpl.cpp:546:9: warning: ignoring return value of function declared with 'warn_unused_result' attribute [-Wunused-result]
  546 |         options->Get(context, ConvertToV8String(isolate, "mappedAtCreation")).ToLocal(
      |         ^~~~~~~~~~~~~~~~~~~~~~~~~~~~~~~~~~~~~~~~~~~~~~~~~~~~~~~~~~~~~~~~~~~~~~~~~~~~~
  547 |                 &mappedAtCreationVal);
      |                 ~~~~~~~~~~~~~~~~~~~~
/Users/qingque/Desktop/HaiyueStudio/Native/examples/boxbound/node_modules/@nativescript/canvas/platforms/ios/src/cpp/webgpu/GPUDeviceImpl.cpp:554:9: warning: ignoring return value of function declared with 'warn_unused_result' attribute [-Wunused-result]
  554 |         options->Get(context, ConvertToV8String(isolate, "size")).ToLocal(&sizeVal);
      |         ^~~~~~~~~~~~~~~~~~~~~~~~~~~~~~~~~~~~~~~~~~~~~~~~~~~~~~~~~~~~~~~~~ ~~~~~~~~
/Users/qingque/Desktop/HaiyueStudio/Native/examples/boxbound/node_modules/@nativescript/canvas/platforms/ios/src/cpp/webgpu/GPUDeviceImpl.cpp:562:9: warning: ignoring return value of function declared with 'warn_unused_result' attribute [-Wunused-result]
  562 |         options->Get(context, ConvertToV8String(isolate, "usage")).ToLocal(&usageVal);
      |         ^~~~~~~~~~~~~~~~~~~~~~~~~~~~~~~~~~~~~~~~~~~~~~~~~~~~~~~~~~~~~~~~~~ ~~~~~~~~~
/Users/qingque/Desktop/HaiyueStudio/Native/examples/boxbound/node_modules/@nativescript/canvas/platforms/ios/src/cpp/webgpu/GPUDeviceImpl.cpp:624:5: warning: ignoring return value of function declared with 'warn_unused_result' attribute [-Wunused-result]
  624 |     options->Get(context, ConvertToV8String(isolate, "label")).ToLocal(&labelVal);
      |     ^~~~~~~~~~~~~~~~~~~~~~~~~~~~~~~~~~~~~~~~~~~~~~~~~~~~~~~~~~~~~~~~~~ ~~~~~~~~~
/Users/qingque/Desktop/HaiyueStudio/Native/examples/boxbound/node_modules/@nativescript/canvas/platforms/ios/src/cpp/webgpu/GPUDeviceImpl.cpp:633:5: warning: ignoring return value of function declared with 'warn_unused_result' attribute [-Wunused-result]
  633 |     options->Get(context, ConvertToV8String(isolate, "layout")).ToLocal(&layoutVal);
      |     ^~~~~~~~~~~~~~~~~~~~~~~~~~~~~~~~~~~~~~~~~~~~~~~~~~~~~~~~~~~~~~~~~~~ ~~~~~~~~~~
/Users/qingque/Desktop/HaiyueStudio/Native/examples/boxbound/node_modules/@nativescript/canvas/platforms/ios/src/cpp/webgpu/GPUDeviceImpl.cpp:645:5: warning: ignoring return value of function declared with 'warn_unused_result' attribute [-Wunused-result]
  645 |     options->Get(context, ConvertToV8String(isolate, "compute")).ToLocal(&computeVal);
      |     ^~~~~~~~~~~~~~~~~~~~~~~~~~~~~~~~~~~~~~~~~~~~~~~~~~~~~~~~~~~~~~~~~~~~ ~~~~~~~~~~~
/Users/qingque/Desktop/HaiyueStudio/Native/examples/boxbound/node_modules/@nativescript/canvas/platforms/ios/src/cpp/webgpu/GPUDeviceImpl.cpp:652:9: warning: ignoring return value of function declared with 'warn_unused_result' attribute [-Wunused-result]
  652 |         computeObj->Get(context, ConvertToV8String(isolate, "constants")).ToLocal(
      |         ^~~~~~~~~~~~~~~~~~~~~~~~~~~~~~~~~~~~~~~~~~~~~~~~~~~~~~~~~~~~~~~~~~~~~~~~~
  653 |                 &constantsVal);
      |                 ~~~~~~~~~~~~~
/Users/qingque/Desktop/HaiyueStudio/Native/examples/boxbound/node_modules/@nativescript/canvas/platforms/ios/src/cpp/webgpu/GPUDeviceImpl.cpp:668:21: warning: ignoring return value of function declared with 'warn_unused_result' attribute [-Wunused-result]
  668 |                     keyValues->Get(context, k).ToLocal(&keyVal);
      |                     ^~~~~~~~~~~~~~~~~~~~~~~~~~~~~~~~~~ ~~~~~~~
/Users/qingque/Desktop/HaiyueStudio/Native/examples/boxbound/node_modules/@nativescript/canvas/platforms/ios/src/cpp/webgpu/GPUDeviceImpl.cpp:670:21: warning: ignoring return value of function declared with 'warn_unused_result' attribute [-Wunused-result]
  670 |                     keyValues->Get(context, v).ToLocal(&valueVal);
      |                     ^~~~~~~~~~~~~~~~~~~~~~~~~~~~~~~~~~ ~~~~~~~~~
/Users/qingque/Desktop/HaiyueStudio/Native/examples/boxbound/node_modules/@nativescript/canvas/platforms/ios/src/cpp/webgpu/GPUDeviceImpl.cpp:689:9: warning: ignoring return value of function declared with 'warn_unused_result' attribute [-Wunused-result]
  689 |         computeObj->Get(context, ConvertToV8String(isolate, "entryPoint")).ToLocal(
      |         ^~~~~~~~~~~~~~~~~~~~~~~~~~~~~~~~~~~~~~~~~~~~~~~~~~~~~~~~~~~~~~~~~~~~~~~~~~
  690 |                 &entryPoint);
      |                 ~~~~~~~~~~~
/Users/qingque/Desktop/HaiyueStudio/Native/examples/boxbound/node_modules/@nativescript/canvas/platforms/ios/src/cpp/webgpu/GPUDeviceImpl.cpp:701:9: warning: ignoring return value of function declared with 'warn_unused_result' attribute [-Wunused-result]
  701 |         computeObj->Get(context, ConvertToV8String(isolate, "module")).ToLocal(&moduleVal);
      |         ^~~~~~~~~~~~~~~~~~~~~~~~~~~~~~~~~~~~~~~~~~~~~~~~~~~~~~~~~~~~~~~~~~~~~~ ~~~~~~~~~~
/Users/qingque/Desktop/HaiyueStudio/Native/examples/boxbound/node_modules/@nativescript/canvas/platforms/ios/src/cpp/webgpu/GPUDeviceImpl.cpp:781:5: warning: ignoring return value of function declared with 'warn_unused_result' attribute [-Wunused-result]
  781 |     options->Get(context, ConvertToV8String(isolate, "label")).ToLocal(&labelVal);
      |     ^~~~~~~~~~~~~~~~~~~~~~~~~~~~~~~~~~~~~~~~~~~~~~~~~~~~~~~~~~~~~~~~~~ ~~~~~~~~~
/Users/qingque/Desktop/HaiyueStudio/Native/examples/boxbound/node_modules/@nativescript/canvas/platforms/ios/src/cpp/webgpu/GPUDeviceImpl.cpp:802:5: warning: ignoring return value of function declared with 'warn_unused_result' attribute [-Wunused-result]
  802 |     options->Get(context, ConvertToV8String(isolate, "compute")).ToLocal(&computeVal);
      |     ^~~~~~~~~~~~~~~~~~~~~~~~~~~~~~~~~~~~~~~~~~~~~~~~~~~~~~~~~~~~~~~~~~~~ ~~~~~~~~~~~
/Users/qingque/Desktop/HaiyueStudio/Native/examples/boxbound/node_modules/@nativescript/canvas/platforms/ios/src/cpp/webgpu/GPUDeviceImpl.cpp:809:9: warning: ignoring return value of function declared with 'warn_unused_result' attribute [-Wunused-result]
  809 |         computeObj->Get(context, ConvertToV8String(isolate, "constants")).ToLocal(
      |         ^~~~~~~~~~~~~~~~~~~~~~~~~~~~~~~~~~~~~~~~~~~~~~~~~~~~~~~~~~~~~~~~~~~~~~~~~
  810 |                 &constantsVal);
      |                 ~~~~~~~~~~~~~
/Users/qingque/Desktop/HaiyueStudio/Native/examples/boxbound/node_modules/@nativescript/canvas/platforms/ios/src/cpp/webgpu/GPUDeviceImpl.cpp:825:21: warning: ignoring return value of function declared with 'warn_unused_result' attribute [-Wunused-result]
  825 |                     keyValues->Get(context, k).ToLocal(&keyVal);
      |                     ^~~~~~~~~~~~~~~~~~~~~~~~~~~~~~~~~~ ~~~~~~~
/Users/qingque/Desktop/HaiyueStudio/Native/examples/boxbound/node_modules/@nativescript/canvas/platforms/ios/src/cpp/webgpu/GPUDeviceImpl.cpp:827:21: warning: ignoring return value of function declared with 'warn_unused_result' attribute [-Wunused-result]
  827 |                     keyValues->Get(context, v).ToLocal(&valueVal);
      |                     ^~~~~~~~~~~~~~~~~~~~~~~~~~~~~~~~~~ ~~~~~~~~~
/Users/qingque/Desktop/HaiyueStudio/Native/examples/boxbound/node_modules/@nativescript/canvas/platforms/ios/src/cpp/webgpu/GPUDeviceImpl.cpp:846:9: warning: ignoring return value of function declared with 'warn_unused_result' attribute [-Wunused-result]
  846 |         computeObj->Get(context, ConvertToV8String(isolate, "entryPoint")).ToLocal(
      |         ^~~~~~~~~~~~~~~~~~~~~~~~~~~~~~~~~~~~~~~~~~~~~~~~~~~~~~~~~~~~~~~~~~~~~~~~~~
  847 |                 &entryPoint);
      |                 ~~~~~~~~~~~
/Users/qingque/Desktop/HaiyueStudio/Native/examples/boxbound/node_modules/@nativescript/canvas/platforms/ios/src/cpp/webgpu/GPUDeviceImpl.cpp:858:9: warning: ignoring return value of function declared with 'warn_unused_result' attribute [-Wunused-result]
  858 |         computeObj->Get(context, ConvertToV8String(isolate, "module")).ToLocal(&moduleVal);
      |         ^~~~~~~~~~~~~~~~~~~~~~~~~~~~~~~~~~~~~~~~~~~~~~~~~~~~~~~~~~~~~~~~~~~~~~ ~~~~~~~~~~
/Users/qingque/Desktop/HaiyueStudio/Native/examples/boxbound/node_modules/@nativescript/canvas/platforms/ios/src/cpp/webgpu/GPUDeviceImpl.cpp:898:65: warning: ignoring return value of function declared with 'warn_unused_result' attribute [-Wunused-result]
  898 |                                                                 error->Set(context,
      |                                                                 ^~~~~~~~~~ ~~~~~~~~
  899 |                                                                            ConvertToV8String(
      |                                                                            ~~~~~~~~~~~~~~~~~~
  900 |                                                                                    isolate,
      |                                                                                    ~~~~~~~~
  901 |                                                                                    "error"),
      |                                                                                    ~~~~~~~~~
  902 |                                                                            v8::Exception::Error(
      |                                                                            ~~~~~~~~~~~~~~~~~~~~~
  903 |                                                                                    ConvertToV8String(
      |                                                                                    ~~~~~~~~~~~~~~~~~~
  904 |                                                                                            isolate,
      |                                                                                            ~~~~~~~~
  905 |                                                                                            "Internal Error")));
      |                                                                                            ~~~~~~~~~~~~~~~~~~
/Users/qingque/Desktop/HaiyueStudio/Native/examples/boxbound/node_modules/@nativescript/canvas/platforms/ios/src/cpp/webgpu/GPUDeviceImpl.cpp:906:65: warning: ignoring return value of function declared with 'warn_unused_result' attribute [-Wunused-result]
  906 |                                                                 error->Set(context,
      |                                                                 ^~~~~~~~~~ ~~~~~~~~
  907 |                                                                            ConvertToV8String(
      |                                                                            ~~~~~~~~~~~~~~~~~~
  908 |                                                                                    isolate,
      |                                                                                    ~~~~~~~~
  909 |                                                                                    "type"),
      |                                                                                    ~~~~~~~~
  910 |                                                                            v8::Uint32::NewFromUnsigned(
      |                                                                            ~~~~~~~~~~~~~~~~~~~~~~~~~~~~
  911 |                                                                                    isolate,
      |                                                                                    ~~~~~~~~
  912 |                                                                                    (uint32_t) CanvasGPUErrorType::CanvasGPUErrorTypeInternal));
      |                                                                                    ~~~~~~~~~~~~~~~~~~~~~~~~~~~~~~~~~~~~~~~~~~~~~~~~~~~~~~~~~~
/Users/qingque/Desktop/HaiyueStudio/Native/examples/boxbound/node_modules/@nativescript/canvas/platforms/ios/src/cpp/webgpu/GPUDeviceImpl.cpp:918:65: warning: ignoring return value of function declared with 'warn_unused_result' attribute [-Wunused-result]
  918 |                                                                 callback->Call(context,
      |                                                                 ^~~~~~~~~~~~~~ ~~~~~~~~
  919 |                                                                                context->Global(),
      |                                                                                ~~~~~~~~~~~~~~~~~~
  920 |                                                                                1,
      |                                                                                ~~
  921 |                                                                                args);  // ignore JS return value
      |                                                                                ~~~~
/Users/qingque/Desktop/HaiyueStudio/Native/examples/boxbound/node_modules/@nativescript/canvas/platforms/ios/src/cpp/webgpu/GPUDeviceImpl.cpp:932:65: warning: ignoring return value of function declared with 'warn_unused_result' attribute [-Wunused-result]
  932 |                                                                 error->Set(context,
      |                                                                 ^~~~~~~~~~ ~~~~~~~~
  933 |                                                                            ConvertToV8String(
      |                                                                            ~~~~~~~~~~~~~~~~~~
  934 |                                                                                    isolate,
      |                                                                                    ~~~~~~~~
  935 |                                                                                    "error"),
      |                                                                                    ~~~~~~~~~
  936 |                                                                            v8::Exception::Error(
      |                                                                            ~~~~~~~~~~~~~~~~~~~~~
  937 |                                                                                    ConvertToV8String(
      |                                                                                    ~~~~~~~~~~~~~~~~~~
  938 |                                                                                            isolate,
      |                                                                                            ~~~~~~~~
  939 |                                                                                            pipelineData->errorMessage)));
      |                                                                                            ~~~~~~~~~~~~~~~~~~~~~~~~~~~~
/Users/qingque/Desktop/HaiyueStudio/Native/examples/boxbound/node_modules/@nativescript/canvas/platforms/ios/src/cpp/webgpu/GPUDeviceImpl.cpp:941:65: warning: ignoring return value of function declared with 'warn_unused_result' attribute [-Wunused-result]
  941 |                                                                 error->Set(context,
      |                                                                 ^~~~~~~~~~ ~~~~~~~~
  942 |                                                                            ConvertToV8String(
      |                                                                            ~~~~~~~~~~~~~~~~~~
  943 |                                                                                    isolate,
      |                                                                                    ~~~~~~~~
  944 |                                                                                    "type"),
      |                                                                                    ~~~~~~~~
  945 |                                                                            v8::Uint32::NewFromUnsigned(
      |                                                                            ~~~~~~~~~~~~~~~~~~~~~~~~~~~~
  946 |                                                                                    isolate,
      |                                                                                    ~~~~~~~~
  947 |                                                                                    (uint32_t) pipelineData->type));
      |                                                                                    ~~~~~~~~~~~~~~~~~~~~~~~~~~~~~~
/Users/qingque/Desktop/HaiyueStudio/Native/examples/boxbound/node_modules/@nativescript/canvas/platforms/ios/src/cpp/webgpu/GPUDeviceImpl.cpp:952:65: warning: ignoring return value of function declared with 'warn_unused_result' attribute [-Wunused-result]
  952 |                                                                 callback->Call(context,
      |                                                                 ^~~~~~~~~~~~~~ ~~~~~~~~
  953 |                                                                                context->Global(),
      |                                                                                ~~~~~~~~~~~~~~~~~~
  954 |                                                                                1,
      |                                                                                ~~
  955 |                                                                                args);  // ignore JS return value
      |                                                                                ~~~~
/Users/qingque/Desktop/HaiyueStudio/Native/examples/boxbound/node_modules/@nativescript/canvas/platforms/ios/src/cpp/webgpu/GPUDeviceImpl.cpp:967:65: warning: ignoring return value of function declared with 'warn_unused_result' attribute [-Wunused-result]
  967 |                                                                 callback->Call(context,
      |                                                                 ^~~~~~~~~~~~~~ ~~~~~~~~
  968 |                                                                                context->Global(),
      |                                                                                ~~~~~~~~~~~~~~~~~~
  969 |                                                                                2,
      |                                                                                ~~
  970 |                                                                                args);  // ignore JS return value
      |                                                                                ~~~~
/Users/qingque/Desktop/HaiyueStudio/Native/examples/boxbound/node_modules/@nativescript/canvas/platforms/ios/src/cpp/webgpu/GPUDeviceImpl.cpp:1033:5: warning: ignoring return value of function declared with 'warn_unused_result' attribute [-Wunused-result]
 1033 |     options->Get(context, ConvertToV8String(isolate, "label")).ToLocal(&labelVal);
      |     ^~~~~~~~~~~~~~~~~~~~~~~~~~~~~~~~~~~~~~~~~~~~~~~~~~~~~~~~~~~~~~~~~~ ~~~~~~~~~
/Users/qingque/Desktop/HaiyueStudio/Native/examples/boxbound/node_modules/@nativescript/canvas/platforms/ios/src/cpp/webgpu/GPUDeviceImpl.cpp:1041:5: warning: ignoring return value of function declared with 'warn_unused_result' attribute [-Wunused-result]
 1041 |     options->Get(context, ConvertToV8String(isolate, "bindGroupLayouts")).ToLocal(&groupLayoutsVal);
      |     ^~~~~~~~~~~~~~~~~~~~~~~~~~~~~~~~~~~~~~~~~~~~~~~~~~~~~~~~~~~~~~~~~~~~~~~~~~~~~ ~~~~~~~~~~~~~~~~
/Users/qingque/Desktop/HaiyueStudio/Native/examples/boxbound/node_modules/@nativescript/canvas/platforms/ios/src/cpp/webgpu/GPUDeviceImpl.cpp:1048:13: warning: ignoring return value of function declared with 'warn_unused_result' attribute [-Wunused-result]
 1048 |             groupLayoutsArray->Get(context, i).ToLocal(&groupVal);
      |             ^~~~~~~~~~~~~~~~~~~~~~~~~~~~~~~~~~~~~~~~~~ ~~~~~~~~~
/Users/qingque/Desktop/HaiyueStudio/Native/examples/boxbound/node_modules/@nativescript/canvas/platforms/ios/src/cpp/webgpu/GPUDeviceImpl.cpp:1091:5: warning: ignoring return value of function declared with 'warn_unused_result' attribute [-Wunused-result]
 1091 |     options->Get(context, ConvertToV8String(isolate, "label")).ToLocal(&labelVal);
      |     ^~~~~~~~~~~~~~~~~~~~~~~~~~~~~~~~~~~~~~~~~~~~~~~~~~~~~~~~~~~~~~~~~~ ~~~~~~~~~
/Users/qingque/Desktop/HaiyueStudio/Native/examples/boxbound/node_modules/@nativescript/canvas/platforms/ios/src/cpp/webgpu/GPUDeviceImpl.cpp:1095:5: warning: ignoring return value of function declared with 'warn_unused_result' attribute [-Wunused-result]
 1095 |     options->Get(context, ConvertToV8String(isolate, "type")).ToLocal(&typeVal);
      |     ^~~~~~~~~~~~~~~~~~~~~~~~~~~~~~~~~~~~~~~~~~~~~~~~~~~~~~~~~~~~~~~~~ ~~~~~~~~
/Users/qingque/Desktop/HaiyueStudio/Native/examples/boxbound/node_modules/@nativescript/canvas/platforms/ios/src/cpp/webgpu/GPUDeviceImpl.cpp:1099:5: warning: ignoring return value of function declared with 'warn_unused_result' attribute [-Wunused-result]
 1099 |     options->Get(context, ConvertToV8String(isolate, "count")).ToLocal(&countVal);
      |     ^~~~~~~~~~~~~~~~~~~~~~~~~~~~~~~~~~~~~~~~~~~~~~~~~~~~~~~~~~~~~~~~~~ ~~~~~~~~~
/Users/qingque/Desktop/HaiyueStudio/Native/examples/boxbound/node_modules/@nativescript/canvas/platforms/ios/src/cpp/webgpu/GPUDeviceImpl.cpp:1146:5: warning: ignoring return value of function declared with 'warn_unused_result' attribute [-Wunused-result]
 1146 |     options->Get(context, ConvertToV8String(isolate, "label")).ToLocal(&labelVal);
      |     ^~~~~~~~~~~~~~~~~~~~~~~~~~~~~~~~~~~~~~~~~~~~~~~~~~~~~~~~~~~~~~~~~~ ~~~~~~~~~
/Users/qingque/Desktop/HaiyueStudio/Native/examples/boxbound/node_modules/@nativescript/canvas/platforms/ios/src/cpp/webgpu/GPUDeviceImpl.cpp:1153:5: warning: ignoring return value of function declared with 'warn_unused_result' attribute [-Wunused-result]
 1153 |     options->Get(context, ConvertToV8String(isolate, "colorFormats")).ToLocal(&colorFormatsVal);
      |     ^~~~~~~~~~~~~~~~~~~~~~~~~~~~~~~~~~~~~~~~~~~~~~~~~~~~~~~~~~~~~~~~~~~~~~~~~ ~~~~~~~~~~~~~~~~
/Users/qingque/Desktop/HaiyueStudio/Native/examples/boxbound/node_modules/@nativescript/canvas/platforms/ios/src/cpp/webgpu/GPUDeviceImpl.cpp:1160:13: warning: ignoring return value of function declared with 'warn_unused_result' attribute [-Wunused-result]
 1160 |             colorFormatsArray->Get(context, i).ToLocal(&formatVal);
      |             ^~~~~~~~~~~~~~~~~~~~~~~~~~~~~~~~~~~~~~~~~~ ~~~~~~~~~~
/Users/qingque/Desktop/HaiyueStudio/Native/examples/boxbound/node_modules/@nativescript/canvas/platforms/ios/src/cpp/webgpu/GPUDeviceImpl.cpp:1178:5: warning: ignoring return value of function declared with 'warn_unused_result' attribute [-Wunused-result]
 1178 |     options->Get(context, ConvertToV8String(isolate, "depthStencilFormat")).ToLocal(
      |     ^~~~~~~~~~~~~~~~~~~~~~~~~~~~~~~~~~~~~~~~~~~~~~~~~~~~~~~~~~~~~~~~~~~~~~~~~~~~~~~
 1179 |             &depthStencilFormatVal);
      |             ~~~~~~~~~~~~~~~~~~~~~~
/Users/qingque/Desktop/HaiyueStudio/Native/examples/boxbound/node_modules/@nativescript/canvas/platforms/ios/src/cpp/webgpu/GPUDeviceImpl.cpp:1328:9: warning: ignoring return value of function declared with 'warn_unused_result' attribute [-Wunused-result]
 1328 |         stencilObj->Get(context, ConvertToV8String(isolate, "format")).ToLocal(&formatValue);
      |         ^~~~~~~~~~~~~~~~~~~~~~~~~~~~~~~~~~~~~~~~~~~~~~~~~~~~~~~~~~~~~~~~~~~~~~ ~~~~~~~~~~~~
/Users/qingque/Desktop/HaiyueStudio/Native/examples/boxbound/node_modules/@nativescript/canvas/platforms/ios/src/cpp/webgpu/GPUDeviceImpl.cpp:1342:9: warning: ignoring return value of function declared with 'warn_unused_result' attribute [-Wunused-result]
 1342 |         stencilObj->Get(context, ConvertToV8String(isolate, "depthBias")).ToLocal(&depthBiasVal);
      |         ^~~~~~~~~~~~~~~~~~~~~~~~~~~~~~~~~~~~~~~~~~~~~~~~~~~~~~~~~~~~~~~~~~~~~~~~~ ~~~~~~~~~~~~~
/Users/qingque/Desktop/HaiyueStudio/Native/examples/boxbound/node_modules/@nativescript/canvas/platforms/ios/src/cpp/webgpu/GPUDeviceImpl.cpp:1349:9: warning: ignoring return value of function declared with 'warn_unused_result' attribute [-Wunused-result]
 1349 |         stencilObj->Get(context, ConvertToV8String(isolate, "depthBiasClamp")).ToLocal(
      |         ^~~~~~~~~~~~~~~~~~~~~~~~~~~~~~~~~~~~~~~~~~~~~~~~~~~~~~~~~~~~~~~~~~~~~~~~~~~~~~
 1350 |                 &depthBiasClampVal);
      |                 ~~~~~~~~~~~~~~~~~~
/Users/qingque/Desktop/HaiyueStudio/Native/examples/boxbound/node_modules/@nativescript/canvas/platforms/ios/src/cpp/webgpu/GPUDeviceImpl.cpp:1358:9: warning: ignoring return value of function declared with 'warn_unused_result' attribute [-Wunused-result]
 1358 |         stencilObj->Get(context, ConvertToV8String(isolate, "depthBiasSlopeScale")).ToLocal(
      |         ^~~~~~~~~~~~~~~~~~~~~~~~~~~~~~~~~~~~~~~~~~~~~~~~~~~~~~~~~~~~~~~~~~~~~~~~~~~~~~~~~~~
 1359 |                 &depthBiasSlopeScaleVal);
      |                 ~~~~~~~~~~~~~~~~~~~~~~~
/Users/qingque/Desktop/HaiyueStudio/Native/examples/boxbound/node_modules/@nativescript/canvas/platforms/ios/src/cpp/webgpu/GPUDeviceImpl.cpp:1367:9: warning: ignoring return value of function declared with 'warn_unused_result' attribute [-Wunused-result]
 1367 |         stencilObj->Get(context, ConvertToV8String(isolate, "depthCompare")).ToLocal(
      |         ^~~~~~~~~~~~~~~~~~~~~~~~~~~~~~~~~~~~~~~~~~~~~~~~~~~~~~~~~~~~~~~~~~~~~~~~~~~~
 1368 |                 &depthCompareVal);
      |                 ~~~~~~~~~~~~~~~~
/Users/qingque/Desktop/HaiyueStudio/Native/examples/boxbound/node_modules/@nativescript/canvas/platforms/ios/src/cpp/webgpu/GPUDeviceImpl.cpp:1424:9: warning: ignoring return value of function declared with 'warn_unused_result' attribute [-Wunused-result]
 1424 |         stencilObj->Get(context, ConvertToV8String(isolate, "stencilBack")).ToLocal(
      |         ^~~~~~~~~~~~~~~~~~~~~~~~~~~~~~~~~~~~~~~~~~~~~~~~~~~~~~~~~~~~~~~~~~~~~~~~~~~
 1425 |                 &stencilBackVal);
      |                 ~~~~~~~~~~~~~~~
/Users/qingque/Desktop/HaiyueStudio/Native/examples/boxbound/node_modules/@nativescript/canvas/platforms/ios/src/cpp/webgpu/GPUDeviceImpl.cpp:1431:13: warning: ignoring return value of function declared with 'warn_unused_result' attribute [-Wunused-result]
 1431 |             stencilBackObj->Get(context, ConvertToV8String(isolate, "compare")).ToLocal(
      |             ^~~~~~~~~~~~~~~~~~~~~~~~~~~~~~~~~~~~~~~~~~~~~~~~~~~~~~~~~~~~~~~~~~~~~~~~~~~
 1432 |                     &compareVal);
      |                     ~~~~~~~~~~~
/Users/qingque/Desktop/HaiyueStudio/Native/examples/boxbound/node_modules/@nativescript/canvas/platforms/ios/src/cpp/webgpu/GPUDeviceImpl.cpp:1438:13: warning: ignoring return value of function declared with 'warn_unused_result' attribute [-Wunused-result]
 1438 |             stencilBackObj->Get(context, ConvertToV8String(isolate, "depthFailOp")).ToLocal(
      |             ^~~~~~~~~~~~~~~~~~~~~~~~~~~~~~~~~~~~~~~~~~~~~~~~~~~~~~~~~~~~~~~~~~~~~~~~~~~~~~~
 1439 |                     &depthFailOpVal);
      |                     ~~~~~~~~~~~~~~~
/Users/qingque/Desktop/HaiyueStudio/Native/examples/boxbound/node_modules/@nativescript/canvas/platforms/ios/src/cpp/webgpu/GPUDeviceImpl.cpp:1446:13: warning: ignoring return value of function declared with 'warn_unused_result' attribute [-Wunused-result]
 1446 |             stencilBackObj->Get(context, ConvertToV8String(isolate, "failOp")).ToLocal(
      |             ^~~~~~~~~~~~~~~~~~~~~~~~~~~~~~~~~~~~~~~~~~~~~~~~~~~~~~~~~~~~~~~~~~~~~~~~~~
 1447 |                     &failOpVal);
      |                     ~~~~~~~~~~
/Users/qingque/Desktop/HaiyueStudio/Native/examples/boxbound/node_modules/@nativescript/canvas/platforms/ios/src/cpp/webgpu/GPUDeviceImpl.cpp:1453:13: warning: ignoring return value of function declared with 'warn_unused_result' attribute [-Wunused-result]
 1453 |             stencilBackObj->Get(context, ConvertToV8String(isolate, "passOp")).ToLocal(
      |             ^~~~~~~~~~~~~~~~~~~~~~~~~~~~~~~~~~~~~~~~~~~~~~~~~~~~~~~~~~~~~~~~~~~~~~~~~~
 1454 |                     &passOpVal);
      |                     ~~~~~~~~~~
/Users/qingque/Desktop/HaiyueStudio/Native/examples/boxbound/node_modules/@nativescript/canvas/platforms/ios/src/cpp/webgpu/GPUDeviceImpl.cpp:1463:9: warning: ignoring return value of function declared with 'warn_unused_result' attribute [-Wunused-result]
 1463 |         stencilObj->Get(context, ConvertToV8String(isolate, "stencilFront")).ToLocal(
      |         ^~~~~~~~~~~~~~~~~~~~~~~~~~~~~~~~~~~~~~~~~~~~~~~~~~~~~~~~~~~~~~~~~~~~~~~~~~~~
 1464 |                 &stencilFrontVal);
      |                 ~~~~~~~~~~~~~~~~
/Users/qingque/Desktop/HaiyueStudio/Native/examples/boxbound/node_modules/@nativescript/canvas/platforms/ios/src/cpp/webgpu/GPUDeviceImpl.cpp:1470:13: warning: ignoring return value of function declared with 'warn_unused_result' attribute [-Wunused-result]
 1470 |             stencilFrontObj->Get(context, ConvertToV8String(isolate, "compare")).ToLocal(
      |             ^~~~~~~~~~~~~~~~~~~~~~~~~~~~~~~~~~~~~~~~~~~~~~~~~~~~~~~~~~~~~~~~~~~~~~~~~~~~
 1471 |                     &compareVal);
      |                     ~~~~~~~~~~~
/Users/qingque/Desktop/HaiyueStudio/Native/examples/boxbound/node_modules/@nativescript/canvas/platforms/ios/src/cpp/webgpu/GPUDeviceImpl.cpp:1477:13: warning: ignoring return value of function declared with 'warn_unused_result' attribute [-Wunused-result]
 1477 |             stencilFrontObj->Get(context, ConvertToV8String(isolate, "depthFailOp")).ToLocal(
      |             ^~~~~~~~~~~~~~~~~~~~~~~~~~~~~~~~~~~~~~~~~~~~~~~~~~~~~~~~~~~~~~~~~~~~~~~~~~~~~~~~
 1478 |                     &depthFailOpVal);
      |                     ~~~~~~~~~~~~~~~
/Users/qingque/Desktop/HaiyueStudio/Native/examples/boxbound/node_modules/@nativescript/canvas/platforms/ios/src/cpp/webgpu/GPUDeviceImpl.cpp:1485:13: warning: ignoring return value of function declared with 'warn_unused_result' attribute [-Wunused-result]
 1485 |             stencilFrontObj->Get(context, ConvertToV8String(isolate, "failOp")).ToLocal(
      |             ^~~~~~~~~~~~~~~~~~~~~~~~~~~~~~~~~~~~~~~~~~~~~~~~~~~~~~~~~~~~~~~~~~~~~~~~~~~
 1486 |                     &failOpVal);
      |                     ~~~~~~~~~~
/Users/qingque/Desktop/HaiyueStudio/Native/examples/boxbound/node_modules/@nativescript/canvas/platforms/ios/src/cpp/webgpu/GPUDeviceImpl.cpp:1492:13: warning: ignoring return value of function declared with 'warn_unused_result' attribute [-Wunused-result]
 1492 |             stencilFrontObj->Get(context, ConvertToV8String(isolate, "passOp")).ToLocal(
      |             ^~~~~~~~~~~~~~~~~~~~~~~~~~~~~~~~~~~~~~~~~~~~~~~~~~~~~~~~~~~~~~~~~~~~~~~~~~~
 1493 |                     &passOpVal);
      |                     ~~~~~~~~~~
/Users/qingque/Desktop/HaiyueStudio/Native/examples/boxbound/node_modules/@nativescript/canvas/platforms/ios/src/cpp/webgpu/GPUDeviceImpl.cpp:1501:9: warning: ignoring return value of function declared with 'warn_unused_result' attribute [-Wunused-result]
 1501 |         stencilObj->Get(context, ConvertToV8String(isolate, "stencilReadMask")).ToLocal(
      |         ^~~~~~~~~~~~~~~~~~~~~~~~~~~~~~~~~~~~~~~~~~~~~~~~~~~~~~~~~~~~~~~~~~~~~~~~~~~~~~~
 1502 |                 &stencilReadMaskVal);
      |                 ~~~~~~~~~~~~~~~~~~~
/Users/qingque/Desktop/HaiyueStudio/Native/examples/boxbound/node_modules/@nativescript/canvas/platforms/ios/src/cpp/webgpu/GPUDeviceImpl.cpp:1510:9: warning: ignoring return value of function declared with 'warn_unused_result' attribute [-Wunused-result]
 1510 |         stencilObj->Get(context, ConvertToV8String(isolate, "stencilWriteMask")).ToLocal(
      |         ^~~~~~~~~~~~~~~~~~~~~~~~~~~~~~~~~~~~~~~~~~~~~~~~~~~~~~~~~~~~~~~~~~~~~~~~~~~~~~~~
 1511 |                 &stencilWriteMaskVal);
      |                 ~~~~~~~~~~~~~~~~~~~~
/Users/qingque/Desktop/HaiyueStudio/Native/examples/boxbound/node_modules/@nativescript/canvas/platforms/ios/src/cpp/webgpu/GPUDeviceImpl.cpp:1536:9: warning: ignoring return value of function declared with 'warn_unused_result' attribute [-Wunused-result]
 1536 |         fragmentValueObj->Get(context, ConvertToV8String(isolate, "targets")).ToLocal(&targetsVal);
      |         ^~~~~~~~~~~~~~~~~~~~~~~~~~~~~~~~~~~~~~~~~~~~~~~~~~~~~~~~~~~~~~~~~~~~~~~~~~~~~ ~~~~~~~~~~~
/Users/qingque/Desktop/HaiyueStudio/Native/examples/boxbound/node_modules/@nativescript/canvas/platforms/ios/src/cpp/webgpu/GPUDeviceImpl.cpp:1589:17: warning: ignoring return value of function declared with 'warn_unused_result' attribute [-Wunused-result]
 1589 |                 alpha->Get(context,
      |                 ^~~~~~~~~~~~~~~~~~~
 1590 |                            ConvertToV8String(isolate,
      |                            ~~~~~~~~~~~~~~~~~~~~~~~~~~
 1591 |                                              "srcFactor")).ToLocal(&alphaSrcFactorVal);
      |                                              ~~~~~~~~~~~~~~~~~~~~~ ~~~~~~~~~~~~~~~~~~
/Users/qingque/Desktop/HaiyueStudio/Native/examples/boxbound/node_modules/@nativescript/canvas/platforms/ios/src/cpp/webgpu/GPUDeviceImpl.cpp:1597:17: warning: ignoring return value of function declared with 'warn_unused_result' attribute [-Wunused-result]
 1597 |                 alpha->Get(context,
      |                 ^~~~~~~~~~~~~~~~~~~
 1598 |                            ConvertToV8String(isolate,
      |                            ~~~~~~~~~~~~~~~~~~~~~~~~~~
 1599 |                                              "dstFactor")).ToLocal(&alphaDstFactorVal);
      |                                              ~~~~~~~~~~~~~~~~~~~~~ ~~~~~~~~~~~~~~~~~~
/Users/qingque/Desktop/HaiyueStudio/Native/examples/boxbound/node_modules/@nativescript/canvas/platforms/ios/src/cpp/webgpu/GPUDeviceImpl.cpp:1606:17: warning: ignoring return value of function declared with 'warn_unused_result' attribute [-Wunused-result]
 1606 |                 alpha->Get(context,
      |                 ^~~~~~~~~~~~~~~~~~~
 1607 |                            ConvertToV8String(isolate,
      |                            ~~~~~~~~~~~~~~~~~~~~~~~~~~
 1608 |                                              "operation")).ToLocal(&alphaOperationVal);
      |                                              ~~~~~~~~~~~~~~~~~~~~~ ~~~~~~~~~~~~~~~~~~
/Users/qingque/Desktop/HaiyueStudio/Native/examples/boxbound/node_modules/@nativescript/canvas/platforms/ios/src/cpp/webgpu/GPUDeviceImpl.cpp:1622:17: warning: ignoring return value of function declared with 'warn_unused_result' attribute [-Wunused-result]
 1622 |                 color->Get(context,
      |                 ^~~~~~~~~~~~~~~~~~~
 1623 |                            ConvertToV8String(isolate,
      |                            ~~~~~~~~~~~~~~~~~~~~~~~~~~
 1624 |                                              "srcFactor")).ToLocal(&colorSrcFactorVal);
      |                                              ~~~~~~~~~~~~~~~~~~~~~ ~~~~~~~~~~~~~~~~~~
/Users/qingque/Desktop/HaiyueStudio/Native/examples/boxbound/node_modules/@nativescript/canvas/platforms/ios/src/cpp/webgpu/GPUDeviceImpl.cpp:1630:17: warning: ignoring return value of function declared with 'warn_unused_result' attribute [-Wunused-result]
 1630 |                 color->Get(context,
      |                 ^~~~~~~~~~~~~~~~~~~
 1631 |                            ConvertToV8String(isolate,
      |                            ~~~~~~~~~~~~~~~~~~~~~~~~~~
 1632 |                                              "dstFactor")).ToLocal(&colorDstFactorVal);
      |                                              ~~~~~~~~~~~~~~~~~~~~~ ~~~~~~~~~~~~~~~~~~
/Users/qingque/Desktop/HaiyueStudio/Native/examples/boxbound/node_modules/@nativescript/canvas/platforms/ios/src/cpp/webgpu/GPUDeviceImpl.cpp:1639:17: warning: ignoring return value of function declared with 'warn_unused_result' attribute [-Wunused-result]
 1639 |                 color->Get(context,
      |                 ^~~~~~~~~~~~~~~~~~~
 1640 |                            ConvertToV8String(isolate,
      |                            ~~~~~~~~~~~~~~~~~~~~~~~~~~
 1641 |                                              "operation")).ToLocal(&colorOperationVal);
      |                                              ~~~~~~~~~~~~~~~~~~~~~ ~~~~~~~~~~~~~~~~~~
/Users/qingque/Desktop/HaiyueStudio/Native/examples/boxbound/node_modules/@nativescript/canvas/platforms/ios/src/cpp/webgpu/GPUDeviceImpl.cpp:1691:21: warning: ignoring return value of function declared with 'warn_unused_result' attribute [-Wunused-result]
 1691 |                     keyValues->Get(context, k).ToLocal(&keyVal);
      |                     ^~~~~~~~~~~~~~~~~~~~~~~~~~~~~~~~~~ ~~~~~~~
/Users/qingque/Desktop/HaiyueStudio/Native/examples/boxbound/node_modules/@nativescript/canvas/platforms/ios/src/cpp/webgpu/GPUDeviceImpl.cpp:1693:21: warning: ignoring return value of function declared with 'warn_unused_result' attribute [-Wunused-result]
 1693 |                     keyValues->Get(context, v).ToLocal(&valueVal);
      |                     ^~~~~~~~~~~~~~~~~~~~~~~~~~~~~~~~~~ ~~~~~~~~~
/Users/qingque/Desktop/HaiyueStudio/Native/examples/boxbound/node_modules/@nativescript/canvas/platforms/ios/src/cpp/webgpu/GPUDeviceImpl.cpp:1727:9: warning: ignoring return value of function declared with 'warn_unused_result' attribute [-Wunused-result]
 1727 |         fragmentValueObj->Get(context, ConvertToV8String(isolate, "module")).ToLocal(&moduleVal);
      |         ^~~~~~~~~~~~~~~~~~~~~~~~~~~~~~~~~~~~~~~~~~~~~~~~~~~~~~~~~~~~~~~~~~~~~~~~~~~~ ~~~~~~~~~~
/Users/qingque/Desktop/HaiyueStudio/Native/examples/boxbound/node_modules/@nativescript/canvas/platforms/ios/src/cpp/webgpu/GPUDeviceImpl.cpp:1739:5: warning: ignoring return value of function declared with 'warn_unused_result' attribute [-Wunused-result]
 1739 |     options->Get(context, ConvertToV8String(isolate, "label")).ToLocal(
      |     ^~~~~~~~~~~~~~~~~~~~~~~~~~~~~~~~~~~~~~~~~~~~~~~~~~~~~~~~~~~~~~~~~~
 1740 |             &labelVal);
      |             ~~~~~~~~~
/Users/qingque/Desktop/HaiyueStudio/Native/examples/boxbound/node_modules/@nativescript/canvas/platforms/ios/src/cpp/webgpu/GPUDeviceImpl.cpp:1749:5: warning: ignoring return value of function declared with 'warn_unused_result' attribute [-Wunused-result]
 1749 |     options->Get(context, ConvertToV8String(isolate, "layout")).ToLocal(
      |     ^~~~~~~~~~~~~~~~~~~~~~~~~~~~~~~~~~~~~~~~~~~~~~~~~~~~~~~~~~~~~~~~~~~
 1750 |             &layoutVal);
      |             ~~~~~~~~~~
/Users/qingque/Desktop/HaiyueStudio/Native/examples/boxbound/node_modules/@nativescript/canvas/platforms/ios/src/cpp/webgpu/GPUDeviceImpl.cpp:2005:9: warning: ignoring return value of function declared with 'warn_unused_result' attribute [-Wunused-result]
 2005 |         primitiveObj->Get(context, ConvertToV8String(isolate, "unclippedDepth")).ToLocal(
      |         ^~~~~~~~~~~~~~~~~~~~~~~~~~~~~~~~~~~~~~~~~~~~~~~~~~~~~~~~~~~~~~~~~~~~~~~~~~~~~~~~
 2006 |                 &unclippedDepthValue);
      |                 ~~~~~~~~~~~~~~~~~~~~
/Users/qingque/Desktop/HaiyueStudio/Native/examples/boxbound/node_modules/@nativescript/canvas/platforms/ios/src/cpp/webgpu/GPUDeviceImpl.cpp:2033:9: warning: ignoring return value of function declared with 'warn_unused_result' attribute [-Wunused-result]
 2033 |         vertexObj->Get(context, ConvertToV8String(isolate, "module")).ToLocal(&moduleVal);
      |         ^~~~~~~~~~~~~~~~~~~~~~~~~~~~~~~~~~~~~~~~~~~~~~~~~~~~~~~~~~~~~~~~~~~~~ ~~~~~~~~~~
/Users/qingque/Desktop/HaiyueStudio/Native/examples/boxbound/node_modules/@nativescript/canvas/platforms/ios/src/cpp/webgpu/GPUDeviceImpl.cpp:2057:21: warning: ignoring return value of function declared with 'warn_unused_result' attribute [-Wunused-result]
 2057 |                     keyValues->Get(context, k).ToLocal(&keyVal);
      |                     ^~~~~~~~~~~~~~~~~~~~~~~~~~~~~~~~~~ ~~~~~~~
/Users/qingque/Desktop/HaiyueStudio/Native/examples/boxbound/node_modules/@nativescript/canvas/platforms/ios/src/cpp/webgpu/GPUDeviceImpl.cpp:2059:21: warning: ignoring return value of function declared with 'warn_unused_result' attribute [-Wunused-result]
 2059 |                     keyValues->Get(context, v).ToLocal(&valueVal);
      |                     ^~~~~~~~~~~~~~~~~~~~~~~~~~~~~~~~~~ ~~~~~~~~~
/Users/qingque/Desktop/HaiyueStudio/Native/examples/boxbound/node_modules/@nativescript/canvas/platforms/ios/src/cpp/webgpu/GPUDeviceImpl.cpp:2143:17: warning: ignoring return value of function declared with 'warn_unused_result' attribute [-Wunused-result]
 2143 |                 buffer->Get(context, ConvertToV8String(isolate, "stepMode")).ToLocal(
      |                 ^~~~~~~~~~~~~~~~~~~~~~~~~~~~~~~~~~~~~~~~~~~~~~~~~~~~~~~~~~~~~~~~~~~~
 2144 |                         &stepModeVal);
      |                         ~~~~~~~~~~~~
/Users/qingque/Desktop/HaiyueStudio/Native/examples/boxbound/node_modules/@nativescript/canvas/platforms/ios/src/cpp/webgpu/GPUDeviceImpl.cpp:2184:9: warning: ignoring return value of function declared with 'warn_unused_result' attribute [-Wunused-result]
 2184 |         vertexObj->Get(context, ConvertToV8String(isolate, "entryPoint")).ToLocal(&entryPoint);
      |         ^~~~~~~~~~~~~~~~~~~~~~~~~~~~~~~~~~~~~~~~~~~~~~~~~~~~~~~~~~~~~~~~~~~~~~~~~ ~~~~~~~~~~~
/Users/qingque/Desktop/HaiyueStudio/Native/examples/boxbound/node_modules/@nativescript/canvas/platforms/ios/src/cpp/webgpu/GPUDeviceImpl.cpp:2269:5: warning: ignoring return value of function declared with 'warn_unused_result' attribute [-Wunused-result]
 2269 |     options->Get(context, ConvertToV8String(isolate, "depthStencil")).ToLocal(
      |     ^~~~~~~~~~~~~~~~~~~~~~~~~~~~~~~~~~~~~~~~~~~~~~~~~~~~~~~~~~~~~~~~~~~~~~~~~
 2270 |             &stencilValue);
      |             ~~~~~~~~~~~~~
/Users/qingque/Desktop/HaiyueStudio/Native/examples/boxbound/node_modules/@nativescript/canvas/platforms/ios/src/cpp/webgpu/GPUDeviceImpl.cpp:2298:9: warning: ignoring return value of function declared with 'warn_unused_result' attribute [-Wunused-result]
 2298 |         stencilObj->Get(context, ConvertToV8String(isolate, "format")).ToLocal(&formatValue);
      |         ^~~~~~~~~~~~~~~~~~~~~~~~~~~~~~~~~~~~~~~~~~~~~~~~~~~~~~~~~~~~~~~~~~~~~~ ~~~~~~~~~~~~
/Users/qingque/Desktop/HaiyueStudio/Native/examples/boxbound/node_modules/@nativescript/canvas/platforms/ios/src/cpp/webgpu/GPUDeviceImpl.cpp:2312:9: warning: ignoring return value of function declared with 'warn_unused_result' attribute [-Wunused-result]
 2312 |         stencilObj->Get(context, ConvertToV8String(isolate, "depthBias")).ToLocal(&depthBiasVal);
      |         ^~~~~~~~~~~~~~~~~~~~~~~~~~~~~~~~~~~~~~~~~~~~~~~~~~~~~~~~~~~~~~~~~~~~~~~~~ ~~~~~~~~~~~~~
/Users/qingque/Desktop/HaiyueStudio/Native/examples/boxbound/node_modules/@nativescript/canvas/platforms/ios/src/cpp/webgpu/GPUDeviceImpl.cpp:2319:9: warning: ignoring return value of function declared with 'warn_unused_result' attribute [-Wunused-result]
 2319 |         stencilObj->Get(context, ConvertToV8String(isolate, "depthBiasClamp")).ToLocal(
      |         ^~~~~~~~~~~~~~~~~~~~~~~~~~~~~~~~~~~~~~~~~~~~~~~~~~~~~~~~~~~~~~~~~~~~~~~~~~~~~~
 2320 |                 &depthBiasClampVal);
      |                 ~~~~~~~~~~~~~~~~~~
/Users/qingque/Desktop/HaiyueStudio/Native/examples/boxbound/node_modules/@nativescript/canvas/platforms/ios/src/cpp/webgpu/GPUDeviceImpl.cpp:2328:9: warning: ignoring return value of function declared with 'warn_unused_result' attribute [-Wunused-result]
 2328 |         stencilObj->Get(context, ConvertToV8String(isolate, "depthBiasSlopeScale")).ToLocal(
      |         ^~~~~~~~~~~~~~~~~~~~~~~~~~~~~~~~~~~~~~~~~~~~~~~~~~~~~~~~~~~~~~~~~~~~~~~~~~~~~~~~~~~
 2329 |                 &depthBiasSlopeScaleVal);
      |                 ~~~~~~~~~~~~~~~~~~~~~~~
/Users/qingque/Desktop/HaiyueStudio/Native/examples/boxbound/node_modules/@nativescript/canvas/platforms/ios/src/cpp/webgpu/GPUDeviceImpl.cpp:2337:9: warning: ignoring return value of function declared with 'warn_unused_result' attribute [-Wunused-result]
 2337 |         stencilObj->Get(context, ConvertToV8String(isolate, "depthCompare")).ToLocal(
      |         ^~~~~~~~~~~~~~~~~~~~~~~~~~~~~~~~~~~~~~~~~~~~~~~~~~~~~~~~~~~~~~~~~~~~~~~~~~~~
 2338 |                 &depthCompareVal);
      |                 ~~~~~~~~~~~~~~~~
/Users/qingque/Desktop/HaiyueStudio/Native/examples/boxbound/node_modules/@nativescript/canvas/platforms/ios/src/cpp/webgpu/GPUDeviceImpl.cpp:2395:9: warning: ignoring return value of function declared with 'warn_unused_result' attribute [-Wunused-result]
 2395 |         stencilObj->Get(context, ConvertToV8String(isolate, "stencilBack")).ToLocal(
      |         ^~~~~~~~~~~~~~~~~~~~~~~~~~~~~~~~~~~~~~~~~~~~~~~~~~~~~~~~~~~~~~~~~~~~~~~~~~~
 2396 |                 &stencilBackVal);
      |                 ~~~~~~~~~~~~~~~
/Users/qingque/Desktop/HaiyueStudio/Native/examples/boxbound/node_modules/@nativescript/canvas/platforms/ios/src/cpp/webgpu/GPUDeviceImpl.cpp:2402:13: warning: ignoring return value of function declared with 'warn_unused_result' attribute [-Wunused-result]
 2402 |             stencilBackObj->Get(context, ConvertToV8String(isolate, "compare")).ToLocal(
      |             ^~~~~~~~~~~~~~~~~~~~~~~~~~~~~~~~~~~~~~~~~~~~~~~~~~~~~~~~~~~~~~~~~~~~~~~~~~~
 2403 |                     &compareVal);
      |                     ~~~~~~~~~~~
/Users/qingque/Desktop/HaiyueStudio/Native/examples/boxbound/node_modules/@nativescript/canvas/platforms/ios/src/cpp/webgpu/GPUDeviceImpl.cpp:2409:13: warning: ignoring return value of function declared with 'warn_unused_result' attribute [-Wunused-result]
 2409 |             stencilBackObj->Get(context, ConvertToV8String(isolate, "depthFailOp")).ToLocal(
      |             ^~~~~~~~~~~~~~~~~~~~~~~~~~~~~~~~~~~~~~~~~~~~~~~~~~~~~~~~~~~~~~~~~~~~~~~~~~~~~~~
 2410 |                     &depthFailOpVal);
      |                     ~~~~~~~~~~~~~~~
/Users/qingque/Desktop/HaiyueStudio/Native/examples/boxbound/node_modules/@nativescript/canvas/platforms/ios/src/cpp/webgpu/GPUDeviceImpl.cpp:2417:13: warning: ignoring return value of function declared with 'warn_unused_result' attribute [-Wunused-result]
 2417 |             stencilBackObj->Get(context, ConvertToV8String(isolate, "failOp")).ToLocal(
      |             ^~~~~~~~~~~~~~~~~~~~~~~~~~~~~~~~~~~~~~~~~~~~~~~~~~~~~~~~~~~~~~~~~~~~~~~~~~
 2418 |                     &failOpVal);
      |                     ~~~~~~~~~~
/Users/qingque/Desktop/HaiyueStudio/Native/examples/boxbound/node_modules/@nativescript/canvas/platforms/ios/src/cpp/webgpu/GPUDeviceImpl.cpp:2424:13: warning: ignoring return value of function declared with 'warn_unused_result' attribute [-Wunused-result]
 2424 |             stencilBackObj->Get(context, ConvertToV8String(isolate, "passOp")).ToLocal(
      |             ^~~~~~~~~~~~~~~~~~~~~~~~~~~~~~~~~~~~~~~~~~~~~~~~~~~~~~~~~~~~~~~~~~~~~~~~~~
 2425 |                     &passOpVal);
      |                     ~~~~~~~~~~
/Users/qingque/Desktop/HaiyueStudio/Native/examples/boxbound/node_modules/@nativescript/canvas/platforms/ios/src/cpp/webgpu/GPUDeviceImpl.cpp:2434:9: warning: ignoring return value of function declared with 'warn_unused_result' attribute [-Wunused-result]
 2434 |         stencilObj->Get(context, ConvertToV8String(isolate, "stencilFront")).ToLocal(
      |         ^~~~~~~~~~~~~~~~~~~~~~~~~~~~~~~~~~~~~~~~~~~~~~~~~~~~~~~~~~~~~~~~~~~~~~~~~~~~
 2435 |                 &stencilFrontVal);
      |                 ~~~~~~~~~~~~~~~~
/Users/qingque/Desktop/HaiyueStudio/Native/examples/boxbound/node_modules/@nativescript/canvas/platforms/ios/src/cpp/webgpu/GPUDeviceImpl.cpp:2441:13: warning: ignoring return value of function declared with 'warn_unused_result' attribute [-Wunused-result]
 2441 |             stencilFrontObj->Get(context, ConvertToV8String(isolate, "compare")).ToLocal(
      |             ^~~~~~~~~~~~~~~~~~~~~~~~~~~~~~~~~~~~~~~~~~~~~~~~~~~~~~~~~~~~~~~~~~~~~~~~~~~~
 2442 |                     &compareVal);
      |                     ~~~~~~~~~~~
/Users/qingque/Desktop/HaiyueStudio/Native/examples/boxbound/node_modules/@nativescript/canvas/platforms/ios/src/cpp/webgpu/GPUDeviceImpl.cpp:2448:13: warning: ignoring return value of function declared with 'warn_unused_result' attribute [-Wunused-result]
 2448 |             stencilFrontObj->Get(context, ConvertToV8String(isolate, "depthFailOp")).ToLocal(
      |             ^~~~~~~~~~~~~~~~~~~~~~~~~~~~~~~~~~~~~~~~~~~~~~~~~~~~~~~~~~~~~~~~~~~~~~~~~~~~~~~~
 2449 |                     &depthFailOpVal);
      |                     ~~~~~~~~~~~~~~~
/Users/qingque/Desktop/HaiyueStudio/Native/examples/boxbound/node_modules/@nativescript/canvas/platforms/ios/src/cpp/webgpu/GPUDeviceImpl.cpp:2456:13: warning: ignoring return value of function declared with 'warn_unused_result' attribute [-Wunused-result]
 2456 |             stencilFrontObj->Get(context, ConvertToV8String(isolate, "failOp")).ToLocal(
      |             ^~~~~~~~~~~~~~~~~~~~~~~~~~~~~~~~~~~~~~~~~~~~~~~~~~~~~~~~~~~~~~~~~~~~~~~~~~~
 2457 |                     &failOpVal);
      |                     ~~~~~~~~~~
/Users/qingque/Desktop/HaiyueStudio/Native/examples/boxbound/node_modules/@nativescript/canvas/platforms/ios/src/cpp/webgpu/GPUDeviceImpl.cpp:2463:13: warning: ignoring return value of function declared with 'warn_unused_result' attribute [-Wunused-result]
 2463 |             stencilFrontObj->Get(context, ConvertToV8String(isolate, "passOp")).ToLocal(
      |             ^~~~~~~~~~~~~~~~~~~~~~~~~~~~~~~~~~~~~~~~~~~~~~~~~~~~~~~~~~~~~~~~~~~~~~~~~~~
 2464 |                     &passOpVal);
      |                     ~~~~~~~~~~
/Users/qingque/Desktop/HaiyueStudio/Native/examples/boxbound/node_modules/@nativescript/canvas/platforms/ios/src/cpp/webgpu/GPUDeviceImpl.cpp:2472:9: warning: ignoring return value of function declared with 'warn_unused_result' attribute [-Wunused-result]
 2472 |         stencilObj->Get(context, ConvertToV8String(isolate, "stencilReadMask")).ToLocal(
      |         ^~~~~~~~~~~~~~~~~~~~~~~~~~~~~~~~~~~~~~~~~~~~~~~~~~~~~~~~~~~~~~~~~~~~~~~~~~~~~~~
 2473 |                 &stencilReadMaskVal);
      |                 ~~~~~~~~~~~~~~~~~~~
/Users/qingque/Desktop/HaiyueStudio/Native/examples/boxbound/node_modules/@nativescript/canvas/platforms/ios/src/cpp/webgpu/GPUDeviceImpl.cpp:2481:9: warning: ignoring return value of function declared with 'warn_unused_result' attribute [-Wunused-result]
 2481 |         stencilObj->Get(context, ConvertToV8String(isolate, "stencilWriteMask")).ToLocal(
      |         ^~~~~~~~~~~~~~~~~~~~~~~~~~~~~~~~~~~~~~~~~~~~~~~~~~~~~~~~~~~~~~~~~~~~~~~~~~~~~~~~
 2482 |                 &stencilWriteMaskVal);
      |                 ~~~~~~~~~~~~~~~~~~~~
/Users/qingque/Desktop/HaiyueStudio/Native/examples/boxbound/node_modules/@nativescript/canvas/platforms/ios/src/cpp/webgpu/GPUDeviceImpl.cpp:2494:5: warning: ignoring return value of function declared with 'warn_unused_result' attribute [-Wunused-result]
 2494 |     options->Get(context, ConvertToV8String(isolate, "fragment")).ToLocal(
      |     ^~~~~~~~~~~~~~~~~~~~~~~~~~~~~~~~~~~~~~~~~~~~~~~~~~~~~~~~~~~~~~~~~~~~~
 2495 |             &fragmentValue);
      |             ~~~~~~~~~~~~~~
/Users/qingque/Desktop/HaiyueStudio/Native/examples/boxbound/node_modules/@nativescript/canvas/platforms/ios/src/cpp/webgpu/GPUDeviceImpl.cpp:2507:9: warning: ignoring return value of function declared with 'warn_unused_result' attribute [-Wunused-result]
 2507 |         fragmentValueObj->Get(context, ConvertToV8String(isolate, "targets")).ToLocal(&targetsVal);
      |         ^~~~~~~~~~~~~~~~~~~~~~~~~~~~~~~~~~~~~~~~~~~~~~~~~~~~~~~~~~~~~~~~~~~~~~~~~~~~~ ~~~~~~~~~~~
/Users/qingque/Desktop/HaiyueStudio/Native/examples/boxbound/node_modules/@nativescript/canvas/platforms/ios/src/cpp/webgpu/GPUDeviceImpl.cpp:2536:13: warning: ignoring return value of function declared with 'warn_unused_result' attribute [-Wunused-result]
 2536 |             state->Get(context, ConvertToV8String(isolate, "writeMask")).ToLocal(&writeMaskVal);
      |             ^~~~~~~~~~~~~~~~~~~~~~~~~~~~~~~~~~~~~~~~~~~~~~~~~~~~~~~~~~~~~~~~~~~~ ~~~~~~~~~~~~~
/Users/qingque/Desktop/HaiyueStudio/Native/examples/boxbound/node_modules/@nativescript/canvas/platforms/ios/src/cpp/webgpu/GPUDeviceImpl.cpp:2548:13: warning: ignoring return value of function declared with 'warn_unused_result' attribute [-Wunused-result]
 2548 |             state->Get(context, ConvertToV8String(isolate, "blend")).ToLocal(&blendVal);
      |             ^~~~~~~~~~~~~~~~~~~~~~~~~~~~~~~~~~~~~~~~~~~~~~~~~~~~~~~~~~~~~~~~ ~~~~~~~~~
/Users/qingque/Desktop/HaiyueStudio/Native/examples/boxbound/node_modules/@nativescript/canvas/platforms/ios/src/cpp/webgpu/GPUDeviceImpl.cpp:2557:17: warning: ignoring return value of function declared with 'warn_unused_result' attribute [-Wunused-result]
 2557 |                 alpha->Get(context,
      |                 ^~~~~~~~~~~~~~~~~~~
 2558 |                            ConvertToV8String(isolate,
      |                            ~~~~~~~~~~~~~~~~~~~~~~~~~~
 2559 |                                              "srcFactor")).ToLocal(&alphaSrcFactorVal);
      |                                              ~~~~~~~~~~~~~~~~~~~~~ ~~~~~~~~~~~~~~~~~~
/Users/qingque/Desktop/HaiyueStudio/Native/examples/boxbound/node_modules/@nativescript/canvas/platforms/ios/src/cpp/webgpu/GPUDeviceImpl.cpp:2565:17: warning: ignoring return value of function declared with 'warn_unused_result' attribute [-Wunused-result]
 2565 |                 alpha->Get(context,
      |                 ^~~~~~~~~~~~~~~~~~~
 2566 |                            ConvertToV8String(isolate,
      |                            ~~~~~~~~~~~~~~~~~~~~~~~~~~
 2567 |                                              "dstFactor")).ToLocal(&alphaDstFactorVal);
      |                                              ~~~~~~~~~~~~~~~~~~~~~ ~~~~~~~~~~~~~~~~~~
/Users/qingque/Desktop/HaiyueStudio/Native/examples/boxbound/node_modules/@nativescript/canvas/platforms/ios/src/cpp/webgpu/GPUDeviceImpl.cpp:2574:17: warning: ignoring return value of function declared with 'warn_unused_result' attribute [-Wunused-result]
 2574 |                 alpha->Get(context,
      |                 ^~~~~~~~~~~~~~~~~~~
 2575 |                            ConvertToV8String(isolate,
      |                            ~~~~~~~~~~~~~~~~~~~~~~~~~~
 2576 |                                              "operation")).ToLocal(&alphaOperationVal);
      |                                              ~~~~~~~~~~~~~~~~~~~~~ ~~~~~~~~~~~~~~~~~~
/Users/qingque/Desktop/HaiyueStudio/Native/examples/boxbound/node_modules/@nativescript/canvas/platforms/ios/src/cpp/webgpu/GPUDeviceImpl.cpp:2590:17: warning: ignoring return value of function declared with 'warn_unused_result' attribute [-Wunused-result]
 2590 |                 color->Get(context,
      |                 ^~~~~~~~~~~~~~~~~~~
 2591 |                            ConvertToV8String(isolate,
      |                            ~~~~~~~~~~~~~~~~~~~~~~~~~~
 2592 |                                              "srcFactor")).ToLocal(&colorSrcFactorVal);
      |                                              ~~~~~~~~~~~~~~~~~~~~~ ~~~~~~~~~~~~~~~~~~
/Users/qingque/Desktop/HaiyueStudio/Native/examples/boxbound/node_modules/@nativescript/canvas/platforms/ios/src/cpp/webgpu/GPUDeviceImpl.cpp:2598:17: warning: ignoring return value of function declared with 'warn_unused_result' attribute [-Wunused-result]
 2598 |                 color->Get(context,
      |                 ^~~~~~~~~~~~~~~~~~~
 2599 |                            ConvertToV8String(isolate,
      |                            ~~~~~~~~~~~~~~~~~~~~~~~~~~
 2600 |                                              "dstFactor")).ToLocal(&colorDstFactorVal);
      |                                              ~~~~~~~~~~~~~~~~~~~~~ ~~~~~~~~~~~~~~~~~~
/Users/qingque/Desktop/HaiyueStudio/Native/examples/boxbound/node_modules/@nativescript/canvas/platforms/ios/src/cpp/webgpu/GPUDeviceImpl.cpp:2607:17: warning: ignoring return value of function declared with 'warn_unused_result' attribute [-Wunused-result]
 2607 |                 color->Get(context,
      |                 ^~~~~~~~~~~~~~~~~~~
 2608 |                            ConvertToV8String(isolate,
      |                            ~~~~~~~~~~~~~~~~~~~~~~~~~~
 2609 |                                              "operation")).ToLocal(&colorOperationVal);
      |                                              ~~~~~~~~~~~~~~~~~~~~~ ~~~~~~~~~~~~~~~~~~
/Users/qingque/Desktop/HaiyueStudio/Native/examples/boxbound/node_modules/@nativescript/canvas/platforms/ios/src/cpp/webgpu/GPUDeviceImpl.cpp:2642:9: warning: ignoring return value of function declared with 'warn_unused_result' attribute [-Wunused-result]
 2642 |         fragmentValueObj->Get(context, ConvertToV8String(isolate, "constants")).ToLocal(
      |         ^~~~~~~~~~~~~~~~~~~~~~~~~~~~~~~~~~~~~~~~~~~~~~~~~~~~~~~~~~~~~~~~~~~~~~~~~~~~~~~
 2643 |                 &constantsVal);
      |                 ~~~~~~~~~~~~~
/Users/qingque/Desktop/HaiyueStudio/Native/examples/boxbound/node_modules/@nativescript/canvas/platforms/ios/src/cpp/webgpu/GPUDeviceImpl.cpp:2658:21: warning: ignoring return value of function declared with 'warn_unused_result' attribute [-Wunused-result]
 2658 |                     keyValues->Get(context, k).ToLocal(&keyVal);
      |                     ^~~~~~~~~~~~~~~~~~~~~~~~~~~~~~~~~~ ~~~~~~~
/Users/qingque/Desktop/HaiyueStudio/Native/examples/boxbound/node_modules/@nativescript/canvas/platforms/ios/src/cpp/webgpu/GPUDeviceImpl.cpp:2660:21: warning: ignoring return value of function declared with 'warn_unused_result' attribute [-Wunused-result]
 2660 |                     keyValues->Get(context, v).ToLocal(&valueVal);
      |                     ^~~~~~~~~~~~~~~~~~~~~~~~~~~~~~~~~~ ~~~~~~~~~
/Users/qingque/Desktop/HaiyueStudio/Native/examples/boxbound/node_modules/@nativescript/canvas/platforms/ios/src/cpp/webgpu/GPUDeviceImpl.cpp:2679:9: warning: ignoring return value of function declared with 'warn_unused_result' attribute [-Wunused-result]
 2679 |         fragmentValueObj->Get(context, ConvertToV8String(isolate, "entryPoint")).ToLocal(
      |         ^~~~~~~~~~~~~~~~~~~~~~~~~~~~~~~~~~~~~~~~~~~~~~~~~~~~~~~~~~~~~~~~~~~~~~~~~~~~~~~~
 2680 |                 &entryPoint);
      |                 ~~~~~~~~~~~
/Users/qingque/Desktop/HaiyueStudio/Native/examples/boxbound/node_modules/@nativescript/canvas/platforms/ios/src/cpp/webgpu/GPUDeviceImpl.cpp:2693:9: warning: ignoring return value of function declared with 'warn_unused_result' attribute [-Wunused-result]
 2693 |         fragmentValueObj->Get(context, ConvertToV8String(isolate, "module")).ToLocal(&moduleVal);
      |         ^~~~~~~~~~~~~~~~~~~~~~~~~~~~~~~~~~~~~~~~~~~~~~~~~~~~~~~~~~~~~~~~~~~~~~~~~~~~ ~~~~~~~~~~
/Users/qingque/Desktop/HaiyueStudio/Native/examples/boxbound/node_modules/@nativescript/canvas/platforms/ios/src/cpp/webgpu/GPUDeviceImpl.cpp:2705:5: warning: ignoring return value of function declared with 'warn_unused_result' attribute [-Wunused-result]
 2705 |     options->Get(context, ConvertToV8String(isolate, "label")).ToLocal(
      |     ^~~~~~~~~~~~~~~~~~~~~~~~~~~~~~~~~~~~~~~~~~~~~~~~~~~~~~~~~~~~~~~~~~
 2706 |             &labelVal);
      |             ~~~~~~~~~
/Users/qingque/Desktop/HaiyueStudio/Native/examples/boxbound/node_modules/@nativescript/canvas/platforms/ios/src/cpp/webgpu/GPUDeviceImpl.cpp:2714:5: warning: ignoring return value of function declared with 'warn_unused_result' attribute [-Wunused-result]
 2714 |     options->Get(context, ConvertToV8String(isolate, "layout")).ToLocal(
      |     ^~~~~~~~~~~~~~~~~~~~~~~~~~~~~~~~~~~~~~~~~~~~~~~~~~~~~~~~~~~~~~~~~~~
 2715 |             &layoutVal);
      |             ~~~~~~~~~~
/Users/qingque/Desktop/HaiyueStudio/Native/examples/boxbound/node_modules/@nativescript/canvas/platforms/ios/src/cpp/webgpu/GPUDeviceImpl.cpp:2740:5: warning: ignoring return value of function declared with 'warn_unused_result' attribute [-Wunused-result]
 2740 |     options->Get(context, ConvertToV8String(isolate, "multisample")).ToLocal(
      |     ^~~~~~~~~~~~~~~~~~~~~~~~~~~~~~~~~~~~~~~~~~~~~~~~~~~~~~~~~~~~~~~~~~~~~~~~
 2741 |             &multisampleValue);
      |             ~~~~~~~~~~~~~~~~~
/Users/qingque/Desktop/HaiyueStudio/Native/examples/boxbound/node_modules/@nativescript/canvas/platforms/ios/src/cpp/webgpu/GPUDeviceImpl.cpp:2757:9: warning: ignoring return value of function declared with 'warn_unused_result' attribute [-Wunused-result]
 2757 |         multisampleObj->Get(context, ConvertToV8String(isolate, "alphaToCoverageEnabled")).
      |         ^~~~~~~~~~~~~~~~~~~~~~~~~~~~~~~~~~~~~~~~~~~~~~~~~~~~~~~~~~~~~~~~~~~~~~~~~~~~~~~~~~~
 2758 |                 ToLocal(&alphaToCoverageEnabled);
      |                 ~~~~~~~ ~~~~~~~~~~~~~~~~~~~~~~~
/Users/qingque/Desktop/HaiyueStudio/Native/examples/boxbound/node_modules/@nativescript/canvas/platforms/ios/src/cpp/webgpu/GPUDeviceImpl.cpp:2765:9: warning: ignoring return value of function declared with 'warn_unused_result' attribute [-Wunused-result]
 2765 |         multisampleObj->Get(context, ConvertToV8String(isolate, "count")).
      |         ^~~~~~~~~~~~~~~~~~~~~~~~~~~~~~~~~~~~~~~~~~~~~~~~~~~~~~~~~~~~~~~~~~
 2766 |                 ToLocal(&count);
      |                 ~~~~~~~ ~~~~~~
/Users/qingque/Desktop/HaiyueStudio/Native/examples/boxbound/node_modules/@nativescript/canvas/platforms/ios/src/cpp/webgpu/GPUDeviceImpl.cpp:2772:9: warning: ignoring return value of function declared with 'warn_unused_result' attribute [-Wunused-result]
 2772 |         multisampleObj->Get(context, ConvertToV8String(isolate, "mask")).
      |         ^~~~~~~~~~~~~~~~~~~~~~~~~~~~~~~~~~~~~~~~~~~~~~~~~~~~~~~~~~~~~~~~~
 2773 |                 ToLocal(&mask);
      |                 ~~~~~~~ ~~~~~
/Users/qingque/Desktop/HaiyueStudio/Native/examples/boxbound/node_modules/@nativescript/canvas/platforms/ios/src/cpp/webgpu/GPUDeviceImpl.cpp:2788:5: warning: ignoring return value of function declared with 'warn_unused_result' attribute [-Wunused-result]
 2788 |     options->Get(context, ConvertToV8String(isolate, "primitive")).ToLocal(
      |     ^~~~~~~~~~~~~~~~~~~~~~~~~~~~~~~~~~~~~~~~~~~~~~~~~~~~~~~~~~~~~~~~~~~~~~
 2789 |             &primitiveValue);
      |             ~~~~~~~~~~~~~~~
/Users/qingque/Desktop/HaiyueStudio/Native/examples/boxbound/node_modules/@nativescript/canvas/platforms/ios/src/cpp/webgpu/GPUDeviceImpl.cpp:2969:9: warning: ignoring return value of function declared with 'warn_unused_result' attribute [-Wunused-result]
 2969 |         primitiveObj->Get(context, ConvertToV8String(isolate, "unclippedDepth")).ToLocal(
      |         ^~~~~~~~~~~~~~~~~~~~~~~~~~~~~~~~~~~~~~~~~~~~~~~~~~~~~~~~~~~~~~~~~~~~~~~~~~~~~~~~
 2970 |                 &unclippedDepthValue);
      |                 ~~~~~~~~~~~~~~~~~~~~
/Users/qingque/Desktop/HaiyueStudio/Native/examples/boxbound/node_modules/@nativescript/canvas/platforms/ios/src/cpp/webgpu/GPUDeviceImpl.cpp:2982:5: warning: ignoring return value of function declared with 'warn_unused_result' attribute [-Wunused-result]
 2982 |     options->Get(context, ConvertToV8String(isolate, "vertex")).ToLocal(
      |     ^~~~~~~~~~~~~~~~~~~~~~~~~~~~~~~~~~~~~~~~~~~~~~~~~~~~~~~~~~~~~~~~~~~
 2983 |             &vertexValue);
      |             ~~~~~~~~~~~~
/Users/qingque/Desktop/HaiyueStudio/Native/examples/boxbound/node_modules/@nativescript/canvas/platforms/ios/src/cpp/webgpu/GPUDeviceImpl.cpp:2998:9: warning: ignoring return value of function declared with 'warn_unused_result' attribute [-Wunused-result]
 2998 |         vertexObj->Get(context, ConvertToV8String(isolate, "module")).ToLocal(&moduleVal);
      |         ^~~~~~~~~~~~~~~~~~~~~~~~~~~~~~~~~~~~~~~~~~~~~~~~~~~~~~~~~~~~~~~~~~~~~ ~~~~~~~~~~
/Users/qingque/Desktop/HaiyueStudio/Native/examples/boxbound/node_modules/@nativescript/canvas/platforms/ios/src/cpp/webgpu/GPUDeviceImpl.cpp:3005:9: warning: ignoring return value of function declared with 'warn_unused_result' attribute [-Wunused-result]
 3005 |         vertexObj->Get(context, ConvertToV8String(isolate, "constants")).ToLocal(&constantsVal);
      |         ^~~~~~~~~~~~~~~~~~~~~~~~~~~~~~~~~~~~~~~~~~~~~~~~~~~~~~~~~~~~~~~~~~~~~~~~ ~~~~~~~~~~~~~
/Users/qingque/Desktop/HaiyueStudio/Native/examples/boxbound/node_modules/@nativescript/canvas/platforms/ios/src/cpp/webgpu/GPUDeviceImpl.cpp:3020:21: warning: ignoring return value of function declared with 'warn_unused_result' attribute [-Wunused-result]
 3020 |                     keyValues->Get(context, k).ToLocal(&keyVal);
      |                     ^~~~~~~~~~~~~~~~~~~~~~~~~~~~~~~~~~ ~~~~~~~
/Users/qingque/Desktop/HaiyueStudio/Native/examples/boxbound/node_modules/@nativescript/canvas/platforms/ios/src/cpp/webgpu/GPUDeviceImpl.cpp:3022:21: warning: ignoring return value of function declared with 'warn_unused_result' attribute [-Wunused-result]
 3022 |                     keyValues->Get(context, v).ToLocal(&valueVal);
      |                     ^~~~~~~~~~~~~~~~~~~~~~~~~~~~~~~~~~ ~~~~~~~~~
/Users/qingque/Desktop/HaiyueStudio/Native/examples/boxbound/node_modules/@nativescript/canvas/platforms/ios/src/cpp/webgpu/GPUDeviceImpl.cpp:3042:9: warning: ignoring return value of function declared with 'warn_unused_result' attribute [-Wunused-result]
 3042 |         vertexObj->Get(context, ConvertToV8String(isolate, "buffers")).ToLocal(&buffersVal);
      |         ^~~~~~~~~~~~~~~~~~~~~~~~~~~~~~~~~~~~~~~~~~~~~~~~~~~~~~~~~~~~~~~~~~~~~~ ~~~~~~~~~~~
/Users/qingque/Desktop/HaiyueStudio/Native/examples/boxbound/node_modules/@nativescript/canvas/platforms/ios/src/cpp/webgpu/GPUDeviceImpl.cpp:3054:17: warning: ignoring return value of function declared with 'warn_unused_result' attribute [-Wunused-result]
 3054 |                 buffer->Get(context, ConvertToV8String(isolate, "arrayStride")).ToLocal(
      |                 ^~~~~~~~~~~~~~~~~~~~~~~~~~~~~~~~~~~~~~~~~~~~~~~~~~~~~~~~~~~~~~~~~~~~~~~
 3055 |                         &arrayStride);
      |                         ~~~~~~~~~~~~
/Users/qingque/Desktop/HaiyueStudio/Native/examples/boxbound/node_modules/@nativescript/canvas/platforms/ios/src/cpp/webgpu/GPUDeviceImpl.cpp:3065:17: warning: ignoring return value of function declared with 'warn_unused_result' attribute [-Wunused-result]
 3065 |                 buffer->Get(context, ConvertToV8String(isolate, "attributes")).ToLocal(
      |                 ^~~~~~~~~~~~~~~~~~~~~~~~~~~~~~~~~~~~~~~~~~~~~~~~~~~~~~~~~~~~~~~~~~~~~~
 3066 |                         &attributesValue);
      |                         ~~~~~~~~~~~~~~~~
/Users/qingque/Desktop/HaiyueStudio/Native/examples/boxbound/node_modules/@nativescript/canvas/platforms/ios/src/cpp/webgpu/GPUDeviceImpl.cpp:3103:17: warning: ignoring return value of function declared with 'warn_unused_result' attribute [-Wunused-result]
 3103 |                 buffer->Get(context, ConvertToV8String(isolate, "stepMode")).ToLocal(
      |                 ^~~~~~~~~~~~~~~~~~~~~~~~~~~~~~~~~~~~~~~~~~~~~~~~~~~~~~~~~~~~~~~~~~~~
 3104 |                         &stepModeVal);
      |                         ~~~~~~~~~~~~
/Users/qingque/Desktop/HaiyueStudio/Native/examples/boxbound/node_modules/@nativescript/canvas/platforms/ios/src/cpp/webgpu/GPUDeviceImpl.cpp:3144:9: warning: ignoring return value of function declared with 'warn_unused_result' attribute [-Wunused-result]
 3144 |         vertexObj->Get(context, ConvertToV8String(isolate, "entryPoint")).ToLocal(&entryPoint);
      |         ^~~~~~~~~~~~~~~~~~~~~~~~~~~~~~~~~~~~~~~~~~~~~~~~~~~~~~~~~~~~~~~~~~~~~~~~~ ~~~~~~~~~~~
/Users/qingque/Desktop/HaiyueStudio/Native/examples/boxbound/node_modules/@nativescript/canvas/platforms/ios/src/cpp/webgpu/GPUDeviceImpl.cpp:3184:61: warning: ignoring return value of function declared with 'warn_unused_result' attribute [-Wunused-result]
 3184 |                                                             error->Set(context,
      |                                                             ^~~~~~~~~~ ~~~~~~~~
 3185 |                                                                        ConvertToV8String(isolate,
      |                                                                        ~~~~~~~~~~~~~~~~~~~~~~~~~~
 3186 |                                                                                          "error"),
      |                                                                                          ~~~~~~~~~
 3187 |                                                                        v8::Exception::Error(
      |                                                                        ~~~~~~~~~~~~~~~~~~~~~
 3188 |                                                                                ConvertToV8String(
      |                                                                                ~~~~~~~~~~~~~~~~~~
 3189 |                                                                                        isolate,
      |                                                                                        ~~~~~~~~
 3190 |                                                                                        "Internal Error")));
      |                                                                                        ~~~~~~~~~~~~~~~~~~
/Users/qingque/Desktop/HaiyueStudio/Native/examples/boxbound/node_modules/@nativescript/canvas/platforms/ios/src/cpp/webgpu/GPUDeviceImpl.cpp:3191:61: warning: ignoring return value of function declared with 'warn_unused_result' attribute [-Wunused-result]
 3191 |                                                             error->Set(context, ConvertToV8String(
      |                                                             ^~~~~~~~~~ ~~~~~~~~~~~~~~~~~~~~~~~~~~~
 3192 |                                                                                isolate,
      |                                                                                ~~~~~~~~
 3193 |                                                                                "type"),
      |                                                                                ~~~~~~~~
 3194 |                                                                        v8::Uint32::NewFromUnsigned(
      |                                                                        ~~~~~~~~~~~~~~~~~~~~~~~~~~~~
 3195 |                                                                                isolate,
      |                                                                                ~~~~~~~~
 3196 |                                                                                (uint32_t) CanvasGPUErrorType::CanvasGPUErrorTypeInternal));
      |                                                                                ~~~~~~~~~~~~~~~~~~~~~~~~~~~~~~~~~~~~~~~~~~~~~~~~~~~~~~~~~~
/Users/qingque/Desktop/HaiyueStudio/Native/examples/boxbound/node_modules/@nativescript/canvas/platforms/ios/src/cpp/webgpu/GPUDeviceImpl.cpp:3200:61: warning: ignoring return value of function declared with 'warn_unused_result' attribute [-Wunused-result]
 3200 |                                                             callback->Call(context,
      |                                                             ^~~~~~~~~~~~~~ ~~~~~~~~
 3201 |                                                                            context->Global(),
      |                                                                            ~~~~~~~~~~~~~~~~~~
 3202 |                                                                            1,
      |                                                                            ~~
 3203 |                                                                            args);  // ignore JS return value
      |                                                                            ~~~~
/Users/qingque/Desktop/HaiyueStudio/Native/examples/boxbound/node_modules/@nativescript/canvas/platforms/ios/src/cpp/webgpu/GPUDeviceImpl.cpp:3214:61: warning: ignoring return value of function declared with 'warn_unused_result' attribute [-Wunused-result]
 3214 |                                                             error->Set(context,
      |                                                             ^~~~~~~~~~ ~~~~~~~~
 3215 |                                                                        ConvertToV8String(isolate,
      |                                                                        ~~~~~~~~~~~~~~~~~~~~~~~~~~
 3216 |                                                                                          "error"),
      |                                                                                          ~~~~~~~~~
 3217 |                                                                        v8::Exception::Error(
      |                                                                        ~~~~~~~~~~~~~~~~~~~~~
 3218 |                                                                                ConvertToV8String(
      |                                                                                ~~~~~~~~~~~~~~~~~~
 3219 |                                                                                        isolate,
      |                                                                                        ~~~~~~~~
 3220 |                                                                                        pipelineData->errorMessage)));
      |                                                                                        ~~~~~~~~~~~~~~~~~~~~~~~~~~~~
/Users/qingque/Desktop/HaiyueStudio/Native/examples/boxbound/node_modules/@nativescript/canvas/platforms/ios/src/cpp/webgpu/GPUDeviceImpl.cpp:3221:61: warning: ignoring return value of function declared with 'warn_unused_result' attribute [-Wunused-result]
 3221 |                                                             error->Set(context, ConvertToV8String(
      |                                                             ^~~~~~~~~~ ~~~~~~~~~~~~~~~~~~~~~~~~~~~
 3222 |                                                                                isolate,
      |                                                                                ~~~~~~~~
 3223 |                                                                                "type"),
      |                                                                                ~~~~~~~~
 3224 |                                                                        v8::Uint32::NewFromUnsigned(
      |                                                                        ~~~~~~~~~~~~~~~~~~~~~~~~~~~~
 3225 |                                                                                isolate,
      |                                                                                ~~~~~~~~
 3226 |                                                                                (uint32_t) pipelineData->type));
      |                                                                                ~~~~~~~~~~~~~~~~~~~~~~~~~~~~~~
/Users/qingque/Desktop/HaiyueStudio/Native/examples/boxbound/node_modules/@nativescript/canvas/platforms/ios/src/cpp/webgpu/GPUDeviceImpl.cpp:3230:61: warning: ignoring return value of function declared with 'warn_unused_result' attribute [-Wunused-result]
 3230 |                                                             callback->Call(context,
      |                                                             ^~~~~~~~~~~~~~ ~~~~~~~~
 3231 |                                                                            context->Global(),
      |                                                                            ~~~~~~~~~~~~~~~~~~
 3232 |                                                                            1,
      |                                                                            ~~
 3233 |                                                                            args);  // ignore JS return value
      |                                                                            ~~~~
/Users/qingque/Desktop/HaiyueStudio/Native/examples/boxbound/node_modules/@nativescript/canvas/platforms/ios/src/cpp/webgpu/GPUDeviceImpl.cpp:3245:61: warning: ignoring return value of function declared with 'warn_unused_result' attribute [-Wunused-result]
 3245 |                                                             callback->Call(context,
      |                                                             ^~~~~~~~~~~~~~ ~~~~~~~~
 3246 |                                                                            context->Global(),
      |                                                                            ~~~~~~~~~~~~~~~~~~
 3247 |                                                                            2,
      |                                                                            ~~
 3248 |                                                                            args);  // ignore JS return value
      |                                                                            ~~~~
/Users/qingque/Desktop/HaiyueStudio/Native/examples/boxbound/node_modules/@nativescript/canvas/platforms/ios/src/cpp/webgpu/GPUDeviceImpl.cpp:3344:9: warning: ignoring return value of function declared with 'warn_unused_result' attribute [-Wunused-result]
 3344 |         options->Get(context, ConvertToV8String(isolate, "label")).ToLocal(&labelVal);
      |         ^~~~~~~~~~~~~~~~~~~~~~~~~~~~~~~~~~~~~~~~~~~~~~~~~~~~~~~~~~~~~~~~~~ ~~~~~~~~~
/Users/qingque/Desktop/HaiyueStudio/Native/examples/boxbound/node_modules/@nativescript/canvas/platforms/ios/src/cpp/webgpu/GPUDeviceImpl.cpp:3351:9: warning: ignoring return value of function declared with 'warn_unused_result' attribute [-Wunused-result]
 3351 |         options->Get(context, ConvertToV8String(isolate, "addressModeU")).ToLocal(&addressModeUVal);
      |         ^~~~~~~~~~~~~~~~~~~~~~~~~~~~~~~~~~~~~~~~~~~~~~~~~~~~~~~~~~~~~~~~~~~~~~~~~ ~~~~~~~~~~~~~~~~
/Users/qingque/Desktop/HaiyueStudio/Native/examples/boxbound/node_modules/@nativescript/canvas/platforms/ios/src/cpp/webgpu/GPUDeviceImpl.cpp:3363:9: warning: ignoring return value of function declared with 'warn_unused_result' attribute [-Wunused-result]
 3363 |         options->Get(context, ConvertToV8String(isolate, "addressModeV")).ToLocal(&addressModeVVal);
      |         ^~~~~~~~~~~~~~~~~~~~~~~~~~~~~~~~~~~~~~~~~~~~~~~~~~~~~~~~~~~~~~~~~~~~~~~~~ ~~~~~~~~~~~~~~~~
/Users/qingque/Desktop/HaiyueStudio/Native/examples/boxbound/node_modules/@nativescript/canvas/platforms/ios/src/cpp/webgpu/GPUDeviceImpl.cpp:3375:9: warning: ignoring return value of function declared with 'warn_unused_result' attribute [-Wunused-result]
 3375 |         options->Get(context, ConvertToV8String(isolate, "addressModeW")).ToLocal(&addressModeWVal);
      |         ^~~~~~~~~~~~~~~~~~~~~~~~~~~~~~~~~~~~~~~~~~~~~~~~~~~~~~~~~~~~~~~~~~~~~~~~~ ~~~~~~~~~~~~~~~~
/Users/qingque/Desktop/HaiyueStudio/Native/examples/boxbound/node_modules/@nativescript/canvas/platforms/ios/src/cpp/webgpu/GPUDeviceImpl.cpp:3387:9: warning: ignoring return value of function declared with 'warn_unused_result' attribute [-Wunused-result]
 3387 |         options->Get(context, ConvertToV8String(isolate, "magFilter")).ToLocal(&magFilterVal);
      |         ^~~~~~~~~~~~~~~~~~~~~~~~~~~~~~~~~~~~~~~~~~~~~~~~~~~~~~~~~~~~~~~~~~~~~~ ~~~~~~~~~~~~~
/Users/qingque/Desktop/HaiyueStudio/Native/examples/boxbound/node_modules/@nativescript/canvas/platforms/ios/src/cpp/webgpu/GPUDeviceImpl.cpp:3396:9: warning: ignoring return value of function declared with 'warn_unused_result' attribute [-Wunused-result]
 3396 |         options->Get(context, ConvertToV8String(isolate, "minFilter")).ToLocal(&minFilterVal);
      |         ^~~~~~~~~~~~~~~~~~~~~~~~~~~~~~~~~~~~~~~~~~~~~~~~~~~~~~~~~~~~~~~~~~~~~~ ~~~~~~~~~~~~~
/Users/qingque/Desktop/HaiyueStudio/Native/examples/boxbound/node_modules/@nativescript/canvas/platforms/ios/src/cpp/webgpu/GPUDeviceImpl.cpp:3406:9: warning: ignoring return value of function declared with 'warn_unused_result' attribute [-Wunused-result]
 3406 |         options->Get(context, ConvertToV8String(isolate, "mipmapFilter")).ToLocal(&mipmapFilterVal);
      |         ^~~~~~~~~~~~~~~~~~~~~~~~~~~~~~~~~~~~~~~~~~~~~~~~~~~~~~~~~~~~~~~~~~~~~~~~~ ~~~~~~~~~~~~~~~~
/Users/qingque/Desktop/HaiyueStudio/Native/examples/boxbound/node_modules/@nativescript/canvas/platforms/ios/src/cpp/webgpu/GPUDeviceImpl.cpp:3416:9: warning: ignoring return value of function declared with 'warn_unused_result' attribute [-Wunused-result]
 3416 |         options->Get(context, ConvertToV8String(isolate, "lodMinClamp")).ToLocal(&lodMinClampVal);
      |         ^~~~~~~~~~~~~~~~~~~~~~~~~~~~~~~~~~~~~~~~~~~~~~~~~~~~~~~~~~~~~~~~~~~~~~~~ ~~~~~~~~~~~~~~~
/Users/qingque/Desktop/HaiyueStudio/Native/examples/boxbound/node_modules/@nativescript/canvas/platforms/ios/src/cpp/webgpu/GPUDeviceImpl.cpp:3426:9: warning: ignoring return value of function declared with 'warn_unused_result' attribute [-Wunused-result]
 3426 |         options->Get(context, ConvertToV8String(isolate, "lodMaxClamp")).ToLocal(&lodMaxClampVal);
      |         ^~~~~~~~~~~~~~~~~~~~~~~~~~~~~~~~~~~~~~~~~~~~~~~~~~~~~~~~~~~~~~~~~~~~~~~~ ~~~~~~~~~~~~~~~
/Users/qingque/Desktop/HaiyueStudio/Native/examples/boxbound/node_modules/@nativescript/canvas/platforms/ios/src/cpp/webgpu/GPUDeviceImpl.cpp:3439:9: warning: ignoring return value of function declared with 'warn_unused_result' attribute [-Wunused-result]
 3439 |         options->Get(context, ConvertToV8String(isolate, "compare")).ToLocal(&compareVal);
      |         ^~~~~~~~~~~~~~~~~~~~~~~~~~~~~~~~~~~~~~~~~~~~~~~~~~~~~~~~~~~~~~~~~~~~ ~~~~~~~~~~~
/Users/qingque/Desktop/HaiyueStudio/Native/examples/boxbound/node_modules/@nativescript/canvas/platforms/ios/src/cpp/webgpu/GPUDeviceImpl.cpp:3472:9: warning: ignoring return value of function declared with 'warn_unused_result' attribute [-Wunused-result]
 3472 |         options->Get(context, ConvertToV8String(isolate, "maxAnisotropy")).ToLocal(
      |         ^~~~~~~~~~~~~~~~~~~~~~~~~~~~~~~~~~~~~~~~~~~~~~~~~~~~~~~~~~~~~~~~~~~~~~~~~~
 3473 |                 &maxAnisotropyVal);
      |                 ~~~~~~~~~~~~~~~~~
/Users/qingque/Desktop/HaiyueStudio/Native/examples/boxbound/node_modules/@nativescript/canvas/platforms/ios/src/cpp/webgpu/GPUDeviceImpl.cpp:3530:9: warning: ignoring return value of function declared with 'warn_unused_result' attribute [-Wunused-result]
 3530 |         desc->Get(context, ConvertToV8String(isolate, "label")).ToLocal(&labelVal);
      |         ^~~~~~~~~~~~~~~~~~~~~~~~~~~~~~~~~~~~~~~~~~~~~~~~~~~~~~~~~~~~~~~ ~~~~~~~~~
/Users/qingque/Desktop/HaiyueStudio/Native/examples/boxbound/node_modules/@nativescript/canvas/platforms/ios/src/cpp/webgpu/GPUDeviceImpl.cpp:3618:9: warning: ignoring return value of function declared with 'warn_unused_result' attribute [-Wunused-result]
 3618 |         options->Get(context, ConvertToV8String(isolate, "sampleCount")).ToLocal(
      |         ^~~~~~~~~~~~~~~~~~~~~~~~~~~~~~~~~~~~~~~~~~~~~~~~~~~~~~~~~~~~~~~~~~~~~~~~
 3619 |                 &sampleCountVal);
      |                 ~~~~~~~~~~~~~~~
/Users/qingque/Desktop/HaiyueStudio/Native/examples/boxbound/node_modules/@nativescript/canvas/platforms/ios/src/cpp/webgpu/GPUDeviceImpl.cpp:3627:9: warning: ignoring return value of function declared with 'warn_unused_result' attribute [-Wunused-result]
 3627 |         options->Get(context, ConvertToV8String(isolate, "mipLevelCount")).ToLocal(
      |         ^~~~~~~~~~~~~~~~~~~~~~~~~~~~~~~~~~~~~~~~~~~~~~~~~~~~~~~~~~~~~~~~~~~~~~~~~~
 3628 |                 &mipLevelCountVal);
      |                 ~~~~~~~~~~~~~~~~~
/Users/qingque/Desktop/HaiyueStudio/Native/examples/boxbound/node_modules/@nativescript/canvas/platforms/ios/src/cpp/webgpu/GPUDeviceImpl.cpp:3636:9: warning: ignoring return value of function declared with 'warn_unused_result' attribute [-Wunused-result]
 3636 |         options->Get(context, ConvertToV8String(isolate, "dimension")).ToLocal(
      |         ^~~~~~~~~~~~~~~~~~~~~~~~~~~~~~~~~~~~~~~~~~~~~~~~~~~~~~~~~~~~~~~~~~~~~~
 3637 |                 &dimensionVal);
      |                 ~~~~~~~~~~~~~
/Users/qingque/Desktop/HaiyueStudio/Native/examples/boxbound/node_modules/@nativescript/canvas/platforms/ios/src/cpp/webgpu/GPUDeviceImpl.cpp:3765:9: warning: ignoring return value of function declared with 'warn_unused_result' attribute [-Wunused-result]
 3765 |         callback->Call(context,
      |         ^~~~~~~~~~~~~~ ~~~~~~~~
 3766 |                        context->Global(),
      |                        ~~~~~~~~~~~~~~~~~~
 3767 |                        2, args);
      |                        ~~~~~~~
In file included from /Users/qingque/Desktop/HaiyueStudio/Native/examples/boxbound/node_modules/@nativescript/canvas/platforms/ios/src/cpp/webgpu/GPUDeviceImpl.cpp:5:
In file included from /Users/qingque/Desktop/HaiyueStudio/Native/examples/boxbound/node_modules/@nativescript/canvas/platforms/ios/src/cpp/webgpu/GPUDeviceImpl.h:9:
/Users/qingque/Desktop/HaiyueStudio/Native/examples/boxbound/node_modules/@nativescript/canvas/platforms/ios/src/cpp/Helpers.h:63:13: warning: unused function 'LogToConsole' [-Wunused-function]
   63 | static void LogToConsole(const std::string &message) {
      |             ^~~~~~~~~~~~
/Users/qingque/Desktop/HaiyueStudio/Native/examples/boxbound/node_modules/@nativescript/canvas/platforms/ios/src/cpp/Helpers.h:160:13: warning: unused function 'SetFastMethod' [-Wunused-function]
  160 | static void SetFastMethod(v8::Isolate *isolate,
      |             ^~~~~~~~~~~~~
/Users/qingque/Desktop/HaiyueStudio/Native/examples/boxbound/node_modules/@nativescript/canvas/platforms/ios/src/cpp/Helpers.h:185:13: warning: unused function 'SetFastMethodWithOverLoads' [-Wunused-function]
  185 | static void SetFastMethodWithOverLoads(v8::Isolate *isolate,
      |             ^~~~~~~~~~~~~~~~~~~~~~~~~~
/Users/qingque/Desktop/HaiyueStudio/Native/examples/boxbound/node_modules/@nativescript/canvas/platforms/ios/src/cpp/Helpers.h:210:13: warning: unused function 'SetFastMethod' [-Wunused-function]
  210 | static void SetFastMethod(v8::Local<v8::Context> context,
      |             ^~~~~~~~~~~~~
/Users/qingque/Desktop/HaiyueStudio/Native/examples/boxbound/node_modules/@nativescript/canvas/platforms/ios/src/cpp/Helpers.h:234:13: warning: unused function 'SetFastMethodNoSideEffect' [-Wunused-function]
  234 | static void SetFastMethodNoSideEffect(v8::Local<v8::Context> context,
      |             ^~~~~~~~~~~~~~~~~~~~~~~~~
/Users/qingque/Desktop/HaiyueStudio/Native/examples/boxbound/node_modules/@nativescript/canvas/platforms/ios/src/cpp/Helpers.h:258:13: warning: unused function 'SetFastMethodNoSideEffect' [-Wunused-function]
  258 | static void SetFastMethodNoSideEffect(v8::Isolate *isolate,
      |             ^~~~~~~~~~~~~~~~~~~~~~~~~
182 warnings generated.

CompileC /Users/qingque/Library/Developer/Xcode/DerivedData/boxbound-gmbxpjcvwytnwfabbxjdzhvtcdad/Build/Intermediates.noindex/boxbound.build/Debug-iphoneos/boxbound.build/Objects-normal/arm64/GPUComputePipelineImpl.o /Users/qingque/Desktop/HaiyueStudio/Native/examples/boxbound/node_modules/@nativescript/canvas/platforms/ios/src/cpp/webgpu/GPUComputePipelineImpl.cpp normal arm64 c++ com.apple.compilers.llvm.clang.1_0.compiler (in target 'boxbound' from project 'boxbound')
    cd /Users/qingque/Desktop/HaiyueStudio/Native/examples/boxbound/platforms/ios
    
    Using response file: /Users/qingque/Library/Developer/Xcode/DerivedData/boxbound-gmbxpjcvwytnwfabbxjdzhvtcdad/Build/Intermediates.noindex/boxbound.build/Debug-iphoneos/boxbound.build/Objects-normal/arm64/82b82416624d2658e5098eb0a28c15c5-common-args.resp
    
    /Applications/Xcode.app/Contents/Developer/Toolchains/XcodeDefault.xctoolchain/usr/bin/clang -x c++ -ivfsstatcache /Users/qingque/Library/Developer/Xcode/DerivedData/SDKStatCaches.noindex/iphoneos26.2-23C57-3794476bd08197c3e2abd9bb477ef7f7.sdkstatcache -fmessage-length\=0 -fdiagnostics-show-note-include-stack -fmacro-backtrace-limit\=0 -fno-color-diagnostics -Wno-trigraphs -Wno-missing-field-initializers -Wno-missing-prototypes -Werror\=return-type -Wunreachable-code -Werror\=deprecated-objc-isa-usage -Werror\=objc-root-class -Wno-non-virtual-dtor -Wno-overloaded-virtual -Wno-exit-time-destructors -Wno-missing-braces -Wparentheses -Wswitch -Wunused-function -Wno-unused-label -Wno-unused-parameter -Wunused-variable -Wunused-value -Wempty-body -Wuninitialized -Wno-unknown-pragmas -Wno-shadow -Wno-four-char-constants -Wno-conversion -Wconstant-conversion -Wint-conversion -Wbool-conversion -Wenum-conversion -Wno-float-conversion -Wnon-literal-null-conversion -Wobjc-literal-conversion -Wshorten-64-to-32 -Wno-newline-eof -Wno-c++11-extensions -Wno-implicit-fallthrough -fstrict-aliasing -Wdeprecated-declarations -Winvalid-offsetof -Wno-sign-conversion -Winfinite-recursion -Wmove -Wcomma -Wblock-capture-autoreleasing -Wstrict-prototypes -Wrange-loop-analysis -Wno-semicolon-before-method-body -index-store-path /Users/qingque/Library/Developer/Xcode/DerivedData/boxbound-gmbxpjcvwytnwfabbxjdzhvtcdad/Index.noindex/DataStore @/Users/qingque/Library/Developer/Xcode/DerivedData/boxbound-gmbxpjcvwytnwfabbxjdzhvtcdad/Build/Intermediates.noindex/boxbound.build/Debug-iphoneos/boxbound.build/Objects-normal/arm64/82b82416624d2658e5098eb0a28c15c5-common-args.resp -include /Users/qingque/Desktop/HaiyueStudio/Native/examples/boxbound/platforms/ios/build/sharedpch/SharedPrecompiledHeaders/17560698271525316586/boxbound-Prefix.pch -MMD -MT dependencies -MF /Users/qingque/Library/Developer/Xcode/DerivedData/boxbound-gmbxpjcvwytnwfabbxjdzhvtcdad/Build/Intermediates.noindex/boxbound.build/Debug-iphoneos/boxbound.build/Objects-normal/arm64/GPUComputePipelineImpl.d --serialize-diagnostics /Users/qingque/Library/Developer/Xcode/DerivedData/boxbound-gmbxpjcvwytnwfabbxjdzhvtcdad/Build/Intermediates.noindex/boxbound.build/Debug-iphoneos/boxbound.build/Objects-normal/arm64/GPUComputePipelineImpl.dia -c /Users/qingque/Desktop/HaiyueStudio/Native/examples/boxbound/node_modules/@nativescript/canvas/platforms/ios/src/cpp/webgpu/GPUComputePipelineImpl.cpp -o /Users/qingque/Library/Developer/Xcode/DerivedData/boxbound-gmbxpjcvwytnwfabbxjdzhvtcdad/Build/Intermediates.noindex/boxbound.build/Debug-iphoneos/boxbound.build/Objects-normal/arm64/GPUComputePipelineImpl.o -index-unit-output-path /boxbound.build/Debug-iphoneos/boxbound.build/Objects-normal/arm64/GPUComputePipelineImpl.o
In file included from /Users/qingque/Desktop/HaiyueStudio/Native/examples/boxbound/node_modules/@nativescript/canvas/platforms/ios/src/cpp/webgpu/GPUComputePipelineImpl.cpp:5:
In file included from /Users/qingque/Desktop/HaiyueStudio/Native/examples/boxbound/node_modules/@nativescript/canvas/platforms/ios/src/cpp/webgpu/GPUComputePipelineImpl.h:9:
/Users/qingque/Desktop/HaiyueStudio/Native/examples/boxbound/node_modules/@nativescript/canvas/platforms/ios/src/cpp/Helpers.h:63:13: warning: unused function 'LogToConsole' [-Wunused-function]
   63 | static void LogToConsole(const std::string &message) {
      |             ^~~~~~~~~~~~
/Users/qingque/Desktop/HaiyueStudio/Native/examples/boxbound/node_modules/@nativescript/canvas/platforms/ios/src/cpp/Helpers.h:160:13: warning: unused function 'SetFastMethod' [-Wunused-function]
  160 | static void SetFastMethod(v8::Isolate *isolate,
      |             ^~~~~~~~~~~~~
/Users/qingque/Desktop/HaiyueStudio/Native/examples/boxbound/node_modules/@nativescript/canvas/platforms/ios/src/cpp/Helpers.h:185:13: warning: unused function 'SetFastMethodWithOverLoads' [-Wunused-function]
  185 | static void SetFastMethodWithOverLoads(v8::Isolate *isolate,
      |             ^~~~~~~~~~~~~~~~~~~~~~~~~~
/Users/qingque/Desktop/HaiyueStudio/Native/examples/boxbound/node_modules/@nativescript/canvas/platforms/ios/src/cpp/Helpers.h:210:13: warning: unused function 'SetFastMethod' [-Wunused-function]
  210 | static void SetFastMethod(v8::Local<v8::Context> context,
      |             ^~~~~~~~~~~~~
/Users/qingque/Desktop/HaiyueStudio/Native/examples/boxbound/node_modules/@nativescript/canvas/platforms/ios/src/cpp/Helpers.h:234:13: warning: unused function 'SetFastMethodNoSideEffect' [-Wunused-function]
  234 | static void SetFastMethodNoSideEffect(v8::Local<v8::Context> context,
      |             ^~~~~~~~~~~~~~~~~~~~~~~~~
/Users/qingque/Desktop/HaiyueStudio/Native/examples/boxbound/node_modules/@nativescript/canvas/platforms/ios/src/cpp/Helpers.h:258:13: warning: unused function 'SetFastMethodNoSideEffect' [-Wunused-function]
  258 | static void SetFastMethodNoSideEffect(v8::Isolate *isolate,
      |             ^~~~~~~~~~~~~~~~~~~~~~~~~
6 warnings generated.

CompileC /Users/qingque/Library/Developer/Xcode/DerivedData/boxbound-gmbxpjcvwytnwfabbxjdzhvtcdad/Build/Intermediates.noindex/boxbound.build/Debug-iphoneos/boxbound.build/Objects-normal/arm64/GPUComputePassEncoderImpl.o /Users/qingque/Desktop/HaiyueStudio/Native/examples/boxbound/node_modules/@nativescript/canvas/platforms/ios/src/cpp/webgpu/GPUComputePassEncoderImpl.cpp normal arm64 c++ com.apple.compilers.llvm.clang.1_0.compiler (in target 'boxbound' from project 'boxbound')
    cd /Users/qingque/Desktop/HaiyueStudio/Native/examples/boxbound/platforms/ios
    
    Using response file: /Users/qingque/Library/Developer/Xcode/DerivedData/boxbound-gmbxpjcvwytnwfabbxjdzhvtcdad/Build/Intermediates.noindex/boxbound.build/Debug-iphoneos/boxbound.build/Objects-normal/arm64/82b82416624d2658e5098eb0a28c15c5-common-args.resp
    
    /Applications/Xcode.app/Contents/Developer/Toolchains/XcodeDefault.xctoolchain/usr/bin/clang -x c++ -ivfsstatcache /Users/qingque/Library/Developer/Xcode/DerivedData/SDKStatCaches.noindex/iphoneos26.2-23C57-3794476bd08197c3e2abd9bb477ef7f7.sdkstatcache -fmessage-length\=0 -fdiagnostics-show-note-include-stack -fmacro-backtrace-limit\=0 -fno-color-diagnostics -Wno-trigraphs -Wno-missing-field-initializers -Wno-missing-prototypes -Werror\=return-type -Wunreachable-code -Werror\=deprecated-objc-isa-usage -Werror\=objc-root-class -Wno-non-virtual-dtor -Wno-overloaded-virtual -Wno-exit-time-destructors -Wno-missing-braces -Wparentheses -Wswitch -Wunused-function -Wno-unused-label -Wno-unused-parameter -Wunused-variable -Wunused-value -Wempty-body -Wuninitialized -Wno-unknown-pragmas -Wno-shadow -Wno-four-char-constants -Wno-conversion -Wconstant-conversion -Wint-conversion -Wbool-conversion -Wenum-conversion -Wno-float-conversion -Wnon-literal-null-conversion -Wobjc-literal-conversion -Wshorten-64-to-32 -Wno-newline-eof -Wno-c++11-extensions -Wno-implicit-fallthrough -fstrict-aliasing -Wdeprecated-declarations -Winvalid-offsetof -Wno-sign-conversion -Winfinite-recursion -Wmove -Wcomma -Wblock-capture-autoreleasing -Wstrict-prototypes -Wrange-loop-analysis -Wno-semicolon-before-method-body -index-store-path /Users/qingque/Library/Developer/Xcode/DerivedData/boxbound-gmbxpjcvwytnwfabbxjdzhvtcdad/Index.noindex/DataStore @/Users/qingque/Library/Developer/Xcode/DerivedData/boxbound-gmbxpjcvwytnwfabbxjdzhvtcdad/Build/Intermediates.noindex/boxbound.build/Debug-iphoneos/boxbound.build/Objects-normal/arm64/82b82416624d2658e5098eb0a28c15c5-common-args.resp -include /Users/qingque/Desktop/HaiyueStudio/Native/examples/boxbound/platforms/ios/build/sharedpch/SharedPrecompiledHeaders/17560698271525316586/boxbound-Prefix.pch -MMD -MT dependencies -MF /Users/qingque/Library/Developer/Xcode/DerivedData/boxbound-gmbxpjcvwytnwfabbxjdzhvtcdad/Build/Intermediates.noindex/boxbound.build/Debug-iphoneos/boxbound.build/Objects-normal/arm64/GPUComputePassEncoderImpl.d --serialize-diagnostics /Users/qingque/Library/Developer/Xcode/DerivedData/boxbound-gmbxpjcvwytnwfabbxjdzhvtcdad/Build/Intermediates.noindex/boxbound.build/Debug-iphoneos/boxbound.build/Objects-normal/arm64/GPUComputePassEncoderImpl.dia -c /Users/qingque/Desktop/HaiyueStudio/Native/examples/boxbound/node_modules/@nativescript/canvas/platforms/ios/src/cpp/webgpu/GPUComputePassEncoderImpl.cpp -o /Users/qingque/Library/Developer/Xcode/DerivedData/boxbound-gmbxpjcvwytnwfabbxjdzhvtcdad/Build/Intermediates.noindex/boxbound.build/Debug-iphoneos/boxbound.build/Objects-normal/arm64/GPUComputePassEncoderImpl.o -index-unit-output-path /boxbound.build/Debug-iphoneos/boxbound.build/Objects-normal/arm64/GPUComputePassEncoderImpl.o
In file included from /Users/qingque/Desktop/HaiyueStudio/Native/examples/boxbound/node_modules/@nativescript/canvas/platforms/ios/src/cpp/webgpu/GPUComputePassEncoderImpl.cpp:5:
In file included from /Users/qingque/Desktop/HaiyueStudio/Native/examples/boxbound/node_modules/@nativescript/canvas/platforms/ios/src/cpp/webgpu/GPUComputePassEncoderImpl.h:8:
/Users/qingque/Desktop/HaiyueStudio/Native/examples/boxbound/node_modules/@nativescript/canvas/platforms/ios/src/cpp/Helpers.h:63:13: warning: unused function 'LogToConsole' [-Wunused-function]
   63 | static void LogToConsole(const std::string &message) {
      |             ^~~~~~~~~~~~
/Users/qingque/Desktop/HaiyueStudio/Native/examples/boxbound/node_modules/@nativescript/canvas/platforms/ios/src/cpp/Helpers.h:160:13: warning: unused function 'SetFastMethod' [-Wunused-function]
  160 | static void SetFastMethod(v8::Isolate *isolate,
      |             ^~~~~~~~~~~~~
/Users/qingque/Desktop/HaiyueStudio/Native/examples/boxbound/node_modules/@nativescript/canvas/platforms/ios/src/cpp/Helpers.h:185:13: warning: unused function 'SetFastMethodWithOverLoads' [-Wunused-function]
  185 | static void SetFastMethodWithOverLoads(v8::Isolate *isolate,
      |             ^~~~~~~~~~~~~~~~~~~~~~~~~~
/Users/qingque/Desktop/HaiyueStudio/Native/examples/boxbound/node_modules/@nativescript/canvas/platforms/ios/src/cpp/Helpers.h:210:13: warning: unused function 'SetFastMethod' [-Wunused-function]
  210 | static void SetFastMethod(v8::Local<v8::Context> context,
      |             ^~~~~~~~~~~~~
/Users/qingque/Desktop/HaiyueStudio/Native/examples/boxbound/node_modules/@nativescript/canvas/platforms/ios/src/cpp/Helpers.h:234:13: warning: unused function 'SetFastMethodNoSideEffect' [-Wunused-function]
  234 | static void SetFastMethodNoSideEffect(v8::Local<v8::Context> context,
      |             ^~~~~~~~~~~~~~~~~~~~~~~~~
/Users/qingque/Desktop/HaiyueStudio/Native/examples/boxbound/node_modules/@nativescript/canvas/platforms/ios/src/cpp/Helpers.h:258:13: warning: unused function 'SetFastMethodNoSideEffect' [-Wunused-function]
  258 | static void SetFastMethodNoSideEffect(v8::Isolate *isolate,
      |             ^~~~~~~~~~~~~~~~~~~~~~~~~
6 warnings generated.

CompileC /Users/qingque/Library/Developer/Xcode/DerivedData/boxbound-gmbxpjcvwytnwfabbxjdzhvtcdad/Build/Intermediates.noindex/boxbound.build/Debug-iphoneos/boxbound.build/Objects-normal/arm64/GPUCompilationMessageImpl.o /Users/qingque/Desktop/HaiyueStudio/Native/examples/boxbound/node_modules/@nativescript/canvas/platforms/ios/src/cpp/webgpu/GPUCompilationMessageImpl.cpp normal arm64 c++ com.apple.compilers.llvm.clang.1_0.compiler (in target 'boxbound' from project 'boxbound')
    cd /Users/qingque/Desktop/HaiyueStudio/Native/examples/boxbound/platforms/ios
    
    Using response file: /Users/qingque/Library/Developer/Xcode/DerivedData/boxbound-gmbxpjcvwytnwfabbxjdzhvtcdad/Build/Intermediates.noindex/boxbound.build/Debug-iphoneos/boxbound.build/Objects-normal/arm64/82b82416624d2658e5098eb0a28c15c5-common-args.resp
    
    /Applications/Xcode.app/Contents/Developer/Toolchains/XcodeDefault.xctoolchain/usr/bin/clang -x c++ -ivfsstatcache /Users/qingque/Library/Developer/Xcode/DerivedData/SDKStatCaches.noindex/iphoneos26.2-23C57-3794476bd08197c3e2abd9bb477ef7f7.sdkstatcache -fmessage-length\=0 -fdiagnostics-show-note-include-stack -fmacro-backtrace-limit\=0 -fno-color-diagnostics -Wno-trigraphs -Wno-missing-field-initializers -Wno-missing-prototypes -Werror\=return-type -Wunreachable-code -Werror\=deprecated-objc-isa-usage -Werror\=objc-root-class -Wno-non-virtual-dtor -Wno-overloaded-virtual -Wno-exit-time-destructors -Wno-missing-braces -Wparentheses -Wswitch -Wunused-function -Wno-unused-label -Wno-unused-parameter -Wunused-variable -Wunused-value -Wempty-body -Wuninitialized -Wno-unknown-pragmas -Wno-shadow -Wno-four-char-constants -Wno-conversion -Wconstant-conversion -Wint-conversion -Wbool-conversion -Wenum-conversion -Wno-float-conversion -Wnon-literal-null-conversion -Wobjc-literal-conversion -Wshorten-64-to-32 -Wno-newline-eof -Wno-c++11-extensions -Wno-implicit-fallthrough -fstrict-aliasing -Wdeprecated-declarations -Winvalid-offsetof -Wno-sign-conversion -Winfinite-recursion -Wmove -Wcomma -Wblock-capture-autoreleasing -Wstrict-prototypes -Wrange-loop-analysis -Wno-semicolon-before-method-body -index-store-path /Users/qingque/Library/Developer/Xcode/DerivedData/boxbound-gmbxpjcvwytnwfabbxjdzhvtcdad/Index.noindex/DataStore @/Users/qingque/Library/Developer/Xcode/DerivedData/boxbound-gmbxpjcvwytnwfabbxjdzhvtcdad/Build/Intermediates.noindex/boxbound.build/Debug-iphoneos/boxbound.build/Objects-normal/arm64/82b82416624d2658e5098eb0a28c15c5-common-args.resp -include /Users/qingque/Desktop/HaiyueStudio/Native/examples/boxbound/platforms/ios/build/sharedpch/SharedPrecompiledHeaders/17560698271525316586/boxbound-Prefix.pch -MMD -MT dependencies -MF /Users/qingque/Library/Developer/Xcode/DerivedData/boxbound-gmbxpjcvwytnwfabbxjdzhvtcdad/Build/Intermediates.noindex/boxbound.build/Debug-iphoneos/boxbound.build/Objects-normal/arm64/GPUCompilationMessageImpl.d --serialize-diagnostics /Users/qingque/Library/Developer/Xcode/DerivedData/boxbound-gmbxpjcvwytnwfabbxjdzhvtcdad/Build/Intermediates.noindex/boxbound.build/Debug-iphoneos/boxbound.build/Objects-normal/arm64/GPUCompilationMessageImpl.dia -c /Users/qingque/Desktop/HaiyueStudio/Native/examples/boxbound/node_modules/@nativescript/canvas/platforms/ios/src/cpp/webgpu/GPUCompilationMessageImpl.cpp -o /Users/qingque/Library/Developer/Xcode/DerivedData/boxbound-gmbxpjcvwytnwfabbxjdzhvtcdad/Build/Intermediates.noindex/boxbound.build/Debug-iphoneos/boxbound.build/Objects-normal/arm64/GPUCompilationMessageImpl.o -index-unit-output-path /boxbound.build/Debug-iphoneos/boxbound.build/Objects-normal/arm64/GPUCompilationMessageImpl.o
In file included from /Users/qingque/Desktop/HaiyueStudio/Native/examples/boxbound/node_modules/@nativescript/canvas/platforms/ios/src/cpp/webgpu/GPUCompilationMessageImpl.cpp:5:
In file included from /Users/qingque/Desktop/HaiyueStudio/Native/examples/boxbound/node_modules/@nativescript/canvas/platforms/ios/src/cpp/webgpu/GPUCompilationMessageImpl.h:9:
/Users/qingque/Desktop/HaiyueStudio/Native/examples/boxbound/node_modules/@nativescript/canvas/platforms/ios/src/cpp/Helpers.h:63:13: warning: unused function 'LogToConsole' [-Wunused-function]
   63 | static void LogToConsole(const std::string &message) {
      |             ^~~~~~~~~~~~
/Users/qingque/Desktop/HaiyueStudio/Native/examples/boxbound/node_modules/@nativescript/canvas/platforms/ios/src/cpp/Helpers.h:160:13: warning: unused function 'SetFastMethod' [-Wunused-function]
  160 | static void SetFastMethod(v8::Isolate *isolate,
      |             ^~~~~~~~~~~~~
/Users/qingque/Desktop/HaiyueStudio/Native/examples/boxbound/node_modules/@nativescript/canvas/platforms/ios/src/cpp/Helpers.h:185:13: warning: unused function 'SetFastMethodWithOverLoads' [-Wunused-function]
  185 | static void SetFastMethodWithOverLoads(v8::Isolate *isolate,
      |             ^~~~~~~~~~~~~~~~~~~~~~~~~~
/Users/qingque/Desktop/HaiyueStudio/Native/examples/boxbound/node_modules/@nativescript/canvas/platforms/ios/src/cpp/Helpers.h:210:13: warning: unused function 'SetFastMethod' [-Wunused-function]
  210 | static void SetFastMethod(v8::Local<v8::Context> context,
      |             ^~~~~~~~~~~~~
/Users/qingque/Desktop/HaiyueStudio/Native/examples/boxbound/node_modules/@nativescript/canvas/platforms/ios/src/cpp/Helpers.h:234:13: warning: unused function 'SetFastMethodNoSideEffect' [-Wunused-function]
  234 | static void SetFastMethodNoSideEffect(v8::Local<v8::Context> context,
      |             ^~~~~~~~~~~~~~~~~~~~~~~~~
/Users/qingque/Desktop/HaiyueStudio/Native/examples/boxbound/node_modules/@nativescript/canvas/platforms/ios/src/cpp/Helpers.h:258:13: warning: unused function 'SetFastMethodNoSideEffect' [-Wunused-function]
  258 | static void SetFastMethodNoSideEffect(v8::Isolate *isolate,
      |             ^~~~~~~~~~~~~~~~~~~~~~~~~
6 warnings generated.

CompileC /Users/qingque/Library/Developer/Xcode/DerivedData/boxbound-gmbxpjcvwytnwfabbxjdzhvtcdad/Build/Intermediates.noindex/boxbound.build/Debug-iphoneos/boxbound.build/Objects-normal/arm64/GPUCompilationInfoImpl.o /Users/qingque/Desktop/HaiyueStudio/Native/examples/boxbound/node_modules/@nativescript/canvas/platforms/ios/src/cpp/webgpu/GPUCompilationInfoImpl.cpp normal arm64 c++ com.apple.compilers.llvm.clang.1_0.compiler (in target 'boxbound' from project 'boxbound')
    cd /Users/qingque/Desktop/HaiyueStudio/Native/examples/boxbound/platforms/ios
    
    Using response file: /Users/qingque/Library/Developer/Xcode/DerivedData/boxbound-gmbxpjcvwytnwfabbxjdzhvtcdad/Build/Intermediates.noindex/boxbound.build/Debug-iphoneos/boxbound.build/Objects-normal/arm64/82b82416624d2658e5098eb0a28c15c5-common-args.resp
    
    /Applications/Xcode.app/Contents/Developer/Toolchains/XcodeDefault.xctoolchain/usr/bin/clang -x c++ -ivfsstatcache /Users/qingque/Library/Developer/Xcode/DerivedData/SDKStatCaches.noindex/iphoneos26.2-23C57-3794476bd08197c3e2abd9bb477ef7f7.sdkstatcache -fmessage-length\=0 -fdiagnostics-show-note-include-stack -fmacro-backtrace-limit\=0 -fno-color-diagnostics -Wno-trigraphs -Wno-missing-field-initializers -Wno-missing-prototypes -Werror\=return-type -Wunreachable-code -Werror\=deprecated-objc-isa-usage -Werror\=objc-root-class -Wno-non-virtual-dtor -Wno-overloaded-virtual -Wno-exit-time-destructors -Wno-missing-braces -Wparentheses -Wswitch -Wunused-function -Wno-unused-label -Wno-unused-parameter -Wunused-variable -Wunused-value -Wempty-body -Wuninitialized -Wno-unknown-pragmas -Wno-shadow -Wno-four-char-constants -Wno-conversion -Wconstant-conversion -Wint-conversion -Wbool-conversion -Wenum-conversion -Wno-float-conversion -Wnon-literal-null-conversion -Wobjc-literal-conversion -Wshorten-64-to-32 -Wno-newline-eof -Wno-c++11-extensions -Wno-implicit-fallthrough -fstrict-aliasing -Wdeprecated-declarations -Winvalid-offsetof -Wno-sign-conversion -Winfinite-recursion -Wmove -Wcomma -Wblock-capture-autoreleasing -Wstrict-prototypes -Wrange-loop-analysis -Wno-semicolon-before-method-body -index-store-path /Users/qingque/Library/Developer/Xcode/DerivedData/boxbound-gmbxpjcvwytnwfabbxjdzhvtcdad/Index.noindex/DataStore @/Users/qingque/Library/Developer/Xcode/DerivedData/boxbound-gmbxpjcvwytnwfabbxjdzhvtcdad/Build/Intermediates.noindex/boxbound.build/Debug-iphoneos/boxbound.build/Objects-normal/arm64/82b82416624d2658e5098eb0a28c15c5-common-args.resp -include /Users/qingque/Desktop/HaiyueStudio/Native/examples/boxbound/platforms/ios/build/sharedpch/SharedPrecompiledHeaders/17560698271525316586/boxbound-Prefix.pch -MMD -MT dependencies -MF /Users/qingque/Library/Developer/Xcode/DerivedData/boxbound-gmbxpjcvwytnwfabbxjdzhvtcdad/Build/Intermediates.noindex/boxbound.build/Debug-iphoneos/boxbound.build/Objects-normal/arm64/GPUCompilationInfoImpl.d --serialize-diagnostics /Users/qingque/Library/Developer/Xcode/DerivedData/boxbound-gmbxpjcvwytnwfabbxjdzhvtcdad/Build/Intermediates.noindex/boxbound.build/Debug-iphoneos/boxbound.build/Objects-normal/arm64/GPUCompilationInfoImpl.dia -c /Users/qingque/Desktop/HaiyueStudio/Native/examples/boxbound/node_modules/@nativescript/canvas/platforms/ios/src/cpp/webgpu/GPUCompilationInfoImpl.cpp -o /Users/qingque/Library/Developer/Xcode/DerivedData/boxbound-gmbxpjcvwytnwfabbxjdzhvtcdad/Build/Intermediates.noindex/boxbound.build/Debug-iphoneos/boxbound.build/Objects-normal/arm64/GPUCompilationInfoImpl.o -index-unit-output-path /boxbound.build/Debug-iphoneos/boxbound.build/Objects-normal/arm64/GPUCompilationInfoImpl.o
/Users/qingque/Desktop/HaiyueStudio/Native/examples/boxbound/node_modules/@nativescript/canvas/platforms/ios/src/cpp/webgpu/GPUCompilationInfoImpl.cpp:78:17: warning: ignoring return value of function declared with 'warn_unused_result' attribute [-Wunused-result]
   78 |                 array->Set(context, i, GPUCompilationMessageImpl::NewInstance(isolate, ret));
      |                 ^~~~~~~~~~ ~~~~~~~~~~~~~~~~~~~~~~~~~~~~~~~~~~~~~~~~~~~~~~~~~~~~~~~~~~~~~~~~
In file included from /Users/qingque/Desktop/HaiyueStudio/Native/examples/boxbound/node_modules/@nativescript/canvas/platforms/ios/src/cpp/webgpu/GPUCompilationInfoImpl.cpp:5:
In file included from /Users/qingque/Desktop/HaiyueStudio/Native/examples/boxbound/node_modules/@nativescript/canvas/platforms/ios/src/cpp/webgpu/GPUCompilationInfoImpl.h:9:
/Users/qingque/Desktop/HaiyueStudio/Native/examples/boxbound/node_modules/@nativescript/canvas/platforms/ios/src/cpp/Helpers.h:63:13: warning: unused function 'LogToConsole' [-Wunused-function]
   63 | static void LogToConsole(const std::string &message) {
      |             ^~~~~~~~~~~~
/Users/qingque/Desktop/HaiyueStudio/Native/examples/boxbound/node_modules/@nativescript/canvas/platforms/ios/src/cpp/Helpers.h:160:13: warning: unused function 'SetFastMethod' [-Wunused-function]
  160 | static void SetFastMethod(v8::Isolate *isolate,
      |             ^~~~~~~~~~~~~
/Users/qingque/Desktop/HaiyueStudio/Native/examples/boxbound/node_modules/@nativescript/canvas/platforms/ios/src/cpp/Helpers.h:185:13: warning: unused function 'SetFastMethodWithOverLoads' [-Wunused-function]
  185 | static void SetFastMethodWithOverLoads(v8::Isolate *isolate,
      |             ^~~~~~~~~~~~~~~~~~~~~~~~~~
/Users/qingque/Desktop/HaiyueStudio/Native/examples/boxbound/node_modules/@nativescript/canvas/platforms/ios/src/cpp/Helpers.h:210:13: warning: unused function 'SetFastMethod' [-Wunused-function]
  210 | static void SetFastMethod(v8::Local<v8::Context> context,
      |             ^~~~~~~~~~~~~
/Users/qingque/Desktop/HaiyueStudio/Native/examples/boxbound/node_modules/@nativescript/canvas/platforms/ios/src/cpp/Helpers.h:234:13: warning: unused function 'SetFastMethodNoSideEffect' [-Wunused-function]
  234 | static void SetFastMethodNoSideEffect(v8::Local<v8::Context> context,
      |             ^~~~~~~~~~~~~~~~~~~~~~~~~
/Users/qingque/Desktop/HaiyueStudio/Native/examples/boxbound/node_modules/@nativescript/canvas/platforms/ios/src/cpp/Helpers.h:258:13: warning: unused function 'SetFastMethodNoSideEffect' [-Wunused-function]
  258 | static void SetFastMethodNoSideEffect(v8::Isolate *isolate,
      |             ^~~~~~~~~~~~~~~~~~~~~~~~~
7 warnings generated.

CompileC /Users/qingque/Library/Developer/Xcode/DerivedData/boxbound-gmbxpjcvwytnwfabbxjdzhvtcdad/Build/Intermediates.noindex/boxbound.build/Debug-iphoneos/boxbound.build/Objects-normal/arm64/GPUCommandEncoderImpl.o /Users/qingque/Desktop/HaiyueStudio/Native/examples/boxbound/node_modules/@nativescript/canvas/platforms/ios/src/cpp/webgpu/GPUCommandEncoderImpl.cpp normal arm64 c++ com.apple.compilers.llvm.clang.1_0.compiler (in target 'boxbound' from project 'boxbound')
    cd /Users/qingque/Desktop/HaiyueStudio/Native/examples/boxbound/platforms/ios
    
    Using response file: /Users/qingque/Library/Developer/Xcode/DerivedData/boxbound-gmbxpjcvwytnwfabbxjdzhvtcdad/Build/Intermediates.noindex/boxbound.build/Debug-iphoneos/boxbound.build/Objects-normal/arm64/82b82416624d2658e5098eb0a28c15c5-common-args.resp
    
    /Applications/Xcode.app/Contents/Developer/Toolchains/XcodeDefault.xctoolchain/usr/bin/clang -x c++ -ivfsstatcache /Users/qingque/Library/Developer/Xcode/DerivedData/SDKStatCaches.noindex/iphoneos26.2-23C57-3794476bd08197c3e2abd9bb477ef7f7.sdkstatcache -fmessage-length\=0 -fdiagnostics-show-note-include-stack -fmacro-backtrace-limit\=0 -fno-color-diagnostics -Wno-trigraphs -Wno-missing-field-initializers -Wno-missing-prototypes -Werror\=return-type -Wunreachable-code -Werror\=deprecated-objc-isa-usage -Werror\=objc-root-class -Wno-non-virtual-dtor -Wno-overloaded-virtual -Wno-exit-time-destructors -Wno-missing-braces -Wparentheses -Wswitch -Wunused-function -Wno-unused-label -Wno-unused-parameter -Wunused-variable -Wunused-value -Wempty-body -Wuninitialized -Wno-unknown-pragmas -Wno-shadow -Wno-four-char-constants -Wno-conversion -Wconstant-conversion -Wint-conversion -Wbool-conversion -Wenum-conversion -Wno-float-conversion -Wnon-literal-null-conversion -Wobjc-literal-conversion -Wshorten-64-to-32 -Wno-newline-eof -Wno-c++11-extensions -Wno-implicit-fallthrough -fstrict-aliasing -Wdeprecated-declarations -Winvalid-offsetof -Wno-sign-conversion -Winfinite-recursion -Wmove -Wcomma -Wblock-capture-autoreleasing -Wstrict-prototypes -Wrange-loop-analysis -Wno-semicolon-before-method-body -index-store-path /Users/qingque/Library/Developer/Xcode/DerivedData/boxbound-gmbxpjcvwytnwfabbxjdzhvtcdad/Index.noindex/DataStore @/Users/qingque/Library/Developer/Xcode/DerivedData/boxbound-gmbxpjcvwytnwfabbxjdzhvtcdad/Build/Intermediates.noindex/boxbound.build/Debug-iphoneos/boxbound.build/Objects-normal/arm64/82b82416624d2658e5098eb0a28c15c5-common-args.resp -include /Users/qingque/Desktop/HaiyueStudio/Native/examples/boxbound/platforms/ios/build/sharedpch/SharedPrecompiledHeaders/17560698271525316586/boxbound-Prefix.pch -MMD -MT dependencies -MF /Users/qingque/Library/Developer/Xcode/DerivedData/boxbound-gmbxpjcvwytnwfabbxjdzhvtcdad/Build/Intermediates.noindex/boxbound.build/Debug-iphoneos/boxbound.build/Objects-normal/arm64/GPUCommandEncoderImpl.d --serialize-diagnostics /Users/qingque/Library/Developer/Xcode/DerivedData/boxbound-gmbxpjcvwytnwfabbxjdzhvtcdad/Build/Intermediates.noindex/boxbound.build/Debug-iphoneos/boxbound.build/Objects-normal/arm64/GPUCommandEncoderImpl.dia -c /Users/qingque/Desktop/HaiyueStudio/Native/examples/boxbound/node_modules/@nativescript/canvas/platforms/ios/src/cpp/webgpu/GPUCommandEncoderImpl.cpp -o /Users/qingque/Library/Developer/Xcode/DerivedData/boxbound-gmbxpjcvwytnwfabbxjdzhvtcdad/Build/Intermediates.noindex/boxbound.build/Debug-iphoneos/boxbound.build/Objects-normal/arm64/GPUCommandEncoderImpl.o -index-unit-output-path /boxbound.build/Debug-iphoneos/boxbound.build/Objects-normal/arm64/GPUCommandEncoderImpl.o
In file included from /Users/qingque/Desktop/HaiyueStudio/Native/examples/boxbound/node_modules/@nativescript/canvas/platforms/ios/src/cpp/webgpu/GPUCommandEncoderImpl.cpp:5:
In file included from /Users/qingque/Desktop/HaiyueStudio/Native/examples/boxbound/node_modules/@nativescript/canvas/platforms/ios/src/cpp/webgpu/GPUCommandEncoderImpl.h:10:
/Users/qingque/Desktop/HaiyueStudio/Native/examples/boxbound/node_modules/@nativescript/canvas/platforms/ios/src/cpp/webgpu/GPUUtils.h:61:13: warning: ignoring return value of function declared with 'warn_unused_result' attribute [-Wunused-result]
   61 |             entriesArray->Get(context, i).ToLocal(&entryVal);
      |             ^~~~~~~~~~~~~~~~~~~~~~~~~~~~~~~~~~~~~ ~~~~~~~~~
/Users/qingque/Desktop/HaiyueStudio/Native/examples/boxbound/node_modules/@nativescript/canvas/platforms/ios/src/cpp/webgpu/GPUUtils.h:68:17: warning: ignoring return value of function declared with 'warn_unused_result' attribute [-Wunused-result]
   68 |                 entryObj->Get(context, ConvertToV8String(isolate, "resource")).ToLocal(
      |                 ^~~~~~~~~~~~~~~~~~~~~~~~~~~~~~~~~~~~~~~~~~~~~~~~~~~~~~~~~~~~~~~~~~~~~~
   69 |                         &resourceVal);
      |                         ~~~~~~~~~~~~
/Users/qingque/Desktop/HaiyueStudio/Native/examples/boxbound/node_modules/@nativescript/canvas/platforms/ios/src/cpp/webgpu/GPUUtils.h:102:29: warning: ignoring return value of function declared with 'warn_unused_result' attribute [-Wunused-result]
  102 |                             resourceObj->Get(context,
      |                             ^~~~~~~~~~~~~~~~~~~~~~~~~
  103 |                                              ConvertToV8String(isolate, "buffer")).ToLocal(
      |                                              ~~~~~~~~~~~~~~~~~~~~~~~~~~~~~~~~~~~~~~~~~~~~~
  104 |                                     &bufferVal);
      |                                     ~~~~~~~~~~
/Users/qingque/Desktop/HaiyueStudio/Native/examples/boxbound/node_modules/@nativescript/canvas/platforms/ios/src/cpp/webgpu/GPUUtils.h:117:37: warning: ignoring return value of function declared with 'warn_unused_result' attribute [-Wunused-result]
  117 |                                     resourceObj->Get(context,
      |                                     ^~~~~~~~~~~~~~~~~~~~~~~~~
  118 |                                                      ConvertToV8String(isolate,
      |                                                      ~~~~~~~~~~~~~~~~~~~~~~~~~~
  119 |                                                                        "offset")).ToLocal(
      |                                                                        ~~~~~~~~~~~~~~~~~~
  120 |                                             &offsetVal);
      |                                             ~~~~~~~~~~
/Users/qingque/Desktop/HaiyueStudio/Native/examples/boxbound/node_modules/@nativescript/canvas/platforms/ios/src/cpp/webgpu/GPUUtils.h:129:37: warning: ignoring return value of function declared with 'warn_unused_result' attribute [-Wunused-result]
  129 |                                     resourceObj->Get(context,
      |                                     ^~~~~~~~~~~~~~~~~~~~~~~~~
  130 |                                                      ConvertToV8String(isolate,
      |                                                      ~~~~~~~~~~~~~~~~~~~~~~~~~~
  131 |                                                                        "size")).ToLocal(
      |                                                                        ~~~~~~~~~~~~~~~~
  132 |                                             &sizeVal);
      |                                             ~~~~~~~~
/Users/qingque/Desktop/HaiyueStudio/Native/examples/boxbound/node_modules/@nativescript/canvas/platforms/ios/src/cpp/webgpu/GPUUtils.h:168:13: warning: ignoring return value of function declared with 'warn_unused_result' attribute [-Wunused-result]
  168 |             entriesArray->Get(context, i).ToLocal(&entryVal);
      |             ^~~~~~~~~~~~~~~~~~~~~~~~~~~~~~~~~~~~~ ~~~~~~~~~
/Users/qingque/Desktop/HaiyueStudio/Native/examples/boxbound/node_modules/@nativescript/canvas/platforms/ios/src/cpp/webgpu/GPUUtils.h:183:17: warning: ignoring return value of function declared with 'warn_unused_result' attribute [-Wunused-result]
  183 |                 entryObj->Get(context, ConvertToV8String(isolate, "buffer")).ToLocal(
      |                 ^~~~~~~~~~~~~~~~~~~~~~~~~~~~~~~~~~~~~~~~~~~~~~~~~~~~~~~~~~~~~~~~~~~~
  184 |                         &bufferVal);
      |                         ~~~~~~~~~~
/Users/qingque/Desktop/HaiyueStudio/Native/examples/boxbound/node_modules/@nativescript/canvas/platforms/ios/src/cpp/webgpu/GPUUtils.h:189:21: warning: ignoring return value of function declared with 'warn_unused_result' attribute [-Wunused-result]
  189 |                     bufferObj->Get(context, ConvertToV8String(isolate, "type")).ToLocal(
      |                     ^~~~~~~~~~~~~~~~~~~~~~~~~~~~~~~~~~~~~~~~~~~~~~~~~~~~~~~~~~~~~~~~~~~
  190 |                             &bufferType);
      |                             ~~~~~~~~~~~
/Users/qingque/Desktop/HaiyueStudio/Native/examples/boxbound/node_modules/@nativescript/canvas/platforms/ios/src/cpp/webgpu/GPUUtils.h:208:21: warning: ignoring return value of function declared with 'warn_unused_result' attribute [-Wunused-result]
  208 |                     bufferObj->Get(context,
      |                     ^~~~~~~~~~~~~~~~~~~~~~~
  209 |                                    ConvertToV8String(isolate, "hasDynamicOffset")).ToLocal(
      |                                    ~~~~~~~~~~~~~~~~~~~~~~~~~~~~~~~~~~~~~~~~~~~~~~~~~~~~~~~
  210 |                             &hasDynamicOffsetVal);
      |                             ~~~~~~~~~~~~~~~~~~~~
/Users/qingque/Desktop/HaiyueStudio/Native/examples/boxbound/node_modules/@nativescript/canvas/platforms/ios/src/cpp/webgpu/GPUUtils.h:220:21: warning: ignoring return value of function declared with 'warn_unused_result' attribute [-Wunused-result]
  220 |                     bufferObj->Get(context,
      |                     ^~~~~~~~~~~~~~~~~~~~~~~
  221 |                                    ConvertToV8String(isolate, "minBindingSize")).ToLocal(
      |                                    ~~~~~~~~~~~~~~~~~~~~~~~~~~~~~~~~~~~~~~~~~~~~~~~~~~~~~
  222 |                             &minBindingSizeVal);
      |                             ~~~~~~~~~~~~~~~~~~
/Users/qingque/Desktop/HaiyueStudio/Native/examples/boxbound/node_modules/@nativescript/canvas/platforms/ios/src/cpp/webgpu/GPUUtils.h:252:17: warning: ignoring return value of function declared with 'warn_unused_result' attribute [-Wunused-result]
  252 |                 entryObj->Get(context, ConvertToV8String(isolate, "externalTexture")).ToLocal(
      |                 ^~~~~~~~~~~~~~~~~~~~~~~~~~~~~~~~~~~~~~~~~~~~~~~~~~~~~~~~~~~~~~~~~~~~~~~~~~~~~
  253 |                         &externalTextureVal);
      |                         ~~~~~~~~~~~~~~~~~~~
/Users/qingque/Desktop/HaiyueStudio/Native/examples/boxbound/node_modules/@nativescript/canvas/platforms/ios/src/cpp/webgpu/GPUUtils.h:278:17: warning: ignoring return value of function declared with 'warn_unused_result' attribute [-Wunused-result]
  278 |                 entryObj->Get(context, ConvertToV8String(isolate, "sampler")).ToLocal(
      |                 ^~~~~~~~~~~~~~~~~~~~~~~~~~~~~~~~~~~~~~~~~~~~~~~~~~~~~~~~~~~~~~~~~~~~~
  279 |                         &samplerVal);
      |                         ~~~~~~~~~~~
/Users/qingque/Desktop/HaiyueStudio/Native/examples/boxbound/node_modules/@nativescript/canvas/platforms/ios/src/cpp/webgpu/GPUUtils.h:284:21: warning: ignoring return value of function declared with 'warn_unused_result' attribute [-Wunused-result]
  284 |                     samplerObj->Get(context, ConvertToV8String(isolate, "type")).ToLocal(
      |                     ^~~~~~~~~~~~~~~~~~~~~~~~~~~~~~~~~~~~~~~~~~~~~~~~~~~~~~~~~~~~~~~~~~~~
  285 |                             &samplerType);
      |                             ~~~~~~~~~~~~
/Users/qingque/Desktop/HaiyueStudio/Native/examples/boxbound/node_modules/@nativescript/canvas/platforms/ios/src/cpp/webgpu/GPUUtils.h:324:17: warning: ignoring return value of function declared with 'warn_unused_result' attribute [-Wunused-result]
  324 |                 entryObj->Get(context, ConvertToV8String(isolate, "storageTexture")).ToLocal(
      |                 ^~~~~~~~~~~~~~~~~~~~~~~~~~~~~~~~~~~~~~~~~~~~~~~~~~~~~~~~~~~~~~~~~~~~~~~~~~~~
  325 |                         &storageTextureVal);
      |                         ~~~~~~~~~~~~~~~~~~
/Users/qingque/Desktop/HaiyueStudio/Native/examples/boxbound/node_modules/@nativescript/canvas/platforms/ios/src/cpp/webgpu/GPUUtils.h:338:21: warning: ignoring return value of function declared with 'warn_unused_result' attribute [-Wunused-result]
  338 |                     storageTextureObj->Get(context,
      |                     ^~~~~~~~~~~~~~~~~~~~~~~~~~~~~~~
  339 |                                            ConvertToV8String(isolate, "access")).ToLocal(
      |                                            ~~~~~~~~~~~~~~~~~~~~~~~~~~~~~~~~~~~~~~~~~~~~~
  340 |                             &accessVal);
      |                             ~~~~~~~~~~
/Users/qingque/Desktop/HaiyueStudio/Native/examples/boxbound/node_modules/@nativescript/canvas/platforms/ios/src/cpp/webgpu/GPUUtils.h:361:21: warning: ignoring return value of function declared with 'warn_unused_result' attribute [-Wunused-result]
  361 |                     storageTextureObj->Get(context,
      |                     ^~~~~~~~~~~~~~~~~~~~~~~~~~~~~~~
  362 |                                            ConvertToV8String(isolate, "viewDimension")).ToLocal(
      |                                            ~~~~~~~~~~~~~~~~~~~~~~~~~~~~~~~~~~~~~~~~~~~~~~~~~~~~
  363 |                             &viewDimensionVal);
      |                             ~~~~~~~~~~~~~~~~~
/Users/qingque/Desktop/HaiyueStudio/Native/examples/boxbound/node_modules/@nativescript/canvas/platforms/ios/src/cpp/webgpu/GPUUtils.h:386:21: warning: ignoring return value of function declared with 'warn_unused_result' attribute [-Wunused-result]
  386 |                     storageTextureObj->Get(context,
      |                     ^~~~~~~~~~~~~~~~~~~~~~~~~~~~~~~
  387 |                                            ConvertToV8String(isolate, "format")).ToLocal(
      |                                            ~~~~~~~~~~~~~~~~~~~~~~~~~~~~~~~~~~~~~~~~~~~~~
  388 |                             &formatVal);
      |                             ~~~~~~~~~~
/Users/qingque/Desktop/HaiyueStudio/Native/examples/boxbound/node_modules/@nativescript/canvas/platforms/ios/src/cpp/webgpu/GPUUtils.h:424:17: warning: ignoring return value of function declared with 'warn_unused_result' attribute [-Wunused-result]
  424 |                 entryObj->Get(context, ConvertToV8String(isolate, "texture")).ToLocal(
      |                 ^~~~~~~~~~~~~~~~~~~~~~~~~~~~~~~~~~~~~~~~~~~~~~~~~~~~~~~~~~~~~~~~~~~~~
  425 |                         &textureVal);
      |                         ~~~~~~~~~~~
/Users/qingque/Desktop/HaiyueStudio/Native/examples/boxbound/node_modules/@nativescript/canvas/platforms/ios/src/cpp/webgpu/GPUUtils.h:433:21: warning: ignoring return value of function declared with 'warn_unused_result' attribute [-Wunused-result]
  433 |                     textureObj->Get(context,
      |                     ^~~~~~~~~~~~~~~~~~~~~~~~
  434 |                                     ConvertToV8String(isolate, "multisampled")).ToLocal(
      |                                     ~~~~~~~~~~~~~~~~~~~~~~~~~~~~~~~~~~~~~~~~~~~~~~~~~~~
  435 |                             &multisampledVal);
      |                             ~~~~~~~~~~~~~~~~
/Users/qingque/Desktop/HaiyueStudio/Native/examples/boxbound/node_modules/@nativescript/canvas/platforms/ios/src/cpp/webgpu/GPUUtils.h:443:21: warning: ignoring return value of function declared with 'warn_unused_result' attribute [-Wunused-result]
  443 |                     textureObj->Get(context, ConvertToV8String(isolate, "sampleType")).ToLocal(
      |                     ^~~~~~~~~~~~~~~~~~~~~~~~~~~~~~~~~~~~~~~~~~~~~~~~~~~~~~~~~~~~~~~~~~~~~~~~~~
  444 |                             &sampleTypeVal);
      |                             ~~~~~~~~~~~~~~
/Users/qingque/Desktop/HaiyueStudio/Native/examples/boxbound/node_modules/@nativescript/canvas/platforms/ios/src/cpp/webgpu/GPUUtils.h:469:21: warning: ignoring return value of function declared with 'warn_unused_result' attribute [-Wunused-result]
  469 |                     textureObj->Get(context,
      |                     ^~~~~~~~~~~~~~~~~~~~~~~~
  470 |                                     ConvertToV8String(isolate, "viewDimension")).ToLocal(
      |                                     ~~~~~~~~~~~~~~~~~~~~~~~~~~~~~~~~~~~~~~~~~~~~~~~~~~~~
  471 |                             &viewDimensionVal);
      |                             ~~~~~~~~~~~~~~~~~
/Users/qingque/Desktop/HaiyueStudio/Native/examples/boxbound/node_modules/@nativescript/canvas/platforms/ios/src/cpp/webgpu/GPUCommandEncoderImpl.cpp:170:3: warning: ignoring return value of function declared with 'warn_unused_result' attribute [-Wunused-result]
  170 |                 desc->Get(context, ConvertToV8String(isolate, "label")).ToLocal(&labelVal);
      |                 ^~~~~~~~~~~~~~~~~~~~~~~~~~~~~~~~~~~~~~~~~~~~~~~~~~~~~~~~~~~~~~~ ~~~~~~~~~
/Users/qingque/Desktop/HaiyueStudio/Native/examples/boxbound/node_modules/@nativescript/canvas/platforms/ios/src/cpp/webgpu/GPUCommandEncoderImpl.cpp:270:3: warning: ignoring return value of function declared with 'warn_unused_result' attribute [-Wunused-result]
  270 |                 desc->Get(context, ConvertToV8String(isolate, "label")).ToLocal(&labelVal);
      |                 ^~~~~~~~~~~~~~~~~~~~~~~~~~~~~~~~~~~~~~~~~~~~~~~~~~~~~~~~~~~~~~~ ~~~~~~~~~
/Users/qingque/Desktop/HaiyueStudio/Native/examples/boxbound/node_modules/@nativescript/canvas/platforms/ios/src/cpp/webgpu/GPUCommandEncoderImpl.cpp:276:3: warning: ignoring return value of function declared with 'warn_unused_result' attribute [-Wunused-result]
  276 |                 desc->Get(context, ConvertToV8String(isolate, "colorAttachments")).ToLocal(
      |                 ^~~~~~~~~~~~~~~~~~~~~~~~~~~~~~~~~~~~~~~~~~~~~~~~~~~~~~~~~~~~~~~~~~~~~~~~~~
  277 |                                                                                                                                                                                                                                                                                                                          &colorAttachmentsVal);
      |                                                                                                                                                                                                                                                                                                                          ~~~~~~~~~~~~~~~~~~~~
/Users/qingque/Desktop/HaiyueStudio/Native/examples/boxbound/node_modules/@nativescript/canvas/platforms/ios/src/cpp/webgpu/GPUCommandEncoderImpl.cpp:287:4: warning: ignoring return value of function declared with 'warn_unused_result' attribute [-Wunused-result]
  287 |                         colorAttachment->Get(context, ConvertToV8String(isolate, "clearValue")).ToLocal(
      |                         ^~~~~~~~~~~~~~~~~~~~~~~~~~~~~~~~~~~~~~~~~~~~~~~~~~~~~~~~~~~~~~~~~~~~~~~~~~~~~~~
  288 |                                                                                                                                                                                                                                                                                                                                                         &clearValueVal);
      |                                                                                                                                                                                                                                                                                                                                                         ~~~~~~~~~~~~~~
/Users/qingque/Desktop/HaiyueStudio/Native/examples/boxbound/node_modules/@nativescript/canvas/platforms/ios/src/cpp/webgpu/GPUCommandEncoderImpl.cpp:310:4: warning: ignoring return value of function declared with 'warn_unused_result' attribute [-Wunused-result]
  310 |                         colorAttachment->Get(context, ConvertToV8String(isolate, "resolveTarget")).ToLocal(
      |                         ^~~~~~~~~~~~~~~~~~~~~~~~~~~~~~~~~~~~~~~~~~~~~~~~~~~~~~~~~~~~~~~~~~~~~~~~~~~~~~~~~~
  311 |                                                                                                                                                                                                                                                                                                                                                                  &resolveTargetVal);
      |                                                                                                                                                                                                                                                                                                                                                                  ~~~~~~~~~~~~~~~~~
/Users/qingque/Desktop/HaiyueStudio/Native/examples/boxbound/node_modules/@nativescript/canvas/platforms/ios/src/cpp/webgpu/GPUCommandEncoderImpl.cpp:322:4: warning: ignoring return value of function declared with 'warn_unused_result' attribute [-Wunused-result]
  322 |                         colorAttachment->Get(context, ConvertToV8String(isolate,
      |                         ^~~~~~~~~~~~~~~~~~~~~~~~~~~~~~~~~~~~~~~~~~~~~~~~~~~~~~~~
  323 |                                                                                                                                                                                                                         "loadOp")).ToLocal(&loadVal);
      |                                                                                                                                                                                                                         ~~~~~~~~~~~~~~~~~~ ~~~~~~~~
/Users/qingque/Desktop/HaiyueStudio/Native/examples/boxbound/node_modules/@nativescript/canvas/platforms/ios/src/cpp/webgpu/GPUCommandEncoderImpl.cpp:325:4: warning: ignoring return value of function declared with 'warn_unused_result' attribute [-Wunused-result]
  325 |                         colorAttachment->Get(context, ConvertToV8String(isolate,
      |                         ^~~~~~~~~~~~~~~~~~~~~~~~~~~~~~~~~~~~~~~~~~~~~~~~~~~~~~~~
  326 |                                                                                                                                                                                                                         "storeOp")).ToLocal(&storeVal);
      |                                                                                                                                                                                                                         ~~~~~~~~~~~~~~~~~~~ ~~~~~~~~~
/Users/qingque/Desktop/HaiyueStudio/Native/examples/boxbound/node_modules/@nativescript/canvas/platforms/ios/src/cpp/webgpu/GPUCommandEncoderImpl.cpp:353:3: warning: ignoring return value of function declared with 'warn_unused_result' attribute [-Wunused-result]
  353 |                 desc->Get(context, ConvertToV8String(isolate, "maxDrawCount")).ToLocal(&maxDrawCountVal);
      |                 ^~~~~~~~~~~~~~~~~~~~~~~~~~~~~~~~~~~~~~~~~~~~~~~~~~~~~~~~~~~~~~~~~~~~~~ ~~~~~~~~~~~~~~~~
/Users/qingque/Desktop/HaiyueStudio/Native/examples/boxbound/node_modules/@nativescript/canvas/platforms/ios/src/cpp/webgpu/GPUCommandEncoderImpl.cpp:359:3: warning: ignoring return value of function declared with 'warn_unused_result' attribute [-Wunused-result]
  359 |                 desc->Get(context, ConvertToV8String(isolate, "depthStencilAttachment")).ToLocal(
      |                 ^~~~~~~~~~~~~~~~~~~~~~~~~~~~~~~~~~~~~~~~~~~~~~~~~~~~~~~~~~~~~~~~~~~~~~~~~~~~~~~~
  360 |                                                                                                                                                                                                                                                                                                                                                  &depthStencilAttachmentVal);
      |                                                                                                                                                                                                                                                                                                                                                  ~~~~~~~~~~~~~~~~~~~~~~~~~~
/Users/qingque/Desktop/HaiyueStudio/Native/examples/boxbound/node_modules/@nativescript/canvas/platforms/ios/src/cpp/webgpu/GPUCommandEncoderImpl.cpp:369:4: warning: ignoring return value of function declared with 'warn_unused_result' attribute [-Wunused-result]
  369 |                         depthStencilAttachmentObj->Get(context, ConvertToV8String(isolate,
      |                         ^~~~~~~~~~~~~~~~~~~~~~~~~~~~~~~~~~~~~~~~~~~~~~~~~~~~~~~~~~~~~~~~~~
  370 |                                                                                                                                                                                                                                                                 "view")).ToLocal(&viewVal);
      |                                                                                                                                                                                                                                                                 ~~~~~~~~~~~~~~~~ ~~~~~~~~
/Users/qingque/Desktop/HaiyueStudio/Native/examples/boxbound/node_modules/@nativescript/canvas/platforms/ios/src/cpp/webgpu/GPUCommandEncoderImpl.cpp:377:4: warning: ignoring return value of function declared with 'warn_unused_result' attribute [-Wunused-result]
  377 |                         depthStencilAttachmentObj->Get(context, ConvertToV8String(isolate,
      |                         ^~~~~~~~~~~~~~~~~~~~~~~~~~~~~~~~~~~~~~~~~~~~~~~~~~~~~~~~~~~~~~~~~~
  378 |                                                                                                                                                                                                                                                                 "depthClearValue")).ToLocal(
      |                                                                                                                                                                                                                                                                 ~~~~~~~~~~~~~~~~~~~~~~~~~~~
  379 |                                                                                                                                                                                                                                                                                                                                                                                 &depthClearValue);
      |                                                                                                                                                                                                                                                                                                                                                                                 ~~~~~~~~~~~~~~~~
/Users/qingque/Desktop/HaiyueStudio/Native/examples/boxbound/node_modules/@nativescript/canvas/platforms/ios/src/cpp/webgpu/GPUCommandEncoderImpl.cpp:392:4: warning: ignoring return value of function declared with 'warn_unused_result' attribute [-Wunused-result]
  392 |                         depthStencilAttachmentObj->Get(context, ConvertToV8String(isolate,
      |                         ^~~~~~~~~~~~~~~~~~~~~~~~~~~~~~~~~~~~~~~~~~~~~~~~~~~~~~~~~~~~~~~~~~
  393 |                                                                                                                                                                                                                                                                 "depthLoadOp")).ToLocal(
      |                                                                                                                                                                                                                                                                 ~~~~~~~~~~~~~~~~~~~~~~~
  394 |                                                                                                                                                                                                                                                                                                                                                                 &depthLoadOp);
      |                                                                                                                                                                                                                                                                                                                                                                 ~~~~~~~~~~~~
/Users/qingque/Desktop/HaiyueStudio/Native/examples/boxbound/node_modules/@nativescript/canvas/platforms/ios/src/cpp/webgpu/GPUCommandEncoderImpl.cpp:417:4: warning: ignoring return value of function declared with 'warn_unused_result' attribute [-Wunused-result]
  417 |                         depthStencilAttachmentObj->Get(context, ConvertToV8String(isolate,
      |                         ^~~~~~~~~~~~~~~~~~~~~~~~~~~~~~~~~~~~~~~~~~~~~~~~~~~~~~~~~~~~~~~~~~
  418 |                                                                                                                                                                                                                                                                 "depthStoreOp")).ToLocal(
      |                                                                                                                                                                                                                                                                 ~~~~~~~~~~~~~~~~~~~~~~~~
  419 |                                                                                                                                                                                                                                                                                                                                                                  &depthStoreOp);
      |                                                                                                                                                                                                                                                                                                                                                                  ~~~~~~~~~~~~~
/Users/qingque/Desktop/HaiyueStudio/Native/examples/boxbound/node_modules/@nativescript/canvas/platforms/ios/src/cpp/webgpu/GPUCommandEncoderImpl.cpp:442:4: warning: ignoring return value of function declared with 'warn_unused_result' attribute [-Wunused-result]
  442 |                         depthStencilAttachmentObj->Get(context, ConvertToV8String(isolate,
      |                         ^~~~~~~~~~~~~~~~~~~~~~~~~~~~~~~~~~~~~~~~~~~~~~~~~~~~~~~~~~~~~~~~~~
  443 |                                                                                                                                                                                                                                                                 "depthReadOnly")).ToLocal(
      |                                                                                                                                                                                                                                                                 ~~~~~~~~~~~~~~~~~~~~~~~~~
  444 |                                                                                                                                                                                                                                                                                                                                                                         &depthReadOnly);
      |                                                                                                                                                                                                                                                                                                                                                                         ~~~~~~~~~~~~~~
/Users/qingque/Desktop/HaiyueStudio/Native/examples/boxbound/node_modules/@nativescript/canvas/platforms/ios/src/cpp/webgpu/GPUCommandEncoderImpl.cpp:453:4: warning: ignoring return value of function declared with 'warn_unused_result' attribute [-Wunused-result]
  453 |                         depthStencilAttachmentObj->Get(context, ConvertToV8String(isolate,
      |                         ^~~~~~~~~~~~~~~~~~~~~~~~~~~~~~~~~~~~~~~~~~~~~~~~~~~~~~~~~~~~~~~~~~
  454 |                                                                                                                                                                                                                                                                 "stencilClearValue")).ToLocal(
      |                                                                                                                                                                                                                                                                 ~~~~~~~~~~~~~~~~~~~~~~~~~~~~~
  455 |                                                                                                                                                                                                                                                                                                                                                                                         &stencilClearValue);
      |                                                                                                                                                                                                                                                                                                                                                                                         ~~~~~~~~~~~~~~~~~~
/Users/qingque/Desktop/HaiyueStudio/Native/examples/boxbound/node_modules/@nativescript/canvas/platforms/ios/src/cpp/webgpu/GPUCommandEncoderImpl.cpp:466:4: warning: ignoring return value of function declared with 'warn_unused_result' attribute [-Wunused-result]
  466 |                         depthStencilAttachmentObj->Get(context, ConvertToV8String(isolate,
      |                         ^~~~~~~~~~~~~~~~~~~~~~~~~~~~~~~~~~~~~~~~~~~~~~~~~~~~~~~~~~~~~~~~~~
  467 |                                                                                                                                                                                                                                                                 "stencilLoadOp")).ToLocal(
      |                                                                                                                                                                                                                                                                 ~~~~~~~~~~~~~~~~~~~~~~~~~
  468 |                                                                                                                                                                                                                                                                                                                                                                         &stencilLoadOp);
      |                                                                                                                                                                                                                                                                                                                                                                         ~~~~~~~~~~~~~~
/Users/qingque/Desktop/HaiyueStudio/Native/examples/boxbound/node_modules/@nativescript/canvas/platforms/ios/src/cpp/webgpu/GPUCommandEncoderImpl.cpp:491:4: warning: ignoring return value of function declared with 'warn_unused_result' attribute [-Wunused-result]
  491 |                         depthStencilAttachmentObj->Get(context, ConvertToV8String(isolate,
      |                         ^~~~~~~~~~~~~~~~~~~~~~~~~~~~~~~~~~~~~~~~~~~~~~~~~~~~~~~~~~~~~~~~~~
  492 |                                                                                                                                                                                                                                                                 "stencilStoreOp")).ToLocal(
      |                                                                                                                                                                                                                                                                 ~~~~~~~~~~~~~~~~~~~~~~~~~~
  493 |                                                                                                                                                                                                                                                                                                                                                                          &stencilStoreOp);
      |                                                                                                                                                                                                                                                                                                                                                                          ~~~~~~~~~~~~~~~
/Users/qingque/Desktop/HaiyueStudio/Native/examples/boxbound/node_modules/@nativescript/canvas/platforms/ios/src/cpp/webgpu/GPUCommandEncoderImpl.cpp:516:4: warning: ignoring return value of function declared with 'warn_unused_result' attribute [-Wunused-result]
  516 |                         depthStencilAttachmentObj->Get(context, ConvertToV8String(isolate,
      |                         ^~~~~~~~~~~~~~~~~~~~~~~~~~~~~~~~~~~~~~~~~~~~~~~~~~~~~~~~~~~~~~~~~~
  517 |                                                                                                                                                                                                                                                                 "stencilReadOnly")).ToLocal(
      |                                                                                                                                                                                                                                                                 ~~~~~~~~~~~~~~~~~~~~~~~~~~~
  518 |                                                                                                                                                                                                                                                                                                                                                                                 &stencilReadOnly);
      |                                                                                                                                                                                                                                                                                                                                                                                 ~~~~~~~~~~~~~~~~
/Users/qingque/Desktop/HaiyueStudio/Native/examples/boxbound/node_modules/@nativescript/canvas/platforms/ios/src/cpp/webgpu/GPUCommandEncoderImpl.cpp:531:3: warning: ignoring return value of function declared with 'warn_unused_result' attribute [-Wunused-result]
  531 |                 desc->Get(context, ConvertToV8String(isolate, "occlusionQuerySet")).ToLocal(
      |                 ^~~~~~~~~~~~~~~~~~~~~~~~~~~~~~~~~~~~~~~~~~~~~~~~~~~~~~~~~~~~~~~~~~~~~~~~~~~
  532 |                                                                                                                                                                                                                                                                                                                                 &occlusionQuerySetVal);
      |                                                                                                                                                                                                                                                                                                                                 ~~~~~~~~~~~~~~~~~~~~~
/Users/qingque/Desktop/HaiyueStudio/Native/examples/boxbound/node_modules/@nativescript/canvas/platforms/ios/src/cpp/webgpu/GPUCommandEncoderImpl.cpp:543:3: warning: ignoring return value of function declared with 'warn_unused_result' attribute [-Wunused-result]
  543 |                 desc->Get(context, ConvertToV8String(isolate, "timestampWrites")).ToLocal(
      |                 ^~~~~~~~~~~~~~~~~~~~~~~~~~~~~~~~~~~~~~~~~~~~~~~~~~~~~~~~~~~~~~~~~~~~~~~~~
  544 |                                                                                                                                                                                                                                                                                                                         &timestampWritesVal);
      |                                                                                                                                                                                                                                                                                                                         ~~~~~~~~~~~~~~~~~~~
/Users/qingque/Desktop/HaiyueStudio/Native/examples/boxbound/node_modules/@nativescript/canvas/platforms/ios/src/cpp/webgpu/GPUCommandEncoderImpl.cpp:554:4: warning: ignoring return value of function declared with 'warn_unused_result' attribute [-Wunused-result]
  554 |                         timestampWrites->Get(context, ConvertToV8String(isolate, "querySet")).ToLocal(
      |                         ^~~~~~~~~~~~~~~~~~~~~~~~~~~~~~~~~~~~~~~~~~~~~~~~~~~~~~~~~~~~~~~~~~~~~~~~~~~~~
  555 |                                                                                                                                                                                                                                                                                                                                                 &querySetVal);
      |                                                                                                                                                                                                                                                                                                                                                 ~~~~~~~~~~~~
/Users/qingque/Desktop/HaiyueStudio/Native/examples/boxbound/node_modules/@nativescript/canvas/platforms/ios/src/cpp/webgpu/GPUCommandEncoderImpl.cpp:710:3: warning: ignoring return value of function declared with 'warn_unused_result' attribute [-Wunused-result]
  710 |                 src->Get(context, ConvertToV8String(isolate, "buffer")).ToLocal(&bufferVal);
      |                 ^~~~~~~~~~~~~~~~~~~~~~~~~~~~~~~~~~~~~~~~~~~~~~~~~~~~~~~~~~~~~~~ ~~~~~~~~~~
/Users/qingque/Desktop/HaiyueStudio/Native/examples/boxbound/node_modules/@nativescript/canvas/platforms/ios/src/cpp/webgpu/GPUCommandEncoderImpl.cpp:719:3: warning: ignoring return value of function declared with 'warn_unused_result' attribute [-Wunused-result]
  719 |                 src->Get(context, ConvertToV8String(isolate, "rowsPerImage")).ToLocal(&rowsPerImageVal);
      |                 ^~~~~~~~~~~~~~~~~~~~~~~~~~~~~~~~~~~~~~~~~~~~~~~~~~~~~~~~~~~~~~~~~~~~~ ~~~~~~~~~~~~~~~~
/Users/qingque/Desktop/HaiyueStudio/Native/examples/boxbound/node_modules/@nativescript/canvas/platforms/ios/src/cpp/webgpu/GPUCommandEncoderImpl.cpp:728:3: warning: ignoring return value of function declared with 'warn_unused_result' attribute [-Wunused-result]
  728 |                 src->Get(context, ConvertToV8String(isolate, "offset")).ToLocal(&offsetVal);
      |                 ^~~~~~~~~~~~~~~~~~~~~~~~~~~~~~~~~~~~~~~~~~~~~~~~~~~~~~~~~~~~~~~ ~~~~~~~~~~
/Users/qingque/Desktop/HaiyueStudio/Native/examples/boxbound/node_modules/@nativescript/canvas/platforms/ios/src/cpp/webgpu/GPUCommandEncoderImpl.cpp:736:3: warning: ignoring return value of function declared with 'warn_unused_result' attribute [-Wunused-result]
  736 |                 src->Get(context, ConvertToV8String(isolate, "bytesPerRow")).ToLocal(&bytesPerRowVal);
      |                 ^~~~~~~~~~~~~~~~~~~~~~~~~~~~~~~~~~~~~~~~~~~~~~~~~~~~~~~~~~~~~~~~~~~~ ~~~~~~~~~~~~~~~
/Users/qingque/Desktop/HaiyueStudio/Native/examples/boxbound/node_modules/@nativescript/canvas/platforms/ios/src/cpp/webgpu/GPUCommandEncoderImpl.cpp:755:3: warning: ignoring return value of function declared with 'warn_unused_result' attribute [-Wunused-result]
  755 |                 dst->Get(context, ConvertToV8String(isolate, "texture")).ToLocal(&textureVal);
      |                 ^~~~~~~~~~~~~~~~~~~~~~~~~~~~~~~~~~~~~~~~~~~~~~~~~~~~~~~~~~~~~~~~ ~~~~~~~~~~~
/Users/qingque/Desktop/HaiyueStudio/Native/examples/boxbound/node_modules/@nativescript/canvas/platforms/ios/src/cpp/webgpu/GPUCommandEncoderImpl.cpp:762:3: warning: ignoring return value of function declared with 'warn_unused_result' attribute [-Wunused-result]
  762 |                 dst->Get(context, ConvertToV8String(isolate, "mipLevel")).ToLocal(&mipLevelVal);
      |                 ^~~~~~~~~~~~~~~~~~~~~~~~~~~~~~~~~~~~~~~~~~~~~~~~~~~~~~~~~~~~~~~~~ ~~~~~~~~~~~~
/Users/qingque/Desktop/HaiyueStudio/Native/examples/boxbound/node_modules/@nativescript/canvas/platforms/ios/src/cpp/webgpu/GPUCommandEncoderImpl.cpp:769:3: warning: ignoring return value of function declared with 'warn_unused_result' attribute [-Wunused-result]
  769 |                 dst->Get(context, ConvertToV8String(isolate, "origin")).ToLocal(&originVal);
      |                 ^~~~~~~~~~~~~~~~~~~~~~~~~~~~~~~~~~~~~~~~~~~~~~~~~~~~~~~~~~~~~~~ ~~~~~~~~~~
/Users/qingque/Desktop/HaiyueStudio/Native/examples/boxbound/node_modules/@nativescript/canvas/platforms/ios/src/cpp/webgpu/GPUCommandEncoderImpl.cpp:779:4: warning: ignoring return value of function declared with 'warn_unused_result' attribute [-Wunused-result]
  779 |                         originObj->Get(context, ConvertToV8String(isolate, "x")).ToLocal(&xVal);
      |                         ^~~~~~~~~~~~~~~~~~~~~~~~~~~~~~~~~~~~~~~~~~~~~~~~~~~~~~~~~~~~~~~~ ~~~~~
/Users/qingque/Desktop/HaiyueStudio/Native/examples/boxbound/node_modules/@nativescript/canvas/platforms/ios/src/cpp/webgpu/GPUCommandEncoderImpl.cpp:780:4: warning: ignoring return value of function declared with 'warn_unused_result' attribute [-Wunused-result]
  780 |                         originObj->Get(context, ConvertToV8String(isolate, "y")).ToLocal(&yVal);
      |                         ^~~~~~~~~~~~~~~~~~~~~~~~~~~~~~~~~~~~~~~~~~~~~~~~~~~~~~~~~~~~~~~~ ~~~~~
/Users/qingque/Desktop/HaiyueStudio/Native/examples/boxbound/node_modules/@nativescript/canvas/platforms/ios/src/cpp/webgpu/GPUCommandEncoderImpl.cpp:781:4: warning: ignoring return value of function declared with 'warn_unused_result' attribute [-Wunused-result]
  781 |                         originObj->Get(context, ConvertToV8String(isolate, "z")).ToLocal(&zVal);
      |                         ^~~~~~~~~~~~~~~~~~~~~~~~~~~~~~~~~~~~~~~~~~~~~~~~~~~~~~~~~~~~~~~~ ~~~~~
/Users/qingque/Desktop/HaiyueStudio/Native/examples/boxbound/node_modules/@nativescript/canvas/platforms/ios/src/cpp/webgpu/GPUCommandEncoderImpl.cpp:797:3: warning: ignoring return value of function declared with 'warn_unused_result' attribute [-Wunused-result]
  797 |                 dst->Get(context, ConvertToV8String(isolate, "aspect")).ToLocal(&aspectVal);
      |                 ^~~~~~~~~~~~~~~~~~~~~~~~~~~~~~~~~~~~~~~~~~~~~~~~~~~~~~~~~~~~~~~ ~~~~~~~~~~
/Users/qingque/Desktop/HaiyueStudio/Native/examples/boxbound/node_modules/@nativescript/canvas/platforms/ios/src/cpp/webgpu/GPUCommandEncoderImpl.cpp:844:3: warning: ignoring return value of function declared with 'warn_unused_result' attribute [-Wunused-result]
  844 |                 src->Get(context, ConvertToV8String(isolate, "buffer")).ToLocal(&bufferVal);
      |                 ^~~~~~~~~~~~~~~~~~~~~~~~~~~~~~~~~~~~~~~~~~~~~~~~~~~~~~~~~~~~~~~ ~~~~~~~~~~
/Users/qingque/Desktop/HaiyueStudio/Native/examples/boxbound/node_modules/@nativescript/canvas/platforms/ios/src/cpp/webgpu/GPUCommandEncoderImpl.cpp:853:3: warning: ignoring return value of function declared with 'warn_unused_result' attribute [-Wunused-result]
  853 |                 src->Get(context, ConvertToV8String(isolate, "rowsPerImage")).ToLocal(&rowsPerImageVal);
      |                 ^~~~~~~~~~~~~~~~~~~~~~~~~~~~~~~~~~~~~~~~~~~~~~~~~~~~~~~~~~~~~~~~~~~~~ ~~~~~~~~~~~~~~~~
/Users/qingque/Desktop/HaiyueStudio/Native/examples/boxbound/node_modules/@nativescript/canvas/platforms/ios/src/cpp/webgpu/GPUCommandEncoderImpl.cpp:862:3: warning: ignoring return value of function declared with 'warn_unused_result' attribute [-Wunused-result]
  862 |                 src->Get(context, ConvertToV8String(isolate, "offset")).ToLocal(&offsetVal);
      |                 ^~~~~~~~~~~~~~~~~~~~~~~~~~~~~~~~~~~~~~~~~~~~~~~~~~~~~~~~~~~~~~~ ~~~~~~~~~~
/Users/qingque/Desktop/HaiyueStudio/Native/examples/boxbound/node_modules/@nativescript/canvas/platforms/ios/src/cpp/webgpu/GPUCommandEncoderImpl.cpp:870:3: warning: ignoring return value of function declared with 'warn_unused_result' attribute [-Wunused-result]
  870 |                 src->Get(context, ConvertToV8String(isolate, "bytesPerRow")).ToLocal(&bytesPerRowVal);
      |                 ^~~~~~~~~~~~~~~~~~~~~~~~~~~~~~~~~~~~~~~~~~~~~~~~~~~~~~~~~~~~~~~~~~~~ ~~~~~~~~~~~~~~~
/Users/qingque/Desktop/HaiyueStudio/Native/examples/boxbound/node_modules/@nativescript/canvas/platforms/ios/src/cpp/webgpu/GPUCommandEncoderImpl.cpp:889:3: warning: ignoring return value of function declared with 'warn_unused_result' attribute [-Wunused-result]
  889 |                 dst->Get(context, ConvertToV8String(isolate, "texture")).ToLocal(&textureVal);
      |                 ^~~~~~~~~~~~~~~~~~~~~~~~~~~~~~~~~~~~~~~~~~~~~~~~~~~~~~~~~~~~~~~~ ~~~~~~~~~~~
/Users/qingque/Desktop/HaiyueStudio/Native/examples/boxbound/node_modules/@nativescript/canvas/platforms/ios/src/cpp/webgpu/GPUCommandEncoderImpl.cpp:896:3: warning: ignoring return value of function declared with 'warn_unused_result' attribute [-Wunused-result]
  896 |                 dst->Get(context, ConvertToV8String(isolate, "mipLevel")).ToLocal(&mipLevelVal);
      |                 ^~~~~~~~~~~~~~~~~~~~~~~~~~~~~~~~~~~~~~~~~~~~~~~~~~~~~~~~~~~~~~~~~ ~~~~~~~~~~~~
/Users/qingque/Desktop/HaiyueStudio/Native/examples/boxbound/node_modules/@nativescript/canvas/platforms/ios/src/cpp/webgpu/GPUCommandEncoderImpl.cpp:903:3: warning: ignoring return value of function declared with 'warn_unused_result' attribute [-Wunused-result]
  903 |                 dst->Get(context, ConvertToV8String(isolate, "origin")).ToLocal(&originVal);
      |                 ^~~~~~~~~~~~~~~~~~~~~~~~~~~~~~~~~~~~~~~~~~~~~~~~~~~~~~~~~~~~~~~ ~~~~~~~~~~
/Users/qingque/Desktop/HaiyueStudio/Native/examples/boxbound/node_modules/@nativescript/canvas/platforms/ios/src/cpp/webgpu/GPUCommandEncoderImpl.cpp:913:4: warning: ignoring return value of function declared with 'warn_unused_result' attribute [-Wunused-result]
  913 |                         originObj->Get(context, ConvertToV8String(isolate, "x")).ToLocal(&xVal);
      |                         ^~~~~~~~~~~~~~~~~~~~~~~~~~~~~~~~~~~~~~~~~~~~~~~~~~~~~~~~~~~~~~~~ ~~~~~
/Users/qingque/Desktop/HaiyueStudio/Native/examples/boxbound/node_modules/@nativescript/canvas/platforms/ios/src/cpp/webgpu/GPUCommandEncoderImpl.cpp:914:4: warning: ignoring return value of function declared with 'warn_unused_result' attribute [-Wunused-result]
  914 |                         originObj->Get(context, ConvertToV8String(isolate, "y")).ToLocal(&yVal);
      |                         ^~~~~~~~~~~~~~~~~~~~~~~~~~~~~~~~~~~~~~~~~~~~~~~~~~~~~~~~~~~~~~~~ ~~~~~
/Users/qingque/Desktop/HaiyueStudio/Native/examples/boxbound/node_modules/@nativescript/canvas/platforms/ios/src/cpp/webgpu/GPUCommandEncoderImpl.cpp:915:4: warning: ignoring return value of function declared with 'warn_unused_result' attribute [-Wunused-result]
  915 |                         originObj->Get(context, ConvertToV8String(isolate, "z")).ToLocal(&zVal);
      |                         ^~~~~~~~~~~~~~~~~~~~~~~~~~~~~~~~~~~~~~~~~~~~~~~~~~~~~~~~~~~~~~~~ ~~~~~
/Users/qingque/Desktop/HaiyueStudio/Native/examples/boxbound/node_modules/@nativescript/canvas/platforms/ios/src/cpp/webgpu/GPUCommandEncoderImpl.cpp:931:3: warning: ignoring return value of function declared with 'warn_unused_result' attribute [-Wunused-result]
  931 |                 dst->Get(context, ConvertToV8String(isolate, "aspect")).ToLocal(&aspectVal);
      |                 ^~~~~~~~~~~~~~~~~~~~~~~~~~~~~~~~~~~~~~~~~~~~~~~~~~~~~~~~~~~~~~~ ~~~~~~~~~~
/Users/qingque/Desktop/HaiyueStudio/Native/examples/boxbound/node_modules/@nativescript/canvas/platforms/ios/src/cpp/webgpu/GPUCommandEncoderImpl.cpp:982:3: warning: ignoring return value of function declared with 'warn_unused_result' attribute [-Wunused-result]
  982 |                 src->Get(context, ConvertToV8String(isolate, "texture")).ToLocal(&srcTextureVal);
      |                 ^~~~~~~~~~~~~~~~~~~~~~~~~~~~~~~~~~~~~~~~~~~~~~~~~~~~~~~~~~~~~~~~ ~~~~~~~~~~~~~~
/Users/qingque/Desktop/HaiyueStudio/Native/examples/boxbound/node_modules/@nativescript/canvas/platforms/ios/src/cpp/webgpu/GPUCommandEncoderImpl.cpp:988:3: warning: ignoring return value of function declared with 'warn_unused_result' attribute [-Wunused-result]
  988 |                 src->Get(context, ConvertToV8String(isolate, "mipLevel")).ToLocal(&mipLevelAVal);
      |                 ^~~~~~~~~~~~~~~~~~~~~~~~~~~~~~~~~~~~~~~~~~~~~~~~~~~~~~~~~~~~~~~~~ ~~~~~~~~~~~~~
/Users/qingque/Desktop/HaiyueStudio/Native/examples/boxbound/node_modules/@nativescript/canvas/platforms/ios/src/cpp/webgpu/GPUCommandEncoderImpl.cpp:995:3: warning: ignoring return value of function declared with 'warn_unused_result' attribute [-Wunused-result]
  995 |                 src->Get(context, ConvertToV8String(isolate, "origin")).ToLocal(&originAVal);
      |                 ^~~~~~~~~~~~~~~~~~~~~~~~~~~~~~~~~~~~~~~~~~~~~~~~~~~~~~~~~~~~~~~ ~~~~~~~~~~~
/Users/qingque/Desktop/HaiyueStudio/Native/examples/boxbound/node_modules/@nativescript/canvas/platforms/ios/src/cpp/webgpu/GPUCommandEncoderImpl.cpp:1004:4: warning: ignoring return value of function declared with 'warn_unused_result' attribute [-Wunused-result]
 1004 |                         originObj->Get(context, ConvertToV8String(isolate, "x")).ToLocal(&xVal);
      |                         ^~~~~~~~~~~~~~~~~~~~~~~~~~~~~~~~~~~~~~~~~~~~~~~~~~~~~~~~~~~~~~~~ ~~~~~
/Users/qingque/Desktop/HaiyueStudio/Native/examples/boxbound/node_modules/@nativescript/canvas/platforms/ios/src/cpp/webgpu/GPUCommandEncoderImpl.cpp:1005:4: warning: ignoring return value of function declared with 'warn_unused_result' attribute [-Wunused-result]
 1005 |                         originObj->Get(context, ConvertToV8String(isolate, "y")).ToLocal(&yVal);
      |                         ^~~~~~~~~~~~~~~~~~~~~~~~~~~~~~~~~~~~~~~~~~~~~~~~~~~~~~~~~~~~~~~~ ~~~~~
/Users/qingque/Desktop/HaiyueStudio/Native/examples/boxbound/node_modules/@nativescript/canvas/platforms/ios/src/cpp/webgpu/GPUCommandEncoderImpl.cpp:1006:4: warning: ignoring return value of function declared with 'warn_unused_result' attribute [-Wunused-result]
 1006 |                         originObj->Get(context, ConvertToV8String(isolate, "z")).ToLocal(&zVal);
      |                         ^~~~~~~~~~~~~~~~~~~~~~~~~~~~~~~~~~~~~~~~~~~~~~~~~~~~~~~~~~~~~~~~ ~~~~~
/Users/qingque/Desktop/HaiyueStudio/Native/examples/boxbound/node_modules/@nativescript/canvas/platforms/ios/src/cpp/webgpu/GPUCommandEncoderImpl.cpp:1021:3: warning: ignoring return value of function declared with 'warn_unused_result' attribute [-Wunused-result]
 1021 |                 src->Get(context, ConvertToV8String(isolate, "aspect")).ToLocal(&aspectAVal);
      |                 ^~~~~~~~~~~~~~~~~~~~~~~~~~~~~~~~~~~~~~~~~~~~~~~~~~~~~~~~~~~~~~~ ~~~~~~~~~~~
/Users/qingque/Desktop/HaiyueStudio/Native/examples/boxbound/node_modules/@nativescript/canvas/platforms/ios/src/cpp/webgpu/GPUCommandEncoderImpl.cpp:1043:3: warning: ignoring return value of function declared with 'warn_unused_result' attribute [-Wunused-result]
 1043 |                 dst->Get(context, ConvertToV8String(isolate, "texture")).ToLocal(&textureVal);
      |                 ^~~~~~~~~~~~~~~~~~~~~~~~~~~~~~~~~~~~~~~~~~~~~~~~~~~~~~~~~~~~~~~~ ~~~~~~~~~~~
/Users/qingque/Desktop/HaiyueStudio/Native/examples/boxbound/node_modules/@nativescript/canvas/platforms/ios/src/cpp/webgpu/GPUCommandEncoderImpl.cpp:1050:3: warning: ignoring return value of function declared with 'warn_unused_result' attribute [-Wunused-result]
 1050 |                 dst->Get(context, ConvertToV8String(isolate, "mipLevel")).ToLocal(&mipLevelVal);
      |                 ^~~~~~~~~~~~~~~~~~~~~~~~~~~~~~~~~~~~~~~~~~~~~~~~~~~~~~~~~~~~~~~~~ ~~~~~~~~~~~~
/Users/qingque/Desktop/HaiyueStudio/Native/examples/boxbound/node_modules/@nativescript/canvas/platforms/ios/src/cpp/webgpu/GPUCommandEncoderImpl.cpp:1057:3: warning: ignoring return value of function declared with 'warn_unused_result' attribute [-Wunused-result]
 1057 |                 dst->Get(context, ConvertToV8String(isolate, "origin")).ToLocal(&originVal);
      |                 ^~~~~~~~~~~~~~~~~~~~~~~~~~~~~~~~~~~~~~~~~~~~~~~~~~~~~~~~~~~~~~~ ~~~~~~~~~~
/Users/qingque/Desktop/HaiyueStudio/Native/examples/boxbound/node_modules/@nativescript/canvas/platforms/ios/src/cpp/webgpu/GPUCommandEncoderImpl.cpp:1065:4: warning: ignoring return value of function declared with 'warn_unused_result' attribute [-Wunused-result]
 1065 |                         originObj->Get(context, ConvertToV8String(isolate, "x")).ToLocal(&xVal);
      |                         ^~~~~~~~~~~~~~~~~~~~~~~~~~~~~~~~~~~~~~~~~~~~~~~~~~~~~~~~~~~~~~~~ ~~~~~
/Users/qingque/Desktop/HaiyueStudio/Native/examples/boxbound/node_modules/@nativescript/canvas/platforms/ios/src/cpp/webgpu/GPUCommandEncoderImpl.cpp:1066:4: warning: ignoring return value of function declared with 'warn_unused_result' attribute [-Wunused-result]
 1066 |                         originObj->Get(context, ConvertToV8String(isolate, "y")).ToLocal(&yVal);
      |                         ^~~~~~~~~~~~~~~~~~~~~~~~~~~~~~~~~~~~~~~~~~~~~~~~~~~~~~~~~~~~~~~~ ~~~~~
/Users/qingque/Desktop/HaiyueStudio/Native/examples/boxbound/node_modules/@nativescript/canvas/platforms/ios/src/cpp/webgpu/GPUCommandEncoderImpl.cpp:1067:4: warning: ignoring return value of function declared with 'warn_unused_result' attribute [-Wunused-result]
 1067 |                         originObj->Get(context, ConvertToV8String(isolate, "z")).ToLocal(&zVal);
      |                         ^~~~~~~~~~~~~~~~~~~~~~~~~~~~~~~~~~~~~~~~~~~~~~~~~~~~~~~~~~~~~~~~ ~~~~~
/Users/qingque/Desktop/HaiyueStudio/Native/examples/boxbound/node_modules/@nativescript/canvas/platforms/ios/src/cpp/webgpu/GPUCommandEncoderImpl.cpp:1083:3: warning: ignoring return value of function declared with 'warn_unused_result' attribute [-Wunused-result]
 1083 |                 dst->Get(context, ConvertToV8String(isolate, "aspect")).ToLocal(&aspectVal);
      |                 ^~~~~~~~~~~~~~~~~~~~~~~~~~~~~~~~~~~~~~~~~~~~~~~~~~~~~~~~~~~~~~~ ~~~~~~~~~~
/Users/qingque/Desktop/HaiyueStudio/Native/examples/boxbound/node_modules/@nativescript/canvas/platforms/ios/src/cpp/webgpu/GPUCommandEncoderImpl.cpp:1124:3: warning: ignoring return value of function declared with 'warn_unused_result' attribute [-Wunused-result]
 1124 |                 desc->Get(context, ConvertToV8String(isolate, "label")).ToLocal(&labelVal);
      |                 ^~~~~~~~~~~~~~~~~~~~~~~~~~~~~~~~~~~~~~~~~~~~~~~~~~~~~~~~~~~~~~~ ~~~~~~~~~
In file included from /Users/qingque/Desktop/HaiyueStudio/Native/examples/boxbound/node_modules/@nativescript/canvas/platforms/ios/src/cpp/webgpu/GPUCommandEncoderImpl.cpp:5:
In file included from /Users/qingque/Desktop/HaiyueStudio/Native/examples/boxbound/node_modules/@nativescript/canvas/platforms/ios/src/cpp/webgpu/GPUCommandEncoderImpl.h:8:
/Users/qingque/Desktop/HaiyueStudio/Native/examples/boxbound/node_modules/@nativescript/canvas/platforms/ios/src/cpp/Helpers.h:63:13: warning: unused function 'LogToConsole' [-Wunused-function]
   63 | static void LogToConsole(const std::string &message) {
      |             ^~~~~~~~~~~~
/Users/qingque/Desktop/HaiyueStudio/Native/examples/boxbound/node_modules/@nativescript/canvas/platforms/ios/src/cpp/Helpers.h:160:13: warning: unused function 'SetFastMethod' [-Wunused-function]
  160 | static void SetFastMethod(v8::Isolate *isolate,
      |             ^~~~~~~~~~~~~
/Users/qingque/Desktop/HaiyueStudio/Native/examples/boxbound/node_modules/@nativescript/canvas/platforms/ios/src/cpp/Helpers.h:185:13: warning: unused function 'SetFastMethodWithOverLoads' [-Wunused-function]
  185 | static void SetFastMethodWithOverLoads(v8::Isolate *isolate,
      |             ^~~~~~~~~~~~~~~~~~~~~~~~~~
/Users/qingque/Desktop/HaiyueStudio/Native/examples/boxbound/node_modules/@nativescript/canvas/platforms/ios/src/cpp/Helpers.h:210:13: warning: unused function 'SetFastMethod' [-Wunused-function]
  210 | static void SetFastMethod(v8::Local<v8::Context> context,
      |             ^~~~~~~~~~~~~
/Users/qingque/Desktop/HaiyueStudio/Native/examples/boxbound/node_modules/@nativescript/canvas/platforms/ios/src/cpp/Helpers.h:234:13: warning: unused function 'SetFastMethodNoSideEffect' [-Wunused-function]
  234 | static void SetFastMethodNoSideEffect(v8::Local<v8::Context> context,
      |             ^~~~~~~~~~~~~~~~~~~~~~~~~
/Users/qingque/Desktop/HaiyueStudio/Native/examples/boxbound/node_modules/@nativescript/canvas/platforms/ios/src/cpp/Helpers.h:258:13: warning: unused function 'SetFastMethodNoSideEffect' [-Wunused-function]
  258 | static void SetFastMethodNoSideEffect(v8::Isolate *isolate,
      |             ^~~~~~~~~~~~~~~~~~~~~~~~~
85 warnings generated.

CompileC /Users/qingque/Library/Developer/Xcode/DerivedData/boxbound-gmbxpjcvwytnwfabbxjdzhvtcdad/Build/Intermediates.noindex/boxbound.build/Debug-iphoneos/boxbound.build/Objects-normal/arm64/GPUCommandBufferImpl.o /Users/qingque/Desktop/HaiyueStudio/Native/examples/boxbound/node_modules/@nativescript/canvas/platforms/ios/src/cpp/webgpu/GPUCommandBufferImpl.cpp normal arm64 c++ com.apple.compilers.llvm.clang.1_0.compiler (in target 'boxbound' from project 'boxbound')
    cd /Users/qingque/Desktop/HaiyueStudio/Native/examples/boxbound/platforms/ios
    
    Using response file: /Users/qingque/Library/Developer/Xcode/DerivedData/boxbound-gmbxpjcvwytnwfabbxjdzhvtcdad/Build/Intermediates.noindex/boxbound.build/Debug-iphoneos/boxbound.build/Objects-normal/arm64/82b82416624d2658e5098eb0a28c15c5-common-args.resp
    
    /Applications/Xcode.app/Contents/Developer/Toolchains/XcodeDefault.xctoolchain/usr/bin/clang -x c++ -ivfsstatcache /Users/qingque/Library/Developer/Xcode/DerivedData/SDKStatCaches.noindex/iphoneos26.2-23C57-3794476bd08197c3e2abd9bb477ef7f7.sdkstatcache -fmessage-length\=0 -fdiagnostics-show-note-include-stack -fmacro-backtrace-limit\=0 -fno-color-diagnostics -Wno-trigraphs -Wno-missing-field-initializers -Wno-missing-prototypes -Werror\=return-type -Wunreachable-code -Werror\=deprecated-objc-isa-usage -Werror\=objc-root-class -Wno-non-virtual-dtor -Wno-overloaded-virtual -Wno-exit-time-destructors -Wno-missing-braces -Wparentheses -Wswitch -Wunused-function -Wno-unused-label -Wno-unused-parameter -Wunused-variable -Wunused-value -Wempty-body -Wuninitialized -Wno-unknown-pragmas -Wno-shadow -Wno-four-char-constants -Wno-conversion -Wconstant-conversion -Wint-conversion -Wbool-conversion -Wenum-conversion -Wno-float-conversion -Wnon-literal-null-conversion -Wobjc-literal-conversion -Wshorten-64-to-32 -Wno-newline-eof -Wno-c++11-extensions -Wno-implicit-fallthrough -fstrict-aliasing -Wdeprecated-declarations -Winvalid-offsetof -Wno-sign-conversion -Winfinite-recursion -Wmove -Wcomma -Wblock-capture-autoreleasing -Wstrict-prototypes -Wrange-loop-analysis -Wno-semicolon-before-method-body -index-store-path /Users/qingque/Library/Developer/Xcode/DerivedData/boxbound-gmbxpjcvwytnwfabbxjdzhvtcdad/Index.noindex/DataStore @/Users/qingque/Library/Developer/Xcode/DerivedData/boxbound-gmbxpjcvwytnwfabbxjdzhvtcdad/Build/Intermediates.noindex/boxbound.build/Debug-iphoneos/boxbound.build/Objects-normal/arm64/82b82416624d2658e5098eb0a28c15c5-common-args.resp -include /Users/qingque/Desktop/HaiyueStudio/Native/examples/boxbound/platforms/ios/build/sharedpch/SharedPrecompiledHeaders/17560698271525316586/boxbound-Prefix.pch -MMD -MT dependencies -MF /Users/qingque/Library/Developer/Xcode/DerivedData/boxbound-gmbxpjcvwytnwfabbxjdzhvtcdad/Build/Intermediates.noindex/boxbound.build/Debug-iphoneos/boxbound.build/Objects-normal/arm64/GPUCommandBufferImpl.d --serialize-diagnostics /Users/qingque/Library/Developer/Xcode/DerivedData/boxbound-gmbxpjcvwytnwfabbxjdzhvtcdad/Build/Intermediates.noindex/boxbound.build/Debug-iphoneos/boxbound.build/Objects-normal/arm64/GPUCommandBufferImpl.dia -c /Users/qingque/Desktop/HaiyueStudio/Native/examples/boxbound/node_modules/@nativescript/canvas/platforms/ios/src/cpp/webgpu/GPUCommandBufferImpl.cpp -o /Users/qingque/Library/Developer/Xcode/DerivedData/boxbound-gmbxpjcvwytnwfabbxjdzhvtcdad/Build/Intermediates.noindex/boxbound.build/Debug-iphoneos/boxbound.build/Objects-normal/arm64/GPUCommandBufferImpl.o -index-unit-output-path /boxbound.build/Debug-iphoneos/boxbound.build/Objects-normal/arm64/GPUCommandBufferImpl.o
In file included from /Users/qingque/Desktop/HaiyueStudio/Native/examples/boxbound/node_modules/@nativescript/canvas/platforms/ios/src/cpp/webgpu/GPUCommandBufferImpl.cpp:5:
In file included from /Users/qingque/Desktop/HaiyueStudio/Native/examples/boxbound/node_modules/@nativescript/canvas/platforms/ios/src/cpp/webgpu/GPUCommandBufferImpl.h:9:
/Users/qingque/Desktop/HaiyueStudio/Native/examples/boxbound/node_modules/@nativescript/canvas/platforms/ios/src/cpp/Helpers.h:63:13: warning: unused function 'LogToConsole' [-Wunused-function]
   63 | static void LogToConsole(const std::string &message) {
      |             ^~~~~~~~~~~~
/Users/qingque/Desktop/HaiyueStudio/Native/examples/boxbound/node_modules/@nativescript/canvas/platforms/ios/src/cpp/Helpers.h:160:13: warning: unused function 'SetFastMethod' [-Wunused-function]
  160 | static void SetFastMethod(v8::Isolate *isolate,
      |             ^~~~~~~~~~~~~
/Users/qingque/Desktop/HaiyueStudio/Native/examples/boxbound/node_modules/@nativescript/canvas/platforms/ios/src/cpp/Helpers.h:185:13: warning: unused function 'SetFastMethodWithOverLoads' [-Wunused-function]
  185 | static void SetFastMethodWithOverLoads(v8::Isolate *isolate,
      |             ^~~~~~~~~~~~~~~~~~~~~~~~~~
/Users/qingque/Desktop/HaiyueStudio/Native/examples/boxbound/node_modules/@nativescript/canvas/platforms/ios/src/cpp/Helpers.h:210:13: warning: unused function 'SetFastMethod' [-Wunused-function]
  210 | static void SetFastMethod(v8::Local<v8::Context> context,
      |             ^~~~~~~~~~~~~
/Users/qingque/Desktop/HaiyueStudio/Native/examples/boxbound/node_modules/@nativescript/canvas/platforms/ios/src/cpp/Helpers.h:234:13: warning: unused function 'SetFastMethodNoSideEffect' [-Wunused-function]
  234 | static void SetFastMethodNoSideEffect(v8::Local<v8::Context> context,
      |             ^~~~~~~~~~~~~~~~~~~~~~~~~
/Users/qingque/Desktop/HaiyueStudio/Native/examples/boxbound/node_modules/@nativescript/canvas/platforms/ios/src/cpp/Helpers.h:258:13: warning: unused function 'SetFastMethodNoSideEffect' [-Wunused-function]
  258 | static void SetFastMethodNoSideEffect(v8::Isolate *isolate,
      |             ^~~~~~~~~~~~~~~~~~~~~~~~~
6 warnings generated.

CompileC /Users/qingque/Library/Developer/Xcode/DerivedData/boxbound-gmbxpjcvwytnwfabbxjdzhvtcdad/Build/Intermediates.noindex/boxbound.build/Debug-iphoneos/boxbound.build/Objects-normal/arm64/GPUCanvasContextImpl.o /Users/qingque/Desktop/HaiyueStudio/Native/examples/boxbound/node_modules/@nativescript/canvas/platforms/ios/src/cpp/webgpu/GPUCanvasContextImpl.cpp normal arm64 c++ com.apple.compilers.llvm.clang.1_0.compiler (in target 'boxbound' from project 'boxbound')
    cd /Users/qingque/Desktop/HaiyueStudio/Native/examples/boxbound/platforms/ios
    
    Using response file: /Users/qingque/Library/Developer/Xcode/DerivedData/boxbound-gmbxpjcvwytnwfabbxjdzhvtcdad/Build/Intermediates.noindex/boxbound.build/Debug-iphoneos/boxbound.build/Objects-normal/arm64/82b82416624d2658e5098eb0a28c15c5-common-args.resp
    
    /Applications/Xcode.app/Contents/Developer/Toolchains/XcodeDefault.xctoolchain/usr/bin/clang -x c++ -ivfsstatcache /Users/qingque/Library/Developer/Xcode/DerivedData/SDKStatCaches.noindex/iphoneos26.2-23C57-3794476bd08197c3e2abd9bb477ef7f7.sdkstatcache -fmessage-length\=0 -fdiagnostics-show-note-include-stack -fmacro-backtrace-limit\=0 -fno-color-diagnostics -Wno-trigraphs -Wno-missing-field-initializers -Wno-missing-prototypes -Werror\=return-type -Wunreachable-code -Werror\=deprecated-objc-isa-usage -Werror\=objc-root-class -Wno-non-virtual-dtor -Wno-overloaded-virtual -Wno-exit-time-destructors -Wno-missing-braces -Wparentheses -Wswitch -Wunused-function -Wno-unused-label -Wno-unused-parameter -Wunused-variable -Wunused-value -Wempty-body -Wuninitialized -Wno-unknown-pragmas -Wno-shadow -Wno-four-char-constants -Wno-conversion -Wconstant-conversion -Wint-conversion -Wbool-conversion -Wenum-conversion -Wno-float-conversion -Wnon-literal-null-conversion -Wobjc-literal-conversion -Wshorten-64-to-32 -Wno-newline-eof -Wno-c++11-extensions -Wno-implicit-fallthrough -fstrict-aliasing -Wdeprecated-declarations -Winvalid-offsetof -Wno-sign-conversion -Winfinite-recursion -Wmove -Wcomma -Wblock-capture-autoreleasing -Wstrict-prototypes -Wrange-loop-analysis -Wno-semicolon-before-method-body -index-store-path /Users/qingque/Library/Developer/Xcode/DerivedData/boxbound-gmbxpjcvwytnwfabbxjdzhvtcdad/Index.noindex/DataStore @/Users/qingque/Library/Developer/Xcode/DerivedData/boxbound-gmbxpjcvwytnwfabbxjdzhvtcdad/Build/Intermediates.noindex/boxbound.build/Debug-iphoneos/boxbound.build/Objects-normal/arm64/82b82416624d2658e5098eb0a28c15c5-common-args.resp -include /Users/qingque/Desktop/HaiyueStudio/Native/examples/boxbound/platforms/ios/build/sharedpch/SharedPrecompiledHeaders/17560698271525316586/boxbound-Prefix.pch -MMD -MT dependencies -MF /Users/qingque/Library/Developer/Xcode/DerivedData/boxbound-gmbxpjcvwytnwfabbxjdzhvtcdad/Build/Intermediates.noindex/boxbound.build/Debug-iphoneos/boxbound.build/Objects-normal/arm64/GPUCanvasContextImpl.d --serialize-diagnostics /Users/qingque/Library/Developer/Xcode/DerivedData/boxbound-gmbxpjcvwytnwfabbxjdzhvtcdad/Build/Intermediates.noindex/boxbound.build/Debug-iphoneos/boxbound.build/Objects-normal/arm64/GPUCanvasContextImpl.dia -c /Users/qingque/Desktop/HaiyueStudio/Native/examples/boxbound/node_modules/@nativescript/canvas/platforms/ios/src/cpp/webgpu/GPUCanvasContextImpl.cpp -o /Users/qingque/Library/Developer/Xcode/DerivedData/boxbound-gmbxpjcvwytnwfabbxjdzhvtcdad/Build/Intermediates.noindex/boxbound.build/Debug-iphoneos/boxbound.build/Objects-normal/arm64/GPUCanvasContextImpl.o -index-unit-output-path /boxbound.build/Debug-iphoneos/boxbound.build/Objects-normal/arm64/GPUCanvasContextImpl.o
In file included from /Users/qingque/Desktop/HaiyueStudio/Native/examples/boxbound/node_modules/@nativescript/canvas/platforms/ios/src/cpp/webgpu/GPUCanvasContextImpl.cpp:8:
/Users/qingque/Desktop/HaiyueStudio/Native/examples/boxbound/node_modules/@nativescript/canvas/platforms/ios/src/cpp/webgpu/GPUUtils.h:61:13: warning: ignoring return value of function declared with 'warn_unused_result' attribute [-Wunused-result]
   61 |             entriesArray->Get(context, i).ToLocal(&entryVal);
      |             ^~~~~~~~~~~~~~~~~~~~~~~~~~~~~~~~~~~~~ ~~~~~~~~~
/Users/qingque/Desktop/HaiyueStudio/Native/examples/boxbound/node_modules/@nativescript/canvas/platforms/ios/src/cpp/webgpu/GPUUtils.h:68:17: warning: ignoring return value of function declared with 'warn_unused_result' attribute [-Wunused-result]
   68 |                 entryObj->Get(context, ConvertToV8String(isolate, "resource")).ToLocal(
      |                 ^~~~~~~~~~~~~~~~~~~~~~~~~~~~~~~~~~~~~~~~~~~~~~~~~~~~~~~~~~~~~~~~~~~~~~
   69 |                         &resourceVal);
      |                         ~~~~~~~~~~~~
/Users/qingque/Desktop/HaiyueStudio/Native/examples/boxbound/node_modules/@nativescript/canvas/platforms/ios/src/cpp/webgpu/GPUUtils.h:102:29: warning: ignoring return value of function declared with 'warn_unused_result' attribute [-Wunused-result]
  102 |                             resourceObj->Get(context,
      |                             ^~~~~~~~~~~~~~~~~~~~~~~~~
  103 |                                              ConvertToV8String(isolate, "buffer")).ToLocal(
      |                                              ~~~~~~~~~~~~~~~~~~~~~~~~~~~~~~~~~~~~~~~~~~~~~
  104 |                                     &bufferVal);
      |                                     ~~~~~~~~~~
/Users/qingque/Desktop/HaiyueStudio/Native/examples/boxbound/node_modules/@nativescript/canvas/platforms/ios/src/cpp/webgpu/GPUUtils.h:117:37: warning: ignoring return value of function declared with 'warn_unused_result' attribute [-Wunused-result]
  117 |                                     resourceObj->Get(context,
      |                                     ^~~~~~~~~~~~~~~~~~~~~~~~~
  118 |                                                      ConvertToV8String(isolate,
      |                                                      ~~~~~~~~~~~~~~~~~~~~~~~~~~
  119 |                                                                        "offset")).ToLocal(
      |                                                                        ~~~~~~~~~~~~~~~~~~
  120 |                                             &offsetVal);
      |                                             ~~~~~~~~~~
/Users/qingque/Desktop/HaiyueStudio/Native/examples/boxbound/node_modules/@nativescript/canvas/platforms/ios/src/cpp/webgpu/GPUUtils.h:129:37: warning: ignoring return value of function declared with 'warn_unused_result' attribute [-Wunused-result]
  129 |                                     resourceObj->Get(context,
      |                                     ^~~~~~~~~~~~~~~~~~~~~~~~~
  130 |                                                      ConvertToV8String(isolate,
      |                                                      ~~~~~~~~~~~~~~~~~~~~~~~~~~
  131 |                                                                        "size")).ToLocal(
      |                                                                        ~~~~~~~~~~~~~~~~
  132 |                                             &sizeVal);
      |                                             ~~~~~~~~
/Users/qingque/Desktop/HaiyueStudio/Native/examples/boxbound/node_modules/@nativescript/canvas/platforms/ios/src/cpp/webgpu/GPUUtils.h:168:13: warning: ignoring return value of function declared with 'warn_unused_result' attribute [-Wunused-result]
  168 |             entriesArray->Get(context, i).ToLocal(&entryVal);
      |             ^~~~~~~~~~~~~~~~~~~~~~~~~~~~~~~~~~~~~ ~~~~~~~~~
/Users/qingque/Desktop/HaiyueStudio/Native/examples/boxbound/node_modules/@nativescript/canvas/platforms/ios/src/cpp/webgpu/GPUUtils.h:183:17: warning: ignoring return value of function declared with 'warn_unused_result' attribute [-Wunused-result]
  183 |                 entryObj->Get(context, ConvertToV8String(isolate, "buffer")).ToLocal(
      |                 ^~~~~~~~~~~~~~~~~~~~~~~~~~~~~~~~~~~~~~~~~~~~~~~~~~~~~~~~~~~~~~~~~~~~
  184 |                         &bufferVal);
      |                         ~~~~~~~~~~
/Users/qingque/Desktop/HaiyueStudio/Native/examples/boxbound/node_modules/@nativescript/canvas/platforms/ios/src/cpp/webgpu/GPUUtils.h:189:21: warning: ignoring return value of function declared with 'warn_unused_result' attribute [-Wunused-result]
  189 |                     bufferObj->Get(context, ConvertToV8String(isolate, "type")).ToLocal(
      |                     ^~~~~~~~~~~~~~~~~~~~~~~~~~~~~~~~~~~~~~~~~~~~~~~~~~~~~~~~~~~~~~~~~~~
  190 |                             &bufferType);
      |                             ~~~~~~~~~~~
/Users/qingque/Desktop/HaiyueStudio/Native/examples/boxbound/node_modules/@nativescript/canvas/platforms/ios/src/cpp/webgpu/GPUUtils.h:208:21: warning: ignoring return value of function declared with 'warn_unused_result' attribute [-Wunused-result]
  208 |                     bufferObj->Get(context,
      |                     ^~~~~~~~~~~~~~~~~~~~~~~
  209 |                                    ConvertToV8String(isolate, "hasDynamicOffset")).ToLocal(
      |                                    ~~~~~~~~~~~~~~~~~~~~~~~~~~~~~~~~~~~~~~~~~~~~~~~~~~~~~~~
  210 |                             &hasDynamicOffsetVal);
      |                             ~~~~~~~~~~~~~~~~~~~~
/Users/qingque/Desktop/HaiyueStudio/Native/examples/boxbound/node_modules/@nativescript/canvas/platforms/ios/src/cpp/webgpu/GPUUtils.h:220:21: warning: ignoring return value of function declared with 'warn_unused_result' attribute [-Wunused-result]
  220 |                     bufferObj->Get(context,
      |                     ^~~~~~~~~~~~~~~~~~~~~~~
  221 |                                    ConvertToV8String(isolate, "minBindingSize")).ToLocal(
      |                                    ~~~~~~~~~~~~~~~~~~~~~~~~~~~~~~~~~~~~~~~~~~~~~~~~~~~~~
  222 |                             &minBindingSizeVal);
      |                             ~~~~~~~~~~~~~~~~~~
/Users/qingque/Desktop/HaiyueStudio/Native/examples/boxbound/node_modules/@nativescript/canvas/platforms/ios/src/cpp/webgpu/GPUUtils.h:252:17: warning: ignoring return value of function declared with 'warn_unused_result' attribute [-Wunused-result]
  252 |                 entryObj->Get(context, ConvertToV8String(isolate, "externalTexture")).ToLocal(
      |                 ^~~~~~~~~~~~~~~~~~~~~~~~~~~~~~~~~~~~~~~~~~~~~~~~~~~~~~~~~~~~~~~~~~~~~~~~~~~~~
  253 |                         &externalTextureVal);
      |                         ~~~~~~~~~~~~~~~~~~~
/Users/qingque/Desktop/HaiyueStudio/Native/examples/boxbound/node_modules/@nativescript/canvas/platforms/ios/src/cpp/webgpu/GPUUtils.h:278:17: warning: ignoring return value of function declared with 'warn_unused_result' attribute [-Wunused-result]
  278 |                 entryObj->Get(context, ConvertToV8String(isolate, "sampler")).ToLocal(
      |                 ^~~~~~~~~~~~~~~~~~~~~~~~~~~~~~~~~~~~~~~~~~~~~~~~~~~~~~~~~~~~~~~~~~~~~
  279 |                         &samplerVal);
      |                         ~~~~~~~~~~~
/Users/qingque/Desktop/HaiyueStudio/Native/examples/boxbound/node_modules/@nativescript/canvas/platforms/ios/src/cpp/webgpu/GPUUtils.h:284:21: warning: ignoring return value of function declared with 'warn_unused_result' attribute [-Wunused-result]
  284 |                     samplerObj->Get(context, ConvertToV8String(isolate, "type")).ToLocal(
      |                     ^~~~~~~~~~~~~~~~~~~~~~~~~~~~~~~~~~~~~~~~~~~~~~~~~~~~~~~~~~~~~~~~~~~~
  285 |                             &samplerType);
      |                             ~~~~~~~~~~~~
/Users/qingque/Desktop/HaiyueStudio/Native/examples/boxbound/node_modules/@nativescript/canvas/platforms/ios/src/cpp/webgpu/GPUUtils.h:324:17: warning: ignoring return value of function declared with 'warn_unused_result' attribute [-Wunused-result]
  324 |                 entryObj->Get(context, ConvertToV8String(isolate, "storageTexture")).ToLocal(
      |                 ^~~~~~~~~~~~~~~~~~~~~~~~~~~~~~~~~~~~~~~~~~~~~~~~~~~~~~~~~~~~~~~~~~~~~~~~~~~~
  325 |                         &storageTextureVal);
      |                         ~~~~~~~~~~~~~~~~~~
/Users/qingque/Desktop/HaiyueStudio/Native/examples/boxbound/node_modules/@nativescript/canvas/platforms/ios/src/cpp/webgpu/GPUUtils.h:338:21: warning: ignoring return value of function declared with 'warn_unused_result' attribute [-Wunused-result]
  338 |                     storageTextureObj->Get(context,
      |                     ^~~~~~~~~~~~~~~~~~~~~~~~~~~~~~~
  339 |                                            ConvertToV8String(isolate, "access")).ToLocal(
      |                                            ~~~~~~~~~~~~~~~~~~~~~~~~~~~~~~~~~~~~~~~~~~~~~
  340 |                             &accessVal);
      |                             ~~~~~~~~~~
/Users/qingque/Desktop/HaiyueStudio/Native/examples/boxbound/node_modules/@nativescript/canvas/platforms/ios/src/cpp/webgpu/GPUUtils.h:361:21: warning: ignoring return value of function declared with 'warn_unused_result' attribute [-Wunused-result]
  361 |                     storageTextureObj->Get(context,
      |                     ^~~~~~~~~~~~~~~~~~~~~~~~~~~~~~~
  362 |                                            ConvertToV8String(isolate, "viewDimension")).ToLocal(
      |                                            ~~~~~~~~~~~~~~~~~~~~~~~~~~~~~~~~~~~~~~~~~~~~~~~~~~~~
  363 |                             &viewDimensionVal);
      |                             ~~~~~~~~~~~~~~~~~
/Users/qingque/Desktop/HaiyueStudio/Native/examples/boxbound/node_modules/@nativescript/canvas/platforms/ios/src/cpp/webgpu/GPUUtils.h:386:21: warning: ignoring return value of function declared with 'warn_unused_result' attribute [-Wunused-result]
  386 |                     storageTextureObj->Get(context,
      |                     ^~~~~~~~~~~~~~~~~~~~~~~~~~~~~~~
  387 |                                            ConvertToV8String(isolate, "format")).ToLocal(
      |                                            ~~~~~~~~~~~~~~~~~~~~~~~~~~~~~~~~~~~~~~~~~~~~~
  388 |                             &formatVal);
      |                             ~~~~~~~~~~
/Users/qingque/Desktop/HaiyueStudio/Native/examples/boxbound/node_modules/@nativescript/canvas/platforms/ios/src/cpp/webgpu/GPUUtils.h:424:17: warning: ignoring return value of function declared with 'warn_unused_result' attribute [-Wunused-result]
  424 |                 entryObj->Get(context, ConvertToV8String(isolate, "texture")).ToLocal(
      |                 ^~~~~~~~~~~~~~~~~~~~~~~~~~~~~~~~~~~~~~~~~~~~~~~~~~~~~~~~~~~~~~~~~~~~~
  425 |                         &textureVal);
      |                         ~~~~~~~~~~~
/Users/qingque/Desktop/HaiyueStudio/Native/examples/boxbound/node_modules/@nativescript/canvas/platforms/ios/src/cpp/webgpu/GPUUtils.h:433:21: warning: ignoring return value of function declared with 'warn_unused_result' attribute [-Wunused-result]
  433 |                     textureObj->Get(context,
      |                     ^~~~~~~~~~~~~~~~~~~~~~~~
  434 |                                     ConvertToV8String(isolate, "multisampled")).ToLocal(
      |                                     ~~~~~~~~~~~~~~~~~~~~~~~~~~~~~~~~~~~~~~~~~~~~~~~~~~~
  435 |                             &multisampledVal);
      |                             ~~~~~~~~~~~~~~~~
/Users/qingque/Desktop/HaiyueStudio/Native/examples/boxbound/node_modules/@nativescript/canvas/platforms/ios/src/cpp/webgpu/GPUUtils.h:443:21: warning: ignoring return value of function declared with 'warn_unused_result' attribute [-Wunused-result]
  443 |                     textureObj->Get(context, ConvertToV8String(isolate, "sampleType")).ToLocal(
      |                     ^~~~~~~~~~~~~~~~~~~~~~~~~~~~~~~~~~~~~~~~~~~~~~~~~~~~~~~~~~~~~~~~~~~~~~~~~~
  444 |                             &sampleTypeVal);
      |                             ~~~~~~~~~~~~~~
/Users/qingque/Desktop/HaiyueStudio/Native/examples/boxbound/node_modules/@nativescript/canvas/platforms/ios/src/cpp/webgpu/GPUUtils.h:469:21: warning: ignoring return value of function declared with 'warn_unused_result' attribute [-Wunused-result]
  469 |                     textureObj->Get(context,
      |                     ^~~~~~~~~~~~~~~~~~~~~~~~
  470 |                                     ConvertToV8String(isolate, "viewDimension")).ToLocal(
      |                                     ~~~~~~~~~~~~~~~~~~~~~~~~~~~~~~~~~~~~~~~~~~~~~~~~~~~~
  471 |                             &viewDimensionVal);
      |                             ~~~~~~~~~~~~~~~~~
/Users/qingque/Desktop/HaiyueStudio/Native/examples/boxbound/node_modules/@nativescript/canvas/platforms/ios/src/cpp/webgpu/GPUCanvasContextImpl.cpp:242:2: warning: ignoring return value of function declared with 'warn_unused_result' attribute [-Wunused-result]
  242 |         options->Get(context, ConvertToV8String(isolate, "usage")).ToLocal(
      |         ^~~~~~~~~~~~~~~~~~~~~~~~~~~~~~~~~~~~~~~~~~~~~~~~~~~~~~~~~~~~~~~~~~
  243 |                                                                                                                                                                                                                                                                                  &usageValue);
      |                                                                                                                                                                                                                                                                                  ~~~~~~~~~~~
/Users/qingque/Desktop/HaiyueStudio/Native/examples/boxbound/node_modules/@nativescript/canvas/platforms/ios/src/cpp/webgpu/GPUCanvasContextImpl.cpp:303:2: warning: ignoring return value of function declared with 'warn_unused_result' attribute [-Wunused-result]
  303 |         options->Get(context, ConvertToV8String(isolate, "size")).ToLocal(
      |         ^~~~~~~~~~~~~~~~~~~~~~~~~~~~~~~~~~~~~~~~~~~~~~~~~~~~~~~~~~~~~~~~~
  304 |                                                                                                                                                                                                                                                                                 &sizeValue);
      |                                                                                                                                                                                                                                                                                 ~~~~~~~~~~
In file included from /Users/qingque/Desktop/HaiyueStudio/Native/examples/boxbound/node_modules/@nativescript/canvas/platforms/ios/src/cpp/webgpu/GPUCanvasContextImpl.cpp:5:
In file included from /Users/qingque/Desktop/HaiyueStudio/Native/examples/boxbound/node_modules/@nativescript/canvas/platforms/ios/src/cpp/webgpu/GPUCanvasContextImpl.h:11:
/Users/qingque/Desktop/HaiyueStudio/Native/examples/boxbound/node_modules/@nativescript/canvas/platforms/ios/src/cpp/Helpers.h:63:13: warning: unused function 'LogToConsole' [-Wunused-function]
   63 | static void LogToConsole(const std::string &message) {
      |             ^~~~~~~~~~~~
/Users/qingque/Desktop/HaiyueStudio/Native/examples/boxbound/node_modules/@nativescript/canvas/platforms/ios/src/cpp/Helpers.h:185:13: warning: unused function 'SetFastMethodWithOverLoads' [-Wunused-function]
  185 | static void SetFastMethodWithOverLoads(v8::Isolate *isolate,
      |             ^~~~~~~~~~~~~~~~~~~~~~~~~~
/Users/qingque/Desktop/HaiyueStudio/Native/examples/boxbound/node_modules/@nativescript/canvas/platforms/ios/src/cpp/Helpers.h:210:13: warning: unused function 'SetFastMethod' [-Wunused-function]
  210 | static void SetFastMethod(v8::Local<v8::Context> context,
      |             ^~~~~~~~~~~~~
/Users/qingque/Desktop/HaiyueStudio/Native/examples/boxbound/node_modules/@nativescript/canvas/platforms/ios/src/cpp/Helpers.h:234:13: warning: unused function 'SetFastMethodNoSideEffect' [-Wunused-function]
  234 | static void SetFastMethodNoSideEffect(v8::Local<v8::Context> context,
      |             ^~~~~~~~~~~~~~~~~~~~~~~~~
/Users/qingque/Desktop/HaiyueStudio/Native/examples/boxbound/node_modules/@nativescript/canvas/platforms/ios/src/cpp/Helpers.h:258:13: warning: unused function 'SetFastMethodNoSideEffect' [-Wunused-function]
  258 | static void SetFastMethodNoSideEffect(v8::Isolate *isolate,
      |             ^~~~~~~~~~~~~~~~~~~~~~~~~
28 warnings generated.

CompileC /Users/qingque/Library/Developer/Xcode/DerivedData/boxbound-gmbxpjcvwytnwfabbxjdzhvtcdad/Build/Intermediates.noindex/boxbound.build/Debug-iphoneos/boxbound.build/Objects-normal/arm64/GPUBufferImpl.o /Users/qingque/Desktop/HaiyueStudio/Native/examples/boxbound/node_modules/@nativescript/canvas/platforms/ios/src/cpp/webgpu/GPUBufferImpl.cpp normal arm64 c++ com.apple.compilers.llvm.clang.1_0.compiler (in target 'boxbound' from project 'boxbound')
    cd /Users/qingque/Desktop/HaiyueStudio/Native/examples/boxbound/platforms/ios
    
    Using response file: /Users/qingque/Library/Developer/Xcode/DerivedData/boxbound-gmbxpjcvwytnwfabbxjdzhvtcdad/Build/Intermediates.noindex/boxbound.build/Debug-iphoneos/boxbound.build/Objects-normal/arm64/82b82416624d2658e5098eb0a28c15c5-common-args.resp
    
    /Applications/Xcode.app/Contents/Developer/Toolchains/XcodeDefault.xctoolchain/usr/bin/clang -x c++ -ivfsstatcache /Users/qingque/Library/Developer/Xcode/DerivedData/SDKStatCaches.noindex/iphoneos26.2-23C57-3794476bd08197c3e2abd9bb477ef7f7.sdkstatcache -fmessage-length\=0 -fdiagnostics-show-note-include-stack -fmacro-backtrace-limit\=0 -fno-color-diagnostics -Wno-trigraphs -Wno-missing-field-initializers -Wno-missing-prototypes -Werror\=return-type -Wunreachable-code -Werror\=deprecated-objc-isa-usage -Werror\=objc-root-class -Wno-non-virtual-dtor -Wno-overloaded-virtual -Wno-exit-time-destructors -Wno-missing-braces -Wparentheses -Wswitch -Wunused-function -Wno-unused-label -Wno-unused-parameter -Wunused-variable -Wunused-value -Wempty-body -Wuninitialized -Wno-unknown-pragmas -Wno-shadow -Wno-four-char-constants -Wno-conversion -Wconstant-conversion -Wint-conversion -Wbool-conversion -Wenum-conversion -Wno-float-conversion -Wnon-literal-null-conversion -Wobjc-literal-conversion -Wshorten-64-to-32 -Wno-newline-eof -Wno-c++11-extensions -Wno-implicit-fallthrough -fstrict-aliasing -Wdeprecated-declarations -Winvalid-offsetof -Wno-sign-conversion -Winfinite-recursion -Wmove -Wcomma -Wblock-capture-autoreleasing -Wstrict-prototypes -Wrange-loop-analysis -Wno-semicolon-before-method-body -index-store-path /Users/qingque/Library/Developer/Xcode/DerivedData/boxbound-gmbxpjcvwytnwfabbxjdzhvtcdad/Index.noindex/DataStore @/Users/qingque/Library/Developer/Xcode/DerivedData/boxbound-gmbxpjcvwytnwfabbxjdzhvtcdad/Build/Intermediates.noindex/boxbound.build/Debug-iphoneos/boxbound.build/Objects-normal/arm64/82b82416624d2658e5098eb0a28c15c5-common-args.resp -include /Users/qingque/Desktop/HaiyueStudio/Native/examples/boxbound/platforms/ios/build/sharedpch/SharedPrecompiledHeaders/17560698271525316586/boxbound-Prefix.pch -MMD -MT dependencies -MF /Users/qingque/Library/Developer/Xcode/DerivedData/boxbound-gmbxpjcvwytnwfabbxjdzhvtcdad/Build/Intermediates.noindex/boxbound.build/Debug-iphoneos/boxbound.build/Objects-normal/arm64/GPUBufferImpl.d --serialize-diagnostics /Users/qingque/Library/Developer/Xcode/DerivedData/boxbound-gmbxpjcvwytnwfabbxjdzhvtcdad/Build/Intermediates.noindex/boxbound.build/Debug-iphoneos/boxbound.build/Objects-normal/arm64/GPUBufferImpl.dia -c /Users/qingque/Desktop/HaiyueStudio/Native/examples/boxbound/node_modules/@nativescript/canvas/platforms/ios/src/cpp/webgpu/GPUBufferImpl.cpp -o /Users/qingque/Library/Developer/Xcode/DerivedData/boxbound-gmbxpjcvwytnwfabbxjdzhvtcdad/Build/Intermediates.noindex/boxbound.build/Debug-iphoneos/boxbound.build/Objects-normal/arm64/GPUBufferImpl.o -index-unit-output-path /boxbound.build/Debug-iphoneos/boxbound.build/Objects-normal/arm64/GPUBufferImpl.o
/Users/qingque/Desktop/HaiyueStudio/Native/examples/boxbound/node_modules/@nativescript/canvas/platforms/ios/src/cpp/webgpu/GPUBufferImpl.cpp:188:25: warning: ignoring return value of function declared with 'warn_unused_result' attribute [-Wunused-result]
  188 |                         callback->Resolve(context, v8::Undefined(isolate));
      |                         ^~~~~~~~~~~~~~~~~ ~~~~~~~~~~~~~~~~~~~~~~~~~~~~~~~
/Users/qingque/Desktop/HaiyueStudio/Native/examples/boxbound/node_modules/@nativescript/canvas/platforms/ios/src/cpp/webgpu/GPUBufferImpl.cpp:191:25: warning: ignoring return value of function declared with 'warn_unused_result' attribute [-Wunused-result]
  191 |                         callback->Reject(context,
      |                         ^~~~~~~~~~~~~~~~ ~~~~~~~~
  192 |                                          v8::Exception::Error(
      |                                          ~~~~~~~~~~~~~~~~~~~~~
  193 |                                                  ConvertToV8String(
      |                                                  ~~~~~~~~~~~~~~~~~~
  194 |                                                          isolate,
      |                                                          ~~~~~~~~
  195 |                                                          errorData->error)));
      |                                                          ~~~~~~~~~~~~~~~~~~
In file included from /Users/qingque/Desktop/HaiyueStudio/Native/examples/boxbound/node_modules/@nativescript/canvas/platforms/ios/src/cpp/webgpu/GPUBufferImpl.cpp:5:
In file included from /Users/qingque/Desktop/HaiyueStudio/Native/examples/boxbound/node_modules/@nativescript/canvas/platforms/ios/src/cpp/webgpu/GPUBufferImpl.h:8:
/Users/qingque/Desktop/HaiyueStudio/Native/examples/boxbound/node_modules/@nativescript/canvas/platforms/ios/src/cpp/Helpers.h:63:13: warning: unused function 'LogToConsole' [-Wunused-function]
   63 | static void LogToConsole(const std::string &message) {
      |             ^~~~~~~~~~~~
/Users/qingque/Desktop/HaiyueStudio/Native/examples/boxbound/node_modules/@nativescript/canvas/platforms/ios/src/cpp/Helpers.h:160:13: warning: unused function 'SetFastMethod' [-Wunused-function]
  160 | static void SetFastMethod(v8::Isolate *isolate,
      |             ^~~~~~~~~~~~~
/Users/qingque/Desktop/HaiyueStudio/Native/examples/boxbound/node_modules/@nativescript/canvas/platforms/ios/src/cpp/Helpers.h:185:13: warning: unused function 'SetFastMethodWithOverLoads' [-Wunused-function]
  185 | static void SetFastMethodWithOverLoads(v8::Isolate *isolate,
      |             ^~~~~~~~~~~~~~~~~~~~~~~~~~
/Users/qingque/Desktop/HaiyueStudio/Native/examples/boxbound/node_modules/@nativescript/canvas/platforms/ios/src/cpp/Helpers.h:210:13: warning: unused function 'SetFastMethod' [-Wunused-function]
  210 | static void SetFastMethod(v8::Local<v8::Context> context,
      |             ^~~~~~~~~~~~~
/Users/qingque/Desktop/HaiyueStudio/Native/examples/boxbound/node_modules/@nativescript/canvas/platforms/ios/src/cpp/Helpers.h:234:13: warning: unused function 'SetFastMethodNoSideEffect' [-Wunused-function]
  234 | static void SetFastMethodNoSideEffect(v8::Local<v8::Context> context,
      |             ^~~~~~~~~~~~~~~~~~~~~~~~~
/Users/qingque/Desktop/HaiyueStudio/Native/examples/boxbound/node_modules/@nativescript/canvas/platforms/ios/src/cpp/Helpers.h:258:13: warning: unused function 'SetFastMethodNoSideEffect' [-Wunused-function]
  258 | static void SetFastMethodNoSideEffect(v8::Isolate *isolate,
      |             ^~~~~~~~~~~~~~~~~~~~~~~~~
8 warnings generated.

CompileC /Users/qingque/Library/Developer/Xcode/DerivedData/boxbound-gmbxpjcvwytnwfabbxjdzhvtcdad/Build/Intermediates.noindex/boxbound.build/Debug-iphoneos/boxbound.build/Objects-normal/arm64/GPUBindGroupLayoutImpl.o /Users/qingque/Desktop/HaiyueStudio/Native/examples/boxbound/node_modules/@nativescript/canvas/platforms/ios/src/cpp/webgpu/GPUBindGroupLayoutImpl.cpp normal arm64 c++ com.apple.compilers.llvm.clang.1_0.compiler (in target 'boxbound' from project 'boxbound')
    cd /Users/qingque/Desktop/HaiyueStudio/Native/examples/boxbound/platforms/ios
    
    Using response file: /Users/qingque/Library/Developer/Xcode/DerivedData/boxbound-gmbxpjcvwytnwfabbxjdzhvtcdad/Build/Intermediates.noindex/boxbound.build/Debug-iphoneos/boxbound.build/Objects-normal/arm64/82b82416624d2658e5098eb0a28c15c5-common-args.resp
    
    /Applications/Xcode.app/Contents/Developer/Toolchains/XcodeDefault.xctoolchain/usr/bin/clang -x c++ -ivfsstatcache /Users/qingque/Library/Developer/Xcode/DerivedData/SDKStatCaches.noindex/iphoneos26.2-23C57-3794476bd08197c3e2abd9bb477ef7f7.sdkstatcache -fmessage-length\=0 -fdiagnostics-show-note-include-stack -fmacro-backtrace-limit\=0 -fno-color-diagnostics -Wno-trigraphs -Wno-missing-field-initializers -Wno-missing-prototypes -Werror\=return-type -Wunreachable-code -Werror\=deprecated-objc-isa-usage -Werror\=objc-root-class -Wno-non-virtual-dtor -Wno-overloaded-virtual -Wno-exit-time-destructors -Wno-missing-braces -Wparentheses -Wswitch -Wunused-function -Wno-unused-label -Wno-unused-parameter -Wunused-variable -Wunused-value -Wempty-body -Wuninitialized -Wno-unknown-pragmas -Wno-shadow -Wno-four-char-constants -Wno-conversion -Wconstant-conversion -Wint-conversion -Wbool-conversion -Wenum-conversion -Wno-float-conversion -Wnon-literal-null-conversion -Wobjc-literal-conversion -Wshorten-64-to-32 -Wno-newline-eof -Wno-c++11-extensions -Wno-implicit-fallthrough -fstrict-aliasing -Wdeprecated-declarations -Winvalid-offsetof -Wno-sign-conversion -Winfinite-recursion -Wmove -Wcomma -Wblock-capture-autoreleasing -Wstrict-prototypes -Wrange-loop-analysis -Wno-semicolon-before-method-body -index-store-path /Users/qingque/Library/Developer/Xcode/DerivedData/boxbound-gmbxpjcvwytnwfabbxjdzhvtcdad/Index.noindex/DataStore @/Users/qingque/Library/Developer/Xcode/DerivedData/boxbound-gmbxpjcvwytnwfabbxjdzhvtcdad/Build/Intermediates.noindex/boxbound.build/Debug-iphoneos/boxbound.build/Objects-normal/arm64/82b82416624d2658e5098eb0a28c15c5-common-args.resp -include /Users/qingque/Desktop/HaiyueStudio/Native/examples/boxbound/platforms/ios/build/sharedpch/SharedPrecompiledHeaders/17560698271525316586/boxbound-Prefix.pch -MMD -MT dependencies -MF /Users/qingque/Library/Developer/Xcode/DerivedData/boxbound-gmbxpjcvwytnwfabbxjdzhvtcdad/Build/Intermediates.noindex/boxbound.build/Debug-iphoneos/boxbound.build/Objects-normal/arm64/GPUBindGroupLayoutImpl.d --serialize-diagnostics /Users/qingque/Library/Developer/Xcode/DerivedData/boxbound-gmbxpjcvwytnwfabbxjdzhvtcdad/Build/Intermediates.noindex/boxbound.build/Debug-iphoneos/boxbound.build/Objects-normal/arm64/GPUBindGroupLayoutImpl.dia -c /Users/qingque/Desktop/HaiyueStudio/Native/examples/boxbound/node_modules/@nativescript/canvas/platforms/ios/src/cpp/webgpu/GPUBindGroupLayoutImpl.cpp -o /Users/qingque/Library/Developer/Xcode/DerivedData/boxbound-gmbxpjcvwytnwfabbxjdzhvtcdad/Build/Intermediates.noindex/boxbound.build/Debug-iphoneos/boxbound.build/Objects-normal/arm64/GPUBindGroupLayoutImpl.o -index-unit-output-path /boxbound.build/Debug-iphoneos/boxbound.build/Objects-normal/arm64/GPUBindGroupLayoutImpl.o
In file included from /Users/qingque/Desktop/HaiyueStudio/Native/examples/boxbound/node_modules/@nativescript/canvas/platforms/ios/src/cpp/webgpu/GPUBindGroupLayoutImpl.cpp:5:
In file included from /Users/qingque/Desktop/HaiyueStudio/Native/examples/boxbound/node_modules/@nativescript/canvas/platforms/ios/src/cpp/webgpu/GPUBindGroupLayoutImpl.h:9:
/Users/qingque/Desktop/HaiyueStudio/Native/examples/boxbound/node_modules/@nativescript/canvas/platforms/ios/src/cpp/Helpers.h:63:13: warning: unused function 'LogToConsole' [-Wunused-function]
   63 | static void LogToConsole(const std::string &message) {
      |             ^~~~~~~~~~~~
/Users/qingque/Desktop/HaiyueStudio/Native/examples/boxbound/node_modules/@nativescript/canvas/platforms/ios/src/cpp/Helpers.h:160:13: warning: unused function 'SetFastMethod' [-Wunused-function]
  160 | static void SetFastMethod(v8::Isolate *isolate,
      |             ^~~~~~~~~~~~~
/Users/qingque/Desktop/HaiyueStudio/Native/examples/boxbound/node_modules/@nativescript/canvas/platforms/ios/src/cpp/Helpers.h:185:13: warning: unused function 'SetFastMethodWithOverLoads' [-Wunused-function]
  185 | static void SetFastMethodWithOverLoads(v8::Isolate *isolate,
      |             ^~~~~~~~~~~~~~~~~~~~~~~~~~
/Users/qingque/Desktop/HaiyueStudio/Native/examples/boxbound/node_modules/@nativescript/canvas/platforms/ios/src/cpp/Helpers.h:210:13: warning: unused function 'SetFastMethod' [-Wunused-function]
  210 | static void SetFastMethod(v8::Local<v8::Context> context,
      |             ^~~~~~~~~~~~~
/Users/qingque/Desktop/HaiyueStudio/Native/examples/boxbound/node_modules/@nativescript/canvas/platforms/ios/src/cpp/Helpers.h:234:13: warning: unused function 'SetFastMethodNoSideEffect' [-Wunused-function]
  234 | static void SetFastMethodNoSideEffect(v8::Local<v8::Context> context,
      |             ^~~~~~~~~~~~~~~~~~~~~~~~~
/Users/qingque/Desktop/HaiyueStudio/Native/examples/boxbound/node_modules/@nativescript/canvas/platforms/ios/src/cpp/Helpers.h:258:13: warning: unused function 'SetFastMethodNoSideEffect' [-Wunused-function]
  258 | static void SetFastMethodNoSideEffect(v8::Isolate *isolate,
      |             ^~~~~~~~~~~~~~~~~~~~~~~~~
6 warnings generated.

CompileC /Users/qingque/Library/Developer/Xcode/DerivedData/boxbound-gmbxpjcvwytnwfabbxjdzhvtcdad/Build/Intermediates.noindex/boxbound.build/Debug-iphoneos/boxbound.build/Objects-normal/arm64/GPUBindGroupImpl.o /Users/qingque/Desktop/HaiyueStudio/Native/examples/boxbound/node_modules/@nativescript/canvas/platforms/ios/src/cpp/webgpu/GPUBindGroupImpl.cpp normal arm64 c++ com.apple.compilers.llvm.clang.1_0.compiler (in target 'boxbound' from project 'boxbound')
    cd /Users/qingque/Desktop/HaiyueStudio/Native/examples/boxbound/platforms/ios
    
    Using response file: /Users/qingque/Library/Developer/Xcode/DerivedData/boxbound-gmbxpjcvwytnwfabbxjdzhvtcdad/Build/Intermediates.noindex/boxbound.build/Debug-iphoneos/boxbound.build/Objects-normal/arm64/82b82416624d2658e5098eb0a28c15c5-common-args.resp
    
    /Applications/Xcode.app/Contents/Developer/Toolchains/XcodeDefault.xctoolchain/usr/bin/clang -x c++ -ivfsstatcache /Users/qingque/Library/Developer/Xcode/DerivedData/SDKStatCaches.noindex/iphoneos26.2-23C57-3794476bd08197c3e2abd9bb477ef7f7.sdkstatcache -fmessage-length\=0 -fdiagnostics-show-note-include-stack -fmacro-backtrace-limit\=0 -fno-color-diagnostics -Wno-trigraphs -Wno-missing-field-initializers -Wno-missing-prototypes -Werror\=return-type -Wunreachable-code -Werror\=deprecated-objc-isa-usage -Werror\=objc-root-class -Wno-non-virtual-dtor -Wno-overloaded-virtual -Wno-exit-time-destructors -Wno-missing-braces -Wparentheses -Wswitch -Wunused-function -Wno-unused-label -Wno-unused-parameter -Wunused-variable -Wunused-value -Wempty-body -Wuninitialized -Wno-unknown-pragmas -Wno-shadow -Wno-four-char-constants -Wno-conversion -Wconstant-conversion -Wint-conversion -Wbool-conversion -Wenum-conversion -Wno-float-conversion -Wnon-literal-null-conversion -Wobjc-literal-conversion -Wshorten-64-to-32 -Wno-newline-eof -Wno-c++11-extensions -Wno-implicit-fallthrough -fstrict-aliasing -Wdeprecated-declarations -Winvalid-offsetof -Wno-sign-conversion -Winfinite-recursion -Wmove -Wcomma -Wblock-capture-autoreleasing -Wstrict-prototypes -Wrange-loop-analysis -Wno-semicolon-before-method-body -index-store-path /Users/qingque/Library/Developer/Xcode/DerivedData/boxbound-gmbxpjcvwytnwfabbxjdzhvtcdad/Index.noindex/DataStore @/Users/qingque/Library/Developer/Xcode/DerivedData/boxbound-gmbxpjcvwytnwfabbxjdzhvtcdad/Build/Intermediates.noindex/boxbound.build/Debug-iphoneos/boxbound.build/Objects-normal/arm64/82b82416624d2658e5098eb0a28c15c5-common-args.resp -include /Users/qingque/Desktop/HaiyueStudio/Native/examples/boxbound/platforms/ios/build/sharedpch/SharedPrecompiledHeaders/17560698271525316586/boxbound-Prefix.pch -MMD -MT dependencies -MF /Users/qingque/Library/Developer/Xcode/DerivedData/boxbound-gmbxpjcvwytnwfabbxjdzhvtcdad/Build/Intermediates.noindex/boxbound.build/Debug-iphoneos/boxbound.build/Objects-normal/arm64/GPUBindGroupImpl.d --serialize-diagnostics /Users/qingque/Library/Developer/Xcode/DerivedData/boxbound-gmbxpjcvwytnwfabbxjdzhvtcdad/Build/Intermediates.noindex/boxbound.build/Debug-iphoneos/boxbound.build/Objects-normal/arm64/GPUBindGroupImpl.dia -c /Users/qingque/Desktop/HaiyueStudio/Native/examples/boxbound/node_modules/@nativescript/canvas/platforms/ios/src/cpp/webgpu/GPUBindGroupImpl.cpp -o /Users/qingque/Library/Developer/Xcode/DerivedData/boxbound-gmbxpjcvwytnwfabbxjdzhvtcdad/Build/Intermediates.noindex/boxbound.build/Debug-iphoneos/boxbound.build/Objects-normal/arm64/GPUBindGroupImpl.o -index-unit-output-path /boxbound.build/Debug-iphoneos/boxbound.build/Objects-normal/arm64/GPUBindGroupImpl.o
In file included from /Users/qingque/Desktop/HaiyueStudio/Native/examples/boxbound/node_modules/@nativescript/canvas/platforms/ios/src/cpp/webgpu/GPUBindGroupImpl.cpp:5:
In file included from /Users/qingque/Desktop/HaiyueStudio/Native/examples/boxbound/node_modules/@nativescript/canvas/platforms/ios/src/cpp/webgpu/GPUBindGroupImpl.h:9:
/Users/qingque/Desktop/HaiyueStudio/Native/examples/boxbound/node_modules/@nativescript/canvas/platforms/ios/src/cpp/Helpers.h:63:13: warning: unused function 'LogToConsole' [-Wunused-function]
   63 | static void LogToConsole(const std::string &message) {
      |             ^~~~~~~~~~~~
/Users/qingque/Desktop/HaiyueStudio/Native/examples/boxbound/node_modules/@nativescript/canvas/platforms/ios/src/cpp/Helpers.h:160:13: warning: unused function 'SetFastMethod' [-Wunused-function]
  160 | static void SetFastMethod(v8::Isolate *isolate,
      |             ^~~~~~~~~~~~~
/Users/qingque/Desktop/HaiyueStudio/Native/examples/boxbound/node_modules/@nativescript/canvas/platforms/ios/src/cpp/Helpers.h:185:13: warning: unused function 'SetFastMethodWithOverLoads' [-Wunused-function]
  185 | static void SetFastMethodWithOverLoads(v8::Isolate *isolate,
      |             ^~~~~~~~~~~~~~~~~~~~~~~~~~
/Users/qingque/Desktop/HaiyueStudio/Native/examples/boxbound/node_modules/@nativescript/canvas/platforms/ios/src/cpp/Helpers.h:210:13: warning: unused function 'SetFastMethod' [-Wunused-function]
  210 | static void SetFastMethod(v8::Local<v8::Context> context,
      |             ^~~~~~~~~~~~~
/Users/qingque/Desktop/HaiyueStudio/Native/examples/boxbound/node_modules/@nativescript/canvas/platforms/ios/src/cpp/Helpers.h:234:13: warning: unused function 'SetFastMethodNoSideEffect' [-Wunused-function]
  234 | static void SetFastMethodNoSideEffect(v8::Local<v8::Context> context,
      |             ^~~~~~~~~~~~~~~~~~~~~~~~~
/Users/qingque/Desktop/HaiyueStudio/Native/examples/boxbound/node_modules/@nativescript/canvas/platforms/ios/src/cpp/Helpers.h:258:13: warning: unused function 'SetFastMethodNoSideEffect' [-Wunused-function]
  258 | static void SetFastMethodNoSideEffect(v8::Isolate *isolate,
      |             ^~~~~~~~~~~~~~~~~~~~~~~~~
6 warnings generated.

CompileC /Users/qingque/Library/Developer/Xcode/DerivedData/boxbound-gmbxpjcvwytnwfabbxjdzhvtcdad/Build/Intermediates.noindex/boxbound.build/Debug-iphoneos/boxbound.build/Objects-normal/arm64/GPUAdapterInfoImpl.o /Users/qingque/Desktop/HaiyueStudio/Native/examples/boxbound/node_modules/@nativescript/canvas/platforms/ios/src/cpp/webgpu/GPUAdapterInfoImpl.cpp normal arm64 c++ com.apple.compilers.llvm.clang.1_0.compiler (in target 'boxbound' from project 'boxbound')
    cd /Users/qingque/Desktop/HaiyueStudio/Native/examples/boxbound/platforms/ios
    
    Using response file: /Users/qingque/Library/Developer/Xcode/DerivedData/boxbound-gmbxpjcvwytnwfabbxjdzhvtcdad/Build/Intermediates.noindex/boxbound.build/Debug-iphoneos/boxbound.build/Objects-normal/arm64/82b82416624d2658e5098eb0a28c15c5-common-args.resp
    
    /Applications/Xcode.app/Contents/Developer/Toolchains/XcodeDefault.xctoolchain/usr/bin/clang -x c++ -ivfsstatcache /Users/qingque/Library/Developer/Xcode/DerivedData/SDKStatCaches.noindex/iphoneos26.2-23C57-3794476bd08197c3e2abd9bb477ef7f7.sdkstatcache -fmessage-length\=0 -fdiagnostics-show-note-include-stack -fmacro-backtrace-limit\=0 -fno-color-diagnostics -Wno-trigraphs -Wno-missing-field-initializers -Wno-missing-prototypes -Werror\=return-type -Wunreachable-code -Werror\=deprecated-objc-isa-usage -Werror\=objc-root-class -Wno-non-virtual-dtor -Wno-overloaded-virtual -Wno-exit-time-destructors -Wno-missing-braces -Wparentheses -Wswitch -Wunused-function -Wno-unused-label -Wno-unused-parameter -Wunused-variable -Wunused-value -Wempty-body -Wuninitialized -Wno-unknown-pragmas -Wno-shadow -Wno-four-char-constants -Wno-conversion -Wconstant-conversion -Wint-conversion -Wbool-conversion -Wenum-conversion -Wno-float-conversion -Wnon-literal-null-conversion -Wobjc-literal-conversion -Wshorten-64-to-32 -Wno-newline-eof -Wno-c++11-extensions -Wno-implicit-fallthrough -fstrict-aliasing -Wdeprecated-declarations -Winvalid-offsetof -Wno-sign-conversion -Winfinite-recursion -Wmove -Wcomma -Wblock-capture-autoreleasing -Wstrict-prototypes -Wrange-loop-analysis -Wno-semicolon-before-method-body -index-store-path /Users/qingque/Library/Developer/Xcode/DerivedData/boxbound-gmbxpjcvwytnwfabbxjdzhvtcdad/Index.noindex/DataStore @/Users/qingque/Library/Developer/Xcode/DerivedData/boxbound-gmbxpjcvwytnwfabbxjdzhvtcdad/Build/Intermediates.noindex/boxbound.build/Debug-iphoneos/boxbound.build/Objects-normal/arm64/82b82416624d2658e5098eb0a28c15c5-common-args.resp -include /Users/qingque/Desktop/HaiyueStudio/Native/examples/boxbound/platforms/ios/build/sharedpch/SharedPrecompiledHeaders/17560698271525316586/boxbound-Prefix.pch -MMD -MT dependencies -MF /Users/qingque/Library/Developer/Xcode/DerivedData/boxbound-gmbxpjcvwytnwfabbxjdzhvtcdad/Build/Intermediates.noindex/boxbound.build/Debug-iphoneos/boxbound.build/Objects-normal/arm64/GPUAdapterInfoImpl.d --serialize-diagnostics /Users/qingque/Library/Developer/Xcode/DerivedData/boxbound-gmbxpjcvwytnwfabbxjdzhvtcdad/Build/Intermediates.noindex/boxbound.build/Debug-iphoneos/boxbound.build/Objects-normal/arm64/GPUAdapterInfoImpl.dia -c /Users/qingque/Desktop/HaiyueStudio/Native/examples/boxbound/node_modules/@nativescript/canvas/platforms/ios/src/cpp/webgpu/GPUAdapterInfoImpl.cpp -o /Users/qingque/Library/Developer/Xcode/DerivedData/boxbound-gmbxpjcvwytnwfabbxjdzhvtcdad/Build/Intermediates.noindex/boxbound.build/Debug-iphoneos/boxbound.build/Objects-normal/arm64/GPUAdapterInfoImpl.o -index-unit-output-path /boxbound.build/Debug-iphoneos/boxbound.build/Objects-normal/arm64/GPUAdapterInfoImpl.o
In file included from /Users/qingque/Desktop/HaiyueStudio/Native/examples/boxbound/node_modules/@nativescript/canvas/platforms/ios/src/cpp/webgpu/GPUAdapterInfoImpl.cpp:5:
In file included from /Users/qingque/Desktop/HaiyueStudio/Native/examples/boxbound/node_modules/@nativescript/canvas/platforms/ios/src/cpp/webgpu/GPUAdapterInfoImpl.h:9:
/Users/qingque/Desktop/HaiyueStudio/Native/examples/boxbound/node_modules/@nativescript/canvas/platforms/ios/src/cpp/Helpers.h:63:13: warning: unused function 'LogToConsole' [-Wunused-function]
   63 | static void LogToConsole(const std::string &message) {
      |             ^~~~~~~~~~~~
/Users/qingque/Desktop/HaiyueStudio/Native/examples/boxbound/node_modules/@nativescript/canvas/platforms/ios/src/cpp/Helpers.h:160:13: warning: unused function 'SetFastMethod' [-Wunused-function]
  160 | static void SetFastMethod(v8::Isolate *isolate,
      |             ^~~~~~~~~~~~~
/Users/qingque/Desktop/HaiyueStudio/Native/examples/boxbound/node_modules/@nativescript/canvas/platforms/ios/src/cpp/Helpers.h:185:13: warning: unused function 'SetFastMethodWithOverLoads' [-Wunused-function]
  185 | static void SetFastMethodWithOverLoads(v8::Isolate *isolate,
      |             ^~~~~~~~~~~~~~~~~~~~~~~~~~
/Users/qingque/Desktop/HaiyueStudio/Native/examples/boxbound/node_modules/@nativescript/canvas/platforms/ios/src/cpp/Helpers.h:210:13: warning: unused function 'SetFastMethod' [-Wunused-function]
  210 | static void SetFastMethod(v8::Local<v8::Context> context,
      |             ^~~~~~~~~~~~~
/Users/qingque/Desktop/HaiyueStudio/Native/examples/boxbound/node_modules/@nativescript/canvas/platforms/ios/src/cpp/Helpers.h:234:13: warning: unused function 'SetFastMethodNoSideEffect' [-Wunused-function]
  234 | static void SetFastMethodNoSideEffect(v8::Local<v8::Context> context,
      |             ^~~~~~~~~~~~~~~~~~~~~~~~~
/Users/qingque/Desktop/HaiyueStudio/Native/examples/boxbound/node_modules/@nativescript/canvas/platforms/ios/src/cpp/Helpers.h:258:13: warning: unused function 'SetFastMethodNoSideEffect' [-Wunused-function]
  258 | static void SetFastMethodNoSideEffect(v8::Isolate *isolate,
      |             ^~~~~~~~~~~~~~~~~~~~~~~~~
6 warnings generated.

CompileC /Users/qingque/Library/Developer/Xcode/DerivedData/boxbound-gmbxpjcvwytnwfabbxjdzhvtcdad/Build/Intermediates.noindex/boxbound.build/Debug-iphoneos/boxbound.build/Objects-normal/arm64/GPUAdapterImpl.o /Users/qingque/Desktop/HaiyueStudio/Native/examples/boxbound/node_modules/@nativescript/canvas/platforms/ios/src/cpp/webgpu/GPUAdapterImpl.cpp normal arm64 c++ com.apple.compilers.llvm.clang.1_0.compiler (in target 'boxbound' from project 'boxbound')
    cd /Users/qingque/Desktop/HaiyueStudio/Native/examples/boxbound/platforms/ios
    
    Using response file: /Users/qingque/Library/Developer/Xcode/DerivedData/boxbound-gmbxpjcvwytnwfabbxjdzhvtcdad/Build/Intermediates.noindex/boxbound.build/Debug-iphoneos/boxbound.build/Objects-normal/arm64/82b82416624d2658e5098eb0a28c15c5-common-args.resp
    
    /Applications/Xcode.app/Contents/Developer/Toolchains/XcodeDefault.xctoolchain/usr/bin/clang -x c++ -ivfsstatcache /Users/qingque/Library/Developer/Xcode/DerivedData/SDKStatCaches.noindex/iphoneos26.2-23C57-3794476bd08197c3e2abd9bb477ef7f7.sdkstatcache -fmessage-length\=0 -fdiagnostics-show-note-include-stack -fmacro-backtrace-limit\=0 -fno-color-diagnostics -Wno-trigraphs -Wno-missing-field-initializers -Wno-missing-prototypes -Werror\=return-type -Wunreachable-code -Werror\=deprecated-objc-isa-usage -Werror\=objc-root-class -Wno-non-virtual-dtor -Wno-overloaded-virtual -Wno-exit-time-destructors -Wno-missing-braces -Wparentheses -Wswitch -Wunused-function -Wno-unused-label -Wno-unused-parameter -Wunused-variable -Wunused-value -Wempty-body -Wuninitialized -Wno-unknown-pragmas -Wno-shadow -Wno-four-char-constants -Wno-conversion -Wconstant-conversion -Wint-conversion -Wbool-conversion -Wenum-conversion -Wno-float-conversion -Wnon-literal-null-conversion -Wobjc-literal-conversion -Wshorten-64-to-32 -Wno-newline-eof -Wno-c++11-extensions -Wno-implicit-fallthrough -fstrict-aliasing -Wdeprecated-declarations -Winvalid-offsetof -Wno-sign-conversion -Winfinite-recursion -Wmove -Wcomma -Wblock-capture-autoreleasing -Wstrict-prototypes -Wrange-loop-analysis -Wno-semicolon-before-method-body -index-store-path /Users/qingque/Library/Developer/Xcode/DerivedData/boxbound-gmbxpjcvwytnwfabbxjdzhvtcdad/Index.noindex/DataStore @/Users/qingque/Library/Developer/Xcode/DerivedData/boxbound-gmbxpjcvwytnwfabbxjdzhvtcdad/Build/Intermediates.noindex/boxbound.build/Debug-iphoneos/boxbound.build/Objects-normal/arm64/82b82416624d2658e5098eb0a28c15c5-common-args.resp -include /Users/qingque/Desktop/HaiyueStudio/Native/examples/boxbound/platforms/ios/build/sharedpch/SharedPrecompiledHeaders/17560698271525316586/boxbound-Prefix.pch -MMD -MT dependencies -MF /Users/qingque/Library/Developer/Xcode/DerivedData/boxbound-gmbxpjcvwytnwfabbxjdzhvtcdad/Build/Intermediates.noindex/boxbound.build/Debug-iphoneos/boxbound.build/Objects-normal/arm64/GPUAdapterImpl.d --serialize-diagnostics /Users/qingque/Library/Developer/Xcode/DerivedData/boxbound-gmbxpjcvwytnwfabbxjdzhvtcdad/Build/Intermediates.noindex/boxbound.build/Debug-iphoneos/boxbound.build/Objects-normal/arm64/GPUAdapterImpl.dia -c /Users/qingque/Desktop/HaiyueStudio/Native/examples/boxbound/node_modules/@nativescript/canvas/platforms/ios/src/cpp/webgpu/GPUAdapterImpl.cpp -o /Users/qingque/Library/Developer/Xcode/DerivedData/boxbound-gmbxpjcvwytnwfabbxjdzhvtcdad/Build/Intermediates.noindex/boxbound.build/Debug-iphoneos/boxbound.build/Objects-normal/arm64/GPUAdapterImpl.o -index-unit-output-path /boxbound.build/Debug-iphoneos/boxbound.build/Objects-normal/arm64/GPUAdapterImpl.o
/Users/qingque/Desktop/HaiyueStudio/Native/examples/boxbound/node_modules/@nativescript/canvas/platforms/ios/src/cpp/webgpu/GPUAdapterImpl.cpp:97:17: warning: ignoring return value of function declared with 'warn_unused_result' attribute [-Wunused-result]
   97 |                 set->Add(context, keyValue);
      |                 ^~~~~~~~ ~~~~~~~~~~~~~~~~~
/Users/qingque/Desktop/HaiyueStudio/Native/examples/boxbound/node_modules/@nativescript/canvas/platforms/ios/src/cpp/webgpu/GPUAdapterImpl.cpp:189:9: warning: ignoring return value of function declared with 'warn_unused_result' attribute [-Wunused-result]
  189 |         cb.As<v8::Function>()->Call(context, context->Global(), 0, nullptr);
      |         ^~~~~~~~~~~~~~~~~~~~~~~~~~~ ~~~~~~~~~~~~~~~~~~~~~~~~~~~~~~~~~~~~~~
/Users/qingque/Desktop/HaiyueStudio/Native/examples/boxbound/node_modules/@nativescript/canvas/platforms/ios/src/cpp/webgpu/GPUAdapterImpl.cpp:204:9: warning: ignoring return value of function declared with 'warn_unused_result' attribute [-Wunused-result]
  204 |         options->Get(context, ConvertToV8String(isolate, "label")).ToLocal(
      |         ^~~~~~~~~~~~~~~~~~~~~~~~~~~~~~~~~~~~~~~~~~~~~~~~~~~~~~~~~~~~~~~~~~
  205 |                 &labelValue);
      |                 ~~~~~~~~~~~
/Users/qingque/Desktop/HaiyueStudio/Native/examples/boxbound/node_modules/@nativescript/canvas/platforms/ios/src/cpp/webgpu/GPUAdapterImpl.cpp:280:29: warning: ignoring return value of function declared with 'warn_unused_result' attribute [-Wunused-result]
  280 |                             callback->Call(context, context->Global(),
      |                             ^~~~~~~~~~~~~~ ~~~~~~~~~~~~~~~~~~~~~~~~~~~
  281 |                                            1,
      |                                            ~~
  282 |                                            args);  // ignore JS return value
      |                                            ~~~~
/Users/qingque/Desktop/HaiyueStudio/Native/examples/boxbound/node_modules/@nativescript/canvas/platforms/ios/src/cpp/webgpu/GPUAdapterImpl.cpp:294:29: warning: ignoring return value of function declared with 'warn_unused_result' attribute [-Wunused-result]
  294 |                             callback->Call(context, context->Global(),
      |                             ^~~~~~~~~~~~~~ ~~~~~~~~~~~~~~~~~~~~~~~~~~~
  295 |                                            1,
      |                                            ~~
  296 |                                            args);  // ignore JS return value
      |                                            ~~~~
/Users/qingque/Desktop/HaiyueStudio/Native/examples/boxbound/node_modules/@nativescript/canvas/platforms/ios/src/cpp/webgpu/GPUAdapterImpl.cpp:309:29: warning: ignoring return value of function declared with 'warn_unused_result' attribute [-Wunused-result]
  309 |                             callback->Call(context, context->Global(),
      |                             ^~~~~~~~~~~~~~ ~~~~~~~~~~~~~~~~~~~~~~~~~~~
  310 |                                            2,
      |                                            ~~
  311 |                                            args);  // ignore JS return value
      |                                            ~~~~
In file included from /Users/qingque/Desktop/HaiyueStudio/Native/examples/boxbound/node_modules/@nativescript/canvas/platforms/ios/src/cpp/webgpu/GPUAdapterImpl.cpp:5:
In file included from /Users/qingque/Desktop/HaiyueStudio/Native/examples/boxbound/node_modules/@nativescript/canvas/platforms/ios/src/cpp/webgpu/GPUAdapterImpl.h:9:
/Users/qingque/Desktop/HaiyueStudio/Native/examples/boxbound/node_modules/@nativescript/canvas/platforms/ios/src/cpp/Helpers.h:63:13: warning: unused function 'LogToConsole' [-Wunused-function]
   63 | static void LogToConsole(const std::string &message) {
      |             ^~~~~~~~~~~~
/Users/qingque/Desktop/HaiyueStudio/Native/examples/boxbound/node_modules/@nativescript/canvas/platforms/ios/src/cpp/Helpers.h:160:13: warning: unused function 'SetFastMethod' [-Wunused-function]
  160 | static void SetFastMethod(v8::Isolate *isolate,
      |             ^~~~~~~~~~~~~
/Users/qingque/Desktop/HaiyueStudio/Native/examples/boxbound/node_modules/@nativescript/canvas/platforms/ios/src/cpp/Helpers.h:185:13: warning: unused function 'SetFastMethodWithOverLoads' [-Wunused-function]
  185 | static void SetFastMethodWithOverLoads(v8::Isolate *isolate,
      |             ^~~~~~~~~~~~~~~~~~~~~~~~~~
/Users/qingque/Desktop/HaiyueStudio/Native/examples/boxbound/node_modules/@nativescript/canvas/platforms/ios/src/cpp/Helpers.h:210:13: warning: unused function 'SetFastMethod' [-Wunused-function]
  210 | static void SetFastMethod(v8::Local<v8::Context> context,
      |             ^~~~~~~~~~~~~
/Users/qingque/Desktop/HaiyueStudio/Native/examples/boxbound/node_modules/@nativescript/canvas/platforms/ios/src/cpp/Helpers.h:234:13: warning: unused function 'SetFastMethodNoSideEffect' [-Wunused-function]
  234 | static void SetFastMethodNoSideEffect(v8::Local<v8::Context> context,
      |             ^~~~~~~~~~~~~~~~~~~~~~~~~
/Users/qingque/Desktop/HaiyueStudio/Native/examples/boxbound/node_modules/@nativescript/canvas/platforms/ios/src/cpp/Helpers.h:258:13: warning: unused function 'SetFastMethodNoSideEffect' [-Wunused-function]
  258 | static void SetFastMethodNoSideEffect(v8::Isolate *isolate,
      |             ^~~~~~~~~~~~~~~~~~~~~~~~~
12 warnings generated.

CompileC /Users/qingque/Library/Developer/Xcode/DerivedData/boxbound-gmbxpjcvwytnwfabbxjdzhvtcdad/Build/Intermediates.noindex/boxbound.build/Debug-iphoneos/boxbound.build/Objects-normal/arm64/EXT_disjoint_timer_queryImpl.o /Users/qingque/Desktop/HaiyueStudio/Native/examples/boxbound/node_modules/@nativescript/canvas/platforms/ios/src/cpp/webgl/extensions/EXT_disjoint_timer_queryImpl.cpp normal arm64 c++ com.apple.compilers.llvm.clang.1_0.compiler (in target 'boxbound' from project 'boxbound')
    cd /Users/qingque/Desktop/HaiyueStudio/Native/examples/boxbound/platforms/ios
    
    Using response file: /Users/qingque/Library/Developer/Xcode/DerivedData/boxbound-gmbxpjcvwytnwfabbxjdzhvtcdad/Build/Intermediates.noindex/boxbound.build/Debug-iphoneos/boxbound.build/Objects-normal/arm64/82b82416624d2658e5098eb0a28c15c5-common-args.resp
    
    /Applications/Xcode.app/Contents/Developer/Toolchains/XcodeDefault.xctoolchain/usr/bin/clang -x c++ -ivfsstatcache /Users/qingque/Library/Developer/Xcode/DerivedData/SDKStatCaches.noindex/iphoneos26.2-23C57-3794476bd08197c3e2abd9bb477ef7f7.sdkstatcache -fmessage-length\=0 -fdiagnostics-show-note-include-stack -fmacro-backtrace-limit\=0 -fno-color-diagnostics -Wno-trigraphs -Wno-missing-field-initializers -Wno-missing-prototypes -Werror\=return-type -Wunreachable-code -Werror\=deprecated-objc-isa-usage -Werror\=objc-root-class -Wno-non-virtual-dtor -Wno-overloaded-virtual -Wno-exit-time-destructors -Wno-missing-braces -Wparentheses -Wswitch -Wunused-function -Wno-unused-label -Wno-unused-parameter -Wunused-variable -Wunused-value -Wempty-body -Wuninitialized -Wno-unknown-pragmas -Wno-shadow -Wno-four-char-constants -Wno-conversion -Wconstant-conversion -Wint-conversion -Wbool-conversion -Wenum-conversion -Wno-float-conversion -Wnon-literal-null-conversion -Wobjc-literal-conversion -Wshorten-64-to-32 -Wno-newline-eof -Wno-c++11-extensions -Wno-implicit-fallthrough -fstrict-aliasing -Wdeprecated-declarations -Winvalid-offsetof -Wno-sign-conversion -Winfinite-recursion -Wmove -Wcomma -Wblock-capture-autoreleasing -Wstrict-prototypes -Wrange-loop-analysis -Wno-semicolon-before-method-body -index-store-path /Users/qingque/Library/Developer/Xcode/DerivedData/boxbound-gmbxpjcvwytnwfabbxjdzhvtcdad/Index.noindex/DataStore @/Users/qingque/Library/Developer/Xcode/DerivedData/boxbound-gmbxpjcvwytnwfabbxjdzhvtcdad/Build/Intermediates.noindex/boxbound.build/Debug-iphoneos/boxbound.build/Objects-normal/arm64/82b82416624d2658e5098eb0a28c15c5-common-args.resp -include /Users/qingque/Desktop/HaiyueStudio/Native/examples/boxbound/platforms/ios/build/sharedpch/SharedPrecompiledHeaders/17560698271525316586/boxbound-Prefix.pch -MMD -MT dependencies -MF /Users/qingque/Library/Developer/Xcode/DerivedData/boxbound-gmbxpjcvwytnwfabbxjdzhvtcdad/Build/Intermediates.noindex/boxbound.build/Debug-iphoneos/boxbound.build/Objects-normal/arm64/EXT_disjoint_timer_queryImpl.d --serialize-diagnostics /Users/qingque/Library/Developer/Xcode/DerivedData/boxbound-gmbxpjcvwytnwfabbxjdzhvtcdad/Build/Intermediates.noindex/boxbound.build/Debug-iphoneos/boxbound.build/Objects-normal/arm64/EXT_disjoint_timer_queryImpl.dia -c /Users/qingque/Desktop/HaiyueStudio/Native/examples/boxbound/node_modules/@nativescript/canvas/platforms/ios/src/cpp/webgl/extensions/EXT_disjoint_timer_queryImpl.cpp -o /Users/qingque/Library/Developer/Xcode/DerivedData/boxbound-gmbxpjcvwytnwfabbxjdzhvtcdad/Build/Intermediates.noindex/boxbound.build/Debug-iphoneos/boxbound.build/Objects-normal/arm64/EXT_disjoint_timer_queryImpl.o -index-unit-output-path /boxbound.build/Debug-iphoneos/boxbound.build/Objects-normal/arm64/EXT_disjoint_timer_queryImpl.o
In file included from /Users/qingque/Desktop/HaiyueStudio/Native/examples/boxbound/node_modules/@nativescript/canvas/platforms/ios/src/cpp/webgl/extensions/EXT_disjoint_timer_queryImpl.cpp:5:
/Users/qingque/Desktop/HaiyueStudio/Native/examples/boxbound/node_modules/@nativescript/canvas/platforms/ios/src/cpp/webgl/extensions/EXT_disjoint_timer_queryImpl.h:33:9: warning: ignoring return value of function declared with 'warn_unused_result' attribute [-Wunused-result]
   33 |         object->Set(context, ConvertToV8String(isolate, "ext_name"),
      |         ^~~~~~~~~~~ ~~~~~~~~~~~~~~~~~~~~~~~~~~~~~~~~~~~~~~~~~~~~~~~~
   34 |                     ConvertToV8String(isolate, "EXT_disjoint_timer_query"));
      |                     ~~~~~~~~~~~~~~~~~~~~~~~~~~~~~~~~~~~~~~~~~~~~~~~~~~~~~~
/Users/qingque/Desktop/HaiyueStudio/Native/examples/boxbound/node_modules/@nativescript/canvas/platforms/ios/src/cpp/webgl/extensions/EXT_disjoint_timer_queryImpl.cpp:108:10: warning: unused variable 'isolate' [-Wunused-variable]
  108 |     auto isolate = args.GetIsolate();
      |          ^~~~~~~
/Users/qingque/Desktop/HaiyueStudio/Native/examples/boxbound/node_modules/@nativescript/canvas/platforms/ios/src/cpp/webgl/extensions/EXT_disjoint_timer_queryImpl.cpp:129:10: warning: unused variable 'isolate' [-Wunused-variable]
  129 |     auto isolate = args.GetIsolate();
      |          ^~~~~~~
In file included from /Users/qingque/Desktop/HaiyueStudio/Native/examples/boxbound/node_modules/@nativescript/canvas/platforms/ios/src/cpp/webgl/extensions/EXT_disjoint_timer_queryImpl.cpp:5:
In file included from /Users/qingque/Desktop/HaiyueStudio/Native/examples/boxbound/node_modules/@nativescript/canvas/platforms/ios/src/cpp/webgl/extensions/EXT_disjoint_timer_queryImpl.h:7:
/Users/qingque/Desktop/HaiyueStudio/Native/examples/boxbound/node_modules/@nativescript/canvas/platforms/ios/src/cpp/Helpers.h:63:13: warning: unused function 'LogToConsole' [-Wunused-function]
   63 | static void LogToConsole(const std::string &message) {
      |             ^~~~~~~~~~~~
/Users/qingque/Desktop/HaiyueStudio/Native/examples/boxbound/node_modules/@nativescript/canvas/platforms/ios/src/cpp/Helpers.h:160:13: warning: unused function 'SetFastMethod' [-Wunused-function]
  160 | static void SetFastMethod(v8::Isolate *isolate,
      |             ^~~~~~~~~~~~~
/Users/qingque/Desktop/HaiyueStudio/Native/examples/boxbound/node_modules/@nativescript/canvas/platforms/ios/src/cpp/Helpers.h:185:13: warning: unused function 'SetFastMethodWithOverLoads' [-Wunused-function]
  185 | static void SetFastMethodWithOverLoads(v8::Isolate *isolate,
      |             ^~~~~~~~~~~~~~~~~~~~~~~~~~
/Users/qingque/Desktop/HaiyueStudio/Native/examples/boxbound/node_modules/@nativescript/canvas/platforms/ios/src/cpp/Helpers.h:210:13: warning: unused function 'SetFastMethod' [-Wunused-function]
  210 | static void SetFastMethod(v8::Local<v8::Context> context,
      |             ^~~~~~~~~~~~~
/Users/qingque/Desktop/HaiyueStudio/Native/examples/boxbound/node_modules/@nativescript/canvas/platforms/ios/src/cpp/Helpers.h:234:13: warning: unused function 'SetFastMethodNoSideEffect' [-Wunused-function]
  234 | static void SetFastMethodNoSideEffect(v8::Local<v8::Context> context,
      |             ^~~~~~~~~~~~~~~~~~~~~~~~~
/Users/qingque/Desktop/HaiyueStudio/Native/examples/boxbound/node_modules/@nativescript/canvas/platforms/ios/src/cpp/Helpers.h:258:13: warning: unused function 'SetFastMethodNoSideEffect' [-Wunused-function]
  258 | static void SetFastMethodNoSideEffect(v8::Isolate *isolate,
      |             ^~~~~~~~~~~~~~~~~~~~~~~~~
9 warnings generated.

CompileC /Users/qingque/Library/Developer/Xcode/DerivedData/boxbound-gmbxpjcvwytnwfabbxjdzhvtcdad/Build/Intermediates.noindex/boxbound.build/Debug-iphoneos/boxbound.build/Objects-normal/arm64/EXT_color_buffer_half_floatImpl.o /Users/qingque/Desktop/HaiyueStudio/Native/examples/boxbound/node_modules/@nativescript/canvas/platforms/ios/src/cpp/webgl/extensions/EXT_color_buffer_half_floatImpl.cpp normal arm64 c++ com.apple.compilers.llvm.clang.1_0.compiler (in target 'boxbound' from project 'boxbound')
    cd /Users/qingque/Desktop/HaiyueStudio/Native/examples/boxbound/platforms/ios
    
    Using response file: /Users/qingque/Library/Developer/Xcode/DerivedData/boxbound-gmbxpjcvwytnwfabbxjdzhvtcdad/Build/Intermediates.noindex/boxbound.build/Debug-iphoneos/boxbound.build/Objects-normal/arm64/82b82416624d2658e5098eb0a28c15c5-common-args.resp
    
    /Applications/Xcode.app/Contents/Developer/Toolchains/XcodeDefault.xctoolchain/usr/bin/clang -x c++ -ivfsstatcache /Users/qingque/Library/Developer/Xcode/DerivedData/SDKStatCaches.noindex/iphoneos26.2-23C57-3794476bd08197c3e2abd9bb477ef7f7.sdkstatcache -fmessage-length\=0 -fdiagnostics-show-note-include-stack -fmacro-backtrace-limit\=0 -fno-color-diagnostics -Wno-trigraphs -Wno-missing-field-initializers -Wno-missing-prototypes -Werror\=return-type -Wunreachable-code -Werror\=deprecated-objc-isa-usage -Werror\=objc-root-class -Wno-non-virtual-dtor -Wno-overloaded-virtual -Wno-exit-time-destructors -Wno-missing-braces -Wparentheses -Wswitch -Wunused-function -Wno-unused-label -Wno-unused-parameter -Wunused-variable -Wunused-value -Wempty-body -Wuninitialized -Wno-unknown-pragmas -Wno-shadow -Wno-four-char-constants -Wno-conversion -Wconstant-conversion -Wint-conversion -Wbool-conversion -Wenum-conversion -Wno-float-conversion -Wnon-literal-null-conversion -Wobjc-literal-conversion -Wshorten-64-to-32 -Wno-newline-eof -Wno-c++11-extensions -Wno-implicit-fallthrough -fstrict-aliasing -Wdeprecated-declarations -Winvalid-offsetof -Wno-sign-conversion -Winfinite-recursion -Wmove -Wcomma -Wblock-capture-autoreleasing -Wstrict-prototypes -Wrange-loop-analysis -Wno-semicolon-before-method-body -index-store-path /Users/qingque/Library/Developer/Xcode/DerivedData/boxbound-gmbxpjcvwytnwfabbxjdzhvtcdad/Index.noindex/DataStore @/Users/qingque/Library/Developer/Xcode/DerivedData/boxbound-gmbxpjcvwytnwfabbxjdzhvtcdad/Build/Intermediates.noindex/boxbound.build/Debug-iphoneos/boxbound.build/Objects-normal/arm64/82b82416624d2658e5098eb0a28c15c5-common-args.resp -include /Users/qingque/Desktop/HaiyueStudio/Native/examples/boxbound/platforms/ios/build/sharedpch/SharedPrecompiledHeaders/17560698271525316586/boxbound-Prefix.pch -MMD -MT dependencies -MF /Users/qingque/Library/Developer/Xcode/DerivedData/boxbound-gmbxpjcvwytnwfabbxjdzhvtcdad/Build/Intermediates.noindex/boxbound.build/Debug-iphoneos/boxbound.build/Objects-normal/arm64/EXT_color_buffer_half_floatImpl.d --serialize-diagnostics /Users/qingque/Library/Developer/Xcode/DerivedData/boxbound-gmbxpjcvwytnwfabbxjdzhvtcdad/Build/Intermediates.noindex/boxbound.build/Debug-iphoneos/boxbound.build/Objects-normal/arm64/EXT_color_buffer_half_floatImpl.dia -c /Users/qingque/Desktop/HaiyueStudio/Native/examples/boxbound/node_modules/@nativescript/canvas/platforms/ios/src/cpp/webgl/extensions/EXT_color_buffer_half_floatImpl.cpp -o /Users/qingque/Library/Developer/Xcode/DerivedData/boxbound-gmbxpjcvwytnwfabbxjdzhvtcdad/Build/Intermediates.noindex/boxbound.build/Debug-iphoneos/boxbound.build/Objects-normal/arm64/EXT_color_buffer_half_floatImpl.o -index-unit-output-path /boxbound.build/Debug-iphoneos/boxbound.build/Objects-normal/arm64/EXT_color_buffer_half_floatImpl.o
In file included from /Users/qingque/Desktop/HaiyueStudio/Native/examples/boxbound/node_modules/@nativescript/canvas/platforms/ios/src/cpp/webgl/extensions/EXT_color_buffer_half_floatImpl.cpp:5:
/Users/qingque/Desktop/HaiyueStudio/Native/examples/boxbound/node_modules/@nativescript/canvas/platforms/ios/src/cpp/webgl/extensions/EXT_color_buffer_half_floatImpl.h:23:9: warning: ignoring return value of function declared with 'warn_unused_result' attribute [-Wunused-result]
   23 |         object->Set(context, ConvertToV8String(isolate, "ext_name"),
      |         ^~~~~~~~~~~ ~~~~~~~~~~~~~~~~~~~~~~~~~~~~~~~~~~~~~~~~~~~~~~~~
   24 |                     ConvertToV8String(isolate, "EXT_color_buffer_half_float"));
      |                     ~~~~~~~~~~~~~~~~~~~~~~~~~~~~~~~~~~~~~~~~~~~~~~~~~~~~~~~~~
In file included from /Users/qingque/Desktop/HaiyueStudio/Native/examples/boxbound/node_modules/@nativescript/canvas/platforms/ios/src/cpp/webgl/extensions/EXT_color_buffer_half_floatImpl.cpp:5:
In file included from /Users/qingque/Desktop/HaiyueStudio/Native/examples/boxbound/node_modules/@nativescript/canvas/platforms/ios/src/cpp/webgl/extensions/EXT_color_buffer_half_floatImpl.h:9:
/Users/qingque/Desktop/HaiyueStudio/Native/examples/boxbound/node_modules/@nativescript/canvas/platforms/ios/src/cpp/Helpers.h:63:13: warning: unused function 'LogToConsole' [-Wunused-function]
   63 | static void LogToConsole(const std::string &message) {
      |             ^~~~~~~~~~~~
/Users/qingque/Desktop/HaiyueStudio/Native/examples/boxbound/node_modules/@nativescript/canvas/platforms/ios/src/cpp/Helpers.h:160:13: warning: unused function 'SetFastMethod' [-Wunused-function]
  160 | static void SetFastMethod(v8::Isolate *isolate,
      |             ^~~~~~~~~~~~~
/Users/qingque/Desktop/HaiyueStudio/Native/examples/boxbound/node_modules/@nativescript/canvas/platforms/ios/src/cpp/Helpers.h:185:13: warning: unused function 'SetFastMethodWithOverLoads' [-Wunused-function]
  185 | static void SetFastMethodWithOverLoads(v8::Isolate *isolate,
      |             ^~~~~~~~~~~~~~~~~~~~~~~~~~
/Users/qingque/Desktop/HaiyueStudio/Native/examples/boxbound/node_modules/@nativescript/canvas/platforms/ios/src/cpp/Helpers.h:210:13: warning: unused function 'SetFastMethod' [-Wunused-function]
  210 | static void SetFastMethod(v8::Local<v8::Context> context,
      |             ^~~~~~~~~~~~~
/Users/qingque/Desktop/HaiyueStudio/Native/examples/boxbound/node_modules/@nativescript/canvas/platforms/ios/src/cpp/Helpers.h:234:13: warning: unused function 'SetFastMethodNoSideEffect' [-Wunused-function]
  234 | static void SetFastMethodNoSideEffect(v8::Local<v8::Context> context,
      |             ^~~~~~~~~~~~~~~~~~~~~~~~~
/Users/qingque/Desktop/HaiyueStudio/Native/examples/boxbound/node_modules/@nativescript/canvas/platforms/ios/src/cpp/Helpers.h:258:13: warning: unused function 'SetFastMethodNoSideEffect' [-Wunused-function]
  258 | static void SetFastMethodNoSideEffect(v8::Isolate *isolate,
      |             ^~~~~~~~~~~~~~~~~~~~~~~~~
7 warnings generated.

CompileC /Users/qingque/Library/Developer/Xcode/DerivedData/boxbound-gmbxpjcvwytnwfabbxjdzhvtcdad/Build/Intermediates.noindex/boxbound.build/Debug-iphoneos/boxbound.build/Objects-normal/arm64/EXT_blend_minmaxImpl.o /Users/qingque/Desktop/HaiyueStudio/Native/examples/boxbound/node_modules/@nativescript/canvas/platforms/ios/src/cpp/webgl/extensions/EXT_blend_minmaxImpl.cpp normal arm64 c++ com.apple.compilers.llvm.clang.1_0.compiler (in target 'boxbound' from project 'boxbound')
    cd /Users/qingque/Desktop/HaiyueStudio/Native/examples/boxbound/platforms/ios
    
    Using response file: /Users/qingque/Library/Developer/Xcode/DerivedData/boxbound-gmbxpjcvwytnwfabbxjdzhvtcdad/Build/Intermediates.noindex/boxbound.build/Debug-iphoneos/boxbound.build/Objects-normal/arm64/82b82416624d2658e5098eb0a28c15c5-common-args.resp
    
    /Applications/Xcode.app/Contents/Developer/Toolchains/XcodeDefault.xctoolchain/usr/bin/clang -x c++ -ivfsstatcache /Users/qingque/Library/Developer/Xcode/DerivedData/SDKStatCaches.noindex/iphoneos26.2-23C57-3794476bd08197c3e2abd9bb477ef7f7.sdkstatcache -fmessage-length\=0 -fdiagnostics-show-note-include-stack -fmacro-backtrace-limit\=0 -fno-color-diagnostics -Wno-trigraphs -Wno-missing-field-initializers -Wno-missing-prototypes -Werror\=return-type -Wunreachable-code -Werror\=deprecated-objc-isa-usage -Werror\=objc-root-class -Wno-non-virtual-dtor -Wno-overloaded-virtual -Wno-exit-time-destructors -Wno-missing-braces -Wparentheses -Wswitch -Wunused-function -Wno-unused-label -Wno-unused-parameter -Wunused-variable -Wunused-value -Wempty-body -Wuninitialized -Wno-unknown-pragmas -Wno-shadow -Wno-four-char-constants -Wno-conversion -Wconstant-conversion -Wint-conversion -Wbool-conversion -Wenum-conversion -Wno-float-conversion -Wnon-literal-null-conversion -Wobjc-literal-conversion -Wshorten-64-to-32 -Wno-newline-eof -Wno-c++11-extensions -Wno-implicit-fallthrough -fstrict-aliasing -Wdeprecated-declarations -Winvalid-offsetof -Wno-sign-conversion -Winfinite-recursion -Wmove -Wcomma -Wblock-capture-autoreleasing -Wstrict-prototypes -Wrange-loop-analysis -Wno-semicolon-before-method-body -index-store-path /Users/qingque/Library/Developer/Xcode/DerivedData/boxbound-gmbxpjcvwytnwfabbxjdzhvtcdad/Index.noindex/DataStore @/Users/qingque/Library/Developer/Xcode/DerivedData/boxbound-gmbxpjcvwytnwfabbxjdzhvtcdad/Build/Intermediates.noindex/boxbound.build/Debug-iphoneos/boxbound.build/Objects-normal/arm64/82b82416624d2658e5098eb0a28c15c5-common-args.resp -include /Users/qingque/Desktop/HaiyueStudio/Native/examples/boxbound/platforms/ios/build/sharedpch/SharedPrecompiledHeaders/17560698271525316586/boxbound-Prefix.pch -MMD -MT dependencies -MF /Users/qingque/Library/Developer/Xcode/DerivedData/boxbound-gmbxpjcvwytnwfabbxjdzhvtcdad/Build/Intermediates.noindex/boxbound.build/Debug-iphoneos/boxbound.build/Objects-normal/arm64/EXT_blend_minmaxImpl.d --serialize-diagnostics /Users/qingque/Library/Developer/Xcode/DerivedData/boxbound-gmbxpjcvwytnwfabbxjdzhvtcdad/Build/Intermediates.noindex/boxbound.build/Debug-iphoneos/boxbound.build/Objects-normal/arm64/EXT_blend_minmaxImpl.dia -c /Users/qingque/Desktop/HaiyueStudio/Native/examples/boxbound/node_modules/@nativescript/canvas/platforms/ios/src/cpp/webgl/extensions/EXT_blend_minmaxImpl.cpp -o /Users/qingque/Library/Developer/Xcode/DerivedData/boxbound-gmbxpjcvwytnwfabbxjdzhvtcdad/Build/Intermediates.noindex/boxbound.build/Debug-iphoneos/boxbound.build/Objects-normal/arm64/EXT_blend_minmaxImpl.o -index-unit-output-path /boxbound.build/Debug-iphoneos/boxbound.build/Objects-normal/arm64/EXT_blend_minmaxImpl.o
In file included from /Users/qingque/Desktop/HaiyueStudio/Native/examples/boxbound/node_modules/@nativescript/canvas/platforms/ios/src/cpp/webgl/extensions/EXT_blend_minmaxImpl.cpp:5:
/Users/qingque/Desktop/HaiyueStudio/Native/examples/boxbound/node_modules/@nativescript/canvas/platforms/ios/src/cpp/webgl/extensions/EXT_blend_minmaxImpl.h:23:9: warning: ignoring return value of function declared with 'warn_unused_result' attribute [-Wunused-result]
   23 |         object->Set(context, ConvertToV8String(isolate, "ext_name"),
      |         ^~~~~~~~~~~ ~~~~~~~~~~~~~~~~~~~~~~~~~~~~~~~~~~~~~~~~~~~~~~~~
   24 |                     ConvertToV8String(isolate, "EXT_blend_minmax"));
      |                     ~~~~~~~~~~~~~~~~~~~~~~~~~~~~~~~~~~~~~~~~~~~~~~
In file included from /Users/qingque/Desktop/HaiyueStudio/Native/examples/boxbound/node_modules/@nativescript/canvas/platforms/ios/src/cpp/webgl/extensions/EXT_blend_minmaxImpl.cpp:5:
In file included from /Users/qingque/Desktop/HaiyueStudio/Native/examples/boxbound/node_modules/@nativescript/canvas/platforms/ios/src/cpp/webgl/extensions/EXT_blend_minmaxImpl.h:9:
/Users/qingque/Desktop/HaiyueStudio/Native/examples/boxbound/node_modules/@nativescript/canvas/platforms/ios/src/cpp/Helpers.h:63:13: warning: unused function 'LogToConsole' [-Wunused-function]
   63 | static void LogToConsole(const std::string &message) {
      |             ^~~~~~~~~~~~
/Users/qingque/Desktop/HaiyueStudio/Native/examples/boxbound/node_modules/@nativescript/canvas/platforms/ios/src/cpp/Helpers.h:160:13: warning: unused function 'SetFastMethod' [-Wunused-function]
  160 | static void SetFastMethod(v8::Isolate *isolate,
      |             ^~~~~~~~~~~~~
/Users/qingque/Desktop/HaiyueStudio/Native/examples/boxbound/node_modules/@nativescript/canvas/platforms/ios/src/cpp/Helpers.h:185:13: warning: unused function 'SetFastMethodWithOverLoads' [-Wunused-function]
  185 | static void SetFastMethodWithOverLoads(v8::Isolate *isolate,
      |             ^~~~~~~~~~~~~~~~~~~~~~~~~~
/Users/qingque/Desktop/HaiyueStudio/Native/examples/boxbound/node_modules/@nativescript/canvas/platforms/ios/src/cpp/Helpers.h:210:13: warning: unused function 'SetFastMethod' [-Wunused-function]
  210 | static void SetFastMethod(v8::Local<v8::Context> context,
      |             ^~~~~~~~~~~~~
/Users/qingque/Desktop/HaiyueStudio/Native/examples/boxbound/node_modules/@nativescript/canvas/platforms/ios/src/cpp/Helpers.h:234:13: warning: unused function 'SetFastMethodNoSideEffect' [-Wunused-function]
  234 | static void SetFastMethodNoSideEffect(v8::Local<v8::Context> context,
      |             ^~~~~~~~~~~~~~~~~~~~~~~~~
/Users/qingque/Desktop/HaiyueStudio/Native/examples/boxbound/node_modules/@nativescript/canvas/platforms/ios/src/cpp/Helpers.h:258:13: warning: unused function 'SetFastMethodNoSideEffect' [-Wunused-function]
  258 | static void SetFastMethodNoSideEffect(v8::Isolate *isolate,
      |             ^~~~~~~~~~~~~~~~~~~~~~~~~
7 warnings generated.

CompileC /Users/qingque/Library/Developer/Xcode/DerivedData/boxbound-gmbxpjcvwytnwfabbxjdzhvtcdad/Build/Intermediates.noindex/boxbound.build/Debug-iphoneos/boxbound.build/Objects-normal/arm64/CanvasRenderingContext2DImpl.o /Users/qingque/Desktop/HaiyueStudio/Native/examples/boxbound/node_modules/@nativescript/canvas/platforms/ios/src/cpp/canvas2d/CanvasRenderingContext2DImpl.cpp normal arm64 c++ com.apple.compilers.llvm.clang.1_0.compiler (in target 'boxbound' from project 'boxbound')
    cd /Users/qingque/Desktop/HaiyueStudio/Native/examples/boxbound/platforms/ios
    
    Using response file: /Users/qingque/Library/Developer/Xcode/DerivedData/boxbound-gmbxpjcvwytnwfabbxjdzhvtcdad/Build/Intermediates.noindex/boxbound.build/Debug-iphoneos/boxbound.build/Objects-normal/arm64/82b82416624d2658e5098eb0a28c15c5-common-args.resp
    
    /Applications/Xcode.app/Contents/Developer/Toolchains/XcodeDefault.xctoolchain/usr/bin/clang -x c++ -ivfsstatcache /Users/qingque/Library/Developer/Xcode/DerivedData/SDKStatCaches.noindex/iphoneos26.2-23C57-3794476bd08197c3e2abd9bb477ef7f7.sdkstatcache -fmessage-length\=0 -fdiagnostics-show-note-include-stack -fmacro-backtrace-limit\=0 -fno-color-diagnostics -Wno-trigraphs -Wno-missing-field-initializers -Wno-missing-prototypes -Werror\=return-type -Wunreachable-code -Werror\=deprecated-objc-isa-usage -Werror\=objc-root-class -Wno-non-virtual-dtor -Wno-overloaded-virtual -Wno-exit-time-destructors -Wno-missing-braces -Wparentheses -Wswitch -Wunused-function -Wno-unused-label -Wno-unused-parameter -Wunused-variable -Wunused-value -Wempty-body -Wuninitialized -Wno-unknown-pragmas -Wno-shadow -Wno-four-char-constants -Wno-conversion -Wconstant-conversion -Wint-conversion -Wbool-conversion -Wenum-conversion -Wno-float-conversion -Wnon-literal-null-conversion -Wobjc-literal-conversion -Wshorten-64-to-32 -Wno-newline-eof -Wno-c++11-extensions -Wno-implicit-fallthrough -fstrict-aliasing -Wdeprecated-declarations -Winvalid-offsetof -Wno-sign-conversion -Winfinite-recursion -Wmove -Wcomma -Wblock-capture-autoreleasing -Wstrict-prototypes -Wrange-loop-analysis -Wno-semicolon-before-method-body -index-store-path /Users/qingque/Library/Developer/Xcode/DerivedData/boxbound-gmbxpjcvwytnwfabbxjdzhvtcdad/Index.noindex/DataStore @/Users/qingque/Library/Developer/Xcode/DerivedData/boxbound-gmbxpjcvwytnwfabbxjdzhvtcdad/Build/Intermediates.noindex/boxbound.build/Debug-iphoneos/boxbound.build/Objects-normal/arm64/82b82416624d2658e5098eb0a28c15c5-common-args.resp -include /Users/qingque/Desktop/HaiyueStudio/Native/examples/boxbound/platforms/ios/build/sharedpch/SharedPrecompiledHeaders/17560698271525316586/boxbound-Prefix.pch -MMD -MT dependencies -MF /Users/qingque/Library/Developer/Xcode/DerivedData/boxbound-gmbxpjcvwytnwfabbxjdzhvtcdad/Build/Intermediates.noindex/boxbound.build/Debug-iphoneos/boxbound.build/Objects-normal/arm64/CanvasRenderingContext2DImpl.d --serialize-diagnostics /Users/qingque/Library/Developer/Xcode/DerivedData/boxbound-gmbxpjcvwytnwfabbxjdzhvtcdad/Build/Intermediates.noindex/boxbound.build/Debug-iphoneos/boxbound.build/Objects-normal/arm64/CanvasRenderingContext2DImpl.dia -c /Users/qingque/Desktop/HaiyueStudio/Native/examples/boxbound/node_modules/@nativescript/canvas/platforms/ios/src/cpp/canvas2d/CanvasRenderingContext2DImpl.cpp -o /Users/qingque/Library/Developer/Xcode/DerivedData/boxbound-gmbxpjcvwytnwfabbxjdzhvtcdad/Build/Intermediates.noindex/boxbound.build/Debug-iphoneos/boxbound.build/Objects-normal/arm64/CanvasRenderingContext2DImpl.o -index-unit-output-path /boxbound.build/Debug-iphoneos/boxbound.build/Objects-normal/arm64/CanvasRenderingContext2DImpl.o
/Users/qingque/Desktop/HaiyueStudio/Native/examples/boxbound/node_modules/@nativescript/canvas/platforms/ios/src/cpp/canvas2d/CanvasRenderingContext2DImpl.cpp:2494:18: warning: unused variable 'val' [-Wunused-variable]
 2494 |             auto val = blendValue->Int32Value(context).To(&mode);
      |                  ^~~
In file included from /Users/qingque/Desktop/HaiyueStudio/Native/examples/boxbound/node_modules/@nativescript/canvas/platforms/ios/src/cpp/canvas2d/CanvasRenderingContext2DImpl.cpp:5:
In file included from /Users/qingque/Desktop/HaiyueStudio/Native/examples/boxbound/node_modules/@nativescript/canvas/platforms/ios/src/cpp/canvas2d/CanvasRenderingContext2DImpl.h:16:
/Users/qingque/Desktop/HaiyueStudio/Native/examples/boxbound/node_modules/@nativescript/canvas/platforms/ios/src/cpp/Helpers.h:63:13: warning: unused function 'LogToConsole' [-Wunused-function]
   63 | static void LogToConsole(const std::string &message) {
      |             ^~~~~~~~~~~~
/Users/qingque/Desktop/HaiyueStudio/Native/examples/boxbound/node_modules/@nativescript/canvas/platforms/ios/src/cpp/Helpers.h:210:13: warning: unused function 'SetFastMethod' [-Wunused-function]
  210 | static void SetFastMethod(v8::Local<v8::Context> context,
      |             ^~~~~~~~~~~~~
/Users/qingque/Desktop/HaiyueStudio/Native/examples/boxbound/node_modules/@nativescript/canvas/platforms/ios/src/cpp/Helpers.h:234:13: warning: unused function 'SetFastMethodNoSideEffect' [-Wunused-function]
  234 | static void SetFastMethodNoSideEffect(v8::Local<v8::Context> context,
      |             ^~~~~~~~~~~~~~~~~~~~~~~~~
/Users/qingque/Desktop/HaiyueStudio/Native/examples/boxbound/node_modules/@nativescript/canvas/platforms/ios/src/cpp/Helpers.h:258:13: warning: unused function 'SetFastMethodNoSideEffect' [-Wunused-function]
  258 | static void SetFastMethodNoSideEffect(v8::Isolate *isolate,
      |             ^~~~~~~~~~~~~~~~~~~~~~~~~
5 warnings generated.

CompileC /Users/qingque/Library/Developer/Xcode/DerivedData/boxbound-gmbxpjcvwytnwfabbxjdzhvtcdad/Build/Intermediates.noindex/boxbound.build/Debug-iphoneos/boxbound.build/Objects-normal/arm64/CanvasPattern.o /Users/qingque/Desktop/HaiyueStudio/Native/examples/boxbound/node_modules/@nativescript/canvas/platforms/ios/src/cpp/canvas2d/CanvasPattern.cpp normal arm64 c++ com.apple.compilers.llvm.clang.1_0.compiler (in target 'boxbound' from project 'boxbound')
    cd /Users/qingque/Desktop/HaiyueStudio/Native/examples/boxbound/platforms/ios
    
    Using response file: /Users/qingque/Library/Developer/Xcode/DerivedData/boxbound-gmbxpjcvwytnwfabbxjdzhvtcdad/Build/Intermediates.noindex/boxbound.build/Debug-iphoneos/boxbound.build/Objects-normal/arm64/82b82416624d2658e5098eb0a28c15c5-common-args.resp
    
    /Applications/Xcode.app/Contents/Developer/Toolchains/XcodeDefault.xctoolchain/usr/bin/clang -x c++ -ivfsstatcache /Users/qingque/Library/Developer/Xcode/DerivedData/SDKStatCaches.noindex/iphoneos26.2-23C57-3794476bd08197c3e2abd9bb477ef7f7.sdkstatcache -fmessage-length\=0 -fdiagnostics-show-note-include-stack -fmacro-backtrace-limit\=0 -fno-color-diagnostics -Wno-trigraphs -Wno-missing-field-initializers -Wno-missing-prototypes -Werror\=return-type -Wunreachable-code -Werror\=deprecated-objc-isa-usage -Werror\=objc-root-class -Wno-non-virtual-dtor -Wno-overloaded-virtual -Wno-exit-time-destructors -Wno-missing-braces -Wparentheses -Wswitch -Wunused-function -Wno-unused-label -Wno-unused-parameter -Wunused-variable -Wunused-value -Wempty-body -Wuninitialized -Wno-unknown-pragmas -Wno-shadow -Wno-four-char-constants -Wno-conversion -Wconstant-conversion -Wint-conversion -Wbool-conversion -Wenum-conversion -Wno-float-conversion -Wnon-literal-null-conversion -Wobjc-literal-conversion -Wshorten-64-to-32 -Wno-newline-eof -Wno-c++11-extensions -Wno-implicit-fallthrough -fstrict-aliasing -Wdeprecated-declarations -Winvalid-offsetof -Wno-sign-conversion -Winfinite-recursion -Wmove -Wcomma -Wblock-capture-autoreleasing -Wstrict-prototypes -Wrange-loop-analysis -Wno-semicolon-before-method-body -index-store-path /Users/qingque/Library/Developer/Xcode/DerivedData/boxbound-gmbxpjcvwytnwfabbxjdzhvtcdad/Index.noindex/DataStore @/Users/qingque/Library/Developer/Xcode/DerivedData/boxbound-gmbxpjcvwytnwfabbxjdzhvtcdad/Build/Intermediates.noindex/boxbound.build/Debug-iphoneos/boxbound.build/Objects-normal/arm64/82b82416624d2658e5098eb0a28c15c5-common-args.resp -include /Users/qingque/Desktop/HaiyueStudio/Native/examples/boxbound/platforms/ios/build/sharedpch/SharedPrecompiledHeaders/17560698271525316586/boxbound-Prefix.pch -MMD -MT dependencies -MF /Users/qingque/Library/Developer/Xcode/DerivedData/boxbound-gmbxpjcvwytnwfabbxjdzhvtcdad/Build/Intermediates.noindex/boxbound.build/Debug-iphoneos/boxbound.build/Objects-normal/arm64/CanvasPattern.d --serialize-diagnostics /Users/qingque/Library/Developer/Xcode/DerivedData/boxbound-gmbxpjcvwytnwfabbxjdzhvtcdad/Build/Intermediates.noindex/boxbound.build/Debug-iphoneos/boxbound.build/Objects-normal/arm64/CanvasPattern.dia -c /Users/qingque/Desktop/HaiyueStudio/Native/examples/boxbound/node_modules/@nativescript/canvas/platforms/ios/src/cpp/canvas2d/CanvasPattern.cpp -o /Users/qingque/Library/Developer/Xcode/DerivedData/boxbound-gmbxpjcvwytnwfabbxjdzhvtcdad/Build/Intermediates.noindex/boxbound.build/Debug-iphoneos/boxbound.build/Objects-normal/arm64/CanvasPattern.o -index-unit-output-path /boxbound.build/Debug-iphoneos/boxbound.build/Objects-normal/arm64/CanvasPattern.o
In file included from /Users/qingque/Desktop/HaiyueStudio/Native/examples/boxbound/node_modules/@nativescript/canvas/platforms/ios/src/cpp/canvas2d/CanvasPattern.cpp:5:
In file included from /Users/qingque/Desktop/HaiyueStudio/Native/examples/boxbound/node_modules/@nativescript/canvas/platforms/ios/src/cpp/canvas2d/CanvasPattern.h:7:
In file included from /Users/qingque/Desktop/HaiyueStudio/Native/examples/boxbound/node_modules/@nativescript/canvas/platforms/ios/src/cpp/canvas2d/MatrixImpl.h:8:
/Users/qingque/Desktop/HaiyueStudio/Native/examples/boxbound/node_modules/@nativescript/canvas/platforms/ios/src/cpp/Helpers.h:63:13: warning: unused function 'LogToConsole' [-Wunused-function]
   63 | static void LogToConsole(const std::string &message) {
      |             ^~~~~~~~~~~~
/Users/qingque/Desktop/HaiyueStudio/Native/examples/boxbound/node_modules/@nativescript/canvas/platforms/ios/src/cpp/Helpers.h:185:13: warning: unused function 'SetFastMethodWithOverLoads' [-Wunused-function]
  185 | static void SetFastMethodWithOverLoads(v8::Isolate *isolate,
      |             ^~~~~~~~~~~~~~~~~~~~~~~~~~
/Users/qingque/Desktop/HaiyueStudio/Native/examples/boxbound/node_modules/@nativescript/canvas/platforms/ios/src/cpp/Helpers.h:210:13: warning: unused function 'SetFastMethod' [-Wunused-function]
  210 | static void SetFastMethod(v8::Local<v8::Context> context,
      |             ^~~~~~~~~~~~~
/Users/qingque/Desktop/HaiyueStudio/Native/examples/boxbound/node_modules/@nativescript/canvas/platforms/ios/src/cpp/Helpers.h:234:13: warning: unused function 'SetFastMethodNoSideEffect' [-Wunused-function]
  234 | static void SetFastMethodNoSideEffect(v8::Local<v8::Context> context,
      |             ^~~~~~~~~~~~~~~~~~~~~~~~~
/Users/qingque/Desktop/HaiyueStudio/Native/examples/boxbound/node_modules/@nativescript/canvas/platforms/ios/src/cpp/Helpers.h:258:13: warning: unused function 'SetFastMethodNoSideEffect' [-Wunused-function]
  258 | static void SetFastMethodNoSideEffect(v8::Isolate *isolate,
      |             ^~~~~~~~~~~~~~~~~~~~~~~~~
5 warnings generated.

CompileC /Users/qingque/Library/Developer/Xcode/DerivedData/boxbound-gmbxpjcvwytnwfabbxjdzhvtcdad/Build/Intermediates.noindex/boxbound.build/Debug-iphoneos/boxbound.build/Objects-normal/arm64/CanvasModule.o /Users/qingque/Desktop/HaiyueStudio/Native/examples/boxbound/node_modules/@nativescript/canvas/platforms/ios/src/CanvasModule.mm normal arm64 objective-c++ com.apple.compilers.llvm.clang.1_0.compiler (in target 'boxbound' from project 'boxbound')
    cd /Users/qingque/Desktop/HaiyueStudio/Native/examples/boxbound/platforms/ios
    
    Using response file: /Users/qingque/Library/Developer/Xcode/DerivedData/boxbound-gmbxpjcvwytnwfabbxjdzhvtcdad/Build/Intermediates.noindex/boxbound.build/Debug-iphoneos/boxbound.build/Objects-normal/arm64/af3fcb34312c57c0f52879cdce924b91-common-args.resp
    
    /Applications/Xcode.app/Contents/Developer/Toolchains/XcodeDefault.xctoolchain/usr/bin/clang -x objective-c++ -ivfsstatcache /Users/qingque/Library/Developer/Xcode/DerivedData/SDKStatCaches.noindex/iphoneos26.2-23C57-3794476bd08197c3e2abd9bb477ef7f7.sdkstatcache -fmessage-length\=0 -fdiagnostics-show-note-include-stack -fmacro-backtrace-limit\=0 -fno-color-diagnostics -Wno-trigraphs -Wno-missing-field-initializers -Wno-missing-prototypes -Werror\=return-type -Wunreachable-code -Wno-implicit-atomic-properties -Werror\=deprecated-objc-isa-usage -Wno-objc-interface-ivars -Werror\=objc-root-class -Wno-arc-repeated-use-of-weak -Wimplicit-retain-self -Wno-non-virtual-dtor -Wno-overloaded-virtual -Wno-exit-time-destructors -Wduplicate-method-match -Wno-missing-braces -Wparentheses -Wswitch -Wunused-function -Wno-unused-label -Wno-unused-parameter -Wunused-variable -Wunused-value -Wempty-body -Wuninitialized -Wno-unknown-pragmas -Wno-shadow -Wno-four-char-constants -Wno-conversion -Wconstant-conversion -Wint-conversion -Wbool-conversion -Wenum-conversion -Wno-float-conversion -Wnon-literal-null-conversion -Wobjc-literal-conversion -Wshorten-64-to-32 -Wno-newline-eof -Wno-selector -Wno-strict-selector-match -Wundeclared-selector -Wdeprecated-implementations -Wno-c++11-extensions -Wno-implicit-fallthrough -fstrict-aliasing -Wprotocol -Wdeprecated-declarations -Winvalid-offsetof -Wno-sign-conversion -Winfinite-recursion -Wmove -Wcomma -Wblock-capture-autoreleasing -Wstrict-prototypes -Wrange-loop-analysis -Wno-semicolon-before-method-body -index-store-path /Users/qingque/Library/Developer/Xcode/DerivedData/boxbound-gmbxpjcvwytnwfabbxjdzhvtcdad/Index.noindex/DataStore @/Users/qingque/Library/Developer/Xcode/DerivedData/boxbound-gmbxpjcvwytnwfabbxjdzhvtcdad/Build/Intermediates.noindex/boxbound.build/Debug-iphoneos/boxbound.build/Objects-normal/arm64/af3fcb34312c57c0f52879cdce924b91-common-args.resp -include /Users/qingque/Desktop/HaiyueStudio/Native/examples/boxbound/platforms/ios/build/sharedpch/SharedPrecompiledHeaders/5627123511641207197/boxbound-Prefix.pch -MMD -MT dependencies -MF /Users/qingque/Library/Developer/Xcode/DerivedData/boxbound-gmbxpjcvwytnwfabbxjdzhvtcdad/Build/Intermediates.noindex/boxbound.build/Debug-iphoneos/boxbound.build/Objects-normal/arm64/CanvasModule.d --serialize-diagnostics /Users/qingque/Library/Developer/Xcode/DerivedData/boxbound-gmbxpjcvwytnwfabbxjdzhvtcdad/Build/Intermediates.noindex/boxbound.build/Debug-iphoneos/boxbound.build/Objects-normal/arm64/CanvasModule.dia -c /Users/qingque/Desktop/HaiyueStudio/Native/examples/boxbound/node_modules/@nativescript/canvas/platforms/ios/src/CanvasModule.mm -o /Users/qingque/Library/Developer/Xcode/DerivedData/boxbound-gmbxpjcvwytnwfabbxjdzhvtcdad/Build/Intermediates.noindex/boxbound.build/Debug-iphoneos/boxbound.build/Objects-normal/arm64/CanvasModule.o -index-unit-output-path /boxbound.build/Debug-iphoneos/boxbound.build/Objects-normal/arm64/CanvasModule.o
In file included from /Users/qingque/Desktop/HaiyueStudio/Native/examples/boxbound/node_modules/@nativescript/canvas/platforms/ios/src/CanvasModule.mm:3:
In file included from /Users/qingque/Desktop/HaiyueStudio/Native/examples/boxbound/node_modules/@nativescript/canvas/platforms/ios/src/cpp/CanvasJSIModule.h:19:
In file included from /Users/qingque/Desktop/HaiyueStudio/Native/examples/boxbound/node_modules/@nativescript/canvas/platforms/ios/src/cpp/webgl/WebGLRenderingContext.h:32:
/Users/qingque/Desktop/HaiyueStudio/Native/examples/boxbound/node_modules/@nativescript/canvas/platforms/ios/src/cpp/webgl/extensions/EXT_blend_minmaxImpl.h:23:9: warning: ignoring return value of function declared with 'warn_unused_result' attribute [-Wunused-result]
   23 |         object->Set(context, ConvertToV8String(isolate, "ext_name"),
      |         ^~~~~~~~~~~ ~~~~~~~~~~~~~~~~~~~~~~~~~~~~~~~~~~~~~~~~~~~~~~~~
   24 |                     ConvertToV8String(isolate, "EXT_blend_minmax"));
      |                     ~~~~~~~~~~~~~~~~~~~~~~~~~~~~~~~~~~~~~~~~~~~~~~
In file included from /Users/qingque/Desktop/HaiyueStudio/Native/examples/boxbound/node_modules/@nativescript/canvas/platforms/ios/src/CanvasModule.mm:3:
In file included from /Users/qingque/Desktop/HaiyueStudio/Native/examples/boxbound/node_modules/@nativescript/canvas/platforms/ios/src/cpp/CanvasJSIModule.h:19:
In file included from /Users/qingque/Desktop/HaiyueStudio/Native/examples/boxbound/node_modules/@nativescript/canvas/platforms/ios/src/cpp/webgl/WebGLRenderingContext.h:33:
/Users/qingque/Desktop/HaiyueStudio/Native/examples/boxbound/node_modules/@nativescript/canvas/platforms/ios/src/cpp/webgl/extensions/EXT_color_buffer_half_floatImpl.h:23:9: warning: ignoring return value of function declared with 'warn_unused_result' attribute [-Wunused-result]
   23 |         object->Set(context, ConvertToV8String(isolate, "ext_name"),
      |         ^~~~~~~~~~~ ~~~~~~~~~~~~~~~~~~~~~~~~~~~~~~~~~~~~~~~~~~~~~~~~
   24 |                     ConvertToV8String(isolate, "EXT_color_buffer_half_float"));
      |                     ~~~~~~~~~~~~~~~~~~~~~~~~~~~~~~~~~~~~~~~~~~~~~~~~~~~~~~~~~
In file included from /Users/qingque/Desktop/HaiyueStudio/Native/examples/boxbound/node_modules/@nativescript/canvas/platforms/ios/src/CanvasModule.mm:3:
In file included from /Users/qingque/Desktop/HaiyueStudio/Native/examples/boxbound/node_modules/@nativescript/canvas/platforms/ios/src/cpp/CanvasJSIModule.h:19:
In file included from /Users/qingque/Desktop/HaiyueStudio/Native/examples/boxbound/node_modules/@nativescript/canvas/platforms/ios/src/cpp/webgl/WebGLRenderingContext.h:34:
/Users/qingque/Desktop/HaiyueStudio/Native/examples/boxbound/node_modules/@nativescript/canvas/platforms/ios/src/cpp/webgl/extensions/EXT_disjoint_timer_queryImpl.h:33:9: warning: ignoring return value of function declared with 'warn_unused_result' attribute [-Wunused-result]
   33 |         object->Set(context, ConvertToV8String(isolate, "ext_name"),
      |         ^~~~~~~~~~~ ~~~~~~~~~~~~~~~~~~~~~~~~~~~~~~~~~~~~~~~~~~~~~~~~
   34 |                     ConvertToV8String(isolate, "EXT_disjoint_timer_query"));
      |                     ~~~~~~~~~~~~~~~~~~~~~~~~~~~~~~~~~~~~~~~~~~~~~~~~~~~~~~
In file included from /Users/qingque/Desktop/HaiyueStudio/Native/examples/boxbound/node_modules/@nativescript/canvas/platforms/ios/src/CanvasModule.mm:3:
In file included from /Users/qingque/Desktop/HaiyueStudio/Native/examples/boxbound/node_modules/@nativescript/canvas/platforms/ios/src/cpp/CanvasJSIModule.h:19:
In file included from /Users/qingque/Desktop/HaiyueStudio/Native/examples/boxbound/node_modules/@nativescript/canvas/platforms/ios/src/cpp/webgl/WebGLRenderingContext.h:51:
/Users/qingque/Desktop/HaiyueStudio/Native/examples/boxbound/node_modules/@nativescript/canvas/platforms/ios/src/cpp/webgl/extensions/WEBGL_compressed_texture_s3tc_srgbImpl.h:58:9: warning: ignoring return value of function declared with 'warn_unused_result' attribute [-Wunused-result]
   58 |         object->Set(context, ConvertToV8String(isolate, "ext_name"),
      |         ^~~~~~~~~~~ ~~~~~~~~~~~~~~~~~~~~~~~~~~~~~~~~~~~~~~~~~~~~~~~~
   59 |                     ConvertToV8String(isolate, "WEBGL_compressed_texture_s3tc_srgb"));
      |                     ~~~~~~~~~~~~~~~~~~~~~~~~~~~~~~~~~~~~~~~~~~~~~~~~~~~~~~~~~~~~~~~~
In file included from /Users/qingque/Desktop/HaiyueStudio/Native/examples/boxbound/node_modules/@nativescript/canvas/platforms/ios/src/CanvasModule.mm:3:
In file included from /Users/qingque/Desktop/HaiyueStudio/Native/examples/boxbound/node_modules/@nativescript/canvas/platforms/ios/src/cpp/CanvasJSIModule.h:19:
/Users/qingque/Desktop/HaiyueStudio/Native/examples/boxbound/node_modules/@nativescript/canvas/platforms/ios/src/cpp/webgl/WebGLRenderingContext.h:1801:16: warning: implicit conversion loses integer precision: 'uintptr_t' (aka 'unsigned long') to 'int32_t' (aka 'int') [-Wshorten-64-to-32]
 1801 |         return canvas_native_webgl_get_vertex_attrib_offset(
      |         ~~~~~~ ^~~~~~~~~~~~~~~~~~~~~~~~~~~~~~~~~~~~~~~~~~~~~
 1802 |                 index,
      |                 ~~~~~~
 1803 |                 pname,
      |                 ~~~~~~
 1804 |                 ptr->GetState());
      |                 ~~~~~~~~~~~~~~~~
In file included from /Users/qingque/Desktop/HaiyueStudio/Native/examples/boxbound/node_modules/@nativescript/canvas/platforms/ios/src/CanvasModule.mm:3:
In file included from /Users/qingque/Desktop/HaiyueStudio/Native/examples/boxbound/node_modules/@nativescript/canvas/platforms/ios/src/cpp/CanvasJSIModule.h:25:
In file included from /Users/qingque/Desktop/HaiyueStudio/Native/examples/boxbound/node_modules/@nativescript/canvas/platforms/ios/src/cpp/webgpu/GPUQueueImpl.h:12:
/Users/qingque/Desktop/HaiyueStudio/Native/examples/boxbound/node_modules/@nativescript/canvas/platforms/ios/src/cpp/webgpu/GPUUtils.h:61:13: warning: ignoring return value of function declared with 'warn_unused_result' attribute [-Wunused-result]
   61 |             entriesArray->Get(context, i).ToLocal(&entryVal);
      |             ^~~~~~~~~~~~~~~~~~~~~~~~~~~~~~~~~~~~~ ~~~~~~~~~
/Users/qingque/Desktop/HaiyueStudio/Native/examples/boxbound/node_modules/@nativescript/canvas/platforms/ios/src/cpp/webgpu/GPUUtils.h:68:17: warning: ignoring return value of function declared with 'warn_unused_result' attribute [-Wunused-result]
   68 |                 entryObj->Get(context, ConvertToV8String(isolate, "resource")).ToLocal(
      |                 ^~~~~~~~~~~~~~~~~~~~~~~~~~~~~~~~~~~~~~~~~~~~~~~~~~~~~~~~~~~~~~~~~~~~~~
   69 |                         &resourceVal);
      |                         ~~~~~~~~~~~~
/Users/qingque/Desktop/HaiyueStudio/Native/examples/boxbound/node_modules/@nativescript/canvas/platforms/ios/src/cpp/webgpu/GPUUtils.h:102:29: warning: ignoring return value of function declared with 'warn_unused_result' attribute [-Wunused-result]
  102 |                             resourceObj->Get(context,
      |                             ^~~~~~~~~~~~~~~~~~~~~~~~~
  103 |                                              ConvertToV8String(isolate, "buffer")).ToLocal(
      |                                              ~~~~~~~~~~~~~~~~~~~~~~~~~~~~~~~~~~~~~~~~~~~~~
  104 |                                     &bufferVal);
      |                                     ~~~~~~~~~~
/Users/qingque/Desktop/HaiyueStudio/Native/examples/boxbound/node_modules/@nativescript/canvas/platforms/ios/src/cpp/webgpu/GPUUtils.h:117:37: warning: ignoring return value of function declared with 'warn_unused_result' attribute [-Wunused-result]
  117 |                                     resourceObj->Get(context,
      |                                     ^~~~~~~~~~~~~~~~~~~~~~~~~
  118 |                                                      ConvertToV8String(isolate,
      |                                                      ~~~~~~~~~~~~~~~~~~~~~~~~~~
  119 |                                                                        "offset")).ToLocal(
      |                                                                        ~~~~~~~~~~~~~~~~~~
  120 |                                             &offsetVal);
      |                                             ~~~~~~~~~~
/Users/qingque/Desktop/HaiyueStudio/Native/examples/boxbound/node_modules/@nativescript/canvas/platforms/ios/src/cpp/webgpu/GPUUtils.h:129:37: warning: ignoring return value of function declared with 'warn_unused_result' attribute [-Wunused-result]
  129 |                                     resourceObj->Get(context,
      |                                     ^~~~~~~~~~~~~~~~~~~~~~~~~
  130 |                                                      ConvertToV8String(isolate,
      |                                                      ~~~~~~~~~~~~~~~~~~~~~~~~~~
  131 |                                                                        "size")).ToLocal(
      |                                                                        ~~~~~~~~~~~~~~~~
  132 |                                             &sizeVal);
      |                                             ~~~~~~~~
/Users/qingque/Desktop/HaiyueStudio/Native/examples/boxbound/node_modules/@nativescript/canvas/platforms/ios/src/cpp/webgpu/GPUUtils.h:168:13: warning: ignoring return value of function declared with 'warn_unused_result' attribute [-Wunused-result]
  168 |             entriesArray->Get(context, i).ToLocal(&entryVal);
      |             ^~~~~~~~~~~~~~~~~~~~~~~~~~~~~~~~~~~~~ ~~~~~~~~~
/Users/qingque/Desktop/HaiyueStudio/Native/examples/boxbound/node_modules/@nativescript/canvas/platforms/ios/src/cpp/webgpu/GPUUtils.h:183:17: warning: ignoring return value of function declared with 'warn_unused_result' attribute [-Wunused-result]
  183 |                 entryObj->Get(context, ConvertToV8String(isolate, "buffer")).ToLocal(
      |                 ^~~~~~~~~~~~~~~~~~~~~~~~~~~~~~~~~~~~~~~~~~~~~~~~~~~~~~~~~~~~~~~~~~~~
  184 |                         &bufferVal);
      |                         ~~~~~~~~~~
/Users/qingque/Desktop/HaiyueStudio/Native/examples/boxbound/node_modules/@nativescript/canvas/platforms/ios/src/cpp/webgpu/GPUUtils.h:189:21: warning: ignoring return value of function declared with 'warn_unused_result' attribute [-Wunused-result]
  189 |                     bufferObj->Get(context, ConvertToV8String(isolate, "type")).ToLocal(
      |                     ^~~~~~~~~~~~~~~~~~~~~~~~~~~~~~~~~~~~~~~~~~~~~~~~~~~~~~~~~~~~~~~~~~~
  190 |                             &bufferType);
      |                             ~~~~~~~~~~~
/Users/qingque/Desktop/HaiyueStudio/Native/examples/boxbound/node_modules/@nativescript/canvas/platforms/ios/src/cpp/webgpu/GPUUtils.h:208:21: warning: ignoring return value of function declared with 'warn_unused_result' attribute [-Wunused-result]
  208 |                     bufferObj->Get(context,
      |                     ^~~~~~~~~~~~~~~~~~~~~~~
  209 |                                    ConvertToV8String(isolate, "hasDynamicOffset")).ToLocal(
      |                                    ~~~~~~~~~~~~~~~~~~~~~~~~~~~~~~~~~~~~~~~~~~~~~~~~~~~~~~~
  210 |                             &hasDynamicOffsetVal);
      |                             ~~~~~~~~~~~~~~~~~~~~
/Users/qingque/Desktop/HaiyueStudio/Native/examples/boxbound/node_modules/@nativescript/canvas/platforms/ios/src/cpp/webgpu/GPUUtils.h:220:21: warning: ignoring return value of function declared with 'warn_unused_result' attribute [-Wunused-result]
  220 |                     bufferObj->Get(context,
      |                     ^~~~~~~~~~~~~~~~~~~~~~~
  221 |                                    ConvertToV8String(isolate, "minBindingSize")).ToLocal(
      |                                    ~~~~~~~~~~~~~~~~~~~~~~~~~~~~~~~~~~~~~~~~~~~~~~~~~~~~~
  222 |                             &minBindingSizeVal);
      |                             ~~~~~~~~~~~~~~~~~~
/Users/qingque/Desktop/HaiyueStudio/Native/examples/boxbound/node_modules/@nativescript/canvas/platforms/ios/src/cpp/webgpu/GPUUtils.h:252:17: warning: ignoring return value of function declared with 'warn_unused_result' attribute [-Wunused-result]
  252 |                 entryObj->Get(context, ConvertToV8String(isolate, "externalTexture")).ToLocal(
      |                 ^~~~~~~~~~~~~~~~~~~~~~~~~~~~~~~~~~~~~~~~~~~~~~~~~~~~~~~~~~~~~~~~~~~~~~~~~~~~~
  253 |                         &externalTextureVal);
      |                         ~~~~~~~~~~~~~~~~~~~
/Users/qingque/Desktop/HaiyueStudio/Native/examples/boxbound/node_modules/@nativescript/canvas/platforms/ios/src/cpp/webgpu/GPUUtils.h:278:17: warning: ignoring return value of function declared with 'warn_unused_result' attribute [-Wunused-result]
  278 |                 entryObj->Get(context, ConvertToV8String(isolate, "sampler")).ToLocal(
      |                 ^~~~~~~~~~~~~~~~~~~~~~~~~~~~~~~~~~~~~~~~~~~~~~~~~~~~~~~~~~~~~~~~~~~~~
  279 |                         &samplerVal);
      |                         ~~~~~~~~~~~
/Users/qingque/Desktop/HaiyueStudio/Native/examples/boxbound/node_modules/@nativescript/canvas/platforms/ios/src/cpp/webgpu/GPUUtils.h:284:21: warning: ignoring return value of function declared with 'warn_unused_result' attribute [-Wunused-result]
  284 |                     samplerObj->Get(context, ConvertToV8String(isolate, "type")).ToLocal(
      |                     ^~~~~~~~~~~~~~~~~~~~~~~~~~~~~~~~~~~~~~~~~~~~~~~~~~~~~~~~~~~~~~~~~~~~
  285 |                             &samplerType);
      |                             ~~~~~~~~~~~~
/Users/qingque/Desktop/HaiyueStudio/Native/examples/boxbound/node_modules/@nativescript/canvas/platforms/ios/src/cpp/webgpu/GPUUtils.h:324:17: warning: ignoring return value of function declared with 'warn_unused_result' attribute [-Wunused-result]
  324 |                 entryObj->Get(context, ConvertToV8String(isolate, "storageTexture")).ToLocal(
      |                 ^~~~~~~~~~~~~~~~~~~~~~~~~~~~~~~~~~~~~~~~~~~~~~~~~~~~~~~~~~~~~~~~~~~~~~~~~~~~
  325 |                         &storageTextureVal);
      |                         ~~~~~~~~~~~~~~~~~~
/Users/qingque/Desktop/HaiyueStudio/Native/examples/boxbound/node_modules/@nativescript/canvas/platforms/ios/src/cpp/webgpu/GPUUtils.h:338:21: warning: ignoring return value of function declared with 'warn_unused_result' attribute [-Wunused-result]
  338 |                     storageTextureObj->Get(context,
      |                     ^~~~~~~~~~~~~~~~~~~~~~~~~~~~~~~
  339 |                                            ConvertToV8String(isolate, "access")).ToLocal(
      |                                            ~~~~~~~~~~~~~~~~~~~~~~~~~~~~~~~~~~~~~~~~~~~~~
  340 |                             &accessVal);
      |                             ~~~~~~~~~~
/Users/qingque/Desktop/HaiyueStudio/Native/examples/boxbound/node_modules/@nativescript/canvas/platforms/ios/src/cpp/webgpu/GPUUtils.h:361:21: warning: ignoring return value of function declared with 'warn_unused_result' attribute [-Wunused-result]
  361 |                     storageTextureObj->Get(context,
      |                     ^~~~~~~~~~~~~~~~~~~~~~~~~~~~~~~
  362 |                                            ConvertToV8String(isolate, "viewDimension")).ToLocal(
      |                                            ~~~~~~~~~~~~~~~~~~~~~~~~~~~~~~~~~~~~~~~~~~~~~~~~~~~~
  363 |                             &viewDimensionVal);
      |                             ~~~~~~~~~~~~~~~~~
/Users/qingque/Desktop/HaiyueStudio/Native/examples/boxbound/node_modules/@nativescript/canvas/platforms/ios/src/cpp/webgpu/GPUUtils.h:386:21: warning: ignoring return value of function declared with 'warn_unused_result' attribute [-Wunused-result]
  386 |                     storageTextureObj->Get(context,
      |                     ^~~~~~~~~~~~~~~~~~~~~~~~~~~~~~~
  387 |                                            ConvertToV8String(isolate, "format")).ToLocal(
      |                                            ~~~~~~~~~~~~~~~~~~~~~~~~~~~~~~~~~~~~~~~~~~~~~
  388 |                             &formatVal);
      |                             ~~~~~~~~~~
/Users/qingque/Desktop/HaiyueStudio/Native/examples/boxbound/node_modules/@nativescript/canvas/platforms/ios/src/cpp/webgpu/GPUUtils.h:424:17: warning: ignoring return value of function declared with 'warn_unused_result' attribute [-Wunused-result]
  424 |                 entryObj->Get(context, ConvertToV8String(isolate, "texture")).ToLocal(
      |                 ^~~~~~~~~~~~~~~~~~~~~~~~~~~~~~~~~~~~~~~~~~~~~~~~~~~~~~~~~~~~~~~~~~~~~
  425 |                         &textureVal);
      |                         ~~~~~~~~~~~
/Users/qingque/Desktop/HaiyueStudio/Native/examples/boxbound/node_modules/@nativescript/canvas/platforms/ios/src/cpp/webgpu/GPUUtils.h:433:21: warning: ignoring return value of function declared with 'warn_unused_result' attribute [-Wunused-result]
  433 |                     textureObj->Get(context,
      |                     ^~~~~~~~~~~~~~~~~~~~~~~~
  434 |                                     ConvertToV8String(isolate, "multisampled")).ToLocal(
      |                                     ~~~~~~~~~~~~~~~~~~~~~~~~~~~~~~~~~~~~~~~~~~~~~~~~~~~
  435 |                             &multisampledVal);
      |                             ~~~~~~~~~~~~~~~~
/Users/qingque/Desktop/HaiyueStudio/Native/examples/boxbound/node_modules/@nativescript/canvas/platforms/ios/src/cpp/webgpu/GPUUtils.h:443:21: warning: ignoring return value of function declared with 'warn_unused_result' attribute [-Wunused-result]
  443 |                     textureObj->Get(context, ConvertToV8String(isolate, "sampleType")).ToLocal(
      |                     ^~~~~~~~~~~~~~~~~~~~~~~~~~~~~~~~~~~~~~~~~~~~~~~~~~~~~~~~~~~~~~~~~~~~~~~~~~
  444 |                             &sampleTypeVal);
      |                             ~~~~~~~~~~~~~~
/Users/qingque/Desktop/HaiyueStudio/Native/examples/boxbound/node_modules/@nativescript/canvas/platforms/ios/src/cpp/webgpu/GPUUtils.h:469:21: warning: ignoring return value of function declared with 'warn_unused_result' attribute [-Wunused-result]
  469 |                     textureObj->Get(context,
      |                     ^~~~~~~~~~~~~~~~~~~~~~~~
  470 |                                     ConvertToV8String(isolate, "viewDimension")).ToLocal(
      |                                     ~~~~~~~~~~~~~~~~~~~~~~~~~~~~~~~~~~~~~~~~~~~~~~~~~~~~
  471 |                             &viewDimensionVal);
      |                             ~~~~~~~~~~~~~~~~~
In file included from /Users/qingque/Desktop/HaiyueStudio/Native/examples/boxbound/node_modules/@nativescript/canvas/platforms/ios/src/CanvasModule.mm:3:
In file included from /Users/qingque/Desktop/HaiyueStudio/Native/examples/boxbound/node_modules/@nativescript/canvas/platforms/ios/src/cpp/CanvasJSIModule.h:9:
In file included from /Users/qingque/Desktop/HaiyueStudio/Native/examples/boxbound/node_modules/@nativescript/canvas/platforms/ios/src/cpp/canvas2d/CanvasRenderingContext2DImpl.h:16:
/Users/qingque/Desktop/HaiyueStudio/Native/examples/boxbound/node_modules/@nativescript/canvas/platforms/ios/src/cpp/Helpers.h:63:13: warning: unused function 'LogToConsole' [-Wunused-function]
   63 | static void LogToConsole(const std::string &message) {
      |             ^~~~~~~~~~~~
/Users/qingque/Desktop/HaiyueStudio/Native/examples/boxbound/node_modules/@nativescript/canvas/platforms/ios/src/cpp/Helpers.h:185:13: warning: unused function 'SetFastMethodWithOverLoads' [-Wunused-function]
  185 | static void SetFastMethodWithOverLoads(v8::Isolate *isolate,
      |             ^~~~~~~~~~~~~~~~~~~~~~~~~~
/Users/qingque/Desktop/HaiyueStudio/Native/examples/boxbound/node_modules/@nativescript/canvas/platforms/ios/src/cpp/Helpers.h:210:13: warning: unused function 'SetFastMethod' [-Wunused-function]
  210 | static void SetFastMethod(v8::Local<v8::Context> context,
      |             ^~~~~~~~~~~~~
/Users/qingque/Desktop/HaiyueStudio/Native/examples/boxbound/node_modules/@nativescript/canvas/platforms/ios/src/cpp/Helpers.h:234:13: warning: unused function 'SetFastMethodNoSideEffect' [-Wunused-function]
  234 | static void SetFastMethodNoSideEffect(v8::Local<v8::Context> context,
      |             ^~~~~~~~~~~~~~~~~~~~~~~~~
/Users/qingque/Desktop/HaiyueStudio/Native/examples/boxbound/node_modules/@nativescript/canvas/platforms/ios/src/cpp/Helpers.h:258:13: warning: unused function 'SetFastMethodNoSideEffect' [-Wunused-function]
  258 | static void SetFastMethodNoSideEffect(v8::Isolate *isolate,
      |             ^~~~~~~~~~~~~~~~~~~~~~~~~
31 warnings generated.

CompileC /Users/qingque/Library/Developer/Xcode/DerivedData/boxbound-gmbxpjcvwytnwfabbxjdzhvtcdad/Build/Intermediates.noindex/boxbound.build/Debug-iphoneos/boxbound.build/Objects-normal/arm64/CanvasJSIModule.o /Users/qingque/Desktop/HaiyueStudio/Native/examples/boxbound/node_modules/@nativescript/canvas/platforms/ios/src/cpp/CanvasJSIModule.cpp normal arm64 c++ com.apple.compilers.llvm.clang.1_0.compiler (in target 'boxbound' from project 'boxbound')
    cd /Users/qingque/Desktop/HaiyueStudio/Native/examples/boxbound/platforms/ios
    
    Using response file: /Users/qingque/Library/Developer/Xcode/DerivedData/boxbound-gmbxpjcvwytnwfabbxjdzhvtcdad/Build/Intermediates.noindex/boxbound.build/Debug-iphoneos/boxbound.build/Objects-normal/arm64/82b82416624d2658e5098eb0a28c15c5-common-args.resp
    
    /Applications/Xcode.app/Contents/Developer/Toolchains/XcodeDefault.xctoolchain/usr/bin/clang -x c++ -ivfsstatcache /Users/qingque/Library/Developer/Xcode/DerivedData/SDKStatCaches.noindex/iphoneos26.2-23C57-3794476bd08197c3e2abd9bb477ef7f7.sdkstatcache -fmessage-length\=0 -fdiagnostics-show-note-include-stack -fmacro-backtrace-limit\=0 -fno-color-diagnostics -Wno-trigraphs -Wno-missing-field-initializers -Wno-missing-prototypes -Werror\=return-type -Wunreachable-code -Werror\=deprecated-objc-isa-usage -Werror\=objc-root-class -Wno-non-virtual-dtor -Wno-overloaded-virtual -Wno-exit-time-destructors -Wno-missing-braces -Wparentheses -Wswitch -Wunused-function -Wno-unused-label -Wno-unused-parameter -Wunused-variable -Wunused-value -Wempty-body -Wuninitialized -Wno-unknown-pragmas -Wno-shadow -Wno-four-char-constants -Wno-conversion -Wconstant-conversion -Wint-conversion -Wbool-conversion -Wenum-conversion -Wno-float-conversion -Wnon-literal-null-conversion -Wobjc-literal-conversion -Wshorten-64-to-32 -Wno-newline-eof -Wno-c++11-extensions -Wno-implicit-fallthrough -fstrict-aliasing -Wdeprecated-declarations -Winvalid-offsetof -Wno-sign-conversion -Winfinite-recursion -Wmove -Wcomma -Wblock-capture-autoreleasing -Wstrict-prototypes -Wrange-loop-analysis -Wno-semicolon-before-method-body -index-store-path /Users/qingque/Library/Developer/Xcode/DerivedData/boxbound-gmbxpjcvwytnwfabbxjdzhvtcdad/Index.noindex/DataStore @/Users/qingque/Library/Developer/Xcode/DerivedData/boxbound-gmbxpjcvwytnwfabbxjdzhvtcdad/Build/Intermediates.noindex/boxbound.build/Debug-iphoneos/boxbound.build/Objects-normal/arm64/82b82416624d2658e5098eb0a28c15c5-common-args.resp -include /Users/qingque/Desktop/HaiyueStudio/Native/examples/boxbound/platforms/ios/build/sharedpch/SharedPrecompiledHeaders/17560698271525316586/boxbound-Prefix.pch -MMD -MT dependencies -MF /Users/qingque/Library/Developer/Xcode/DerivedData/boxbound-gmbxpjcvwytnwfabbxjdzhvtcdad/Build/Intermediates.noindex/boxbound.build/Debug-iphoneos/boxbound.build/Objects-normal/arm64/CanvasJSIModule.d --serialize-diagnostics /Users/qingque/Library/Developer/Xcode/DerivedData/boxbound-gmbxpjcvwytnwfabbxjdzhvtcdad/Build/Intermediates.noindex/boxbound.build/Debug-iphoneos/boxbound.build/Objects-normal/arm64/CanvasJSIModule.dia -c /Users/qingque/Desktop/HaiyueStudio/Native/examples/boxbound/node_modules/@nativescript/canvas/platforms/ios/src/cpp/CanvasJSIModule.cpp -o /Users/qingque/Library/Developer/Xcode/DerivedData/boxbound-gmbxpjcvwytnwfabbxjdzhvtcdad/Build/Intermediates.noindex/boxbound.build/Debug-iphoneos/boxbound.build/Objects-normal/arm64/CanvasJSIModule.o -index-unit-output-path /boxbound.build/Debug-iphoneos/boxbound.build/Objects-normal/arm64/CanvasJSIModule.o
In file included from /Users/qingque/Desktop/HaiyueStudio/Native/examples/boxbound/node_modules/@nativescript/canvas/platforms/ios/src/cpp/CanvasJSIModule.cpp:5:
In file included from /Users/qingque/Desktop/HaiyueStudio/Native/examples/boxbound/node_modules/@nativescript/canvas/platforms/ios/src/cpp/CanvasJSIModule.h:19:
In file included from /Users/qingque/Desktop/HaiyueStudio/Native/examples/boxbound/node_modules/@nativescript/canvas/platforms/ios/src/cpp/webgl/WebGLRenderingContext.h:32:
/Users/qingque/Desktop/HaiyueStudio/Native/examples/boxbound/node_modules/@nativescript/canvas/platforms/ios/src/cpp/webgl/extensions/EXT_blend_minmaxImpl.h:23:9: warning: ignoring return value of function declared with 'warn_unused_result' attribute [-Wunused-result]
   23 |         object->Set(context, ConvertToV8String(isolate, "ext_name"),
      |         ^~~~~~~~~~~ ~~~~~~~~~~~~~~~~~~~~~~~~~~~~~~~~~~~~~~~~~~~~~~~~
   24 |                     ConvertToV8String(isolate, "EXT_blend_minmax"));
      |                     ~~~~~~~~~~~~~~~~~~~~~~~~~~~~~~~~~~~~~~~~~~~~~~
In file included from /Users/qingque/Desktop/HaiyueStudio/Native/examples/boxbound/node_modules/@nativescript/canvas/platforms/ios/src/cpp/CanvasJSIModule.cpp:5:
In file included from /Users/qingque/Desktop/HaiyueStudio/Native/examples/boxbound/node_modules/@nativescript/canvas/platforms/ios/src/cpp/CanvasJSIModule.h:19:
In file included from /Users/qingque/Desktop/HaiyueStudio/Native/examples/boxbound/node_modules/@nativescript/canvas/platforms/ios/src/cpp/webgl/WebGLRenderingContext.h:33:
/Users/qingque/Desktop/HaiyueStudio/Native/examples/boxbound/node_modules/@nativescript/canvas/platforms/ios/src/cpp/webgl/extensions/EXT_color_buffer_half_floatImpl.h:23:9: warning: ignoring return value of function declared with 'warn_unused_result' attribute [-Wunused-result]
   23 |         object->Set(context, ConvertToV8String(isolate, "ext_name"),
      |         ^~~~~~~~~~~ ~~~~~~~~~~~~~~~~~~~~~~~~~~~~~~~~~~~~~~~~~~~~~~~~
   24 |                     ConvertToV8String(isolate, "EXT_color_buffer_half_float"));
      |                     ~~~~~~~~~~~~~~~~~~~~~~~~~~~~~~~~~~~~~~~~~~~~~~~~~~~~~~~~~
In file included from /Users/qingque/Desktop/HaiyueStudio/Native/examples/boxbound/node_modules/@nativescript/canvas/platforms/ios/src/cpp/CanvasJSIModule.cpp:5:
In file included from /Users/qingque/Desktop/HaiyueStudio/Native/examples/boxbound/node_modules/@nativescript/canvas/platforms/ios/src/cpp/CanvasJSIModule.h:19:
In file included from /Users/qingque/Desktop/HaiyueStudio/Native/examples/boxbound/node_modules/@nativescript/canvas/platforms/ios/src/cpp/webgl/WebGLRenderingContext.h:34:
/Users/qingque/Desktop/HaiyueStudio/Native/examples/boxbound/node_modules/@nativescript/canvas/platforms/ios/src/cpp/webgl/extensions/EXT_disjoint_timer_queryImpl.h:33:9: warning: ignoring return value of function declared with 'warn_unused_result' attribute [-Wunused-result]
   33 |         object->Set(context, ConvertToV8String(isolate, "ext_name"),
      |         ^~~~~~~~~~~ ~~~~~~~~~~~~~~~~~~~~~~~~~~~~~~~~~~~~~~~~~~~~~~~~
   34 |                     ConvertToV8String(isolate, "EXT_disjoint_timer_query"));
      |                     ~~~~~~~~~~~~~~~~~~~~~~~~~~~~~~~~~~~~~~~~~~~~~~~~~~~~~~
In file included from /Users/qingque/Desktop/HaiyueStudio/Native/examples/boxbound/node_modules/@nativescript/canvas/platforms/ios/src/cpp/CanvasJSIModule.cpp:5:
In file included from /Users/qingque/Desktop/HaiyueStudio/Native/examples/boxbound/node_modules/@nativescript/canvas/platforms/ios/src/cpp/CanvasJSIModule.h:19:
In file included from /Users/qingque/Desktop/HaiyueStudio/Native/examples/boxbound/node_modules/@nativescript/canvas/platforms/ios/src/cpp/webgl/WebGLRenderingContext.h:51:
/Users/qingque/Desktop/HaiyueStudio/Native/examples/boxbound/node_modules/@nativescript/canvas/platforms/ios/src/cpp/webgl/extensions/WEBGL_compressed_texture_s3tc_srgbImpl.h:58:9: warning: ignoring return value of function declared with 'warn_unused_result' attribute [-Wunused-result]
   58 |         object->Set(context, ConvertToV8String(isolate, "ext_name"),
      |         ^~~~~~~~~~~ ~~~~~~~~~~~~~~~~~~~~~~~~~~~~~~~~~~~~~~~~~~~~~~~~
   59 |                     ConvertToV8String(isolate, "WEBGL_compressed_texture_s3tc_srgb"));
      |                     ~~~~~~~~~~~~~~~~~~~~~~~~~~~~~~~~~~~~~~~~~~~~~~~~~~~~~~~~~~~~~~~~
In file included from /Users/qingque/Desktop/HaiyueStudio/Native/examples/boxbound/node_modules/@nativescript/canvas/platforms/ios/src/cpp/CanvasJSIModule.cpp:5:
In file included from /Users/qingque/Desktop/HaiyueStudio/Native/examples/boxbound/node_modules/@nativescript/canvas/platforms/ios/src/cpp/CanvasJSIModule.h:19:
/Users/qingque/Desktop/HaiyueStudio/Native/examples/boxbound/node_modules/@nativescript/canvas/platforms/ios/src/cpp/webgl/WebGLRenderingContext.h:1801:16: warning: implicit conversion loses integer precision: 'uintptr_t' (aka 'unsigned long') to 'int32_t' (aka 'int') [-Wshorten-64-to-32]
 1801 |         return canvas_native_webgl_get_vertex_attrib_offset(
      |         ~~~~~~ ^~~~~~~~~~~~~~~~~~~~~~~~~~~~~~~~~~~~~~~~~~~~~
 1802 |                 index,
      |                 ~~~~~~
 1803 |                 pname,
      |                 ~~~~~~
 1804 |                 ptr->GetState());
      |                 ~~~~~~~~~~~~~~~~
In file included from /Users/qingque/Desktop/HaiyueStudio/Native/examples/boxbound/node_modules/@nativescript/canvas/platforms/ios/src/cpp/CanvasJSIModule.cpp:5:
In file included from /Users/qingque/Desktop/HaiyueStudio/Native/examples/boxbound/node_modules/@nativescript/canvas/platforms/ios/src/cpp/CanvasJSIModule.h:25:
In file included from /Users/qingque/Desktop/HaiyueStudio/Native/examples/boxbound/node_modules/@nativescript/canvas/platforms/ios/src/cpp/webgpu/GPUQueueImpl.h:12:
/Users/qingque/Desktop/HaiyueStudio/Native/examples/boxbound/node_modules/@nativescript/canvas/platforms/ios/src/cpp/webgpu/GPUUtils.h:61:13: warning: ignoring return value of function declared with 'warn_unused_result' attribute [-Wunused-result]
   61 |             entriesArray->Get(context, i).ToLocal(&entryVal);
      |             ^~~~~~~~~~~~~~~~~~~~~~~~~~~~~~~~~~~~~ ~~~~~~~~~
/Users/qingque/Desktop/HaiyueStudio/Native/examples/boxbound/node_modules/@nativescript/canvas/platforms/ios/src/cpp/webgpu/GPUUtils.h:68:17: warning: ignoring return value of function declared with 'warn_unused_result' attribute [-Wunused-result]
   68 |                 entryObj->Get(context, ConvertToV8String(isolate, "resource")).ToLocal(
      |                 ^~~~~~~~~~~~~~~~~~~~~~~~~~~~~~~~~~~~~~~~~~~~~~~~~~~~~~~~~~~~~~~~~~~~~~
   69 |                         &resourceVal);
      |                         ~~~~~~~~~~~~
/Users/qingque/Desktop/HaiyueStudio/Native/examples/boxbound/node_modules/@nativescript/canvas/platforms/ios/src/cpp/webgpu/GPUUtils.h:102:29: warning: ignoring return value of function declared with 'warn_unused_result' attribute [-Wunused-result]
  102 |                             resourceObj->Get(context,
      |                             ^~~~~~~~~~~~~~~~~~~~~~~~~
  103 |                                              ConvertToV8String(isolate, "buffer")).ToLocal(
      |                                              ~~~~~~~~~~~~~~~~~~~~~~~~~~~~~~~~~~~~~~~~~~~~~
  104 |                                     &bufferVal);
      |                                     ~~~~~~~~~~
/Users/qingque/Desktop/HaiyueStudio/Native/examples/boxbound/node_modules/@nativescript/canvas/platforms/ios/src/cpp/webgpu/GPUUtils.h:117:37: warning: ignoring return value of function declared with 'warn_unused_result' attribute [-Wunused-result]
  117 |                                     resourceObj->Get(context,
      |                                     ^~~~~~~~~~~~~~~~~~~~~~~~~
  118 |                                                      ConvertToV8String(isolate,
      |                                                      ~~~~~~~~~~~~~~~~~~~~~~~~~~
  119 |                                                                        "offset")).ToLocal(
      |                                                                        ~~~~~~~~~~~~~~~~~~
  120 |                                             &offsetVal);
      |                                             ~~~~~~~~~~
/Users/qingque/Desktop/HaiyueStudio/Native/examples/boxbound/node_modules/@nativescript/canvas/platforms/ios/src/cpp/webgpu/GPUUtils.h:129:37: warning: ignoring return value of function declared with 'warn_unused_result' attribute [-Wunused-result]
  129 |                                     resourceObj->Get(context,
      |                                     ^~~~~~~~~~~~~~~~~~~~~~~~~
  130 |                                                      ConvertToV8String(isolate,
      |                                                      ~~~~~~~~~~~~~~~~~~~~~~~~~~
  131 |                                                                        "size")).ToLocal(
      |                                                                        ~~~~~~~~~~~~~~~~
  132 |                                             &sizeVal);
      |                                             ~~~~~~~~
/Users/qingque/Desktop/HaiyueStudio/Native/examples/boxbound/node_modules/@nativescript/canvas/platforms/ios/src/cpp/webgpu/GPUUtils.h:168:13: warning: ignoring return value of function declared with 'warn_unused_result' attribute [-Wunused-result]
  168 |             entriesArray->Get(context, i).ToLocal(&entryVal);
      |             ^~~~~~~~~~~~~~~~~~~~~~~~~~~~~~~~~~~~~ ~~~~~~~~~
/Users/qingque/Desktop/HaiyueStudio/Native/examples/boxbound/node_modules/@nativescript/canvas/platforms/ios/src/cpp/webgpu/GPUUtils.h:183:17: warning: ignoring return value of function declared with 'warn_unused_result' attribute [-Wunused-result]
  183 |                 entryObj->Get(context, ConvertToV8String(isolate, "buffer")).ToLocal(
      |                 ^~~~~~~~~~~~~~~~~~~~~~~~~~~~~~~~~~~~~~~~~~~~~~~~~~~~~~~~~~~~~~~~~~~~
  184 |                         &bufferVal);
      |                         ~~~~~~~~~~
/Users/qingque/Desktop/HaiyueStudio/Native/examples/boxbound/node_modules/@nativescript/canvas/platforms/ios/src/cpp/webgpu/GPUUtils.h:189:21: warning: ignoring return value of function declared with 'warn_unused_result' attribute [-Wunused-result]
  189 |                     bufferObj->Get(context, ConvertToV8String(isolate, "type")).ToLocal(
      |                     ^~~~~~~~~~~~~~~~~~~~~~~~~~~~~~~~~~~~~~~~~~~~~~~~~~~~~~~~~~~~~~~~~~~
  190 |                             &bufferType);
      |                             ~~~~~~~~~~~
/Users/qingque/Desktop/HaiyueStudio/Native/examples/boxbound/node_modules/@nativescript/canvas/platforms/ios/src/cpp/webgpu/GPUUtils.h:208:21: warning: ignoring return value of function declared with 'warn_unused_result' attribute [-Wunused-result]
  208 |                     bufferObj->Get(context,
      |                     ^~~~~~~~~~~~~~~~~~~~~~~
  209 |                                    ConvertToV8String(isolate, "hasDynamicOffset")).ToLocal(
      |                                    ~~~~~~~~~~~~~~~~~~~~~~~~~~~~~~~~~~~~~~~~~~~~~~~~~~~~~~~
  210 |                             &hasDynamicOffsetVal);
      |                             ~~~~~~~~~~~~~~~~~~~~
/Users/qingque/Desktop/HaiyueStudio/Native/examples/boxbound/node_modules/@nativescript/canvas/platforms/ios/src/cpp/webgpu/GPUUtils.h:220:21: warning: ignoring return value of function declared with 'warn_unused_result' attribute [-Wunused-result]
  220 |                     bufferObj->Get(context,
      |                     ^~~~~~~~~~~~~~~~~~~~~~~
  221 |                                    ConvertToV8String(isolate, "minBindingSize")).ToLocal(
      |                                    ~~~~~~~~~~~~~~~~~~~~~~~~~~~~~~~~~~~~~~~~~~~~~~~~~~~~~
  222 |                             &minBindingSizeVal);
      |                             ~~~~~~~~~~~~~~~~~~
/Users/qingque/Desktop/HaiyueStudio/Native/examples/boxbound/node_modules/@nativescript/canvas/platforms/ios/src/cpp/webgpu/GPUUtils.h:252:17: warning: ignoring return value of function declared with 'warn_unused_result' attribute [-Wunused-result]
  252 |                 entryObj->Get(context, ConvertToV8String(isolate, "externalTexture")).ToLocal(
      |                 ^~~~~~~~~~~~~~~~~~~~~~~~~~~~~~~~~~~~~~~~~~~~~~~~~~~~~~~~~~~~~~~~~~~~~~~~~~~~~
  253 |                         &externalTextureVal);
      |                         ~~~~~~~~~~~~~~~~~~~
/Users/qingque/Desktop/HaiyueStudio/Native/examples/boxbound/node_modules/@nativescript/canvas/platforms/ios/src/cpp/webgpu/GPUUtils.h:278:17: warning: ignoring return value of function declared with 'warn_unused_result' attribute [-Wunused-result]
  278 |                 entryObj->Get(context, ConvertToV8String(isolate, "sampler")).ToLocal(
      |                 ^~~~~~~~~~~~~~~~~~~~~~~~~~~~~~~~~~~~~~~~~~~~~~~~~~~~~~~~~~~~~~~~~~~~~
  279 |                         &samplerVal);
      |                         ~~~~~~~~~~~
/Users/qingque/Desktop/HaiyueStudio/Native/examples/boxbound/node_modules/@nativescript/canvas/platforms/ios/src/cpp/webgpu/GPUUtils.h:284:21: warning: ignoring return value of function declared with 'warn_unused_result' attribute [-Wunused-result]
  284 |                     samplerObj->Get(context, ConvertToV8String(isolate, "type")).ToLocal(
      |                     ^~~~~~~~~~~~~~~~~~~~~~~~~~~~~~~~~~~~~~~~~~~~~~~~~~~~~~~~~~~~~~~~~~~~
  285 |                             &samplerType);
      |                             ~~~~~~~~~~~~
/Users/qingque/Desktop/HaiyueStudio/Native/examples/boxbound/node_modules/@nativescript/canvas/platforms/ios/src/cpp/webgpu/GPUUtils.h:324:17: warning: ignoring return value of function declared with 'warn_unused_result' attribute [-Wunused-result]
  324 |                 entryObj->Get(context, ConvertToV8String(isolate, "storageTexture")).ToLocal(
      |                 ^~~~~~~~~~~~~~~~~~~~~~~~~~~~~~~~~~~~~~~~~~~~~~~~~~~~~~~~~~~~~~~~~~~~~~~~~~~~
  325 |                         &storageTextureVal);
      |                         ~~~~~~~~~~~~~~~~~~
/Users/qingque/Desktop/HaiyueStudio/Native/examples/boxbound/node_modules/@nativescript/canvas/platforms/ios/src/cpp/webgpu/GPUUtils.h:338:21: warning: ignoring return value of function declared with 'warn_unused_result' attribute [-Wunused-result]
  338 |                     storageTextureObj->Get(context,
      |                     ^~~~~~~~~~~~~~~~~~~~~~~~~~~~~~~
  339 |                                            ConvertToV8String(isolate, "access")).ToLocal(
      |                                            ~~~~~~~~~~~~~~~~~~~~~~~~~~~~~~~~~~~~~~~~~~~~~
  340 |                             &accessVal);
      |                             ~~~~~~~~~~
/Users/qingque/Desktop/HaiyueStudio/Native/examples/boxbound/node_modules/@nativescript/canvas/platforms/ios/src/cpp/webgpu/GPUUtils.h:361:21: warning: ignoring return value of function declared with 'warn_unused_result' attribute [-Wunused-result]
  361 |                     storageTextureObj->Get(context,
      |                     ^~~~~~~~~~~~~~~~~~~~~~~~~~~~~~~
  362 |                                            ConvertToV8String(isolate, "viewDimension")).ToLocal(
      |                                            ~~~~~~~~~~~~~~~~~~~~~~~~~~~~~~~~~~~~~~~~~~~~~~~~~~~~
  363 |                             &viewDimensionVal);
      |                             ~~~~~~~~~~~~~~~~~
/Users/qingque/Desktop/HaiyueStudio/Native/examples/boxbound/node_modules/@nativescript/canvas/platforms/ios/src/cpp/webgpu/GPUUtils.h:386:21: warning: ignoring return value of function declared with 'warn_unused_result' attribute [-Wunused-result]
  386 |                     storageTextureObj->Get(context,
      |                     ^~~~~~~~~~~~~~~~~~~~~~~~~~~~~~~
  387 |                                            ConvertToV8String(isolate, "format")).ToLocal(
      |                                            ~~~~~~~~~~~~~~~~~~~~~~~~~~~~~~~~~~~~~~~~~~~~~
  388 |                             &formatVal);
      |                             ~~~~~~~~~~
/Users/qingque/Desktop/HaiyueStudio/Native/examples/boxbound/node_modules/@nativescript/canvas/platforms/ios/src/cpp/webgpu/GPUUtils.h:424:17: warning: ignoring return value of function declared with 'warn_unused_result' attribute [-Wunused-result]
  424 |                 entryObj->Get(context, ConvertToV8String(isolate, "texture")).ToLocal(
      |                 ^~~~~~~~~~~~~~~~~~~~~~~~~~~~~~~~~~~~~~~~~~~~~~~~~~~~~~~~~~~~~~~~~~~~~
  425 |                         &textureVal);
      |                         ~~~~~~~~~~~
/Users/qingque/Desktop/HaiyueStudio/Native/examples/boxbound/node_modules/@nativescript/canvas/platforms/ios/src/cpp/webgpu/GPUUtils.h:433:21: warning: ignoring return value of function declared with 'warn_unused_result' attribute [-Wunused-result]
  433 |                     textureObj->Get(context,
      |                     ^~~~~~~~~~~~~~~~~~~~~~~~
  434 |                                     ConvertToV8String(isolate, "multisampled")).ToLocal(
      |                                     ~~~~~~~~~~~~~~~~~~~~~~~~~~~~~~~~~~~~~~~~~~~~~~~~~~~
  435 |                             &multisampledVal);
      |                             ~~~~~~~~~~~~~~~~
/Users/qingque/Desktop/HaiyueStudio/Native/examples/boxbound/node_modules/@nativescript/canvas/platforms/ios/src/cpp/webgpu/GPUUtils.h:443:21: warning: ignoring return value of function declared with 'warn_unused_result' attribute [-Wunused-result]
  443 |                     textureObj->Get(context, ConvertToV8String(isolate, "sampleType")).ToLocal(
      |                     ^~~~~~~~~~~~~~~~~~~~~~~~~~~~~~~~~~~~~~~~~~~~~~~~~~~~~~~~~~~~~~~~~~~~~~~~~~
  444 |                             &sampleTypeVal);
      |                             ~~~~~~~~~~~~~~
/Users/qingque/Desktop/HaiyueStudio/Native/examples/boxbound/node_modules/@nativescript/canvas/platforms/ios/src/cpp/webgpu/GPUUtils.h:469:21: warning: ignoring return value of function declared with 'warn_unused_result' attribute [-Wunused-result]
  469 |                     textureObj->Get(context,
      |                     ^~~~~~~~~~~~~~~~~~~~~~~~
  470 |                                     ConvertToV8String(isolate, "viewDimension")).ToLocal(
      |                                     ~~~~~~~~~~~~~~~~~~~~~~~~~~~~~~~~~~~~~~~~~~~~~~~~~~~~
  471 |                             &viewDimensionVal);
      |                             ~~~~~~~~~~~~~~~~~
/Users/qingque/Desktop/HaiyueStudio/Native/examples/boxbound/node_modules/@nativescript/canvas/platforms/ios/src/cpp/CanvasJSIModule.cpp:485:3: warning: ignoring return value of function declared with 'warn_unused_result' attribute [-Wunused-result]
  485 |                 cb.As<v8::Function>()->Call(context, context->Global(), 2, ret);
      |                 ^~~~~~~~~~~~~~~~~~~~~~~~~~~ ~~~~~~~~~~~~~~~~~~~~~~~~~~~~~~~~~~
/Users/qingque/Desktop/HaiyueStudio/Native/examples/boxbound/node_modules/@nativescript/canvas/platforms/ios/src/cpp/CanvasJSIModule.cpp:495:3: warning: ignoring return value of function declared with 'warn_unused_result' attribute [-Wunused-result]
  495 |                 cb.As<v8::Function>()->Call(context, context->Global(), 2, ret);
      |                 ^~~~~~~~~~~~~~~~~~~~~~~~~~~ ~~~~~~~~~~~~~~~~~~~~~~~~~~~~~~~~~~
/Users/qingque/Desktop/HaiyueStudio/Native/examples/boxbound/node_modules/@nativescript/canvas/platforms/ios/src/cpp/CanvasJSIModule.cpp:504:3: warning: ignoring return value of function declared with 'warn_unused_result' attribute [-Wunused-result]
  504 |                 cb.As<v8::Function>()->Call(context, context->Global(), 2, ret);
      |                 ^~~~~~~~~~~~~~~~~~~~~~~~~~~ ~~~~~~~~~~~~~~~~~~~~~~~~~~~~~~~~~~
/Users/qingque/Desktop/HaiyueStudio/Native/examples/boxbound/node_modules/@nativescript/canvas/platforms/ios/src/cpp/CanvasJSIModule.cpp:565:8: warning: ignoring return value of function declared with 'warn_unused_result' attribute [-Wunused-result]
  565 |                                                         callback->Call(context, context->Global(),
      |                                                         ^~~~~~~~~~~~~~ ~~~~~~~~~~~~~~~~~~~~~~~~~~~
  
566 |                                                                                                                  2,
      |                                                                                                                  ~~
  567 |                                                                                                                  args);  // ignore JS return value
      |                                                                                                                  ~~~~
/Users/qingque/Desktop/HaiyueStudio/Native/examples/boxbound/node_modules/@nativescript/canvas/platforms/ios/src/cpp/CanvasJSIModule.cpp:575:8: warning: ignoring return value of function declared with 'warn_unused_result' attribute [-Wunused-result]
  575 |                                                         callback->Call(context, context->Global(),
      |                                                         ^~~~~~~~~~~~~~ ~~~~~~~~~~~~~~~~~~~~~~~~~~~
  576 |                                                                                                                  1,
      |                                                                                                                  ~~
  577 |                                                                                                                  args);  // ignore JS return value
      |                                                                                                                  ~~~~
/Users/qingque/Desktop/HaiyueStudio/Native/examples/boxbound/node_modules/@nativescript/canvas/platforms/ios/src/cpp/CanvasJSIModule.cpp:691:3: warning: ignoring return value of function declared with 'warn_unused_result' attribute [-Wunused-result]
  691 |                 cb.As<v8::Function>()->Call(context, context->Global(), 2, retArgs);
      |                 ^~~~~~~~~~~~~~~~~~~~~~~~~~~ ~~~~~~~~~~~~~~~~~~~~~~~~~~~~~~~~~~~~~~
/Users/qingque/Desktop/HaiyueStudio/Native/examples/boxbound/node_modules/@nativescript/canvas/platforms/ios/src/cpp/CanvasJSIModule.cpp:757:3: warning: ignoring return value of function declared with 'warn_unused_result' attribute [-Wunused-result]
  757 |                 cb.As<v8::Function>()->Call(context, context->Global(), 2, retArgs);
      |                 ^~~~~~~~~~~~~~~~~~~~~~~~~~~ ~~~~~~~~~~~~~~~~~~~~~~~~~~~~~~~~~~~~~~
/Users/qingque/Desktop/HaiyueStudio/Native/examples/boxbound/node_modules/@nativescript/canvas/platforms/ios/src/cpp/CanvasJSIModule.cpp:835:6: warning: ignoring return value of function declared with 'warn_unused_result' attribute [-Wunused-result]
  835 |                                         ret->Set(context, ConvertToV8String(isolate, "buffer"), buffer);
      |                                         ^~~~~~~~ ~~~~~~~~~~~~~~~~~~~~~~~~~~~~~~~~~~~~~~~~~~~~~~~~~~~~~
/Users/qingque/Desktop/HaiyueStudio/Native/examples/boxbound/node_modules/@nativescript/canvas/platforms/ios/src/cpp/CanvasJSIModule.cpp:839:8: warning: ignoring return value of function declared with 'warn_unused_result' attribute [-Wunused-result]
  839 |                                                         ret->Set(context, ConvertToV8String(isolate, "mime"),
      |                                                         ^~~~~~~~ ~~~~~~~~~~~~~~~~~~~~~~~~~~~~~~~~~~~~~~~~~~~~
  840 |                                                                                          ConvertToV8String(isolate, mime->mime_type));
      |                                                                                          ~~~~~~~~~~~~~~~~~~~~~~~~~~~~~~~~~~~~~~~~~~~
/Users/qingque/Desktop/HaiyueStudio/Native/examples/boxbound/node_modules/@nativescript/canvas/platforms/ios/src/cpp/CanvasJSIModule.cpp:843:8: warning: ignoring return value of function declared with 'warn_unused_result' attribute [-Wunused-result]
  843 |                                                         ret->Set(context, ConvertToV8String(isolate, "extension"),
      |                                                         ^~~~~~~~ ~~~~~~~~~~~~~~~~~~~~~~~~~~~~~~~~~~~~~~~~~~~~~~~~~
  844 |                                                                                          ConvertToV8String(isolate, mime->extension));
      |                                                                                          ~~~~~~~~~~~~~~~~~~~~~~~~~~~~~~~~~~~~~~~~~~~
In file included from /Users/qingque/Desktop/HaiyueStudio/Native/examples/boxbound/node_modules/@nativescript/canvas/platforms/ios/src/cpp/CanvasJSIModule.cpp:5:
In file included from /Users/qingque/Desktop/HaiyueStudio/Native/examples/boxbound/node_modules/@nativescript/canvas/platforms/ios/src/cpp/CanvasJSIModule.h:9:
In file included from /Users/qingque/Desktop/HaiyueStudio/Native/examples/boxbound/node_modules/@nativescript/canvas/platforms/ios/src/cpp/canvas2d/CanvasRenderingContext2DImpl.h:16:
/Users/qingque/Desktop/HaiyueStudio/Native/examples/boxbound/node_modules/@nativescript/canvas/platforms/ios/src/cpp/Helpers.h:63:13: warning: unused function 'LogToConsole' [-Wunused-function]
   63 | static void LogToConsole(const std::string &message) {
      |             ^~~~~~~~~~~~
/Users/qingque/Desktop/HaiyueStudio/Native/examples/boxbound/node_modules/@nativescript/canvas/platforms/ios/src/cpp/Helpers.h:185:13: warning: unused function 'SetFastMethodWithOverLoads' [-Wunused-function]
  185 | static void SetFastMethodWithOverLoads(v8::Isolate *isolate,
      |             ^~~~~~~~~~~~~~~~~~~~~~~~~~
/Users/qingque/Desktop/HaiyueStudio/Native/examples/boxbound/node_modules/@nativescript/canvas/platforms/ios/src/cpp/Helpers.h:210:13: warning: unused function 'SetFastMethod' [-Wunused-function]
  210 | static void SetFastMethod(v8::Local<v8::Context> context,
      |             ^~~~~~~~~~~~~
/Users/qingque/Desktop/HaiyueStudio/Native/examples/boxbound/node_modules/@nativescript/canvas/platforms/ios/src/cpp/Helpers.h:234:13: warning: unused function 'SetFastMethodNoSideEffect' [-Wunused-function]
  234 | static void SetFastMethodNoSideEffect(v8::Local<v8::Context> context,
      |             ^~~~~~~~~~~~~~~~~~~~~~~~~
/Users/qingque/Desktop/HaiyueStudio/Native/examples/boxbound/node_modules/@nativescript/canvas/platforms/ios/src/cpp/Helpers.h:258:13: warning: unused function 'SetFastMethodNoSideEffect' [-Wunused-function]
  258 | static void SetFastMethodNoSideEffect(v8::Isolate *isolate,
      |             ^~~~~~~~~~~~~~~~~~~~~~~~~
41 warnings generated.

CompileC /Users/qingque/Library/Developer/Xcode/DerivedData/boxbound-gmbxpjcvwytnwfabbxjdzhvtcdad/Build/Intermediates.noindex/boxbound.build/Debug-iphoneos/boxbound.build/Objects-normal/arm64/CanvasGradient.o /Users/qingque/Desktop/HaiyueStudio/Native/examples/boxbound/node_modules/@nativescript/canvas/platforms/ios/src/cpp/canvas2d/CanvasGradient.cpp normal arm64 c++ com.apple.compilers.llvm.clang.1_0.compiler (in target 'boxbound' from project 'boxbound')
    cd /Users/qingque/Desktop/HaiyueStudio/Native/examples/boxbound/platforms/ios
    
    Using response file: /Users/qingque/Library/Developer/Xcode/DerivedData/boxbound-gmbxpjcvwytnwfabbxjdzhvtcdad/Build/Intermediates.noindex/boxbound.build/Debug-iphoneos/boxbound.build/Objects-normal/arm64/82b82416624d2658e5098eb0a28c15c5-common-args.resp
    
    /Applications/Xcode.app/Contents/Developer/Toolchains/XcodeDefault.xctoolchain/usr/bin/clang -x c++ -ivfsstatcache /Users/qingque/Library/Developer/Xcode/DerivedData/SDKStatCaches.noindex/iphoneos26.2-23C57-3794476bd08197c3e2abd9bb477ef7f7.sdkstatcache -fmessage-length\=0 -fdiagnostics-show-note-include-stack -fmacro-backtrace-limit\=0 -fno-color-diagnostics -Wno-trigraphs -Wno-missing-field-initializers -Wno-missing-prototypes -Werror\=return-type -Wunreachable-code -Werror\=deprecated-objc-isa-usage -Werror\=objc-root-class -Wno-non-virtual-dtor -Wno-overloaded-virtual -Wno-exit-time-destructors -Wno-missing-braces -Wparentheses -Wswitch -Wunused-function -Wno-unused-label -Wno-unused-parameter -Wunused-variable -Wunused-value -Wempty-body -Wuninitialized -Wno-unknown-pragmas -Wno-shadow -Wno-four-char-constants -Wno-conversion -Wconstant-conversion -Wint-conversion -Wbool-conversion -Wenum-conversion -Wno-float-conversion -Wnon-literal-null-conversion -Wobjc-literal-conversion -Wshorten-64-to-32 -Wno-newline-eof -Wno-c++11-extensions -Wno-implicit-fallthrough -fstrict-aliasing -Wdeprecated-declarations -Winvalid-offsetof -Wno-sign-conversion -Winfinite-recursion -Wmove -Wcomma -Wblock-capture-autoreleasing -Wstrict-prototypes -Wrange-loop-analysis -Wno-semicolon-before-method-body -index-store-path /Users/qingque/Library/Developer/Xcode/DerivedData/boxbound-gmbxpjcvwytnwfabbxjdzhvtcdad/Index.noindex/DataStore @/Users/qingque/Library/Developer/Xcode/DerivedData/boxbound-gmbxpjcvwytnwfabbxjdzhvtcdad/Build/Intermediates.noindex/boxbound.build/Debug-iphoneos/boxbound.build/Objects-normal/arm64/82b82416624d2658e5098eb0a28c15c5-common-args.resp -include /Users/qingque/Desktop/HaiyueStudio/Native/examples/boxbound/platforms/ios/build/sharedpch/SharedPrecompiledHeaders/17560698271525316586/boxbound-Prefix.pch -MMD -MT dependencies -MF /Users/qingque/Library/Developer/Xcode/DerivedData/boxbound-gmbxpjcvwytnwfabbxjdzhvtcdad/Build/Intermediates.noindex/boxbound.build/Debug-iphoneos/boxbound.build/Objects-normal/arm64/CanvasGradient.d --serialize-diagnostics /Users/qingque/Library/Developer/Xcode/DerivedData/boxbound-gmbxpjcvwytnwfabbxjdzhvtcdad/Build/Intermediates.noindex/boxbound.build/Debug-iphoneos/boxbound.build/Objects-normal/arm64/CanvasGradient.dia -c /Users/qingque/Desktop/HaiyueStudio/Native/examples/boxbound/node_modules/@nativescript/canvas/platforms/ios/src/cpp/canvas2d/CanvasGradient.cpp -o /Users/qingque/Library/Developer/Xcode/DerivedData/boxbound-gmbxpjcvwytnwfabbxjdzhvtcdad/Build/Intermediates.noindex/boxbound.build/Debug-iphoneos/boxbound.build/Objects-normal/arm64/CanvasGradient.o -index-unit-output-path /boxbound.build/Debug-iphoneos/boxbound.build/Objects-normal/arm64/CanvasGradient.o
/Users/qingque/Desktop/HaiyueStudio/Native/examples/boxbound/node_modules/@nativescript/canvas/platforms/ios/src/cpp/canvas2d/CanvasGradient.cpp:20:5: warning: ignoring return value of function declared with 'warn_unused_result' attribute [-Wunused-result]
   20 |     canvasModule->Set(context, ConvertToV8String(isolate, "CanvasGradient"), func);
      |     ^~~~~~~~~~~~~~~~~ ~~~~~~~~~~~~~~~~~~~~~~~~~~~~~~~~~~~~~~~~~~~~~~~~~~~~~~~~~~~
In file included from /Users/qingque/Desktop/HaiyueStudio/Native/examples/boxbound/node_modules/@nativescript/canvas/platforms/ios/src/cpp/canvas2d/CanvasGradient.cpp:5:
In file included from /Users/qingque/Desktop/HaiyueStudio/Native/examples/boxbound/node_modules/@nativescript/canvas/platforms/ios/src/cpp/canvas2d/CanvasGradient.h:9:
/Users/qingque/Desktop/HaiyueStudio/Native/examples/boxbound/node_modules/@nativescript/canvas/platforms/ios/src/cpp/Helpers.h:63:13: warning: unused function 'LogToConsole' [-Wunused-function]
   63 | static void LogToConsole(const std::string &message) {
      |             ^~~~~~~~~~~~
/Users/qingque/Desktop/HaiyueStudio/Native/examples/boxbound/node_modules/@nativescript/canvas/platforms/ios/src/cpp/Helpers.h:160:13: warning: unused function 'SetFastMethod' [-Wunused-function]
  160 | static void SetFastMethod(v8::Isolate *isolate,
      |             ^~~~~~~~~~~~~
/Users/qingque/Desktop/HaiyueStudio/Native/examples/boxbound/node_modules/@nativescript/canvas/platforms/ios/src/cpp/Helpers.h:185:13: warning: unused function 'SetFastMethodWithOverLoads' [-Wunused-function]
  185 | static void SetFastMethodWithOverLoads(v8::Isolate *isolate,
      |             ^~~~~~~~~~~~~~~~~~~~~~~~~~
/Users/qingque/Desktop/HaiyueStudio/Native/examples/boxbound/node_modules/@nativescript/canvas/platforms/ios/src/cpp/Helpers.h:210:13: warning: unused function 'SetFastMethod' [-Wunused-function]
  210 | static void SetFastMethod(v8::Local<v8::Context> context,
      |             ^~~~~~~~~~~~~
/Users/qingque/Desktop/HaiyueStudio/Native/examples/boxbound/node_modules/@nativescript/canvas/platforms/ios/src/cpp/Helpers.h:234:13: warning: unused function 'SetFastMethodNoSideEffect' [-Wunused-function]
  234 | static void SetFastMethodNoSideEffect(v8::Local<v8::Context> context,
      |             ^~~~~~~~~~~~~~~~~~~~~~~~~
/Users/qingque/Desktop/HaiyueStudio/Native/examples/boxbound/node_modules/@nativescript/canvas/platforms/ios/src/cpp/Helpers.h:258:13: warning: unused function 'SetFastMethodNoSideEffect' [-Wunused-function]
  258 | static void SetFastMethodNoSideEffect(v8::Isolate *isolate,
      |             ^~~~~~~~~~~~~~~~~~~~~~~~~
7 warnings generated.

CompileC /Users/qingque/Library/Developer/Xcode/DerivedData/boxbound-gmbxpjcvwytnwfabbxjdzhvtcdad/Build/Intermediates.noindex/boxbound.build/Debug-iphoneos/boxbound.build/Objects-normal/arm64/Caches.o /Users/qingque/Desktop/HaiyueStudio/Native/examples/boxbound/node_modules/@nativescript/canvas/platforms/ios/src/cpp/Caches.cpp normal arm64 c++ com.apple.compilers.llvm.clang.1_0.compiler (in target 'boxbound' from project 'boxbound')
    cd /Users/qingque/Desktop/HaiyueStudio/Native/examples/boxbound/platforms/ios
    
    Using response file: /Users/qingque/Library/Developer/Xcode/DerivedData/boxbound-gmbxpjcvwytnwfabbxjdzhvtcdad/Build/Intermediates.noindex/boxbound.build/Debug-iphoneos/boxbound.build/Objects-normal/arm64/82b82416624d2658e5098eb0a28c15c5-common-args.resp
    
    /Applications/Xcode.app/Contents/Developer/Toolchains/XcodeDefault.xctoolchain/usr/bin/clang -x c++ -ivfsstatcache /Users/qingque/Library/Developer/Xcode/DerivedData/SDKStatCaches.noindex/iphoneos26.2-23C57-3794476bd08197c3e2abd9bb477ef7f7.sdkstatcache -fmessage-length\=0 -fdiagnostics-show-note-include-stack -fmacro-backtrace-limit\=0 -fno-color-diagnostics -Wno-trigraphs -Wno-missing-field-initializers -Wno-missing-prototypes -Werror\=return-type -Wunreachable-code -Werror\=deprecated-objc-isa-usage -Werror\=objc-root-class -Wno-non-virtual-dtor -Wno-overloaded-virtual -Wno-exit-time-destructors -Wno-missing-braces -Wparentheses -Wswitch -Wunused-function -Wno-unused-label -Wno-unused-parameter -Wunused-variable -Wunused-value -Wempty-body -Wuninitialized -Wno-unknown-pragmas -Wno-shadow -Wno-four-char-constants -Wno-conversion -Wconstant-conversion -Wint-conversion -Wbool-conversion -Wenum-conversion -Wno-float-conversion -Wnon-literal-null-conversion -Wobjc-literal-conversion -Wshorten-64-to-32 -Wno-newline-eof -Wno-c++11-extensions -Wno-implicit-fallthrough -fstrict-aliasing -Wdeprecated-declarations -Winvalid-offsetof -Wno-sign-conversion -Winfinite-recursion -Wmove -Wcomma -Wblock-capture-autoreleasing -Wstrict-prototypes -Wrange-loop-analysis -Wno-semicolon-before-method-body -index-store-path /Users/qingque/Library/Developer/Xcode/DerivedData/boxbound-gmbxpjcvwytnwfabbxjdzhvtcdad/Index.noindex/DataStore @/Users/qingque/Library/Developer/Xcode/DerivedData/boxbound-gmbxpjcvwytnwfabbxjdzhvtcdad/Build/Intermediates.noindex/boxbound.build/Debug-iphoneos/boxbound.build/Objects-normal/arm64/82b82416624d2658e5098eb0a28c15c5-common-args.resp -include /Users/qingque/Desktop/HaiyueStudio/Native/examples/boxbound/platforms/ios/build/sharedpch/SharedPrecompiledHeaders/17560698271525316586/boxbound-Prefix.pch -MMD -MT dependencies -MF /Users/qingque/Library/Developer/Xcode/DerivedData/boxbound-gmbxpjcvwytnwfabbxjdzhvtcdad/Build/Intermediates.noindex/boxbound.build/Debug-iphoneos/boxbound.build/Objects-normal/arm64/Caches.d --serialize-diagnostics /Users/qingque/Library/Developer/Xcode/DerivedData/boxbound-gmbxpjcvwytnwfabbxjdzhvtcdad/Build/Intermediates.noindex/boxbound.build/Debug-iphoneos/boxbound.build/Objects-normal/arm64/Caches.dia -c /Users/qingque/Desktop/HaiyueStudio/Native/examples/boxbound/node_modules/@nativescript/canvas/platforms/ios/src/cpp/Caches.cpp -o /Users/qingque/Library/Developer/Xcode/DerivedData/boxbound-gmbxpjcvwytnwfabbxjdzhvtcdad/Build/Intermediates.noindex/boxbound.build/Debug-iphoneos/boxbound.build/Objects-normal/arm64/Caches.o -index-unit-output-path /boxbound.build/Debug-iphoneos/boxbound.build/Objects-normal/arm64/Caches.o

CompileC /Users/qingque/Library/Developer/Xcode/DerivedData/boxbound-gmbxpjcvwytnwfabbxjdzhvtcdad/Build/Intermediates.noindex/boxbound.build/Debug-iphoneos/boxbound.build/Objects-normal/arm64/ANGLE_instanced_arraysImpl.o /Users/qingque/Desktop/HaiyueStudio/Native/examples/boxbound/node_modules/@nativescript/canvas/platforms/ios/src/cpp/webgl/extensions/ANGLE_instanced_arraysImpl.cpp normal arm64 c++ com.apple.compilers.llvm.clang.1_0.compiler (in target 'boxbound' from project 'boxbound')
    cd /Users/qingque/Desktop/HaiyueStudio/Native/examples/boxbound/platforms/ios
    
    Using response file: /Users/qingque/Library/Developer/Xcode/DerivedData/boxbound-gmbxpjcvwytnwfabbxjdzhvtcdad/Build/Intermediates.noindex/boxbound.build/Debug-iphoneos/boxbound.build/Objects-normal/arm64/82b82416624d2658e5098eb0a28c15c5-common-args.resp
    
    /Applications/Xcode.app/Contents/Developer/Toolchains/XcodeDefault.xctoolchain/usr/bin/clang -x c++ -ivfsstatcache /Users/qingque/Library/Developer/Xcode/DerivedData/SDKStatCaches.noindex/iphoneos26.2-23C57-3794476bd08197c3e2abd9bb477ef7f7.sdkstatcache -fmessage-length\=0 -fdiagnostics-show-note-include-stack -fmacro-backtrace-limit\=0 -fno-color-diagnostics -Wno-trigraphs -Wno-missing-field-initializers -Wno-missing-prototypes -Werror\=return-type -Wunreachable-code -Werror\=deprecated-objc-isa-usage -Werror\=objc-root-class -Wno-non-virtual-dtor -Wno-overloaded-virtual -Wno-exit-time-destructors -Wno-missing-braces -Wparentheses -Wswitch -Wunused-function -Wno-unused-label -Wno-unused-parameter -Wunused-variable -Wunused-value -Wempty-body -Wuninitialized -Wno-unknown-pragmas -Wno-shadow -Wno-four-char-constants -Wno-conversion -Wconstant-conversion -Wint-conversion -Wbool-conversion -Wenum-conversion -Wno-float-conversion -Wnon-literal-null-conversion -Wobjc-literal-conversion -Wshorten-64-to-32 -Wno-newline-eof -Wno-c++11-extensions -Wno-implicit-fallthrough -fstrict-aliasing -Wdeprecated-declarations -Winvalid-offsetof -Wno-sign-conversion -Winfinite-recursion -Wmove -Wcomma -Wblock-capture-autoreleasing -Wstrict-prototypes -Wrange-loop-analysis -Wno-semicolon-before-method-body -index-store-path /Users/qingque/Library/Developer/Xcode/DerivedData/boxbound-gmbxpjcvwytnwfabbxjdzhvtcdad/Index.noindex/DataStore @/Users/qingque/Library/Developer/Xcode/DerivedData/boxbound-gmbxpjcvwytnwfabbxjdzhvtcdad/Build/Intermediates.noindex/boxbound.build/Debug-iphoneos/boxbound.build/Objects-normal/arm64/82b82416624d2658e5098eb0a28c15c5-common-args.resp -include /Users/qingque/Desktop/HaiyueStudio/Native/examples/boxbound/platforms/ios/build/sharedpch/SharedPrecompiledHeaders/17560698271525316586/boxbound-Prefix.pch -MMD -MT dependencies -MF /Users/qingque/Library/Developer/Xcode/DerivedData/boxbound-gmbxpjcvwytnwfabbxjdzhvtcdad/Build/Intermediates.noindex/boxbound.build/Debug-iphoneos/boxbound.build/Objects-normal/arm64/ANGLE_instanced_arraysImpl.d --serialize-diagnostics /Users/qingque/Library/Developer/Xcode/DerivedData/boxbound-gmbxpjcvwytnwfabbxjdzhvtcdad/Build/Intermediates.noindex/boxbound.build/Debug-iphoneos/boxbound.build/Objects-normal/arm64/ANGLE_instanced_arraysImpl.dia -c /Users/qingque/Desktop/HaiyueStudio/Native/examples/boxbound/node_modules/@nativescript/canvas/platforms/ios/src/cpp/webgl/extensions/ANGLE_instanced_arraysImpl.cpp -o /Users/qingque/Library/Developer/Xcode/DerivedData/boxbound-gmbxpjcvwytnwfabbxjdzhvtcdad/Build/Intermediates.noindex/boxbound.build/Debug-iphoneos/boxbound.build/Objects-normal/arm64/ANGLE_instanced_arraysImpl.o -index-unit-output-path /boxbound.build/Debug-iphoneos/boxbound.build/Objects-normal/arm64/ANGLE_instanced_arraysImpl.o
In file included from /Users/qingque/Desktop/HaiyueStudio/Native/examples/boxbound/node_modules/@nativescript/canvas/platforms/ios/src/cpp/webgl/extensions/ANGLE_instanced_arraysImpl.cpp:5:
In file included from /Users/qingque/Desktop/HaiyueStudio/Native/examples/boxbound/node_modules/@nativescript/canvas/platforms/ios/src/cpp/webgl/extensions/ANGLE_instanced_arraysImpl.h:7:
/Users/qingque/Desktop/HaiyueStudio/Native/examples/boxbound/node_modules/@nativescript/canvas/platforms/ios/src/cpp/Helpers.h:63:13: warning: unused function 'LogToConsole' [-Wunused-function]
   63 | static void LogToConsole(const std::string &message) {
      |             ^~~~~~~~~~~~
/Users/qingque/Desktop/HaiyueStudio/Native/examples/boxbound/node_modules/@nativescript/canvas/platforms/ios/src/cpp/Helpers.h:185:13: warning: unused function 'SetFastMethodWithOverLoads' [-Wunused-function]
  185 | static void SetFastMethodWithOverLoads(v8::Isolate *isolate,
      |             ^~~~~~~~~~~~~~~~~~~~~~~~~~
/Users/qingque/Desktop/HaiyueStudio/Native/examples/boxbound/node_modules/@nativescript/canvas/platforms/ios/src/cpp/Helpers.h:210:13: warning: unused function 'SetFastMethod' [-Wunused-function]
  210 | static void SetFastMethod(v8::Local<v8::Context> context,
      |             ^~~~~~~~~~~~~
/Users/qingque/Desktop/HaiyueStudio/Native/examples/boxbound/node_modules/@nativescript/canvas/platforms/ios/src/cpp/Helpers.h:234:13: warning: unused function 'SetFastMethodNoSideEffect' [-Wunused-function]
  234 | static void SetFastMethodNoSideEffect(v8::Local<v8::Context> context,
      |             ^~~~~~~~~~~~~~~~~~~~~~~~~
/Users/qingque/Desktop/HaiyueStudio/Native/examples/boxbound/node_modules/@nativescript/canvas/platforms/ios/src/cpp/Helpers.h:258:13: warning: unused function 'SetFastMethodNoSideEffect' [-Wunused-function]
  258 | static void SetFastMethodNoSideEffect(v8::Isolate *isolate,
      |             ^~~~~~~~~~~~~~~~~~~~~~~~~
5 warnings generated.

SwiftDriver\ Compilation boxbound normal arm64 com.apple.xcode.tools.swift.compiler (in target 'boxbound' from project 'boxbound')
    cd /Users/qingque/Desktop/HaiyueStudio/Native/examples/boxbound/platforms/ios
    builtin-Swift-Compilation -- /Applications/Xcode.app/Contents/Developer/Toolchains/XcodeDefault.xctoolchain/usr/bin/swiftc -module-name boxbound -O -enforce-exclusivity\=checked @/Users/qingque/Library/Developer/Xcode/DerivedData/boxbound-gmbxpjcvwytnwfabbxjdzhvtcdad/Build/Intermediates.noindex/boxbound.build/Debug-iphoneos/boxbound.build/Objects-normal/arm64/boxbound.SwiftFileList -Xcc -fmodule-map-file\=/Users/qingque/Library/Developer/Xcode/DerivedData/boxbound-gmbxpjcvwytnwfabbxjdzhvtcdad/Build/Intermediates.noindex/GeneratedModuleMaps-iphoneos/NativeScriptV8.modulemap -enable-bare-slash-regex -enable-experimental-feature DebugDescriptionMacro -sdk /Applications/Xcode.app/Contents/Developer/Platforms/iPhoneOS.platform/Developer/SDKs/iPhoneOS26.2.sdk -target arm64-apple-ios15.0 -g -module-cache-path /Users/qingque/Library/Developer/Xcode/DerivedData/ModuleCache.noindex -Xfrontend -serialize-debugging-options -enable-testing -Xcc -D_LIBCPP_HARDENING_MODE\=_LIBCPP_HARDENING_MODE_DEBUG -swift-version 4.2 -I /Users/qingque/Desktop/HaiyueStudio/Native/examples/boxbound/platforms/ios/build/Debug-iphoneos -F /Users/qingque/Desktop/HaiyueStudio/Native/examples/boxbound/platforms/ios/build/Debug-iphoneos/PackageFrameworks -F /Users/qingque/Desktop/HaiyueStudio/Native/examples/boxbound/platforms/ios/build/Debug-iphoneos -F /Users/qingque/Desktop/HaiyueStudio/Native/examples/boxbound/platforms/ios/internal -F /Users/qingque/Desktop/HaiyueStudio/Native/examples/boxbound/platforms/ios/build/Debug-iphoneos -F ../../node_modules/@nativescript/canvas/platforms/ios -F ../../node_modules/@nativescript/core/platforms/ios -parse-as-library -c -j12 -enable-batch-mode -incremental -Xcc -ivfsstatcache -Xcc /Users/qingque/Library/Developer/Xcode/DerivedData/SDKStatCaches.noindex/iphoneos26.2-23C57-3794476bd08197c3e2abd9bb477ef7f7.sdkstatcache -output-file-map /Users/qingque/Library/Developer/Xcode/DerivedData/boxbound-gmbxpjcvwytnwfabbxjdzhvtcdad/Build/Intermediates.noindex/boxbound.build/Debug-iphoneos/boxbound.build/Objects-normal/arm64/boxbound-OutputFileMap.json -use-frontend-parseable-output -save-temps -no-color-diagnostics -serialize-diagnostics -emit-dependencies -emit-module -emit-module-path /Users/qingque/Library/Developer/Xcode/DerivedData/boxbound-gmbxpjcvwytnwfabbxjdzhvtcdad/Build/Intermediates.noindex/boxbound.build/Debug-iphoneos/boxbound.build/Objects-normal/arm64/boxbound.swiftmodule -validate-clang-modules-once -clang-build-session-file /Users/qingque/Library/Developer/Xcode/DerivedData/ModuleCache.noindex/Session.modulevalidation -Xcc -I/Users/qingque/Library/Developer/Xcode/DerivedData/boxbound-gmbxpjcvwytnwfabbxjdzhvtcdad/Build/Intermediates.noindex/boxbound.build/Debug-iphoneos/boxbound.build/swift-overrides.hmap -emit-const-values -Xfrontend -const-gather-protocols-file -Xfrontend /Users/qingque/Library/Developer/Xcode/DerivedData/boxbound-gmbxpjcvwytnwfabbxjdzhvtcdad/Build/Intermediates.noindex/boxbound.build/Debug-iphoneos/boxbound.build/Objects-normal/arm64/boxbound_const_extract_protocols.json -Xcc -iquote -Xcc /Users/qingque/Library/Developer/Xcode/DerivedData/boxbound-gmbxpjcvwytnwfabbxjdzhvtcdad/Build/Intermediates.noindex/boxbound.build/Debug-iphoneos/boxbound.build/boxbound-generated-files.hmap -Xcc -I/Users/qingque/Library/Developer/Xcode/DerivedData/boxbound-gmbxpjcvwytnwfabbxjdzhvtcdad/Build/Intermediates.noindex/boxbound.build/Debug-iphoneos/boxbound.build/boxbound-own-target-headers.hmap -Xcc -I/Users/qingque/Library/Developer/Xcode/DerivedData/boxbound-gmbxpjcvwytnwfabbxjdzhvtcdad/Build/Intermediates.noindex/boxbound.build/Debug-iphoneos/boxbound.build/boxbound-all-non-framework-target-headers.hmap -Xcc -ivfsoverlay -Xcc /Users/qingque/Library/Developer/Xcode/DerivedData/boxbound-gmbxpjcvwytnwfabbxjdzhvtcdad/Build/Intermediates.noindex/boxbound.build/Debug-iphoneos/boxbound-acae044c11c9a7d6040ee6fd676c88a0-VFS-iphoneos/all-product-headers.yaml -Xcc -iquote -Xcc /Users/qingque/Library/Developer/Xcode/DerivedData/boxbound-gmbxpjcvwytnwfabbxjdzhvtcdad/Build/Intermediates.noindex/boxbound.build/Debug-iphoneos/boxbound.build/boxbound-project-headers.hmap -Xcc -I/Users/qingque/Desktop/HaiyueStudio/Native/examples/boxbound/node_modules/@nativescript/canvas/platforms/ios/NativeScriptV8/Headers -Xcc -I/Users/qingque/Desktop/HaiyueStudio/Native/examples/boxbound/platforms/ios/build/Debug-iphoneos/include -Xcc -I/Users/qingque/Desktop/HaiyueStudio/Native/examples/boxbound/platforms/ios/internal/Swift-Modules -Xcc -I/Users/qingque/Desktop/HaiyueStudio/Native/examples/boxbound/platforms/ios/internal -Xcc -I/Users/qingque/Desktop/HaiyueStudio/Native/examples/boxbound/App_Resources/iOS/src -Xcc -I/Users/qingque/Desktop/HaiyueStudio/Native/examples/boxbound/node_modules/@nativescript/canvas/platforms/ios/src -Xcc -I/Users/qingque/Desktop/HaiyueStudio/Native/examples/boxbound/node_modules/@nativescript/core/platforms/ios/src -Xcc -I/Users/qingque/Desktop/HaiyueStudio/Native/examples/boxbound/platforms/ios/build/Debug-iphoneos/NativeScript.framework/Headers -Xcc -I/Users/qingque/Desktop/HaiyueStudio/Native/examples/boxbound/platforms/ios/build/Debug-iphoneos/NativeScript.framework/Headers/include -Xcc -I/Users/qingque/Library/Developer/Xcode/DerivedData/boxbound-gmbxpjcvwytnwfabbxjdzhvtcdad/Build/Intermediates.noindex/boxbound.build/Debug-iphoneos/boxbound.build/DerivedSources-normal/arm64 -Xcc -I/Users/qingque/Library/Developer/Xcode/DerivedData/boxbound-gmbxpjcvwytnwfabbxjdzhvtcdad/Build/Intermediates.noindex/boxbound.build/Debug-iphoneos/boxbound.build/DerivedSources/arm64 -Xcc -I/Users/qingque/Library/Developer/Xcode/DerivedData/boxbound-gmbxpjcvwytnwfabbxjdzhvtcdad/Build/Intermediates.noindex/boxbound.build/Debug-iphoneos/boxbound.build/DerivedSources -Xcc -DCOCOAPODS\=1 -Xcc -DDEBUG\=1 -Xcc -DNS_SWIFTUI_BOOT\=0 -emit-objc-header -emit-objc-header-path /Users/qingque/Library/Developer/Xcode/DerivedData/boxbound-gmbxpjcvwytnwfabbxjdzhvtcdad/Build/Intermediates.noindex/boxbound.build/Debug-iphoneos/boxbound.build/Objects-normal/arm64/boxbound-Swift.h -import-objc-header /Users/qingque/Desktop/HaiyueStudio/Native/examples/boxbound/platforms/ios/internal/Swift-ObjC-Bridging-Header.h -pch-output-dir /Users/qingque/Desktop/HaiyueStudio/Native/examples/boxbound/platforms/ios/build/sharedpch -working-directory /Users/qingque/Desktop/HaiyueStudio/Native/examples/boxbound/platforms/ios -experimental-emit-module-separately -disable-cmo

Ld /Users/qingque/Desktop/HaiyueStudio/Native/examples/boxbound/platforms/ios/build/Debug-iphoneos/boxbound.app/boxbound normal (in target 'boxbound' from project 'boxbound')
    cd /Users/qingque/Desktop/HaiyueStudio/Native/examples/boxbound/platforms/ios
    /Users/qingque/Desktop/HaiyueStudio/Native/examples/boxbound/platforms/ios/internal/nsld.sh -Xlinker -reproducible -target arm64-apple-ios15.0 -isysroot /Applications/Xcode.app/Contents/Developer/Platforms/iPhoneOS.platform/Developer/SDKs/iPhoneOS26.2.sdk -O0 -L/Users/qingque/Library/Developer/Xcode/DerivedData/boxbound-gmbxpjcvwytnwfabbxjdzhvtcdad/Build/Intermediates.noindex/EagerLinkingTBDs/Debug-iphoneos -L/Users/qingque/Desktop/HaiyueStudio/Native/examples/boxbound/platforms/ios/build/Debug-iphoneos -F/Users/qingque/Library/Developer/Xcode/DerivedData/boxbound-gmbxpjcvwytnwfabbxjdzhvtcdad/Build/Intermediates.noindex/EagerLinkingTBDs/Debug-iphoneos -F/Users/qingque/Desktop/HaiyueStudio/Native/examples/boxbound/platforms/ios/build/Debug-iphoneos/PackageFrameworks -F/Users/qingque/Desktop/HaiyueStudio/Native/examples/boxbound/platforms/ios/build/Debug-iphoneos -F/Users/qingque/Desktop/HaiyueStudio/Native/examples/boxbound/platforms/ios/internal -F/Users/qingque/Desktop/HaiyueStudio/Native/examples/boxbound/platforms/ios/build/Debug-iphoneos -F../../node_modules/@nativescript/canvas/platforms/ios -F../../node_modules/@nativescript/core/platforms/ios -filelist /Users/qingque/Library/Developer/Xcode/DerivedData/boxbound-gmbxpjcvwytnwfabbxjdzhvtcdad/Build/Intermediates.noindex/boxbound.build/Debug-iphoneos/boxbound.build/Objects-normal/arm64/boxbound.LinkFileList -Xlinker -rpath -Xlinker /usr/lib/swift -Xlinker -rpath -Xlinker /Users/qingque/Desktop/HaiyueStudio/Native/examples/boxbound/platforms/ios/build/Debug-iphoneos/PackageFrameworks -Xlinker -rpath -Xlinker @executable_path/Frameworks -dead_strip -Xlinker -object_path_lto -Xlinker /Users/qingque/Library/Developer/Xcode/DerivedData/boxbound-gmbxpjcvwytnwfabbxjdzhvtcdad/Build/Intermediates.noindex/boxbound.build/Debug-iphoneos/boxbound.build/Objects-normal/arm64/boxbound_lto.o -rdynamic -Xlinker -no_deduplicate -Xlinker -dependency_info -Xlinker /Users/qingque/Library/Developer/Xcode/DerivedData/boxbound-gmbxpjcvwytnwfabbxjdzhvtcdad/Build/Intermediates.noindex/boxbound.build/Debug-iphoneos/boxbound.build/Objects-normal/arm64/boxbound_dependency_info.dat -stdlib\=libc++ -fobjc-arc -fobjc-link-runtime -L/Applications/Xcode.app/Contents/Developer/Toolchains/XcodeDefault.xctoolchain/usr/lib/swift/iphoneos -L/usr/lib/swift -Xlinker -add_ast_path -Xlinker /Users/qingque/Library/Developer/Xcode/DerivedData/boxbound-gmbxpjcvwytnwfabbxjdzhvtcdad/Build/Intermediates.noindex/boxbound.build/Debug-iphoneos/boxbound.build/Objects-normal/arm64/boxbound.swiftmodule -Wl,-no_warn_duplicate_libraries -ObjC -sectcreate __DATA __TNSMetadata /Users/qingque/Desktop/HaiyueStudio/Native/examples/boxbound/platforms/ios/build/Debug-iphoneos/metadata-arm64.bin -framework NativeScript -framework TKLiveSync -F/Users/qingque/Desktop/HaiyueStudio/Native/examples/boxbound/platforms/ios/internal -licucore -lz -lc++ -framework Foundation -framework UIKit -framework CoreGraphics -framework CoreServices -framework Security -framework Foundation -framework CanvasNative -framework OpenGLES -framework GLKit -framework CanvasNative -framework NSCWinterTC -framework TNSWidgets -framework Pods_boxbound -lFontManager -Xlinker -no_adhoc_codesign -o /Users/qingque/Desktop/HaiyueStudio/Native/examples/boxbound/platforms/ios/build/Debug-iphoneos/boxbound.app/boxbound
./.build_env_vars.sh: line 619: declare: UID: readonly variable
Generating metadata...~/Desktop/HaiyueStudio/Native/examples/boxbound/platforms/ios/internal/metadata-generator-x86_64/bin ~/Desktop/HaiyueStudio/Native/examples/boxbound/platforms/ios
Python version: 3.9.6 (default, Jan  9 2026, 11:03:41) 
[Clang 17.0.0 (clang-1700.6.4.2)]
Generating metadata for arm64
Metadata Generator Arguments: 
./objc-metadata-generator -verbose -output-bin /Users/qingque/Desktop/HaiyueStudio/Native/examples/boxbound/platforms/ios/build/Debug-iphoneos/metadata-arm64.bin -output-umbrella /Users/qingque/Desktop/HaiyueStudio/Native/examples/boxbound/platforms/ios/build/Debug-iphoneos/umbrella-arm64.h -docset-path /Users/qingque/Library/Developer/Shared/Documentation/DocSets/com.apple.adc.documentation.iOS.docset Xclang -isysroot /Applications/Xcode.app/Contents/Developer/Platforms/iPhoneOS.platform/Developer/SDKs/iPhoneOS26.2.sdk -std=gnu99 -target arm64-apple-ios26.2 -I/Users/qingque/Desktop/HaiyueStudio/Native/examples/boxbound/node_modules/@nativescript/canvas/platforms/ios/NativeScriptV8/Headers -I/Users/qingque/Desktop/HaiyueStudio/Native/examples/boxbound/platforms/ios/build/Debug-iphoneos/include -I/Users/qingque/Desktop/HaiyueStudio/Native/examples/boxbound/platforms/ios/internal/Swift-Modules -I/Users/qingque/Desktop/HaiyueStudio/Native/examples/boxbound/platforms/ios/internal -I/Users/qingque/Desktop/HaiyueStudio/Native/examples/boxbound/platforms/ios/../../App_Resources/iOS/src -I/Users/qingque/Desktop/HaiyueStudio/Native/examples/boxbound/platforms/ios/../../node_modules/@nativescript/canvas/platforms/ios/src -I/Users/qingque/Desktop/HaiyueStudio/Native/examples/boxbound/platforms/ios/../../node_modules/@nativescript/core/platforms/ios/src -I/Users/qingque/Desktop/HaiyueStudio/Native/examples/boxbound//platforms/ios/build/Debug-iphoneos/NativeScript.framework/Headers -I/Users/qingque/Desktop/HaiyueStudio/Native/examples/boxbound//platforms/ios/build/Debug-iphoneos/NativeScript.framework/Headers/include -F/Users/qingque/Desktop/HaiyueStudio/Native/examples/boxbound/platforms/ios/build/Debug-iphoneos/PackageFrameworks -F/Users/qingque/Desktop/HaiyueStudio/Native/examples/boxbound/platforms/ios/build/Debug-iphoneos -F/Users/qingque/Desktop/HaiyueStudio/Native/examples/boxbound/platforms/ios/internal/ -F/Users/qingque/Desktop/HaiyueStudio/Native/examples/boxbound/platforms/ios/build/Debug-iphoneos -F../../node_modules/@nativescript/canvas/platforms/ios -F../../node_modules/@nativescript/core/platforms/ios -F/Applications/Xcode.app/Contents/Developer/Platforms/iPhoneOS.platform/Developer/SDKs/iPhoneOS26.2.sdk/System/Library/SubFrameworks -fmodule-map-file=/Users/qingque/Library/Developer/Xcode/DerivedData/boxbound-gmbxpjcvwytnwfabbxjdzhvtcdad/Build/Intermediates.noindex/GeneratedModuleMaps-iphoneos/NativeScriptV8.modulemap -I/Users/qingque/Desktop/HaiyueStudio/Native/examples/boxbound/platforms/ios/build/Debug-iphoneos/NativeScript.framework/Headers -I/Users/qingque/Desktop/HaiyueStudio/Native/examples/boxbound/platforms/ios/build/Debug-iphoneos/NativeScript.framework/Headers/include -DCOCOAPODS=1 -DDEBUG=1 -DNS_SWIFTUI_BOOT=0 
Clang Arguments: 
"-v", "-x", "objective-c", "-fno-objc-arc", "-fmodule-maps", "-ferror-limit=0", "-Wno-unknown-pragmas", "-Wno-ignored-attributes", "-Wno-nullability-completeness", "-Wno-expansion-to-defined", "-D__NATIVESCRIPT_METADATA_GENERATOR=1", "-isysroot", "/Applications/Xcode.app/Contents/Developer/Platforms/iPhoneOS.platform/Developer/SDKs/iPhoneOS26.2.sdk", "-std=gnu99", "-target", "arm64-apple-ios26.2", "-I/Users/qingque/Desktop/HaiyueStudio/Native/examples/boxbound/node_modules/@nativescript/canvas/platforms/ios/NativeScriptV8/Headers", "-I/Users/qingque/Desktop/HaiyueStudio/Native/examples/boxbound/platforms/ios/build/Debug-iphoneos/include", "-I/Users/qingque/Desktop/HaiyueStudio/Native/examples/boxbound/platforms/ios/internal/Swift-Modules", "-I/Users/qingque/Desktop/HaiyueStudio/Native/examples/boxbound/platforms/ios/internal", "-I/Users/qingque/Desktop/HaiyueStudio/Native/examples/boxbound/platforms/ios/../../App_Resources/iOS/src", "-I/Users/qingque/Desktop/HaiyueStudio/Native/examples/boxbound/platforms/ios/../../node_modules/@nativescript/canvas/platforms/ios/src", "-I/Users/qingque/Desktop/HaiyueStudio/Native/examples/boxbound/platforms/ios/../../node_modules/@nativescript/core/platforms/ios/src", "-I/Users/qingque/Desktop/HaiyueStudio/Native/examples/boxbound//platforms/ios/build/Debug-iphoneos/NativeScript.framework/Headers", "-I/Users/qingque/Desktop/HaiyueStudio/Native/examples/boxbound//platforms/ios/build/Debug-iphoneos/NativeScript.framework/Headers/include", "-F/Users/qingque/Desktop/HaiyueStudio/Native/examples/boxbound/platforms/ios/build/Debug-iphoneos/PackageFrameworks", "-F/Users/qingque/Desktop/HaiyueStudio/Native/examples/boxbound/platforms/ios/build/Debug-iphoneos", "-F/Users/qingque/Desktop/HaiyueStudio/Native/examples/boxbound/platforms/ios/internal/", "-F/Users/qingque/Desktop/HaiyueStudio/Native/examples/boxbound/platforms/ios/build/Debug-iphoneos", "-F../../node_modules/@nativescript/canvas/platforms/ios", "-F../../node_modules/@nativescript/core/platforms/ios", "-F/Applications/Xcode.app/Contents/Developer/Platforms/iPhoneOS.platform/Developer/SDKs/iPhoneOS26.2.sdk/System/Library/SubFrameworks", "-fmodule-map-file=/Users/qingque/Library/Developer/Xcode/DerivedData/boxbound-gmbxpjcvwytnwfabbxjdzhvtcdad/Build/Intermediates.noindex/GeneratedModuleMaps-iphoneos/NativeScriptV8.modulemap", "-I/Users/qingque/Desktop/HaiyueStudio/Native/examples/boxbound/platforms/ios/build/Debug-iphoneos/NativeScript.framework/Headers", "-I/Users/qingque/Desktop/HaiyueStudio/Native/examples/boxbound/platforms/ios/build/Debug-iphoneos/NativeScript.framework/Headers/include", "-DCOCOAPODS=1", "-DDEBUG=1", "-DNS_SWIFTUI_BOOT=0", 
Merged 1464 categories.
Result: 65783 declarations from 212 top level modules
Done! Running time: 15.553 sec 
Saving metadata generation's stderr stream to: /Users/qingque/Desktop/HaiyueStudio/Native/examples/boxbound/platforms/ios/build/Debug-iphoneos/metadata-generation-stderr-arm64.txt
~/Desktop/HaiyueStudio/Native/examples/boxbound/platforms/ios
clang: warning: argument unused during compilation: '-stdlib=libc++' [-Wunused-command-line-argument]

PhaseScriptExecution NativeScript\ PreLink /Users/qingque/Library/Developer/Xcode/DerivedData/boxbound-gmbxpjcvwytnwfabbxjdzhvtcdad/Build/Intermediates.noindex/boxbound.build/Debug-iphoneos/boxbound.build/Script-CD62955B1BB2651D00AE3A93.sh (in target 'boxbound' from project 'boxbound')
    cd /Users/qingque/Desktop/HaiyueStudio/Native/examples/boxbound/platforms/ios
    /bin/sh -c /Users/qingque/Library/Developer/Xcode/DerivedData/boxbound-gmbxpjcvwytnwfabbxjdzhvtcdad/Build/Intermediates.noindex/boxbound.build/Debug-iphoneos/boxbound.build/Script-CD62955B1BB2651D00AE3A93.sh

CopyPNGFile /Users/qingque/Desktop/HaiyueStudio/Native/examples/boxbound/platforms/ios/build/Debug-iphoneos/boxbound.app/AppIcon60x60@3x.png /Users/qingque/Desktop/HaiyueStudio/Native/examples/boxbound/platforms/ios/boxbound/Resources/AppIcon60x60@3x.png (in target 'boxbound' from project 'boxbound')
    cd /Users/qingque/Desktop/HaiyueStudio/Native/examples/boxbound/platforms/ios
    /Applications/Xcode.app/Contents/Developer/usr/bin/copypng -compress -strip-PNG-text /Users/qingque/Desktop/HaiyueStudio/Native/examples/boxbound/platforms/ios/boxbound/Resources/AppIcon60x60@3x.png /Users/qingque/Desktop/HaiyueStudio/Native/examples/boxbound/platforms/ios/build/Debug-iphoneos/boxbound.app/AppIcon60x60@3x.png

CpResource /Users/qingque/Desktop/HaiyueStudio/Native/examples/boxbound/platforms/ios/build/Debug-iphoneos/boxbound.app/signing.local.xcconfig /Users/qingque/Desktop/HaiyueStudio/Native/examples/boxbound/platforms/ios/boxbound/Resources/signing.local.xcconfig (in target 'boxbound' from project 'boxbound')
    cd /Users/qingque/Desktop/HaiyueStudio/Native/examples/boxbound/platforms/ios
    builtin-copy -exclude .DS_Store -exclude CVS -exclude .svn -exclude .git -exclude .hg -resolve-src-symlinks /Users/qingque/Desktop/HaiyueStudio/Native/examples/boxbound/platforms/ios/boxbound/Resources/signing.local.xcconfig /Users/qingque/Desktop/HaiyueStudio/Native/examples/boxbound/platforms/ios/build/Debug-iphoneos/boxbound.app

CopyPNGFile /Users/qingque/Desktop/HaiyueStudio/Native/examples/boxbound/platforms/ios/build/Debug-iphoneos/boxbound.app/AppIcon40x40@3x.png /Users/qingque/Desktop/HaiyueStudio/Native/examples/boxbound/platforms/ios/boxbound/Resources/AppIcon40x40@3x.png (in target 'boxbound' from project 'boxbound')
    cd /Users/qingque/Desktop/HaiyueStudio/Native/examples/boxbound/platforms/ios
    /Applications/Xcode.app/Contents/Developer/usr/bin/copypng -compress -strip-PNG-text /Users/qingque/Desktop/HaiyueStudio/Native/examples/boxbound/platforms/ios/boxbound/Resources/AppIcon40x40@3x.png /Users/qingque/Desktop/HaiyueStudio/Native/examples/boxbound/platforms/ios/build/Debug-iphoneos/boxbound.app/AppIcon40x40@3x.png

CpResource /Users/qingque/Desktop/HaiyueStudio/Native/examples/boxbound/platforms/ios/build/Debug-iphoneos/boxbound.app/build.xcconfig /Users/qingque/Desktop/HaiyueStudio/Native/examples/boxbound/platforms/ios/boxbound/Resources/build.xcconfig (in target 'boxbound' from project 'boxbound')
    cd /Users/qingque/Desktop/HaiyueStudio/Native/examples/boxbound/platforms/ios
    builtin-copy -exclude .DS_Store -exclude CVS -exclude .svn -exclude .git -exclude .hg -resolve-src-symlinks /Users/qingque/Desktop/HaiyueStudio/Native/examples/boxbound/platforms/ios/boxbound/Resources/build.xcconfig /Users/qingque/Desktop/HaiyueStudio/Native/examples/boxbound/platforms/ios/build/Debug-iphoneos/boxbound.app

CopyPNGFile /Users/qingque/Desktop/HaiyueStudio/Native/examples/boxbound/platforms/ios/build/Debug-iphoneos/boxbound.app/AppIcon60x60@2x.png /Users/qingque/Desktop/HaiyueStudio/Native/examples/boxbound/platforms/ios/boxbound/Resources/AppIcon60x60@2x.png (in target 'boxbound' from project 'boxbound')
    cd /Users/qingque/Desktop/HaiyueStudio/Native/examples/boxbound/platforms/ios
    /Applications/Xcode.app/Contents/Developer/usr/bin/copypng -compress -strip-PNG-text /Users/qingque/Desktop/HaiyueStudio/Native/examples/boxbound/platforms/ios/boxbound/Resources/AppIcon60x60@2x.png /Users/qingque/Desktop/HaiyueStudio/Native/examples/boxbound/platforms/ios/build/Debug-iphoneos/boxbound.app/AppIcon60x60@2x.png

CopyPNGFile /Users/qingque/Desktop/HaiyueStudio/Native/examples/boxbound/platforms/ios/build/Debug-iphoneos/boxbound.app/AppIcon40x40@2x.png /Users/qingque/Desktop/HaiyueStudio/Native/examples/boxbound/platforms/ios/boxbound/Resources/AppIcon40x40@2x.png (in target 'boxbound' from project 'boxbound')
    cd /Users/qingque/Desktop/HaiyueStudio/Native/examples/boxbound/platforms/ios
    /Applications/Xcode.app/Contents/Developer/usr/bin/copypng -compress -strip-PNG-text /Users/qingque/Desktop/HaiyueStudio/Native/examples/boxbound/platforms/ios/boxbound/Resources/AppIcon40x40@2x.png /Users/qingque/Desktop/HaiyueStudio/Native/examples/boxbound/platforms/ios/build/Debug-iphoneos/boxbound.app/AppIcon40x40@2x.png

CopyPNGFile /Users/qingque/Desktop/HaiyueStudio/Native/examples/boxbound/platforms/ios/build/Debug-iphoneos/boxbound.app/AppIcon29x29@3x.png /Users/qingque/Desktop/HaiyueStudio/Native/examples/boxbound/platforms/ios/boxbound/Resources/AppIcon29x29@3x.png (in target 'boxbound' from project 'boxbound')
    cd /Users/qingque/Desktop/HaiyueStudio/Native/examples/boxbound/platforms/ios
    /Applications/Xcode.app/Contents/Developer/usr/bin/copypng -compress -strip-PNG-text /Users/qingque/Desktop/HaiyueStudio/Native/examples/boxbound/platforms/ios/boxbound/Resources/AppIcon29x29@3x.png /Users/qingque/Desktop/HaiyueStudio/Native/examples/boxbound/platforms/ios/build/Debug-iphoneos/boxbound.app/AppIcon29x29@3x.png

CpResource /Users/qingque/Desktop/HaiyueStudio/Native/examples/boxbound/platforms/ios/build/Debug-iphoneos/boxbound.app/app /Users/qingque/Desktop/HaiyueStudio/Native/examples/boxbound/platforms/ios/boxbound/app (in target 'boxbound' from project 'boxbound')
    cd /Users/qingque/Desktop/HaiyueStudio/Native/examples/boxbound/platforms/ios
    builtin-copy -exclude .DS_Store -exclude CVS -exclude .svn -exclude .git -exclude .hg -resolve-src-symlinks /Users/qingque/Desktop/HaiyueStudio/Native/examples/boxbound/platforms/ios/boxbound/app /Users/qingque/Desktop/HaiyueStudio/Native/examples/boxbound/platforms/ios/build/Debug-iphoneos/boxbound.app

CopyPNGFile /Users/qingque/Desktop/HaiyueStudio/Native/examples/boxbound/platforms/ios/build/Debug-iphoneos/boxbound.app/AppIcon29x29@2x.png /Users/qingque/Desktop/HaiyueStudio/Native/examples/boxbound/platforms/ios/boxbound/Resources/AppIcon29x29@2x.png (in target 'boxbound' from project 'boxbound')
    cd /Users/qingque/Desktop/HaiyueStudio/Native/examples/boxbound/platforms/ios
    /Applications/Xcode.app/Contents/Developer/usr/bin/copypng -compress -strip-PNG-text /Users/qingque/Desktop/HaiyueStudio/Native/examples/boxbound/platforms/ios/boxbound/Resources/AppIcon29x29@2x.png /Users/qingque/Desktop/HaiyueStudio/Native/examples/boxbound/platforms/ios/build/Debug-iphoneos/boxbound.app/AppIcon29x29@2x.png

CopyPNGFile /Users/qingque/Desktop/HaiyueStudio/Native/examples/boxbound/platforms/ios/build/Debug-iphoneos/boxbound.app/AppIcon1024.png /Users/qingque/Desktop/HaiyueStudio/Native/examples/boxbound/platforms/ios/boxbound/Resources/AppIcon1024.png (in target 'boxbound' from project 'boxbound')
    cd /Users/qingque/Desktop/HaiyueStudio/Native/examples/boxbound/platforms/ios
    /Applications/Xcode.app/Contents/Developer/usr/bin/copypng -compress -strip-PNG-text /Users/qingque/Desktop/HaiyueStudio/Native/examples/boxbound/platforms/ios/boxbound/Resources/AppIcon1024.png /Users/qingque/Desktop/HaiyueStudio/Native/examples/boxbound/platforms/ios/build/Debug-iphoneos/boxbound.app/AppIcon1024.png

CopyStringsFile /Users/qingque/Desktop/HaiyueStudio/Native/examples/boxbound/platforms/ios/build/Debug-iphoneos/boxbound.app/en.lproj/InfoPlist.strings /Users/qingque/Desktop/HaiyueStudio/Native/examples/boxbound/platforms/ios/boxbound/en.lproj/InfoPlist.strings (in target 'boxbound' from project 'boxbound')
    cd /Users/qingque/Desktop/HaiyueStudio/Native/examples/boxbound/platforms/ios
    builtin-copyStrings --validate --outputencoding binary --outfilename InfoPlist.strings --outdir /Users/qingque/Desktop/HaiyueStudio/Native/examples/boxbound/platforms/ios/build/Debug-iphoneos/boxbound.app/en.lproj -- /Users/qingque/Desktop/HaiyueStudio/Native/examples/boxbound/platforms/ios/boxbound/en.lproj/InfoPlist.strings
/Users/qingque/Desktop/HaiyueStudio/Native/examples/boxbound/platforms/ios/boxbound/en.lproj/InfoPlist.strings:1:1: note: detected encoding of input file as Unicode (UTF-8) (in target 'boxbound' from project 'boxbound')

Copy /Users/qingque/Desktop/HaiyueStudio/Native/examples/boxbound/platforms/ios/build/Debug-iphoneos/boxbound.app/Frameworks/TNSWidgets.framework /Users/qingque/Desktop/HaiyueStudio/Native/examples/boxbound/node_modules/@nativescript/core/platforms/ios/TNSWidgets.xcframework/ios-arm64/TNSWidgets.framework (in target 'boxbound' from project 'boxbound')
    cd /Users/qingque/Desktop/HaiyueStudio/Native/examples/boxbound/platforms/ios
    builtin-copy -exclude .DS_Store -exclude CVS -exclude .svn -exclude .git -exclude .hg -bitcode-strip all -bitcode-strip-tool /Applications/Xcode.app/Contents/Developer/Toolchains/XcodeDefault.xctoolchain/usr/bin/bitcode_strip -resolve-src-symlinks -remove-static-executable /Users/qingque/Desktop/HaiyueStudio/Native/examples/boxbound/node_modules/@nativescript/core/platforms/ios/TNSWidgets.xcframework/ios-arm64/TNSWidgets.framework /Users/qingque/Desktop/HaiyueStudio/Native/examples/boxbound/platforms/ios/build/Debug-iphoneos/boxbound.app/Frameworks
/Applications/Xcode.app/Contents/Developer/Toolchains/XcodeDefault.xctoolchain/usr/bin/bitcode_strip /Users/qingque/Desktop/HaiyueStudio/Native/examples/boxbound/node_modules/@nativescript/core/platforms/ios/TNSWidgets.xcframework/ios-arm64/TNSWidgets.framework/TNSWidgets -r -o /Users/qingque/Desktop/HaiyueStudio/Native/examples/boxbound/platforms/ios/build/Debug-iphoneos/boxbound.app/Frameworks/TNSWidgets.framework/TNSWidgets
Copy /Users/qingque/Desktop/HaiyueStudio/Native/examples/boxbound/platforms/ios/build/Debug-iphoneos/boxbound.app/Frameworks/NSCWinterTC.framework /Users/qingque/Desktop/HaiyueStudio/Native/examples/boxbound/node_modules/@nativescript/core/platforms/ios/NSCWinterTC.xcframework/ios-arm64/NSCWinterTC.framework (in target 'boxbound' from project 'boxbound')
    cd /Users/qingque/Desktop/HaiyueStudio/Native/examples/boxbound/platforms/ios
    builtin-copy -exclude .DS_Store -exclude CVS -exclude .svn -exclude .git -exclude .hg -bitcode-strip all -bitcode-strip-tool /Applications/Xcode.app/Contents/Developer/Toolchains/XcodeDefault.xctoolchain/usr/bin/bitcode_strip -resolve-src-symlinks -remove-static-executable /Users/qingque/Desktop/HaiyueStudio/Native/examples/boxbound/node_modules/@nativescript/core/platforms/ios/NSCWinterTC.xcframework/ios-arm64/NSCWinterTC.framework /Users/qingque/Desktop/HaiyueStudio/Native/examples/boxbound/platforms/ios/build/Debug-iphoneos/boxbound.app/Frameworks
/Applications/Xcode.app/Contents/Developer/Toolchains/XcodeDefault.xctoolchain/usr/bin/bitcode_strip /Users/qingque/Desktop/HaiyueStudio/Native/examples/boxbound/node_modules/@nativescript/core/platforms/ios/NSCWinterTC.xcframework/ios-arm64/NSCWinterTC.framework/NSCWinterTC -r -o /Users/qingque/Desktop/HaiyueStudio/Native/examples/boxbound/platforms/ios/build/Debug-iphoneos/boxbound.app/Frameworks/NSCWinterTC.framework/NSCWinterTC

Copy /Users/qingque/Desktop/HaiyueStudio/Native/examples/boxbound/platforms/ios/build/Debug-iphoneos/boxbound.app/Frameworks/NativeScript.framework /Users/qingque/Desktop/HaiyueStudio/Native/examples/boxbound/platforms/ios/internal/NativeScript.xcframework/ios-arm64/NativeScript.framework (in target 'boxbound' from project 'boxbound')
    cd /Users/qingque/Desktop/HaiyueStudio/Native/examples/boxbound/platforms/ios
    builtin-copy -exclude .DS_Store -exclude CVS -exclude .svn -exclude .git -exclude .hg -exclude Headers -exclude PrivateHeaders -exclude Modules -exclude \*.tbd -bitcode-strip all -bitcode-strip-tool /Applications/Xcode.app/Contents/Developer/Toolchains/XcodeDefault.xctoolchain/usr/bin/bitcode_strip -resolve-src-symlinks -remove-static-executable /Users/qingque/Desktop/HaiyueStudio/Native/examples/boxbound/platforms/ios/internal/NativeScript.xcframework/ios-arm64/NativeScript.framework /Users/qingque/Desktop/HaiyueStudio/Native/examples/boxbound/platforms/ios/build/Debug-iphoneos/boxbound.app/Frameworks
/Applications/Xcode.app/Contents/Developer/Toolchains/XcodeDefault.xctoolchain/usr/bin/bitcode_strip /Users/qingque/Desktop/HaiyueStudio/Native/examples/boxbound/platforms/ios/internal/NativeScript.xcframework/ios-arm64/NativeScript.framework/NativeScript -r -o /Users/qingque/Desktop/HaiyueStudio/Native/examples/boxbound/platforms/ios/build/Debug-iphoneos/boxbound.app/Frameworks/NativeScript.framework/NativeScript
Copy /Users/qingque/Desktop/HaiyueStudio/Native/examples/boxbound/platforms/ios/build/Debug-iphoneos/boxbound.app/Frameworks/TKLiveSync.framework /Users/qingque/Desktop/HaiyueStudio/Native/examples/boxbound/platforms/ios/internal/TKLiveSync.xcframework/ios-arm64/TKLiveSync.framework (in target 'boxbound' from project 'boxbound')
    cd /Users/qingque/Desktop/HaiyueStudio/Native/examples/boxbound/platforms/ios
    builtin-copy -exclude .DS_Store -exclude CVS -exclude .svn -exclude .git -exclude .hg -exclude Headers -exclude PrivateHeaders -exclude Modules -exclude \*.tbd -bitcode-strip all -bitcode-strip-tool /Applications/Xcode.app/Contents/Developer/Toolchains/XcodeDefault.xctoolchain/usr/bin/bitcode_strip -resolve-src-symlinks -remove-static-executable /Users/qingque/Desktop/HaiyueStudio/Native/examples/boxbound/platforms/ios/internal/TKLiveSync.xcframework/ios-arm64/TKLiveSync.framework /Users/qingque/Desktop/HaiyueStudio/Native/examples/boxbound/platforms/ios/build/Debug-iphoneos/boxbound.app/Frameworks
/Applications/Xcode.app/Contents/Developer/Toolchains/XcodeDefault.xctoolchain/usr/bin/bitcode_strip /Users/qingque/Desktop/HaiyueStudio/Native/examples/boxbound/platforms/ios/internal/TKLiveSync.xcframework/ios-arm64/TKLiveSync.framework/TKLiveSync -r -o /Users/qingque/Desktop/HaiyueStudio/Native/examples/boxbound/platforms/ios/build/Debug-iphoneos/boxbound.app/Frameworks/TKLiveSync.framework/TKLiveSync

Copy /Users/qingque/Desktop/HaiyueStudio/Native/examples/boxbound/platforms/ios/build/Debug-iphoneos/boxbound.app/Frameworks/CanvasNative.framework /Users/qingque/Desktop/HaiyueStudio/Native/examples/boxbound/node_modules/@nativescript/canvas/platforms/ios/CanvasNative.xcframework/ios-arm64/CanvasNative.framework (in target 'boxbound' from project 'boxbound')
    cd /Users/qingque/Desktop/HaiyueStudio/Native/examples/boxbound/platforms/ios
    builtin-copy -exclude .DS_Store -exclude CVS -exclude .svn -exclude .git -exclude .hg -bitcode-strip all -bitcode-strip-tool /Applications/Xcode.app/Contents/Developer/Toolchains/XcodeDefault.xctoolchain/usr/bin/bitcode_strip -resolve-src-symlinks -remove-static-executable /Users/qingque/Desktop/HaiyueStudio/Native/examples/boxbound/node_modules/@nativescript/canvas/platforms/ios/CanvasNative.xcframework/ios-arm64/CanvasNative.framework /Users/qingque/Desktop/HaiyueStudio/Native/examples/boxbound/platforms/ios/build/Debug-iphoneos/boxbound.app/Frameworks
/Applications/Xcode.app/Contents/Developer/Toolchains/XcodeDefault.xctoolchain/usr/bin/bitcode_strip /Users/qingque/Desktop/HaiyueStudio/Native/examples/boxbound/node_modules/@nativescript/canvas/platforms/ios/CanvasNative.xcframework/ios-arm64/CanvasNative.framework/CanvasNative -r -o /Users/qingque/Desktop/HaiyueStudio/Native/examples/boxbound/platforms/ios/build/Debug-iphoneos/boxbound.app/Frameworks/CanvasNative.framework/CanvasNative
CodeSign /Users/qingque/Desktop/HaiyueStudio/Native/examples/boxbound/platforms/ios/build/Debug-iphoneos/boxbound.app/Frameworks/TKLiveSync.framework (in target 'boxbound' from project 'boxbound')
    cd /Users/qingque/Desktop/HaiyueStudio/Native/examples/boxbound/platforms/ios
    
    Signing Identity:     "Apple Development: Xueqing Sun (9S236DMB2Z)"
    Provisioning Profile: "iOS Team Provisioning Profile: *"
                          (ff700dbf-6c9e-45a6-bcea-de2afbf9aea8)
    
    /usr/bin/codesign --force --sign B18C301725894971F9A6F8888DA37AABAF3F1DBD --timestamp\=none --preserve-metadata\=identifier,entitlements,flags --generate-entitlement-der /Users/qingque/Desktop/HaiyueStudio/Native/examples/boxbound/platforms/ios/build/Debug-iphoneos/boxbound.app/Frameworks/TKLiveSync.framework

CodeSign /Users/qingque/Desktop/HaiyueStudio/Native/examples/boxbound/platforms/ios/build/Debug-iphoneos/boxbound.app/Frameworks/NSCWinterTC.framework (in target 'boxbound' from project 'boxbound')
    cd /Users/qingque/Desktop/HaiyueStudio/Native/examples/boxbound/platforms/ios
    
    Signing Identity:     "Apple Development: Xueqing Sun (9S236DMB2Z)"
    Provisioning Profile: "iOS Team Provisioning Profile: *"
                          (ff700dbf-6c9e-45a6-bcea-de2afbf9aea8)
    
    /usr/bin/codesign --force --sign B18C301725894971F9A6F8888DA37AABAF3F1DBD --timestamp\=none --preserve-metadata\=identifier,entitlements,flags --generate-entitlement-der /Users/qingque/Desktop/HaiyueStudio/Native/examples/boxbound/platforms/ios/build/Debug-iphoneos/boxbound.app/Frameworks/NSCWinterTC.framework

CodeSign /Users/qingque/Desktop/HaiyueStudio/Native/examples/boxbound/platforms/ios/build/Debug-iphoneos/boxbound.app/Frameworks/TNSWidgets.framework (in target 'boxbound' from project 'boxbound')
    cd /Users/qingque/Desktop/HaiyueStudio/Native/examples/boxbound/platforms/ios
    
    Signing Identity:     "Apple Development: Xueqing Sun (9S236DMB2Z)"
    Provisioning Profile: "iOS Team Provisioning Profile: *"
                          (ff700dbf-6c9e-45a6-bcea-de2afbf9aea8)
    
    /usr/bin/codesign --force --sign B18C301725894971F9A6F8888DA37AABAF3F1DBD --timestamp\=none --preserve-metadata\=identifier,entitlements,flags --generate-entitlement-der /Users/qingque/Desktop/HaiyueStudio/Native/examples/boxbound/platforms/ios/build/Debug-iphoneos/boxbound.app/Frameworks/TNSWidgets.framework

CodeSign /Users/qingque/Desktop/HaiyueStudio/Native/examples/boxbound/platforms/ios/build/Debug-iphoneos/boxbound.app/Frameworks/NativeScript.framework (in target 'boxbound' from project 'boxbound')
    cd /Users/qingque/Desktop/HaiyueStudio/Native/examples/boxbound/platforms/ios
    
    Signing Identity:     "Apple Development: Xueqing Sun (9S236DMB2Z)"
    Provisioning Profile: "iOS Team Provisioning Profile: *"
                          (ff700dbf-6c9e-45a6-bcea-de2afbf9aea8)
    
    /usr/bin/codesign --force --sign B18C301725894971F9A6F8888DA37AABAF3F1DBD --timestamp\=none --preserve-metadata\=identifier,entitlements,flags --generate-entitlement-der /Users/qingque/Desktop/HaiyueStudio/Native/examples/boxbound/platforms/ios/build/Debug-iphoneos/boxbound.app/Frameworks/NativeScript.framework

CodeSign /Users/qingque/Desktop/HaiyueStudio/Native/examples/boxbound/platforms/ios/build/Debug-iphoneos/boxbound.app/Frameworks/CanvasNative.framework (in target 'boxbound' from project 'boxbound')
    cd /Users/qingque/Desktop/HaiyueStudio/Native/examples/boxbound/platforms/ios
    
    Signing Identity:     "Apple Development: Xueqing Sun (9S236DMB2Z)"
    Provisioning Profile: "iOS Team Provisioning Profile: *"
                          (ff700dbf-6c9e-45a6-bcea-de2afbf9aea8)
    
    /usr/bin/codesign --force --sign B18C301725894971F9A6F8888DA37AABAF3F1DBD --timestamp\=none --preserve-metadata\=identifier,entitlements,flags --generate-entitlement-der /Users/qingque/Desktop/HaiyueStudio/Native/examples/boxbound/platforms/ios/build/Debug-iphoneos/boxbound.app/Frameworks/CanvasNative.framework

ProcessInfoPlistFile /Users/qingque/Desktop/HaiyueStudio/Native/examples/boxbound/platforms/ios/build/Debug-iphoneos/boxbound.app/Info.plist /Users/qingque/Desktop/HaiyueStudio/Native/examples/boxbound/platforms/ios/boxbound/boxbound-Info.plist (in target 'boxbound' from project 'boxbound')
    cd /Users/qingque/Desktop/HaiyueStudio/Native/examples/boxbound/platforms/ios
    builtin-infoPlistUtility /Users/qingque/Desktop/HaiyueStudio/Native/examples/boxbound/platforms/ios/boxbound/boxbound-Info.plist -producttype com.apple.product-type.application -genpkginfo /Users/qingque/Desktop/HaiyueStudio/Native/examples/boxbound/platforms/ios/build/Debug-iphoneos/boxbound.app/PkgInfo -expandbuildsettings -format binary -platform iphoneos -scanforprivacyfile /Users/qingque/Desktop/HaiyueStudio/Native/examples/boxbound/platforms/ios/build/Debug-iphoneos/boxbound.app/Frameworks/CanvasNative.framework -scanforprivacyfile /Users/qingque/Desktop/HaiyueStudio/Native/examples/boxbound/platforms/ios/build/Debug-iphoneos/boxbound.app/Frameworks/NSCWinterTC.framework -scanforprivacyfile /Users/qingque/Desktop/HaiyueStudio/Native/examples/boxbound/platforms/ios/build/Debug-iphoneos/boxbound.app/Frameworks/NativeScript.framework -scanforprivacyfile /Users/qingque/Desktop/HaiyueStudio/Native/examples/boxbound/platforms/ios/build/Debug-iphoneos/boxbound.app/Frameworks/TKLiveSync.framework -scanforprivacyfile /Users/qingque/Desktop/HaiyueStudio/Native/examples/boxbound/platforms/ios/build/Debug-iphoneos/boxbound.app/Frameworks/TNSWidgets.framework -requiredArchitecture arm64 -o /Users/qingque/Desktop/HaiyueStudio/Native/examples/boxbound/platforms/ios/build/Debug-iphoneos/boxbound.app/Info.plist

GenerateDSYMFile /Users/qingque/Desktop/HaiyueStudio/Native/examples/boxbound/platforms/ios/build/Debug-iphoneos/boxbound.app.dSYM /Users/qingque/Desktop/HaiyueStudio/Native/examples/boxbound/platforms/ios/build/Debug-iphoneos/boxbound.app/boxbound (in target 'boxbound' from project 'boxbound')
    cd /Users/qingque/Desktop/HaiyueStudio/Native/examples/boxbound/platforms/ios
    /Applications/Xcode.app/Contents/Developer/Toolchains/XcodeDefault.xctoolchain/usr/bin/dsymutil /Users/qingque/Desktop/HaiyueStudio/Native/examples/boxbound/platforms/ios/build/Debug-iphoneos/boxbound.app/boxbound -o /Users/qingque/Desktop/HaiyueStudio/Native/examples/boxbound/platforms/ios/build/Debug-iphoneos/boxbound.app.dSYM
warning: (arm64) /Users/runner/work/font-manager/font-manager/dist/spm/build/DerivedData/Build/Intermediates.noindex/ArchiveIntermediates/FontManager/IntermediateBuildFilesPath/FontManager.build/Release-iphoneos/FontManager.build/Objects-normal/arm64/NSCFontDescriptors.o unable to open object file: No such file or directory
warning: (arm64) /Users/runner/work/font-manager/font-manager/dist/spm/build/DerivedData/Build/Intermediates.noindex/ArchiveIntermediates/FontManager/IntermediateBuildFilesPath/FontManager.build/Release-iphoneos/FontManager.build/Objects-normal/arm64/NSCFontFace.o unable to open object file: No such file or directory
warning: (arm64) /Users/runner/work/font-manager/font-manager/dist/spm/build/DerivedData/Build/Intermediates.noindex/ArchiveIntermediates/FontManager/IntermediateBuildFilesPath/FontManager.build/Release-iphoneos/FontManager.build/Objects-normal/arm64/NSCFontFaceSet.o unable to open object file: No such file or directory
warning: (arm64) /Users/runner/work/font-manager/font-manager/dist/spm/build/DerivedData/Build/Intermediates.noindex/ArchiveIntermediates/FontManager/IntermediateBuildFilesPath/FontManager.build/Release-iphoneos/FontManager.build/Objects-normal/arm64/NSCFontParser.o unable to open object file: No such file or directory
warning: (arm64) /Users/runner/work/font-manager/font-manager/dist/spm/build/DerivedData/Build/Intermediates.noindex/ArchiveIntermediates/FontManager/IntermediateBuildFilesPath/FontManager.build/Release-iphoneos/FontManager.build/Objects-normal/arm64/NSCFontResolver.o unable to open object file: No such file or directory
warning: (arm64) /Users/runner/work/font-manager/font-manager/dist/spm/build/DerivedData/Build/Intermediates.noindex/ArchiveIntermediates/FontManager/IntermediateBuildFilesPath/FontManager.build/Release-iphoneos/FontManager.build/Objects-normal/arm64/NSCFontStyle.o unable to open object file: No such file or directory
warning: (arm64) /Users/runner/work/font-manager/font-manager/dist/spm/build/DerivedData/Build/Intermediates.noindex/ArchiveIntermediates/FontManager/IntermediateBuildFilesPath/FontManager.build/Release-iphoneos/FontManager.build/Objects-normal/arm64/NSCFontTypes.o unable to open object file: No such file or directory
warning: (arm64) /Users/runner/work/font-manager/font-manager/dist/spm/build/DerivedData/Build/Intermediates.noindex/ArchiveIntermediates/FontManager/IntermediateBuildFilesPath/FontManager.build/Release-iphoneos/FontManager.build/Objects-normal/arm64/NSCFontRegex.o unable to open object file: No such file or directory

PhaseScriptExecution NativeScript\ PostBuild /Users/qingque/Library/Developer/Xcode/DerivedData/boxbound-gmbxpjcvwytnwfabbxjdzhvtcdad/Build/Intermediates.noindex/boxbound.build/Debug-iphoneos/boxbound.build/Script-CD3EAD351B05FF060042DBFC.sh (in target 'boxbound' from project 'boxbound')
    cd /Users/qingque/Desktop/HaiyueStudio/Native/examples/boxbound/platforms/ios
    /bin/sh -c /Users/qingque/Library/Developer/Xcode/DerivedData/boxbound-gmbxpjcvwytnwfabbxjdzhvtcdad/Build/Intermediates.noindex/boxbound.build/Debug-iphoneos/boxbound.build/Script-CD3EAD351B05FF060042DBFC.sh
~/Desktop/HaiyueStudio/Native/examples/boxbound/platforms/ios/internal ~/Desktop/HaiyueStudio/Native/examples/boxbound/platforms/ios
Stripping frameworks
~/Desktop/HaiyueStudio/Native/examples/boxbound/platforms/ios

CopySwiftLibs /Users/qingque/Desktop/HaiyueStudio/Native/examples/boxbound/platforms/ios/build/Debug-iphoneos/boxbound.app (in target 'boxbound' from project 'boxbound')
    cd /Users/qingque/Desktop/HaiyueStudio/Native/examples/boxbound/platforms/ios
    builtin-swiftStdLibTool --copy --verbose --sign B18C301725894971F9A6F8888DA37AABAF3F1DBD --scan-executable /Users/qingque/Desktop/HaiyueStudio/Native/examples/boxbound/platforms/ios/build/Debug-iphoneos/boxbound.app/boxbound --scan-folder /Users/qingque/Desktop/HaiyueStudio/Native/examples/boxbound/platforms/ios/build/Debug-iphoneos/boxbound.app/Frameworks --scan-folder /Users/qingque/Desktop/HaiyueStudio/Native/examples/boxbound/platforms/ios/build/Debug-iphoneos/boxbound.app/PlugIns --scan-folder /Users/qingque/Desktop/HaiyueStudio/Native/examples/boxbound/platforms/ios/build/Debug-iphoneos/boxbound.app/SystemExtensions --scan-folder /Users/qingque/Desktop/HaiyueStudio/Native/examples/boxbound/platforms/ios/build/Debug-iphoneos/boxbound.app/Extensions --scan-folder /Users/qingque/Desktop/HaiyueStudio/Native/examples/boxbound/platforms/ios/build/Debug-iphoneos/Pods_boxbound.framework --platform iphoneos --toolchain /Applications/Xcode.app/Contents/Developer/Toolchains/XcodeDefault.xctoolchain --destination /Users/qingque/Desktop/HaiyueStudio/Native/examples/boxbound/platforms/ios/build/Debug-iphoneos/boxbound.app/Frameworks --strip-bitcode --strip-bitcode-tool /Applications/Xcode.app/Contents/Developer/Toolchains/XcodeDefault.xctoolchain/usr/bin/bitcode_strip --emit-dependency-info /Users/qingque/Library/Developer/Xcode/DerivedData/boxbound-gmbxpjcvwytnwfabbxjdzhvtcdad/Build/Intermediates.noindex/boxbound.build/Debug-iphoneos/boxbound.build/SwiftStdLibToolInputDependencies.dep --filter-for-swift-os --back-deploy-swift-span

ExtractAppIntentsMetadata (in target 'boxbound' from project 'boxbound')
    cd /Users/qingque/Desktop/HaiyueStudio/Native/examples/boxbound/platforms/ios
    /Applications/Xcode.app/Contents/Developer/Toolchains/XcodeDefault.xctoolchain/usr/bin/appintentsmetadataprocessor --toolchain-dir /Applications/Xcode.app/Contents/Developer/Toolchains/XcodeDefault.xctoolchain --module-name boxbound --sdk-root /Applications/Xcode.app/Contents/Developer/Platforms/iPhoneOS.platform/Developer/SDKs/iPhoneOS26.2.sdk --xcode-version 17C529 --platform-family iOS --deployment-target 15.0 --bundle-identifier org.haiyue.games.boxbound --output /Users/qingque/Desktop/HaiyueStudio/Native/examples/boxbound/platforms/ios/build/Debug-iphoneos/boxbound.app --target-triple arm64-apple-ios15.0 --binary-file /Users/qingque/Desktop/HaiyueStudio/Native/examples/boxbound/platforms/ios/build/Debug-iphoneos/boxbound.app/boxbound --dependency-file /Users/qingque/Library/Developer/Xcode/DerivedData/boxbound-gmbxpjcvwytnwfabbxjdzhvtcdad/Build/Intermediates.noindex/boxbound.build/Debug-iphoneos/boxbound.build/Objects-normal/arm64/boxbound_dependency_info.dat --stringsdata-file /Users/qingque/Library/Developer/Xcode/DerivedData/boxbound-gmbxpjcvwytnwfabbxjdzhvtcdad/Build/Intermediates.noindex/boxbound.build/Debug-iphoneos/boxbound.build/Objects-normal/arm64/ExtractedAppShortcutsMetadata.stringsdata --source-file-list /Users/qingque/Library/Developer/Xcode/DerivedData/boxbound-gmbxpjcvwytnwfabbxjdzhvtcdad/Build/Intermediates.noindex/boxbound.build/Debug-iphoneos/boxbound.build/Objects-normal/arm64/boxbound.SwiftFileList --metadata-file-list /Users/qingque/Library/Developer/Xcode/DerivedData/boxbound-gmbxpjcvwytnwfabbxjdzhvtcdad/Build/Intermediates.noindex/boxbound.build/Debug-iphoneos/boxbound.build/boxbound.DependencyMetadataFileList --static-metadata-file-list /Users/qingque/Library/Developer/Xcode/DerivedData/boxbound-gmbxpjcvwytnwfabbxjdzhvtcdad/Build/Intermediates.noindex/boxbound.build/Debug-iphoneos/boxbound.build/boxbound.DependencyStaticMetadataFileList --swift-const-vals-list /Users/qingque/Library/Developer/Xcode/DerivedData/boxbound-gmbxpjcvwytnwfabbxjdzhvtcdad/Build/Intermediates.noindex/boxbound.build/Debug-iphoneos/boxbound.build/Objects-normal/arm64/boxbound.SwiftConstValuesFileList --compile-time-extraction --deployment-aware-processing --validate-assistant-intents --no-app-shortcuts-localization
2026-09-22 18:40:17.996 appintentsmetadataprocessor[80240:9156813] Starting appintentsmetadataprocessor export
2026-09-22 18:40:18.000 appintentsmetadataprocessor[80240:9156813] warning: Metadata extraction skipped. No AppIntents.framework dependency found.

AppIntentsSSUTraining (in target 'boxbound' from project 'boxbound')
    cd /Users/qingque/Desktop/HaiyueStudio/Native/examples/boxbound/platforms/ios
    /Applications/Xcode.app/Contents/Developer/Toolchains/XcodeDefault.xctoolchain/usr/bin/appintentsnltrainingprocessor --infoplist-path /Users/qingque/Desktop/HaiyueStudio/Native/examples/boxbound/platforms/ios/build/Debug-iphoneos/boxbound.app/Info.plist --temp-dir-path /Users/qingque/Library/Developer/Xcode/DerivedData/boxbound-gmbxpjcvwytnwfabbxjdzhvtcdad/Build/Intermediates.noindex/boxbound.build/Debug-iphoneos/boxbound.build/ssu --bundle-id org.haiyue.games.boxbound --product-path /Users/qingque/Desktop/HaiyueStudio/Native/examples/boxbound/platforms/ios/build/Debug-iphoneos/boxbound.app --extracted-metadata-path /Users/qingque/Desktop/HaiyueStudio/Native/examples/boxbound/platforms/ios/build/Debug-iphoneos/boxbound.app/Metadata.appintents --metadata-file-list /Users/qingque/Library/Developer/Xcode/DerivedData/boxbound-gmbxpjcvwytnwfabbxjdzhvtcdad/Build/Intermediates.noindex/boxbound.build/Debug-iphoneos/boxbound.build/boxbound.DependencyMetadataFileList --archive-ssu-assets
2026-09-22 18:40:18.043 appintentsnltrainingprocessor[80241:9156814] Parsing options for appintentsnltrainingprocessor
2026-09-22 18:40:18.044 appintentsnltrainingprocessor[80241:9156814] No AppShortcuts found - Skipping.

CodeSign /Users/qingque/Desktop/HaiyueStudio/Native/examples/boxbound/platforms/ios/build/Debug-iphoneos/boxbound.app (in target 'boxbound' from project 'boxbound')
    cd /Users/qingque/Desktop/HaiyueStudio/Native/examples/boxbound/platforms/ios
    
    Signing Identity:     "Apple Development: Xueqing Sun (9S236DMB2Z)"
    Provisioning Profile: "iOS Team Provisioning Profile: *"
                          (ff700dbf-6c9e-45a6-bcea-de2afbf9aea8)
    
    /usr/bin/codesign --force --sign B18C301725894971F9A6F8888DA37AABAF3F1DBD --entitlements /Users/qingque/Library/Developer/Xcode/DerivedData/boxbound-gmbxpjcvwytnwfabbxjdzhvtcdad/Build/Intermediates.noindex/boxbound.build/Debug-iphoneos/boxbound.build/boxbound.app.xcent --timestamp\=none --generate-entitlement-der /Users/qingque/Desktop/HaiyueStudio/Native/examples/boxbound/platforms/ios/build/Debug-iphoneos/boxbound.app

RegisterExecutionPolicyException /Users/qingque/Desktop/HaiyueStudio/Native/examples/boxbound/platforms/ios/build/Debug-iphoneos/boxbound.app (in target 'boxbound' from project 'boxbound')
    cd /Users/qingque/Desktop/HaiyueStudio/Native/examples/boxbound/platforms/ios
    builtin-RegisterExecutionPolicyException /Users/qingque/Desktop/HaiyueStudio/Native/examples/boxbound/platforms/ios/build/Debug-iphoneos/boxbound.app

Validate /Users/qingque/Desktop/HaiyueStudio/Native/examples/boxbound/platforms/ios/build/Debug-iphoneos/boxbound.app (in target 'boxbound' from project 'boxbound')
    cd /Users/qingque/Desktop/HaiyueStudio/Native/examples/boxbound/platforms/ios
    builtin-validationUtility /Users/qingque/Desktop/HaiyueStudio/Native/examples/boxbound/platforms/ios/build/Debug-iphoneos/boxbound.app -shallow-bundle -infoplist-subpath Info.plist

Touch /Users/qingque/Desktop/HaiyueStudio/Native/examples/boxbound/platforms/ios/build/Debug-iphoneos/boxbound.app (in target 'boxbound' from project 'boxbound')
    cd /Users/qingque/Desktop/HaiyueStudio/Native/examples/boxbound/platforms/ios
    /usr/bin/touch -c /Users/qingque/Desktop/HaiyueStudio/Native/examples/boxbound/platforms/ios/build/Debug-iphoneos/boxbound.app

note: Run script build phase 'NativeScript PreBuild' will be run during every build because the option to run the script phase "Based on dependency analysis" is unchecked. (in target 'boxbound' from project 'boxbound')
note: Run script build phase 'NativeScript PreLink' will be run during every build because the option to run the script phase "Based on dependency analysis" is unchecked. (in target 'boxbound' from project 'boxbound')
note: Run script build phase 'NativeScript PostBuild' will be run during every build because the option to run the script phase "Based on dependency analysis" is unchecked. (in target 'boxbound' from project 'boxbound')
** BUILD SUCCEEDED **

