swapNs,durationNs,display,surfaceId,label
10004209250,16633500,Display 1,533,"Direct to Display (Surface  533 ,  iospbrorbit (3430) :Frame  594 :Surface  533 )"
10020842750,16658625,Display 1,529,"Direct to Display (Surface  529 ,  iospbrorbit (3430) :Frame  595 :Surface  529 )"
10037501375,16647916,Display 1,532,"Direct to Display (Surface  532 ,  iospbrorbit (3430) :Frame  596 :Surface  532 )"
10054149291,16641417,Display 1,533,"Direct to Display (Surface  533 ,  iospbrorbit (3430) :Frame  597 :Surface  533 )"
10070790708,16642333,Display 1,529,"Direct to Display (Surface  529 ,  iospbrorbit (3430) :Frame  598 :Surface  529 )"
10087433041,16653084,Display 1,532,"Direct to Display (Surface  532 ,  iospbrorbit (3430) :Frame  599 :Surface  532 )"
10104086125,16641791,Display 1,533,"Direct to Display (Surface  533 ,  iospbrorbit (3430) :Frame  600 :Surface  533 )"
10120727916,16659042,Display 1,529,"Direct to Display (Surface  529 ,  iospbrorbit (3430) :Frame  601 :Surface  529 )"
10137386958,16644250,Display 1,532,"Direct to Display (Surface  532 ,  iospbrorbit (3430) :Frame  602 :Surface  532 )"
10154031208,16653333,Display 1,533,"Direct to Display (Surface  533 ,  iospbrorbit (3430) :Frame  603 :Surface  533 )"
10170684541,16642459,Display 1,529,"Direct to Display (Surface  529 ,  iospbrorbit (3430) :Frame  604 :Surface  529 )"
10187327000,16651041,Display 1,532,"Direct to Display (Surface  532 ,  iospbrorbit (3430) :Frame  605 :Surface  532 )"
10203978041,16649334,Display 1,533,"Direct to Display (Surface  533 ,  iospbrorbit (3430) :Frame  606 :Surface  533 )"
10220627375,16637625,Display 1,529,"Direct to Display (Surface  529 ,  iospbrorbit (3430) :Frame  607 :Surface  529 )"
10237265000,16657333,Display 1,532,"Direct to Display (Surface  532 ,  iospbrorbit (3430) :Frame  608 :Surface  532 )"
10253922333,16645833,Display 1,533,"Direct to Display (Surface  533 ,  iospbrorbit (3430) :Frame  609 :Surface  533 )"
10270568166,16644584,Display 1,529,"Direct to Display (Surface  529 ,  iospbrorbit (3430) :Frame  610 :Surface  529 )"
10287212750,16646708,Display 1,532,"Direct to Display (Surface  532 ,  iospbrorbit (3430) :Frame  611 :Surface  532 )"
10303859458,16647833,Display 1,533,"Direct to Display (Surface  533 ,  iospbrorbit (3430) :Frame  612 :Surface  533 )"
10320507291,16649750,Display 1,529,"Direct to Display (Surface  529 ,  iospbrorbit (3430) :Frame  613 :Surface  529 )"
10337157041,16654209,Display 1,532,"Direct to Display (Surface  532 ,  iospbrorbit (3430) :Frame  614 :Surface  532 )"
10353811250,16641750,Display 1,533,"Direct to Display (Surface  533 ,  iospbrorbit (3430) :Frame  615 :Surface  533 )"
10370453000,16647875,Display 1,529,"Direct to Display (Surface  529 ,  iospbrorbit (3430) :Frame  616 :Surface  529 )"
10387100875,16645625,Display 1,532,"Direct to Display (Surface  532 ,  iospbrorbit (3430) :Frame  617 :Surface  532 )"
10403746500,16653958,Display 1,533,"Direct to Display (Surface  533 ,  iospbrorbit (3430) :Frame  618 :Surface  533 )"
10420400458,16641125,Display 1,529,"Direct to Display (Surface  529 ,  iospbrorbit (3430) :Frame  619 :Surface  529 )"
10437041583,16642417,Display 1,532,"Direct to Display (Surface  532 ,  iospbrorbit (3430) :Frame  620 :Surface  532 )"
10453684000,16648875,Display 1,533,"Direct to Display (Surface  533 ,  iospbrorbit (3430) :Frame  621 :Surface  533 )"
10470332875,16647500,Display 1,529,"Direct to Display (Surface  529 ,  iospbrorbit (3430) :Frame  622 :Surface  529 )"
10486980375,16647333,Display 1,532,"Direct to Display (Surface  532 ,  iospbrorbit (3430) :Frame  623 :Surface  532 )"
10503627708,16645750,Display 1,533,"Direct to Display (Surface  533 ,  iospbrorbit (3430) :Frame  624 :Surface  533 )"
10520273458,16647792,Display 1,529,"Direct to Display (Surface  529 ,  iospbrorbit (3430) :Frame  625 :Surface  529 )"
10536921250,16648250,Display 1,532,"Direct to Display (Surface  532 ,  iospbrorbit (3430) :Frame  626 :Surface  532 )"
10553569500,16648583,Display 1,533,"Direct to Display (Surface  533 ,  iospbrorbit (3430) :Frame  627 :Surface  533 )"
10570218083,16647542,Display 1,529,"Direct to Display (Surface  529 ,  iospbrorbit (3430) :Frame  628 :Surface  529 )"
10586865625,16652625,Display 1,532,"Direct to Display (Surface  532 ,  iospbrorbit (3430) :Frame  629 :Surface  532 )"
10603518250,16653041,Display 1,533,"Direct to Display (Surface  533 ,  iospbrorbit (3430) :Frame  630 :Surface  533 )"
10620171291,16638250,Display 1,529,"Direct to Display (Surface  529 ,  iospbrorbit (3430) :Frame  631 :Surface  529 )"
10636809541,16653500,Display 1,532,"Direct to Display (Surface  532 ,  iospbrorbit (3430) :Frame  632 :Surface  532 )"
10653463041,16658834,Display 1,533,"Direct to Display (Surface  533 ,  iospbrorbit (3430) :Frame  633 :Surface  533 )"
10670121875,16633125,Display 1,529,"Direct to Display (Surface  529 ,  iospbrorbit (3430) :Frame  634 :Surface  529 )"
10686755000,16643458,Display 1,532,"Direct to Display (Surface  532 ,  iospbrorbit (3430) :Frame  635 :Surface  532 )"
10703398458,16658667,Display 1,533,"Direct to Display (Surface  533 ,  iospbrorbit (3430) :Frame  636 :Surface  533 )"
10720057125,16646375,Display 1,529,"Direct to Display (Surface  529 ,  iospbrorbit (3430) :Frame  637 :Surface  529 )"
10736703500,16653250,Display 1,532,"Direct to Display (Surface  532 ,  iospbrorbit (3430) :Frame  638 :Surface  532 )"
10753356750,66583916,Display 1,533,"Direct to Display (Surface  533 ,  iospbrorbit (3430) :Frame  639 :Surface  533 )"
10819940666,16643084,Display 1,529,"Direct to Display (Surface  529 ,  iospbrorbit (3430) :Frame  640 :Surface  529 )"
10836583750,16652958,Display 1,532,"Direct to Display (Surface  532 ,  iospbrorbit (3430) :Frame  641 :Surface  532 )"
10853236708,16648000,Display 1,533,"Direct to Display (Surface  533 ,  iospbrorbit (3430) :Frame  642 :Surface  533 )"
10869884708,16645542,Display 1,529,"Direct to Display (Surface  529 ,  iospbrorbit (3430) :Frame  646 :Surface  529 )"
10886530250,16648166,Display 1,532,"Direct to Display (Surface  532 ,  iospbrorbit (3430) :Frame  647 :Surface  532 )"
10903178416,16649500,Display 1,533,"Direct to Display (Surface  533 ,  iospbrorbit (3430) :Frame  648 :Surface  533 )"
10919827916,16647959,Display 1,529,"Direct to Display (Surface  529 ,  iospbrorbit (3430) :Frame  649 :Surface  529 )"
10936475875,16652083,Display 1,532,"Direct to Display (Surface  532 ,  iospbrorbit (3430) :Frame  650 :Surface  532 )"
10953127958,16637583,Display 1,533,"Direct to Display (Surface  533 ,  iospbrorbit (3430) :Frame  651 :Surface  533 )"
10969765541,16653459,Display 1,529,"Direct to Display (Surface  529 ,  iospbrorbit (3430) :Frame  652 :Surface  529 )"
10986419000,16646541,Display 1,532,"Direct to Display (Surface  532 ,  iospbrorbit (3430) :Frame  653 :Surface  532 )"
11003065541,16647500,Display 1,533,"Direct to Display (Surface  533 ,  iospbrorbit (3430) :Frame  654 :Surface  533 )"
11019713041,16648667,Display 1,529,"Direct to Display (Surface  529 ,  iospbrorbit (3430) :Frame  655 :Surface  529 )"
11036361708,16646792,Display 1,532,"Direct to Display (Surface  532 ,  iospbrorbit (3430) :Frame  656 :Surface  532 )"
11053008500,16640083,Display 1,533,"Direct to Display (Surface  533 ,  iospbrorbit (3430) :Frame  657 :Surface  533 )"
11069648583,16650958,Display 1,529,"Direct to Display (Surface  529 ,  iospbrorbit (3430) :Frame  658 :Surface  529 )"
11086299541,16650875,Display 1,532,"Direct to Display (Surface  532 ,  iospbrorbit (3430) :Frame  659 :Surface  532 )"
11102950416,16642584,Display 1,533,"Direct to Display (Surface  533 ,  iospbrorbit (3430) :Frame  660 :Surface  533 )"
11119593000,16657000,Display 1,529,"Direct to Display (Surface  529 ,  iospbrorbit (3430) :Frame  661 :Surface  529 )"
11136250000,16643583,Display 1,532,"Direct to Display (Surface  532 ,  iospbrorbit (3430) :Frame  662 :Surface  532 )"
11152893583,16647958,Display 1,533,"Direct to Display (Surface  533 ,  iospbrorbit (3430) :Frame  663 :Surface  533 )"
11169541541,16645500,Display 1,529,"Direct to Display (Surface  529 ,  iospbrorbit (3430) :Frame  664 :Surface  529 )"
11186187041,16648500,Display 1,532,"Direct to Display (Surface  532 ,  iospbrorbit (3430) :Frame  665 :Surface  532 )"
11202835541,16650584,Display 1,533,"Direct to Display (Surface  533 ,  iospbrorbit (3430) :Frame  666 :Surface  533 )"
11219486125,16637583,Display 1,529,"Direct to Display (Surface  529 ,  iospbrorbit (3430) :Frame  667 :Surface  529 )"
11236123708,16658000,Display 1,532,"Direct to Display (Surface  532 ,  iospbrorbit (3430) :Frame  668 :Surface  532 )"
11252781708,16636667,Display 1,533,"Direct to Display (Surface  533 ,  iospbrorbit (3430) :Frame  669 :Surface  533 )"
11269418375,16652458,Display 1,529,"Direct to Display (Surface  529 ,  iospbrorbit (3430) :Frame  670 :Surface  529 )"
11286070833,16648667,Display 1,532,"Direct to Display (Surface  532 ,  iospbrorbit (3430) :Frame  671 :Surface  532 )"
11302719500,16653458,Display 1,533,"Direct to Display (Surface  533 ,  iospbrorbit (3430) :Frame  672 :Surface  533 )"
11319372958,16651583,Display 1,529,"Direct to Display (Surface  529 ,  iospbrorbit (3430) :Frame  673 :Surface  529 )"
11336024541,16646209,Display 1,532,"Direct to Display (Surface  532 ,  iospbrorbit (3430) :Frame  674 :Surface  532 )"
11352670750,16642625,Display 1,533,"Direct to Display (Surface  533 ,  iospbrorbit (3430) :Frame  675 :Surface  533 )"
11369313375,16648458,Display 1,529,"Direct to Display (Surface  529 ,  iospbrorbit (3430) :Frame  676 :Surface  529 )"
11385961833,16652708,Display 1,532,"Direct to Display (Surface  532 ,  iospbrorbit (3430) :Frame  677 :Surface  532 )"
11402614541,16642000,Display 1,533,"Direct to Display (Surface  533 ,  iospbrorbit (3430) :Frame  678 :Surface  533 )"
11419256541,16646334,Display 1,529,"Direct to Display (Surface  529 ,  iospbrorbit (3430) :Frame  679 :Surface  529 )"
11435902875,16648875,Display 1,532,"Direct to Display (Surface  532 ,  iospbrorbit (3430) :Frame  680 :Surface  532 )"
11452551750,16646833,Display 1,533,"Direct to Display (Surface  533 ,  iospbrorbit (3430) :Frame  681 :Surface  533 )"
11469198583,16643833,Display 1,529,"Direct to Display (Surface  529 ,  iospbrorbit (3430) :Frame  682 :Surface  529 )"
11485842416,16647375,Display 1,532,"Direct to Display (Surface  532 ,  iospbrorbit (3430) :Frame  683 :Surface  532 )"
11502489791,16651917,Display 1,533,"Direct to Display (Surface  533 ,  iospbrorbit (3430) :Frame  684 :Surface  533 )"
11519141708,16645958,Display 1,529,"Direct to Display (Surface  529 ,  iospbrorbit (3430) :Frame  685 :Surface  529 )"
11535787666,16649625,Display 1,532,"Direct to Display (Surface  532 ,  iospbrorbit (3430) :Frame  686 :Surface  532 )"
11552437291,16647375,Display 1,533,"Direct to Display (Surface  533 ,  iospbrorbit (3430) :Frame  687 :Surface  533 )"
11569084666,16642417,Display 1,529,"Direct to Display (Surface  529 ,  iospbrorbit (3430) :Frame  688 :Surface  529 )"
11585727083,16650208,Display 1,532,"Direct to Display (Surface  532 ,  iospbrorbit (3430) :Frame  689 :Surface  532 )"
11602377291,16653500,Display 1,533,"Direct to Display (Surface  533 ,  iospbrorbit (3430) :Frame  690 :Surface  533 )"
11619030791,16652167,Display 1,529,"Direct to Display (Surface  529 ,  iospbrorbit (3430) :Frame  691 :Surface  529 )"
11635682958,16644875,Display 1,532,"Direct to Display (Surface  532 ,  iospbrorbit (3430) :Frame  692 :Surface  532 )"
11652327833,16641125,Display 1,533,"Direct to Display (Surface  533 ,  iospbrorbit (3430) :Frame  693 :Surface  533 )"
11668968958,16647167,Display 1,529,"Direct to Display (Surface  529 ,  iospbrorbit (3430) :Frame  694 :Surface  529 )"
11685616125,16653291,Display 1,532,"Direct to Display (Surface  532 ,  iospbrorbit (3430) :Frame  695 :Surface  532 )"
11702269416,16653125,Display 1,533,"Direct to Display (Surface  533 ,  iospbrorbit (3430) :Frame  696 :Surface  533 )"
11718922541,16643334,Display 1,529,"Direct to Display (Surface  529 ,  iospbrorbit (3430) :Frame  697 :Surface  529 )"
11735565875,16641583,Display 1,532,"Direct to Display (Surface  532 ,  iospbrorbit (3430) :Frame  698 :Surface  532 )"
11752207458,16647792,Display 1,533,"Direct to Display (Surface  533 ,  iospbrorbit (3430) :Frame  699 :Surface  533 )"
11768855250,16649541,Display 1,529,"Direct to Display (Surface  529 ,  iospbrorbit (3430) :Frame  700 :Surface  529 )"
11785504791,16646709,Display 1,532,"Direct to Display (Surface  532 ,  iospbrorbit (3430) :Frame  701 :Surface  532 )"
11802151500,16647083,Display 1,533,"Direct to Display (Surface  533 ,  iospbrorbit (3430) :Frame  702 :Surface  533 )"
11818798583,16647167,Display 1,529,"Direct to Display (Surface  529 ,  iospbrorbit (3430) :Frame  703 :Surface  529 )"
11835445750,16649333,Display 1,532,"Direct to Display (Surface  532 ,  iospbrorbit (3430) :Frame  704 :Surface  532 )"
11852095083,16644958,Display 1,533,"Direct to Display (Surface  533 ,  iospbrorbit (3430) :Frame  705 :Surface  533 )"
11868740041,16647250,Display 1,529,"Direct to Display (Surface  529 ,  iospbrorbit (3430) :Frame  706 :Surface  529 )"
11885387291,16646709,Display 1,532,"Direct to Display (Surface  532 ,  iospbrorbit (3430) :Frame  707 :Surface  532 )"
11902034000,16648791,Display 1,533,"Direct to Display (Surface  533 ,  iospbrorbit (3430) :Frame  708 :Surface  533 )"
11918682791,16652625,Display 1,529,"Direct to Display (Surface  529 ,  iospbrorbit (3430) :Frame  709 :Surface  529 )"
11935335416,16645125,Display 1,532,"Direct to Display (Surface  532 ,  iospbrorbit (3430) :Frame  710 :Surface  532 )"
11951980541,16651084,Display 1,533,"Direct to Display (Surface  533 ,  iospbrorbit (3430) :Frame  711 :Surface  533 )"
11968631625,16643291,Display 1,529,"Direct to Display (Surface  529 ,  iospbrorbit (3430) :Frame  712 :Surface  529 )"
11985274916,16650334,Display 1,532,"Direct to Display (Surface  532 ,  iospbrorbit (3430) :Frame  713 :Surface  532 )"
12001925250,16648875,Display 1,533,"Direct to Display (Surface  533 ,  iospbrorbit (3430) :Frame  714 :Surface  533 )"
12018574125,16652958,Display 1,529,"Direct to Display (Surface  529 ,  iospbrorbit (3430) :Frame  715 :Surface  529 )"
12035227083,16632792,Display 1,532,"Direct to Display (Surface  532 ,  iospbrorbit (3430) :Frame  716 :Surface  532 )"
12051859875,16648458,Display 1,533,"Direct to Display (Surface  533 ,  iospbrorbit (3430) :Frame  717 :Surface  533 )"
12068508333,16651375,Display 1,529,"Direct to Display (Surface  529 ,  iospbrorbit (3430) :Frame  718 :Surface  529 )"
12085159708,16649333,Display 1,532,"Direct to Display (Surface  532 ,  iospbrorbit (3430) :Frame  719 :Surface  532 )"
12101809041,16642750,Display 1,533,"Direct to Display (Surface  533 ,  iospbrorbit (3430) :Frame  720 :Surface  533 )"
12118451791,16652209,Display 1,529,"Direct to Display (Surface  529 ,  iospbrorbit (3430) :Frame  721 :Surface  529 )"
12135104000,16660541,Display 1,532,"Direct to Display (Surface  532 ,  iospbrorbit (3430) :Frame  722 :Surface  532 )"
12151764541,16638959,Display 1,533,"Direct to Display (Surface  533 ,  iospbrorbit (3430) :Frame  723 :Surface  533 )"
12168403500,16647916,Display 1,529,"Direct to Display (Surface  529 ,  iospbrorbit (3430) :Frame  724 :Surface  529 )"
12185051416,16650334,Display 1,532,"Direct to Display (Surface  532 ,  iospbrorbit (3430) :Frame  725 :Surface  532 )"
12201701750,16644458,Display 1,533,"Direct to Display (Surface  533 ,  iospbrorbit (3430) :Frame  726 :Surface  533 )"
12218346208,16653250,Display 1,529,"Direct to Display (Surface  529 ,  iospbrorbit (3430) :Frame  727 :Surface  529 )"
12234999458,16644375,Display 1,532,"Direct to Display (Surface  532 ,  iospbrorbit (3430) :Frame  728 :Surface  532 )"
12251643833,16634708,Display 1,533,"Direct to Display (Surface  533 ,  iospbrorbit (3430) :Frame  729 :Surface  533 )"
12268278541,16659625,Display 1,529,"Direct to Display (Surface  529 ,  iospbrorbit (3430) :Frame  730 :Surface  529 )"
12284938166,16645834,Display 1,532,"Direct to Display (Surface  532 ,  iospbrorbit (3430) :Frame  731 :Surface  532 )"
12301584000,16652416,Display 1,533,"Direct to Display (Surface  533 ,  iospbrorbit (3430) :Frame  732 :Surface  533 )"
12318236416,16639292,Display 1,529,"Direct to Display (Surface  529 ,  iospbrorbit (3430) :Frame  733 :Surface  529 )"
12334875708,16647875,Display 1,532,"Direct to Display (Surface  532 ,  iospbrorbit (3430) :Frame  734 :Surface  532 )"
12351523583,16652125,Display 1,533,"Direct to Display (Surface  533 ,  iospbrorbit (3430) :Frame  735 :Surface  533 )"
12368175708,16647000,Display 1,529,"Direct to Display (Surface  529 ,  iospbrorbit (3430) :Frame  736 :Surface  529 )"
12384822708,16655750,Display 1,532,"Direct to Display (Surface  532 ,  iospbrorbit (3430) :Frame  737 :Surface  532 )"
12401478458,16637833,Display 1,533,"Direct to Display (Surface  533 ,  iospbrorbit (3430) :Frame  738 :Surface  533 )"
12418116291,16648750,Display 1,529,"Direct to Display (Surface  529 ,  iospbrorbit (3430) :Frame  739 :Surface  529 )"
12434765041,16642417,Display 1,532,"Direct to Display (Surface  532 ,  iospbrorbit (3430) :Frame  740 :Surface  532 )"
12451407458,16654083,Display 1,533,"Direct to Display (Surface  533 ,  iospbrorbit (3430) :Frame  741 :Surface  533 )"
12468061541,16647709,Display 1,529,"Direct to Display (Surface  529 ,  iospbrorbit (3430) :Frame  742 :Surface  529 )"
12484709250,16652083,Display 1,532,"Direct to Display (Surface  532 ,  iospbrorbit (3430) :Frame  743 :Surface  532 )"
12501361333,16642875,Display 1,533,"Direct to Display (Surface  533 ,  iospbrorbit (3430) :Frame  744 :Surface  533 )"
12518004208,16651333,Display 1,529,"Direct to Display (Surface  529 ,  iospbrorbit (3430) :Frame  745 :Surface  529 )"
12534655541,16647917,Display 1,532,"Direct to Display (Surface  532 ,  iospbrorbit (3430) :Frame  746 :Surface  532 )"
12551303458,16646375,Display 1,533,"Direct to Display (Surface  533 ,  iospbrorbit (3430) :Frame  747 :Surface  533 )"
12567949833,16644000,Display 1,529,"Direct to Display (Surface  529 ,  iospbrorbit (3430) :Frame  748 :Surface  529 )"
12584593833,16642958,Display 1,532,"Direct to Display (Surface  532 ,  iospbrorbit (3430) :Frame  749 :Surface  532 )"
12601236791,16653000,Display 1,533,"Direct to Display (Surface  533 ,  iospbrorbit (3430) :Frame  750 :Surface  533 )"
12617889791,16655500,Display 1,529,"Direct to Display (Surface  529 ,  iospbrorbit (3430) :Frame  751 :Surface  529 )"
12634545291,16645584,Display 1,532,"Direct to Display (Surface  532 ,  iospbrorbit (3430) :Frame  752 :Surface  532 )"
12651190875,16638875,Display 1,533,"Direct to Display (Surface  533 ,  iospbrorbit (3430) :Frame  753 :Surface  533 )"
12667829750,16647625,Display 1,529,"Direct to Display (Surface  529 ,  iospbrorbit (3430) :Frame  754 :Surface  529 )"
12684477375,16659750,Display 1,532,"Direct to Display (Surface  532 ,  iospbrorbit (3430) :Frame  755 :Surface  532 )"
12701137125,16640250,Display 1,533,"Direct to Display (Surface  533 ,  iospbrorbit (3430) :Frame  756 :Surface  533 )"
12717777375,16652708,Display 1,529,"Direct to Display (Surface  529 ,  iospbrorbit (3430) :Frame  757 :Surface  529 )"
12734430083,16645250,Display 1,532,"Direct to Display (Surface  532 ,  iospbrorbit (3430) :Frame  758 :Surface  532 )"
12751075333,16641708,Display 1,533,"Direct to Display (Surface  533 ,  iospbrorbit (3430) :Frame  759 :Surface  533 )"
12767717041,16653792,Display 1,529,"Direct to Display (Surface  529 ,  iospbrorbit (3430) :Frame  760 :Surface  529 )"
12784370833,16645083,Display 1,532,"Direct to Display (Surface  532 ,  iospbrorbit (3430) :Frame  761 :Surface  532 )"
12801015916,16653375,Display 1,533,"Direct to Display (Surface  533 ,  iospbrorbit (3430) :Frame  762 :Surface  533 )"
12817669291,16639000,Display 1,529,"Direct to Display (Surface  529 ,  iospbrorbit (3430) :Frame  763 :Surface  529 )"
12834308291,16652792,Display 1,532,"Direct to Display (Surface  532 ,  iospbrorbit (3430) :Frame  764 :Surface  532 )"
12850961083,16649333,Display 1,533,"Direct to Display (Surface  533 ,  iospbrorbit (3430) :Frame  765 :Surface  533 )"
12867610416,16650292,Display 1,529,"Direct to Display (Surface  529 ,  iospbrorbit (3430) :Frame  766 :Surface  529 )"
12884260708,16644083,Display 1,532,"Direct to Display (Surface  532 ,  iospbrorbit (3430) :Frame  767 :Surface  532 )"
12900904791,16646000,Display 1,533,"Direct to Display (Surface  533 ,  iospbrorbit (3430) :Frame  768 :Surface  533 )"
12917550791,16649042,Display 1,529,"Direct to Display (Surface  529 ,  iospbrorbit (3430) :Frame  769 :Surface  529 )"
12934199833,16651583,Display 1,532,"Direct to Display (Surface  532 ,  iospbrorbit (3430) :Frame  770 :Surface  532 )"
12950851416,16637042,Display 1,533,"Direct to Display (Surface  533 ,  iospbrorbit (3430) :Frame  771 :Surface  533 )"
12967488458,16652792,Display 1,529,"Direct to Display (Surface  529 ,  iospbrorbit (3430) :Frame  772 :Surface  529 )"
12984141250,16653041,Display 1,532,"Direct to Display (Surface  532 ,  iospbrorbit (3430) :Frame  773 :Surface  532 )"
13000794291,16646625,Display 1,533,"Direct to Display (Surface  533 ,  iospbrorbit (3430) :Frame  774 :Surface  533 )"
13017440916,16644250,Display 1,529,"Direct to Display (Surface  529 ,  iospbrorbit (3430) :Frame  775 :Surface  529 )"
13034085166,16652917,Display 1,532,"Direct to Display (Surface  532 ,  iospbrorbit (3430) :Frame  776 :Surface  532 )"
13050738083,16640000,Display 1,533,"Direct to Display (Surface  533 ,  iospbrorbit (3430) :Frame  777 :Surface  533 )"
13067378083,16646917,Display 1,529,"Direct to Display (Surface  529 ,  iospbrorbit (3430) :Frame  778 :Surface  529 )"
13084025000,16647291,Display 1,532,"Direct to Display (Surface  532 ,  iospbrorbit (3430) :Frame  779 :Surface  532 )"
13100672291,16645250,Display 1,533,"Direct to Display (Surface  533 ,  iospbrorbit (3430) :Frame  780 :Surface  533 )"
13117317541,16640625,Display 1,529,"Direct to Display (Surface  529 ,  iospbrorbit (3430) :Frame  781 :Surface  529 )"
13133958166,16657792,Display 1,532,"Direct to Display (Surface  532 ,  iospbrorbit (3430) :Frame  782 :Surface  532 )"
13150615958,16646167,Display 1,533,"Direct to Display (Surface  533 ,  iospbrorbit (3430) :Frame  783 :Surface  533 )"
13167262125,16645375,Display 1,529,"Direct to Display (Surface  529 ,  iospbrorbit (3430) :Frame  784 :Surface  529 )"
13183907500,16645916,Display 1,532,"Direct to Display (Surface  532 ,  iospbrorbit (3430) :Frame  785 :Surface  532 )"
13200553416,16649959,Display 1,533,"Direct to Display (Surface  533 ,  iospbrorbit (3430) :Frame  786 :Surface  533 )"
13217203375,16647333,Display 1,529,"Direct to Display (Surface  529 ,  iospbrorbit (3430) :Frame  787 :Surface  529 )"
13233850708,16639917,Display 1,532,"Direct to Display (Surface  532 ,  iospbrorbit (3430) :Frame  788 :Surface  532 )"
13250490625,16658916,Display 1,533,"Direct to Display (Surface  533 ,  iospbrorbit (3430) :Frame  789 :Surface  533 )"
13267149541,16637542,Display 1,529,"Direct to Display (Surface  529 ,  iospbrorbit (3430) :Frame  790 :Surface  529 )"
13283787083,16658583,Display 1,532,"Direct to Display (Surface  532 ,  iospbrorbit (3430) :Frame  791 :Surface  532 )"
13300445666,16633334,Display 1,533,"Direct to Display (Surface  533 ,  iospbrorbit (3430) :Frame  792 :Surface  533 )"
13317079000,16646708,Display 1,529,"Direct to Display (Surface  529 ,  iospbrorbit (3430) :Frame  793 :Surface  529 )"
13333725708,16657625,Display 1,532,"Direct to Display (Surface  532 ,  iospbrorbit (3430) :Frame  794 :Surface  532 )"
13350383333,16648167,Display 1,533,"Direct to Display (Surface  533 ,  iospbrorbit (3430) :Frame  795 :Surface  533 )"
13367031500,16637833,Display 1,529,"Direct to Display (Surface  529 ,  iospbrorbit (3430) :Frame  796 :Surface  529 )"
13383669333,16654583,Display 1,532,"Direct to Display (Surface  532 ,  iospbrorbit (3430) :Frame  797 :Surface  532 )"
13400323916,16646000,Display 1,533,"Direct to Display (Surface  533 ,  iospbrorbit (3430) :Frame  798 :Surface  533 )"
13416969916,16652375,Display 1,529,"Direct to Display (Surface  529 ,  iospbrorbit (3430) :Frame  799 :Surface  529 )"
13433622291,16651459,Display 1,532,"Direct to Display (Surface  532 ,  iospbrorbit (3430) :Frame  800 :Surface  532 )"
13450273750,16639875,Display 1,533,"Direct to Display (Surface  533 ,  iospbrorbit (3430) :Frame  801 :Surface  533 )"
13466913625,16654791,Display 1,529,"Direct to Display (Surface  529 ,  iospbrorbit (3430) :Frame  802 :Surface  529 )"
13483568416,16643584,Display 1,532,"Direct to Display (Surface  532 ,  iospbrorbit (3430) :Frame  803 :Surface  532 )"
13500212000,16653041,Display 1,533,"Direct to Display (Surface  533 ,  iospbrorbit (3430) :Frame  804 :Surface  533 )"
13516865041,16645459,Display 1,529,"Direct to Display (Surface  529 ,  iospbrorbit (3430) :Frame  805 :Surface  529 )"
13533510500,16652208,Display 1,532,"Direct to Display (Surface  532 ,  iospbrorbit (3430) :Frame  806 :Surface  532 )"
13550162708,16645125,Display 1,533,"Direct to Display (Surface  533 ,  iospbrorbit (3430) :Frame  807 :Surface  533 )"
13566807833,16647583,Display 1,529,"Direct to Display (Surface  529 ,  iospbrorbit (3430) :Frame  808 :Surface  529 )"
13583455416,16645750,Display 1,532,"Direct to Display (Surface  532 ,  iospbrorbit (3430) :Frame  809 :Surface  532 )"
13600101166,16656417,Display 1,533,"Direct to Display (Surface  533 ,  iospbrorbit (3430) :Frame  810 :Surface  533 )"
13616757583,16641917,Display 1,529,"Direct to Display (Surface  529 ,  iospbrorbit (3430) :Frame  811 :Surface  529 )"
13633399500,16650958,Display 1,532,"Direct to Display (Surface  532 ,  iospbrorbit (3430) :Frame  812 :Surface  532 )"
13650050458,16647833,Display 1,533,"Direct to Display (Surface  533 ,  iospbrorbit (3430) :Frame  813 :Surface  533 )"
13666698291,16645042,Display 1,529,"Direct to Display (Surface  529 ,  iospbrorbit (3430) :Frame  814 :Surface  529 )"
13683343333,16649125,Display 1,532,"Direct to Display (Surface  532 ,  iospbrorbit (3430) :Frame  815 :Surface  532 )"
13699992458,16649167,Display 1,533,"Direct to Display (Surface  533 ,  iospbrorbit (3430) :Frame  816 :Surface  533 )"
13716641625,16645958,Display 1,529,"Direct to Display (Surface  529 ,  iospbrorbit (3430) :Frame  817 :Surface  529 )"
13733287583,16645583,Display 1,532,"Direct to Display (Surface  532 ,  iospbrorbit (3430) :Frame  818 :Surface  532 )"
13749933166,16642125,Display 1,533,"Direct to Display (Surface  533 ,  iospbrorbit (3430) :Frame  819 :Surface  533 )"
13766575291,16655167,Display 1,529,"Direct to Display (Surface  529 ,  iospbrorbit (3430) :Frame  820 :Surface  529 )"
13783230458,16640208,Display 1,532,"Direct to Display (Surface  532 ,  iospbrorbit (3430) :Frame  821 :Surface  532 )"
13799870666,16654750,Display 1,533,"Direct to Display (Surface  533 ,  iospbrorbit (3430) :Frame  822 :Surface  533 )"
13816525416,16651084,Display 1,529,"Direct to Display (Surface  529 ,  iospbrorbit (3430) :Frame  823 :Surface  529 )"
13833176500,16648166,Display 1,532,"Direct to Display (Surface  532 ,  iospbrorbit (3430) :Frame  824 :Surface  532 )"
13849824666,16639042,Display 1,533,"Direct to Display (Surface  533 ,  iospbrorbit (3430) :Frame  825 :Surface  533 )"
13866463708,16646542,Display 1,529,"Direct to Display (Surface  529 ,  iospbrorbit (3430) :Frame  826 :Surface  529 )"
13883110250,16651041,Display 1,532,"Direct to Display (Surface  532 ,  iospbrorbit (3430) :Frame  827 :Surface  532 )"
13899761291,16646042,Display 1,533,"Direct to Display (Surface  533 ,  iospbrorbit (3430) :Frame  828 :Surface  533 )"
13916407333,16645750,Display 1,529,"Direct to Display (Surface  529 ,  iospbrorbit (3430) :Frame  829 :Surface  529 )"
13933053083,16648500,Display 1,532,"Direct to Display (Surface  532 ,  iospbrorbit (3430) :Frame  830 :Surface  532 )"
13949701583,16647292,Display 1,533,"Direct to Display (Surface  533 ,  iospbrorbit (3430) :Frame  831 :Surface  533 )"
13966348875,16647125,Display 1,529,"Direct to Display (Surface  529 ,  iospbrorbit (3430) :Frame  832 :Surface  529 )"
13982996000,16647875,Display 1,532,"Direct to Display (Surface  532 ,  iospbrorbit (3430) :Frame  833 :Surface  532 )"
13999643875,16647583,Display 1,533,"Direct to Display (Surface  533 ,  iospbrorbit (3430) :Frame  834 :Surface  533 )"
14016291458,16648250,Display 1,529,"Direct to Display (Surface  529 ,  iospbrorbit (3430) :Frame  835 :Surface  529 )"
14032939708,16653500,Display 1,532,"Direct to Display (Surface  532 ,  iospbrorbit (3430) :Frame  836 :Surface  532 )"
14049593208,16648167,Display 1,533,"Direct to Display (Surface  533 ,  iospbrorbit (3430) :Frame  837 :Surface  533 )"
14066241375,16642583,Display 1,529,"Direct to Display (Surface  529 ,  iospbrorbit (3430) :Frame  838 :Surface  529 )"
14082883958,16651167,Display 1,532,"Direct to Display (Surface  532 ,  iospbrorbit (3430) :Frame  839 :Surface  532 )"
14099535125,16636125,Display 1,533,"Direct to Display (Surface  533 ,  iospbrorbit (3430) :Frame  840 :Surface  533 )"
14116171250,16648583,Display 1,529,"Direct to Display (Surface  529 ,  iospbrorbit (3430) :Frame  841 :Surface  529 )"
14132819833,16651417,Display 1,532,"Direct to Display (Surface  532 ,  iospbrorbit (3430) :Frame  842 :Surface  532 )"
14149471250,16657083,Display 1,533,"Direct to Display (Surface  533 ,  iospbrorbit (3430) :Frame  843 :Surface  533 )"
14166128333,16641292,Display 1,529,"Direct to Display (Surface  529 ,  iospbrorbit (3430) :Frame  844 :Surface  529 )"
14182769625,16645791,Display 1,532,"Direct to Display (Surface  532 ,  iospbrorbit (3430) :Frame  845 :Surface  532 )"
14199415416,16658125,Display 1,533,"Direct to Display (Surface  533 ,  iospbrorbit (3430) :Frame  846 :Surface  533 )"
14216073541,16638584,Display 1,529,"Direct to Display (Surface  529 ,  iospbrorbit (3430) :Frame  847 :Surface  529 )"
14232712125,16652208,Display 1,532,"Direct to Display (Surface  532 ,  iospbrorbit (3430) :Frame  848 :Surface  532 )"
14249364333,16644792,Display 1,533,"Direct to Display (Surface  533 ,  iospbrorbit (3430) :Frame  849 :Surface  533 )"
14266009125,16647958,Display 1,529,"Direct to Display (Surface  529 ,  iospbrorbit (3430) :Frame  850 :Surface  529 )"
14282657083,16647333,Display 1,532,"Direct to Display (Surface  532 ,  iospbrorbit (3430) :Frame  851 :Surface  532 )"
14299304416,16652500,Display 1,533,"Direct to Display (Surface  533 ,  iospbrorbit (3430) :Frame  852 :Surface  533 )"
14315956916,16644500,Display 1,529,"Direct to Display (Surface  529 ,  iospbrorbit (3430) :Frame  853 :Surface  529 )"
14332601416,16648625,Display 1,532,"Direct to Display (Surface  532 ,  iospbrorbit (3430) :Frame  854 :Surface  532 )"
14349250041,16645792,Display 1,533,"Direct to Display (Surface  533 ,  iospbrorbit (3430) :Frame  855 :Surface  533 )"
14365895833,16649208,Display 1,529,"Direct to Display (Surface  529 ,  iospbrorbit (3430) :Frame  856 :Surface  529 )"
14382545041,16648625,Display 1,532,"Direct to Display (Surface  532 ,  iospbrorbit (3430) :Frame  857 :Surface  532 )"
14399193666,16651667,Display 1,533,"Direct to Display (Surface  533 ,  iospbrorbit (3430) :Frame  858 :Surface  533 )"
14415845333,16638583,Display 1,529,"Direct to Display (Surface  529 ,  iospbrorbit (3430) :Frame  859 :Surface  529 )"
14432483916,16655125,Display 1,532,"Direct to Display (Surface  532 ,  iospbrorbit (3430) :Frame  860 :Surface  532 )"
14449139041,16643084,Display 1,533,"Direct to Display (Surface  533 ,  iospbrorbit (3430) :Frame  861 :Surface  533 )"
14465782125,16659291,Display 1,529,"Direct to Display (Surface  529 ,  iospbrorbit (3430) :Frame  862 :Surface  529 )"
14482441416,16646625,Display 1,532,"Direct to Display (Surface  532 ,  iospbrorbit (3430) :Frame  863 :Surface  532 )"
14499088041,16642667,Display 1,533,"Direct to Display (Surface  533 ,  iospbrorbit (3430) :Frame  864 :Surface  533 )"
14515730708,16653250,Display 1,529,"Direct to Display (Surface  529 ,  iospbrorbit (3430) :Frame  865 :Surface  529 )"
14532383958,16644500,Display 1,532,"Direct to Display (Surface  532 ,  iospbrorbit (3430) :Frame  866 :Surface  532 )"
14549028458,16651000,Display 1,533,"Direct to Display (Surface  533 ,  iospbrorbit (3430) :Frame  867 :Surface  533 )"
14565679458,16647208,Display 1,529,"Direct to Display (Surface  529 ,  iospbrorbit (3430) :Frame  868 :Surface  529 )"
14582326666,16651375,Display 1,532,"Direct to Display (Surface  532 ,  iospbrorbit (3430) :Frame  869 :Surface  532 )"
14598978041,16641250,Display 1,533,"Direct to Display (Surface  533 ,  iospbrorbit (3430) :Frame  870 :Surface  533 )"
14615619291,16655959,Display 1,529,"Direct to Display (Surface  529 ,  iospbrorbit (3430) :Frame  871 :Surface  529 )"
14632275250,16643166,Display 1,532,"Direct to Display (Surface  532 ,  iospbrorbit (3430) :Frame  872 :Surface  532 )"
14648918416,16647709,Display 1,533,"Direct to Display (Surface  533 ,  iospbrorbit (3430) :Frame  873 :Surface  533 )"
14665566125,16635083,Display 1,529,"Direct to Display (Surface  529 ,  iospbrorbit (3430) :Frame  874 :Surface  529 )"
14682201208,16656458,Display 1,532,"Direct to Display (Surface  532 ,  iospbrorbit (3430) :Frame  875 :Surface  532 )"
14698857666,16645334,Display 1,533,"Direct to Display (Surface  533 ,  iospbrorbit (3430) :Frame  876 :Surface  533 )"
14715503000,16646458,Display 1,529,"Direct to Display (Surface  529 ,  iospbrorbit (3430) :Frame  877 :Surface  529 )"
14732149458,16639708,Display 1,532,"Direct to Display (Surface  532 ,  iospbrorbit (3430) :Frame  878 :Surface  532 )"
14748789166,16655459,Display 1,533,"Direct to Display (Surface  533 ,  iospbrorbit (3430) :Frame  879 :Surface  533 )"
14765444625,16643875,Display 1,529,"Direct to Display (Surface  529 ,  iospbrorbit (3430) :Frame  880 :Surface  529 )"
14782088500,16641166,Display 1,532,"Direct to Display (Surface  532 ,  iospbrorbit (3430) :Frame  881 :Surface  532 )"
14798729666,33299500,Display 1,533,"Direct to Display (Surface  533 ,  iospbrorbit (3430) :Frame  882 :Surface  533 )"
14832029166,16643500,Display 1,532,"Direct to Display (Surface  532 ,  iospbrorbit (3430) :Frame  883 :Surface  532 )"
14848672666,16648125,Display 1,529,"Direct to Display (Surface  529 ,  iospbrorbit (3430) :Frame  884 :Surface  529 )"
14865320791,16656667,Display 1,533,"Direct to Display (Surface  533 ,  iospbrorbit (3430) :Frame  885 :Surface  533 )"
14881977458,16646917,Display 1,532,"Direct to Display (Surface  532 ,  iospbrorbit (3430) :Frame  886 :Surface  532 )"
14898624375,16643458,Display 1,529,"Direct to Display (Surface  529 ,  iospbrorbit (3430) :Frame  887 :Surface  529 )"
14915267833,16651042,Display 1,533,"Direct to Display (Surface  533 ,  iospbrorbit (3430) :Frame  888 :Surface  533 )"
14931918875,16639625,Display 1,532,"Direct to Display (Surface  532 ,  iospbrorbit (3430) :Frame  889 :Surface  532 )"
14948558500,16653541,Display 1,529,"Direct to Display (Surface  529 ,  iospbrorbit (3430) :Frame  890 :Surface  529 )"
14965212041,16636000,Display 1,533,"Direct to Display (Surface  533 ,  iospbrorbit (3430) :Frame  891 :Surface  533 )"
14981848041,16653125,Display 1,532,"Direct to Display (Surface  532 ,  iospbrorbit (3430) :Frame  892 :Surface  532 )"
14998501166,16648209,Display 1,529,"Direct to Display (Surface  529 ,  iospbrorbit (3430) :Frame  893 :Surface  529 )"
15015149375,16648333,Display 1,533,"Direct to Display (Surface  533 ,  iospbrorbit (3430) :Frame  894 :Surface  533 )"
15031797708,16647917,Display 1,532,"Direct to Display (Surface  532 ,  iospbrorbit (3430) :Frame  895 :Surface  532 )"
15048445625,16649375,Display 1,529,"Direct to Display (Surface  529 ,  iospbrorbit (3430) :Frame  896 :Surface  529 )"
15065095000,16648833,Display 1,533,"Direct to Display (Surface  533 ,  iospbrorbit (3430) :Frame  897 :Surface  533 )"
15081743833,16647667,Display 1,532,"Direct to Display (Surface  532 ,  iospbrorbit (3430) :Frame  898 :Surface  532 )"
15098391500,16642375,Display 1,529,"Direct to Display (Surface  529 ,  iospbrorbit (3430) :Frame  899 :Surface  529 )"
15115033875,16653833,Display 1,533,"Direct to Display (Surface  533 ,  iospbrorbit (3430) :Frame  900 :Surface  533 )"
15131687708,16658750,Display 1,532,"Direct to Display (Surface  532 ,  iospbrorbit (3430) :Frame  901 :Surface  532 )"
15148346458,16649125,Display 1,529,"Direct to Display (Surface  529 ,  iospbrorbit (3430) :Frame  902 :Surface  529 )"
15164995583,16641875,Display 1,533,"Direct to Display (Surface  533 ,  iospbrorbit (3430) :Frame  903 :Surface  533 )"
15181637458,16652750,Display 1,532,"Direct to Display (Surface  532 ,  iospbrorbit (3430) :Frame  904 :Surface  532 )"
15198290208,16645125,Display 1,529,"Direct to Display (Surface  529 ,  iospbrorbit (3430) :Frame  905 :Surface  529 )"
15214935333,16648500,Display 1,533,"Direct to Display (Surface  533 ,  iospbrorbit (3430) :Frame  906 :Surface  533 )"
15231583833,16634958,Display 1,532,"Direct to Display (Surface  532 ,  iospbrorbit (3430) :Frame  907 :Surface  532 )"
15248218791,16653667,Display 1,529,"Direct to Display (Surface  529 ,  iospbrorbit (3430) :Frame  908 :Surface  529 )"
15264872458,16645292,Display 1,533,"Direct to Display (Surface  533 ,  iospbrorbit (3430) :Frame  909 :Surface  533 )"
15281517750,16645916,Display 1,532,"Direct to Display (Surface  532 ,  iospbrorbit (3430) :Frame  910 :Surface  532 )"
15298163666,16648500,Display 1,529,"Direct to Display (Surface  529 ,  iospbrorbit (3430) :Frame  911 :Surface  529 )"
15314812166,16648834,Display 1,533,"Direct to Display (Surface  533 ,  iospbrorbit (3430) :Frame  912 :Surface  533 )"
15331461000,16653083,Display 1,532,"Direct to Display (Surface  532 ,  iospbrorbit (3430) :Frame  913 :Surface  532 )"
15348114083,16645167,Display 1,529,"Direct to Display (Surface  529 ,  iospbrorbit (3430) :Frame  914 :Surface  529 )"
15364759250,16644291,Display 1,533,"Direct to Display (Surface  533 ,  iospbrorbit (3430) :Frame  915 :Surface  533 )"
15381403541,16646750,Display 1,532,"Direct to Display (Surface  532 ,  iospbrorbit (3430) :Frame  916 :Surface  532 )"
15398050291,16643709,Display 1,529,"Direct to Display (Surface  529 ,  iospbrorbit (3430) :Frame  917 :Surface  529 )"
15414694000,16645833,Display 1,533,"Direct to Display (Surface  533 ,  iospbrorbit (3430) :Frame  918 :Surface  533 )"
15431339833,16645083,Display 1,532,"Direct to Display (Surface  532 ,  iospbrorbit (3430) :Frame  919 :Surface  532 )"
15447984916,16636417,Display 1,529,"Direct to Display (Surface  529 ,  iospbrorbit (3430) :Frame  920 :Surface  529 )"
15464621333,16655583,Display 1,533,"Direct to Display (Surface  533 ,  iospbrorbit (3430) :Frame  921 :Surface  533 )"
15481276916,16645625,Display 1,532,"Direct to Display (Surface  532 ,  iospbrorbit (3430) :Frame  922 :Surface  532 )"
15497922541,16647084,Display 1,529,"Direct to Display (Surface  529 ,  iospbrorbit (3430) :Frame  923 :Surface  529 )"
15514569625,16649333,Display 1,533,"Direct to Display (Surface  533 ,  iospbrorbit (3430) :Frame  924 :Surface  533 )"
15531218958,16642250,Display 1,532,"Direct to Display (Surface  532 ,  iospbrorbit (3430) :Frame  925 :Surface  532 )"
15547861208,16641917,Display 1,529,"Direct to Display (Surface  529 ,  iospbrorbit (3430) :Frame  926 :Surface  529 )"
15564503125,16655208,Display 1,533,"Direct to Display (Surface  533 ,  iospbrorbit (3430) :Frame  927 :Surface  533 )"
15581158333,16641792,Display 1,532,"Direct to Display (Surface  532 ,  iospbrorbit (3430) :Frame  928 :Surface  532 )"
15597800125,16647833,Display 1,529,"Direct to Display (Surface  529 ,  iospbrorbit (3430) :Frame  929 :Surface  529 )"
15614447958,16639333,Display 1,533,"Direct to Display (Surface  533 ,  iospbrorbit (3430) :Frame  930 :Surface  533 )"
15631087291,16646792,Display 1,532,"Direct to Display (Surface  532 ,  iospbrorbit (3430) :Frame  931 :Surface  532 )"
15647734083,16645792,Display 1,529,"Direct to Display (Surface  529 ,  iospbrorbit (3430) :Frame  932 :Surface  529 )"
15664379875,16646958,Display 1,533,"Direct to Display (Surface  533 ,  iospbrorbit (3430) :Frame  933 :Surface  533 )"
15681026833,16646250,Display 1,532,"Direct to Display (Surface  532 ,  iospbrorbit (3430) :Frame  934 :Surface  532 )"
15697673083,16651125,Display 1,529,"Direct to Display (Surface  529 ,  iospbrorbit (3430) :Frame  935 :Surface  529 )"
15714324208,16643250,Display 1,533,"Direct to Display (Surface  533 ,  iospbrorbit (3430) :Frame  936 :Surface  533 )"
15730967458,16650500,Display 1,532,"Direct to Display (Surface  532 ,  iospbrorbit (3430) :Frame  937 :Surface  532 )"
15747617958,16640792,Display 1,529,"Direct to Display (Surface  529 ,  iospbrorbit (3430) :Frame  938 :Surface  529 )"
15764258750,16641625,Display 1,533,"Direct to Display (Surface  533 ,  iospbrorbit (3430) :Frame  939 :Surface  533 )"
15780900375,16650916,Display 1,532,"Direct to Display (Surface  532 ,  iospbrorbit (3430) :Frame  940 :Surface  532 )"
15797551291,16645959,Display 1,529,"Direct to Display (Surface  529 ,  iospbrorbit (3430) :Frame  941 :Surface  529 )"
15814197250,16648958,Display 1,533,"Direct to Display (Surface  533 ,  iospbrorbit (3430) :Frame  942 :Surface  533 )"
15830846208,16641833,Display 1,532,"Direct to Display (Surface  532 ,  iospbrorbit (3430) :Frame  943 :Surface  532 )"
15847488041,16642250,Display 1,529,"Direct to Display (Surface  529 ,  iospbrorbit (3430) :Frame  944 :Surface  529 )"
15864130291,16645917,Display 1,533,"Direct to Display (Surface  533 ,  iospbrorbit (3430) :Frame  945 :Surface  533 )"
15880776208,16647542,Display 1,532,"Direct to Display (Surface  532 ,  iospbrorbit (3430) :Frame  946 :Surface  532 )"
15897423750,16646333,Display 1,529,"Direct to Display (Surface  529 ,  iospbrorbit (3430) :Frame  947 :Surface  529 )"
15914070083,16634042,Display 1,533,"Direct to Display (Surface  533 ,  iospbrorbit (3430) :Frame  948 :Surface  533 )"
15930704125,16649291,Display 1,532,"Direct to Display (Surface  532 ,  iospbrorbit (3430) :Frame  949 :Surface  532 )"
15947353416,16650250,Display 1,529,"Direct to Display (Surface  529 ,  iospbrorbit (3430) :Frame  950 :Surface  529 )"
15964003666,16642459,Display 1,533,"Direct to Display (Surface  533 ,  iospbrorbit (3430) :Frame  951 :Surface  533 )"
15980646125,16649833,Display 1,532,"Direct to Display (Surface  532 ,  iospbrorbit (3430) :Frame  952 :Surface  532 )"
15997295958,16651958,Display 1,529,"Direct to Display (Surface  529 ,  iospbrorbit (3430) :Frame  953 :Surface  529 )"
16013947916,16635250,Display 1,533,"Direct to Display (Surface  533 ,  iospbrorbit (3430) :Frame  954 :Surface  533 )"
16030583166,16640500,Display 1,532,"Direct to Display (Surface  532 ,  iospbrorbit (3430) :Frame  955 :Surface  532 )"
16047223666,16651542,Display 1,529,"Direct to Display (Surface  529 ,  iospbrorbit (3430) :Frame  956 :Surface  529 )"
16063875208,16643625,Display 1,533,"Direct to Display (Surface  533 ,  iospbrorbit (3430) :Frame  957 :Surface  533 )"
16080518833,16642542,Display 1,532,"Direct to Display (Surface  532 ,  iospbrorbit (3430) :Frame  958 :Surface  532 )"
16097161375,16644333,Display 1,529,"Direct to Display (Surface  529 ,  iospbrorbit (3430) :Frame  959 :Surface  529 )"
16113805708,16648708,Display 1,533,"Direct to Display (Surface  533 ,  iospbrorbit (3430) :Frame  960 :Surface  533 )"
16130454416,16635292,Display 1,532,"Direct to Display (Surface  532 ,  iospbrorbit (3430) :Frame  961 :Surface  532 )"
16147089708,16656708,Display 1,529,"Direct to Display (Surface  529 ,  iospbrorbit (3430) :Frame  962 :Surface  529 )"
16163746416,16638459,Display 1,533,"Direct to Display (Surface  533 ,  iospbrorbit (3430) :Frame  963 :Surface  533 )"
16180384875,16651208,Display 1,532,"Direct to Display (Surface  532 ,  iospbrorbit (3430) :Frame  964 :Surface  532 )"
16197036083,16645625,Display 1,529,"Direct to Display (Surface  529 ,  iospbrorbit (3430) :Frame  965 :Surface  529 )"
16213681708,16645333,Display 1,533,"Direct to Display (Surface  533 ,  iospbrorbit (3430) :Frame  966 :Surface  533 )"
16230327041,16644875,Display 1,532,"Direct to Display (Surface  532 ,  iospbrorbit (3430) :Frame  967 :Surface  532 )"
16246971916,16646292,Display 1,529,"Direct to Display (Surface  529 ,  iospbrorbit (3430) :Frame  968 :Surface  529 )"
16263618208,16648708,Display 1,533,"Direct to Display (Surface  533 ,  iospbrorbit (3430) :Frame  969 :Surface  533 )"
16280266916,16648750,Display 1,532,"Direct to Display (Surface  532 ,  iospbrorbit (3430) :Frame  970 :Surface  532 )"
16296915666,16645292,Display 1,529,"Direct to Display (Surface  529 ,  iospbrorbit (3430) :Frame  971 :Surface  529 )"
16313560958,16644875,Display 1,533,"Direct to Display (Surface  533 ,  iospbrorbit (3430) :Frame  972 :Surface  533 )"
16330205833,16642250,Display 1,532,"Direct to Display (Surface  532 ,  iospbrorbit (3430) :Frame  973 :Surface  532 )"
16346848083,16645500,Display 1,529,"Direct to Display (Surface  529 ,  iospbrorbit (3430) :Frame  974 :Surface  529 )"
16363493583,16650875,Display 1,533,"Direct to Display (Surface  533 ,  iospbrorbit (3430) :Frame  975 :Surface  533 )"
16380144458,16651167,Display 1,532,"Direct to Display (Surface  532 ,  iospbrorbit (3430) :Frame  976 :Surface  532 )"
16396795625,16646833,Display 1,529,"Direct to Display (Surface  529 ,  iospbrorbit (3430) :Frame  977 :Surface  529 )"
16413442458,16644417,Display 1,533,"Direct to Display (Surface  533 ,  iospbrorbit (3430) :Frame  978 :Surface  533 )"
16430086875,16655625,Display 1,532,"Direct to Display (Surface  532 ,  iospbrorbit (3430) :Frame  979 :Surface  532 )"
16446742500,16648833,Display 1,529,"Direct to Display (Surface  529 ,  iospbrorbit (3430) :Frame  980 :Surface  529 )"
16463391333,16649583,Display 1,533,"Direct to Display (Surface  533 ,  iospbrorbit (3430) :Frame  981 :Surface  533 )"
16480040916,16629667,Display 1,532,"Direct to Display (Surface  532 ,  iospbrorbit (3430) :Frame  982 :Surface  532 )"
16496670583,16652667,Display 1,529,"Direct to Display (Surface  529 ,  iospbrorbit (3430) :Frame  983 :Surface  529 )"
16513323250,16653458,Display 1,533,"Direct to Display (Surface  533 ,  iospbrorbit (3430) :Frame  984 :Surface  533 )"
16529976708,16651583,Display 1,532,"Direct to Display (Surface  532 ,  iospbrorbit (3430) :Frame  985 :Surface  532 )"
16546628291,16633459,Display 1,529,"Direct to Display (Surface  529 ,  iospbrorbit (3430) :Frame  986 :Surface  529 )"
16563261750,16659041,Display 1,533,"Direct to Display (Surface  533 ,  iospbrorbit (3430) :Frame  987 :Surface  533 )"
16579920791,16646000,Display 1,532,"Direct to Display (Surface  532 ,  iospbrorbit (3430) :Frame  988 :Surface  532 )"
16596566791,16641875,Display 1,529,"Direct to Display (Surface  529 ,  iospbrorbit (3430) :Frame  989 :Surface  529 )"
16613208666,16649750,Display 1,533,"Direct to Display (Surface  533 ,  iospbrorbit (3430) :Frame  990 :Surface  533 )"
16629858416,16645834,Display 1,532,"Direct to Display (Surface  532 ,  iospbrorbit (3430) :Frame  991 :Surface  532 )"
16646504250,16646666,Display 1,529,"Direct to Display (Surface  529 ,  iospbrorbit (3430) :Frame  992 :Surface  529 )"
16663150916,16653125,Display 1,533,"Direct to Display (Surface  533 ,  iospbrorbit (3430) :Frame  993 :Surface  533 )"
16679804041,16642792,Display 1,532,"Direct to Display (Surface  532 ,  iospbrorbit (3430) :Frame  994 :Surface  532 )"
16696446833,16659333,Display 1,529,"Direct to Display (Surface  529 ,  iospbrorbit (3430) :Frame  995 :Surface  529 )"
16713106166,16636042,Display 1,533,"Direct to Display (Surface  533 ,  iospbrorbit (3430) :Frame  996 :Surface  533 )"
16729742208,16646083,Display 1,532,"Direct to Display (Surface  532 ,  iospbrorbit (3430) :Frame  997 :Surface  532 )"
16746388291,16652084,Display 1,529,"Direct to Display (Surface  529 ,  iospbrorbit (3430) :Frame  998 :Surface  529 )"
16763040375,16641458,Display 1,533,"Direct to Display (Surface  533 ,  iospbrorbit (3430) :Frame  999 :Surface  533 )"
16779681833,16655958,Display 1,532,"Direct to Display (Surface  532 ,  iospbrorbit (3430) :Frame  1,000 :Surface  532 )"
16796337791,16646167,Display 1,529,"Direct to Display (Surface  529 ,  iospbrorbit (3430) :Frame  1,001 :Surface  529 )"
16812983958,16642833,Display 1,533,"Direct to Display (Surface  533 ,  iospbrorbit (3430) :Frame  1,002 :Surface  533 )"
16829626791,16653709,Display 1,532,"Direct to Display (Surface  532 ,  iospbrorbit (3430) :Frame  1,003 :Surface  532 )"
16846280500,16647583,Display 1,529,"Direct to Display (Surface  529 ,  iospbrorbit (3430) :Frame  1,004 :Surface  529 )"
16862928083,16644042,Display 1,533,"Direct to Display (Surface  533 ,  iospbrorbit (3430) :Frame  1,005 :Surface  533 )"
16879572125,16648458,Display 1,532,"Direct to Display (Surface  532 ,  iospbrorbit (3430) :Frame  1,006 :Surface  532 )"
16896220583,16649208,Display 1,529,"Direct to Display (Surface  529 ,  iospbrorbit (3430) :Frame  1,007 :Surface  529 )"
16912869791,16648417,Display 1,533,"Direct to Display (Surface  533 ,  iospbrorbit (3430) :Frame  1,008 :Surface  533 )"
16929518208,16653833,Display 1,532,"Direct to Display (Surface  532 ,  iospbrorbit (3430) :Frame  1,009 :Surface  532 )"
16946172041,16641917,Display 1,529,"Direct to Display (Surface  529 ,  iospbrorbit (3430) :Frame  1,010 :Surface  529 )"
16962813958,16650167,Display 1,533,"Direct to Display (Surface  533 ,  iospbrorbit (3430) :Frame  1,011 :Surface  533 )"
16979464125,16645291,Display 1,532,"Direct to Display (Surface  532 ,  iospbrorbit (3430) :Frame  1,012 :Surface  532 )"
16996109416,16647834,Display 1,529,"Direct to Display (Surface  529 ,  iospbrorbit (3430) :Frame  1,013 :Surface  529 )"
17012757250,16652375,Display 1,533,"Direct to Display (Surface  533 ,  iospbrorbit (3430) :Frame  1,014 :Surface  533 )"
17029409625,16646208,Display 1,532,"Direct to Display (Surface  532 ,  iospbrorbit (3430) :Frame  1,015 :Surface  532 )"
17046055833,16642625,Display 1,529,"Direct to Display (Surface  529 ,  iospbrorbit (3430) :Frame  1,016 :Surface  529 )"
17062698458,16653458,Display 1,533,"Direct to Display (Surface  533 ,  iospbrorbit (3430) :Frame  1,017 :Surface  533 )"
17079351916,16644625,Display 1,532,"Direct to Display (Surface  532 ,  iospbrorbit (3430) :Frame  1,018 :Surface  532 )"
17095996541,16648167,Display 1,529,"Direct to Display (Surface  529 ,  iospbrorbit (3430) :Frame  1,019 :Surface  529 )"
17112644708,16646500,Display 1,533,"Direct to Display (Surface  533 ,  iospbrorbit (3430) :Frame  1,020 :Surface  533 )"
17129291208,16649708,Display 1,532,"Direct to Display (Surface  532 ,  iospbrorbit (3430) :Frame  1,021 :Surface  532 )"
17145940916,16647792,Display 1,529,"Direct to Display (Surface  529 ,  iospbrorbit (3430) :Frame  1,022 :Surface  529 )"
17162588708,16647542,Display 1,533,"Direct to Display (Surface  533 ,  iospbrorbit (3430) :Frame  1,023 :Surface  533 )"
17179236250,16652791,Display 1,532,"Direct to Display (Surface  532 ,  iospbrorbit (3430) :Frame  1,024 :Surface  532 )"
17195889041,16647334,Display 1,529,"Direct to Display (Surface  529 ,  iospbrorbit (3430) :Frame  1,025 :Surface  529 )"
17212536375,16655375,Display 1,533,"Direct to Display (Surface  533 ,  iospbrorbit (3430) :Frame  1,026 :Surface  533 )"
17229191750,16643625,Display 1,532,"Direct to Display (Surface  532 ,  iospbrorbit (3430) :Frame  1,027 :Surface  532 )"
17245835375,16647958,Display 1,529,"Direct to Display (Surface  529 ,  iospbrorbit (3430) :Frame  1,028 :Surface  529 )"
17262483333,16653458,Display 1,533,"Direct to Display (Surface  533 ,  iospbrorbit (3430) :Frame  1,029 :Surface  533 )"
17279136791,16646875,Display 1,532,"Direct to Display (Surface  532 ,  iospbrorbit (3430) :Frame  1,030 :Surface  532 )"
17295783666,16631375,Display 1,529,"Direct to Display (Surface  529 ,  iospbrorbit (3430) :Frame  1,031 :Surface  529 )"
17312415041,16663250,Display 1,533,"Direct to Display (Surface  533 ,  iospbrorbit (3430) :Frame  1,032 :Surface  533 )"
17329078291,16637709,Display 1,532,"Direct to Display (Surface  532 ,  iospbrorbit (3430) :Frame  1,033 :Surface  532 )"
17345716000,16649291,Display 1,529,"Direct to Display (Surface  529 ,  iospbrorbit (3430) :Frame  1,034 :Surface  529 )"
17362365291,16649792,Display 1,533,"Direct to Display (Surface  533 ,  iospbrorbit (3430) :Frame  1,035 :Surface  533 )"
17379015083,16640917,Display 1,532,"Direct to Display (Surface  532 ,  iospbrorbit (3430) :Frame  1,036 :Surface  532 )"
17395656000,16655250,Display 1,529,"Direct to Display (Surface  529 ,  iospbrorbit (3430) :Frame  1,037 :Surface  529 )"
17412311250,16641291,Display 1,533,"Direct to Display (Surface  533 ,  iospbrorbit (3430) :Frame  1,038 :Surface  533 )"
17428952541,16658542,Display 1,532,"Direct to Display (Surface  532 ,  iospbrorbit (3430) :Frame  1,039 :Surface  532 )"
17445611083,16639667,Display 1,529,"Direct to Display (Surface  529 ,  iospbrorbit (3430) :Frame  1,040 :Surface  529 )"
17462250750,16649000,Display 1,533,"Direct to Display (Surface  533 ,  iospbrorbit (3430) :Frame  1,041 :Surface  533 )"
17478899750,16652583,Display 1,532,"Direct to Display (Surface  532 ,  iospbrorbit (3430) :Frame  1,042 :Surface  532 )"
17495552333,16650750,Display 1,529,"Direct to Display (Surface  529 ,  iospbrorbit (3430) :Frame  1,043 :Surface  529 )"
17512203083,16655625,Display 1,533,"Direct to Display (Surface  533 ,  iospbrorbit (3430) :Frame  1,044 :Surface  533 )"
17528858708,16645042,Display 1,532,"Direct to Display (Surface  532 ,  iospbrorbit (3430) :Frame  1,045 :Surface  532 )"
17545503750,16646291,Display 1,529,"Direct to Display (Surface  529 ,  iospbrorbit (3430) :Frame  1,046 :Surface  529 )"
17562150041,16642667,Display 1,533,"Direct to Display (Surface  533 ,  iospbrorbit (3430) :Frame  1,047 :Surface  533 )"
17578792708,16655542,Display 1,532,"Direct to Display (Surface  532 ,  iospbrorbit (3430) :Frame  1,048 :Surface  532 )"
17595448250,16646625,Display 1,529,"Direct to Display (Surface  529 ,  iospbrorbit (3430) :Frame  1,049 :Surface  529 )"
17612094875,16643208,Display 1,533,"Direct to Display (Surface  533 ,  iospbrorbit (3430) :Frame  1,050 :Surface  533 )"
17628738083,16660000,Display 1,532,"Direct to Display (Surface  532 ,  iospbrorbit (3430) :Frame  1,051 :Surface  532 )"
17645398083,16637875,Display 1,529,"Direct to Display (Surface  529 ,  iospbrorbit (3430) :Frame  1,052 :Surface  529 )"
17662035958,16649708,Display 1,533,"Direct to Display (Surface  533 ,  iospbrorbit (3430) :Frame  1,053 :Surface  533 )"
17678685666,16650167,Display 1,532,"Direct to Display (Surface  532 ,  iospbrorbit (3430) :Frame  1,054 :Surface  532 )"
17695335833,16649458,Display 1,529,"Direct to Display (Surface  529 ,  iospbrorbit (3430) :Frame  1,055 :Surface  529 )"
17711985291,16658375,Display 1,533,"Direct to Display (Surface  533 ,  iospbrorbit (3430) :Frame  1,056 :Surface  533 )"
17728643666,16655875,Display 1,532,"Direct to Display (Surface  532 ,  iospbrorbit (3430) :Frame  1,057 :Surface  532 )"
17745299541,16637167,Display 1,529,"Direct to Display (Surface  529 ,  iospbrorbit (3430) :Frame  1,058 :Surface  529 )"
17761936708,16652875,Display 1,533,"Direct to Display (Surface  533 ,  iospbrorbit (3430) :Frame  1,059 :Surface  533 )"
17778589583,16643042,Display 1,532,"Direct to Display (Surface  532 ,  iospbrorbit (3430) :Frame  1,060 :Surface  532 )"
17795232625,16649458,Display 1,529,"Direct to Display (Surface  529 ,  iospbrorbit (3430) :Frame  1,061 :Surface  529 )"
17811882083,16644292,Display 1,533,"Direct to Display (Surface  533 ,  iospbrorbit (3430) :Frame  1,062 :Surface  533 )"
17828526375,16650833,Display 1,532,"Direct to Display (Surface  532 ,  iospbrorbit (3430) :Frame  1,063 :Surface  532 )"
17845177208,16644375,Display 1,529,"Direct to Display (Surface  529 ,  iospbrorbit (3430) :Frame  1,064 :Surface  529 )"
17861821583,16642958,Display 1,533,"Direct to Display (Surface  533 ,  iospbrorbit (3430) :Frame  1,065 :Surface  533 )"
17878464541,16652875,Display 1,532,"Direct to Display (Surface  532 ,  iospbrorbit (3430) :Frame  1,066 :Surface  532 )"
17895117416,16652667,Display 1,529,"Direct to Display (Surface  529 ,  iospbrorbit (3430) :Frame  1,067 :Surface  529 )"
17911770083,16642125,Display 1,533,"Direct to Display (Surface  533 ,  iospbrorbit (3430) :Frame  1,068 :Surface  533 )"
17928412208,16657542,Display 1,532,"Direct to Display (Surface  532 ,  iospbrorbit (3430) :Frame  1,069 :Surface  532 )"
17945069750,16641750,Display 1,529,"Direct to Display (Surface  529 ,  iospbrorbit (3430) :Frame  1,070 :Surface  529 )"
17961711500,16642541,Display 1,533,"Direct to Display (Surface  533 ,  iospbrorbit (3430) :Frame  1,071 :Surface  533 )"
17978354041,16653667,Display 1,532,"Direct to Display (Surface  532 ,  iospbrorbit (3430) :Frame  1,072 :Surface  532 )"
17995007708,16646958,Display 1,529,"Direct to Display (Surface  529 ,  iospbrorbit (3430) :Frame  1,073 :Surface  529 )"
18011654666,16655667,Display 1,533,"Direct to Display (Surface  533 ,  iospbrorbit (3430) :Frame  1,074 :Surface  533 )"
18028310333,16643375,Display 1,532,"Direct to Display (Surface  532 ,  iospbrorbit (3430) :Frame  1,075 :Surface  532 )"
18044953708,16649000,Display 1,529,"Direct to Display (Surface  529 ,  iospbrorbit (3430) :Frame  1,076 :Surface  529 )"
18061602708,16641917,Display 1,533,"Direct to Display (Surface  533 ,  iospbrorbit (3430) :Frame  1,077 :Surface  533 )"
18078244625,16648916,Display 1,532,"Direct to Display (Surface  532 ,  iospbrorbit (3430) :Frame  1,078 :Surface  532 )"
18094893541,16646250,Display 1,529,"Direct to Display (Surface  529 ,  iospbrorbit (3430) :Frame  1,079 :Surface  529 )"
18111539791,16643542,Display 1,533,"Direct to Display (Surface  533 ,  iospbrorbit (3430) :Frame  1,080 :Surface  533 )"
18128183333,16654792,Display 1,532,"Direct to Display (Surface  532 ,  iospbrorbit (3430) :Frame  1,081 :Surface  532 )"
18144838125,16654416,Display 1,529,"Direct to Display (Surface  529 ,  iospbrorbit (3430) :Frame  1,082 :Surface  529 )"
18161492541,16641125,Display 1,533,"Direct to Display (Surface  533 ,  iospbrorbit (3430) :Frame  1,083 :Surface  533 )"
18178133666,16647542,Display 1,532,"Direct to Display (Surface  532 ,  iospbrorbit (3430) :Frame  1,084 :Surface  532 )"
18194781208,16648250,Display 1,529,"Direct to Display (Surface  529 ,  iospbrorbit (3430) :Frame  1,085 :Surface  529 )"
18211429458,16643292,Display 1,533,"Direct to Display (Surface  533 ,  iospbrorbit (3430) :Frame  1,086 :Surface  533 )"
18228072750,16653791,Display 1,532,"Direct to Display (Surface  532 ,  iospbrorbit (3430) :Frame  1,087 :Surface  532 )"
18244726541,16648000,Display 1,529,"Direct to Display (Surface  529 ,  iospbrorbit (3430) :Frame  1,088 :Surface  529 )"
18261374541,16643292,Display 1,533,"Direct to Display (Surface  533 ,  iospbrorbit (3430) :Frame  1,089 :Surface  533 )"
18278017833,16657667,Display 1,532,"Direct to Display (Surface  532 ,  iospbrorbit (3430) :Frame  1,090 :Surface  532 )"
18294675500,16647625,Display 1,529,"Direct to Display (Surface  529 ,  iospbrorbit (3430) :Frame  1,091 :Surface  529 )"
18311323125,16649041,Display 1,533,"Direct to Display (Surface  533 ,  iospbrorbit (3430) :Frame  1,092 :Surface  533 )"
18327972166,16640959,Display 1,532,"Direct to Display (Surface  532 ,  iospbrorbit (3430) :Frame  1,093 :Surface  532 )"
18344613125,16641958,Display 1,529,"Direct to Display (Surface  529 ,  iospbrorbit (3430) :Frame  1,094 :Surface  529 )"
18361255083,16647708,Display 1,533,"Direct to Display (Surface  533 ,  iospbrorbit (3430) :Frame  1,095 :Surface  533 )"
18377902791,16662292,Display 1,532,"Direct to Display (Surface  532 ,  iospbrorbit (3430) :Frame  1,096 :Surface  532 )"
18394565083,16637208,Display 1,529,"Direct to Display (Surface  529 ,  iospbrorbit (3430) :Frame  1,097 :Surface  529 )"
18411202291,16647167,Display 1,533,"Direct to Display (Surface  533 ,  iospbrorbit (3430) :Frame  1,098 :Surface  533 )"
18427849458,16648333,Display 1,532,"Direct to Display (Surface  532 ,  iospbrorbit (3430) :Frame  1,099 :Surface  532 )"
18444497791,16641000,Display 1,529,"Direct to Display (Surface  529 ,  iospbrorbit (3430) :Frame  1,100 :Surface  529 )"
18461138791,16652625,Display 1,533,"Direct to Display (Surface  533 ,  iospbrorbit (3430) :Frame  1,101 :Surface  533 )"
18477791416,16648417,Display 1,532,"Direct to Display (Surface  532 ,  iospbrorbit (3430) :Frame  1,102 :Surface  532 )"
18494439833,16641417,Display 1,529,"Direct to Display (Surface  529 ,  iospbrorbit (3430) :Frame  1,103 :Surface  529 )"
18511081250,16651875,Display 1,533,"Direct to Display (Surface  533 ,  iospbrorbit (3430) :Frame  1,104 :Surface  533 )"
18527733125,16649666,Display 1,532,"Direct to Display (Surface  532 ,  iospbrorbit (3430) :Frame  1,105 :Surface  532 )"
18544382791,16646750,Display 1,529,"Direct to Display (Surface  529 ,  iospbrorbit (3430) :Frame  1,106 :Surface  529 )"
18561029541,16647459,Display 1,533,"Direct to Display (Surface  533 ,  iospbrorbit (3430) :Frame  1,107 :Surface  533 )"
18577677000,16650625,Display 1,532,"Direct to Display (Surface  532 ,  iospbrorbit (3430) :Frame  1,108 :Surface  532 )"
18594327625,16637666,Display 1,529,"Direct to Display (Surface  529 ,  iospbrorbit (3430) :Frame  1,109 :Surface  529 )"
18610965291,16657709,Display 1,533,"Direct to Display (Surface  533 ,  iospbrorbit (3430) :Frame  1,110 :Surface  533 )"
18627623000,16652875,Display 1,532,"Direct to Display (Surface  532 ,  iospbrorbit (3430) :Frame  1,111 :Surface  532 )"
18644275875,16634416,Display 1,529,"Direct to Display (Surface  529 ,  iospbrorbit (3430) :Frame  1,112 :Surface  529 )"
18660910291,16648417,Display 1,533,"Direct to Display (Surface  533 ,  iospbrorbit (3430) :Frame  1,113 :Surface  533 )"
18677558708,16647292,Display 1,532,"Direct to Display (Surface  532 ,  iospbrorbit (3430) :Frame  1,114 :Surface  532 )"
18694206000,16655750,Display 1,529,"Direct to Display (Surface  529 ,  iospbrorbit (3430) :Frame  1,115 :Surface  529 )"
18710861750,16642041,Display 1,533,"Direct to Display (Surface  533 ,  iospbrorbit (3430) :Frame  1,116 :Surface  533 )"
18727503791,16648250,Display 1,532,"Direct to Display (Surface  532 ,  iospbrorbit (3430) :Frame  1,117 :Surface  532 )"
18744152041,16652000,Display 1,529,"Direct to Display (Surface  529 ,  iospbrorbit (3430) :Frame  1,118 :Surface  529 )"
18760804041,16648167,Display 1,533,"Direct to Display (Surface  533 ,  iospbrorbit (3430) :Frame  1,119 :Surface  533 )"
18777452208,16637042,Display 1,532,"Direct to Display (Surface  532 ,  iospbrorbit (3430) :Frame  1,120 :Surface  532 )"
18794089250,16651500,Display 1,529,"Direct to Display (Surface  529 ,  iospbrorbit (3430) :Frame  1,121 :Surface  529 )"
18810740750,16647583,Display 1,533,"Direct to Display (Surface  533 ,  iospbrorbit (3430) :Frame  1,122 :Surface  533 )"
18827388333,16660083,Display 1,532,"Direct to Display (Surface  532 ,  iospbrorbit (3430) :Frame  1,123 :Surface  532 )"
18844048416,16633334,Display 1,529,"Direct to Display (Surface  529 ,  iospbrorbit (3430) :Frame  1,124 :Surface  529 )"
18860681750,16654125,Display 1,533,"Direct to Display (Surface  533 ,  iospbrorbit (3430) :Frame  1,125 :Surface  533 )"
18877335875,16649458,Display 1,532,"Direct to Display (Surface  532 ,  iospbrorbit (3430) :Frame  1,126 :Surface  532 )"
18893985333,16649292,Display 1,529,"Direct to Display (Surface  529 ,  iospbrorbit (3430) :Frame  1,127 :Surface  529 )"
18910634625,16642708,Display 1,533,"Direct to Display (Surface  533 ,  iospbrorbit (3430) :Frame  1,128 :Surface  533 )"
18927277333,16654458,Display 1,532,"Direct to Display (Surface  532 ,  iospbrorbit (3430) :Frame  1,129 :Surface  532 )"
18943931791,16642000,Display 1,529,"Direct to Display (Surface  529 ,  iospbrorbit (3430) :Frame  1,130 :Surface  529 )"
18960573791,16652875,Display 1,533,"Direct to Display (Surface  533 ,  iospbrorbit (3430) :Frame  1,131 :Surface  533 )"
18977226666,16643500,Display 1,532,"Direct to Display (Surface  532 ,  iospbrorbit (3430) :Frame  1,132 :Surface  532 )"
18993870166,16649209,Display 1,529,"Direct to Display (Surface  529 ,  iospbrorbit (3430) :Frame  1,133 :Surface  529 )"
19010519375,16649000,Display 1,533,"Direct to Display (Surface  533 ,  iospbrorbit (3430) :Frame  1,134 :Surface  533 )"
19027168375,16649916,Display 1,532,"Direct to Display (Surface  532 ,  iospbrorbit (3430) :Frame  1,135 :Surface  532 )"
19043818291,16649542,Display 1,529,"Direct to Display (Surface  529 ,  iospbrorbit (3430) :Frame  1,136 :Surface  529 )"
19060467833,16654375,Display 1,533,"Direct to Display (Surface  533 ,  iospbrorbit (3430) :Frame  1,137 :Surface  533 )"
19077122208,16642458,Display 1,532,"Direct to Display (Surface  532 ,  iospbrorbit (3430) :Frame  1,138 :Surface  532 )"
19093764666,16652542,Display 1,529,"Direct to Display (Surface  529 ,  iospbrorbit (3430) :Frame  1,139 :Surface  529 )"
19110417208,16655417,Display 1,533,"Direct to Display (Surface  533 ,  iospbrorbit (3430) :Frame  1,140 :Surface  533 )"
19127072625,16643958,Display 1,532,"Direct to Display (Surface  532 ,  iospbrorbit (3430) :Frame  1,141 :Surface  532 )"
19143716583,16650542,Display 1,529,"Direct to Display (Surface  529 ,  iospbrorbit (3430) :Frame  1,142 :Surface  529 )"
19160367125,16648166,Display 1,533,"Direct to Display (Surface  533 ,  iospbrorbit (3430) :Frame  1,143 :Surface  533 )"
19177015291,16642459,Display 1,532,"Direct to Display (Surface  532 ,  iospbrorbit (3430) :Frame  1,144 :Surface  532 )"
19193657750,16653166,Display 1,529,"Direct to Display (Surface  529 ,  iospbrorbit (3430) :Frame  1,145 :Surface  529 )"
19210310916,16648542,Display 1,533,"Direct to Display (Surface  533 ,  iospbrorbit (3430) :Frame  1,146 :Surface  533 )"
19226959458,16647792,Display 1,532,"Direct to Display (Surface  532 ,  iospbrorbit (3430) :Frame  1,147 :Surface  532 )"
19243607250,16647208,Display 1,529,"Direct to Display (Surface  529 ,  iospbrorbit (3430) :Frame  1,148 :Surface  529 )"
19260254458,16647375,Display 1,533,"Direct to Display (Surface  533 ,  iospbrorbit (3430) :Frame  1,149 :Surface  533 )"
19276901833,16649042,Display 1,532,"Direct to Display (Surface  532 ,  iospbrorbit (3430) :Frame  1,150 :Surface  532 )"
19293550875,16648750,Display 1,529,"Direct to Display (Surface  529 ,  iospbrorbit (3430) :Frame  1,151 :Surface  529 )"
19310199625,16648875,Display 1,533,"Direct to Display (Surface  533 ,  iospbrorbit (3430) :Frame  1,152 :Surface  533 )"
19326848500,16647250,Display 1,532,"Direct to Display (Surface  532 ,  iospbrorbit (3430) :Frame  1,153 :Surface  532 )"
19343495750,16648500,Display 1,529,"Direct to Display (Surface  529 ,  iospbrorbit (3430) :Frame  1,154 :Surface  529 )"
19360144250,16650958,Display 1,533,"Direct to Display (Surface  533 ,  iospbrorbit (3430) :Frame  1,155 :Surface  533 )"
19376795208,16643583,Display 1,532,"Direct to Display (Surface  532 ,  iospbrorbit (3430) :Frame  1,156 :Surface  532 )"
19393438791,16652000,Display 1,529,"Direct to Display (Surface  529 ,  iospbrorbit (3430) :Frame  1,157 :Surface  529 )"
19410090791,16647709,Display 1,533,"Direct to Display (Surface  533 ,  iospbrorbit (3430) :Frame  1,158 :Surface  533 )"
19426738500,16642708,Display 1,532,"Direct to Display (Surface  532 ,  iospbrorbit (3430) :Frame  1,159 :Surface  532 )"
19443381208,16648542,Display 1,529,"Direct to Display (Surface  529 ,  iospbrorbit (3430) :Frame  1,160 :Surface  529 )"
19460029750,16647708,Display 1,533,"Direct to Display (Surface  533 ,  iospbrorbit (3430) :Frame  1,161 :Surface  533 )"
19476677458,16641958,Display 1,532,"Direct to Display (Surface  532 ,  iospbrorbit (3430) :Frame  1,162 :Surface  532 )"
19493319416,16653750,Display 1,529,"Direct to Display (Surface  529 ,  iospbrorbit (3430) :Frame  1,163 :Surface  529 )"
19509973166,16648250,Display 1,533,"Direct to Display (Surface  533 ,  iospbrorbit (3430) :Frame  1,164 :Surface  533 )"
19526621416,16645667,Display 1,532,"Direct to Display (Surface  532 ,  iospbrorbit (3430) :Frame  1,165 :Surface  532 )"
19543267083,16651458,Display 1,529,"Direct to Display (Surface  529 ,  iospbrorbit (3430) :Frame  1,166 :Surface  529 )"
19559918541,16640250,Display 1,533,"Direct to Display (Surface  533 ,  iospbrorbit (3430) :Frame  1,167 :Surface  533 )"
19576558791,16648000,Display 1,532,"Direct to Display (Surface  532 ,  iospbrorbit (3430) :Frame  1,168 :Surface  532 )"
19593206791,16646167,Display 1,529,"Direct to Display (Surface  529 ,  iospbrorbit (3430) :Frame  1,169 :Surface  529 )"
19609852958,16643292,Display 1,533,"Direct to Display (Surface  533 ,  iospbrorbit (3430) :Frame  1,170 :Surface  533 )"
19626496250,16646541,Display 1,532,"Direct to Display (Surface  532 ,  iospbrorbit (3430) :Frame  1,171 :Surface  532 )"
19643142791,16651167,Display 1,529,"Direct to Display (Surface  529 ,  iospbrorbit (3430) :Frame  1,172 :Surface  529 )"
19659793958,16642292,Display 1,533,"Direct to Display (Surface  533 ,  iospbrorbit (3430) :Frame  1,173 :Surface  533 )"
19676436250,16652750,Display 1,532,"Direct to Display (Surface  532 ,  iospbrorbit (3430) :Frame  1,174 :Surface  532 )"
19693089000,16646375,Display 1,529,"Direct to Display (Surface  529 ,  iospbrorbit (3430) :Frame  1,175 :Surface  529 )"
19709735375,16650666,Display 1,533,"Direct to Display (Surface  533 ,  iospbrorbit (3430) :Frame  1,176 :Surface  533 )"
19726386041,16646584,Display 1,532,"Direct to Display (Surface  532 ,  iospbrorbit (3430) :Frame  1,177 :Surface  532 )"
19743032625,16641708,Display 1,529,"Direct to Display (Surface  529 ,  iospbrorbit (3430) :Frame  1,178 :Surface  529 )"
19759674333,16641417,Display 1,533,"Direct to Display (Surface  533 ,  iospbrorbit (3430) :Frame  1,179 :Surface  533 )"
19776315750,16646750,Display 1,532,"Direct to Display (Surface  532 ,  iospbrorbit (3430) :Frame  1,180 :Surface  532 )"
19792962500,16647250,Display 1,529,"Direct to Display (Surface  529 ,  iospbrorbit (3430) :Frame  1,181 :Surface  529 )"
19809609750,16647416,Display 1,533,"Direct to Display (Surface  533 ,  iospbrorbit (3430) :Frame  1,182 :Surface  533 )"
19826257166,16655959,Display 1,532,"Direct to Display (Surface  532 ,  iospbrorbit (3430) :Frame  1,183 :Surface  532 )"
19842913125,16644791,Display 1,529,"Direct to Display (Surface  529 ,  iospbrorbit (3430) :Frame  1,184 :Surface  529 )"
19859557916,16646250,Display 1,533,"Direct to Display (Surface  533 ,  iospbrorbit (3430) :Frame  1,185 :Surface  533 )"
19876204166,16644292,Display 1,532,"Direct to Display (Surface  532 ,  iospbrorbit (3430) :Frame  1,186 :Surface  532 )"
19892848458,16652708,Display 1,529,"Direct to Display (Surface  529 ,  iospbrorbit (3430) :Frame  1,187 :Surface  529 )"
19909501166,16648750,Display 1,533,"Direct to Display (Surface  533 ,  iospbrorbit (3430) :Frame  1,188 :Surface  533 )"
19926149916,16648084,Display 1,532,"Direct to Display (Surface  532 ,  iospbrorbit (3430) :Frame  1,189 :Surface  532 )"
19942798000,16648833,Display 1,529,"Direct to Display (Surface  529 ,  iospbrorbit (3430) :Frame  1,190 :Surface  529 )"
19959446833,16647792,Display 1,533,"Direct to Display (Surface  533 ,  iospbrorbit (3430) :Frame  1,191 :Surface  533 )"
19976094625,16649291,Display 1,532,"Direct to Display (Surface  532 ,  iospbrorbit (3430) :Frame  1,192 :Surface  532 )"
19992743916,16644042,Display 1,529,"Direct to Display (Surface  529 ,  iospbrorbit (3430) :Frame  1,193 :Surface  529 )"
20009387958,16649667,Display 1,533,"Direct to Display (Surface  533 ,  iospbrorbit (3430) :Frame  1,194 :Surface  533 )"
20026037625,16650041,Display 1,532,"Direct to Display (Surface  532 ,  iospbrorbit (3430) :Frame  1,195 :Surface  532 )"
20042687666,16648375,Display 1,529,"Direct to Display (Surface  529 ,  iospbrorbit (3430) :Frame  1,196 :Surface  529 )"
20059336041,16649667,Display 1,533,"Direct to Display (Surface  533 ,  iospbrorbit (3430) :Frame  1,197 :Surface  533 )"
20075985708,16653583,Display 1,532,"Direct to Display (Surface  532 ,  iospbrorbit (3430) :Frame  1,198 :Surface  532 )"
20092639291,16649250,Display 1,529,"Direct to Display (Surface  529 ,  iospbrorbit (3430) :Frame  1,199 :Surface  529 )"
20109288541,16647000,Display 1,533,"Direct to Display (Surface  533 ,  iospbrorbit (3430) :Frame  1,200 :Surface  533 )"
20125935541,16659500,Display 1,532,"Direct to Display (Surface  532 ,  iospbrorbit (3430) :Frame  1,201 :Surface  532 )"
20142595041,16644584,Display 1,529,"Direct to Display (Surface  529 ,  iospbrorbit (3430) :Frame  1,202 :Surface  529 )"
20159239625,16654041,Display 1,533,"Direct to Display (Surface  533 ,  iospbrorbit (3430) :Frame  1,203 :Surface  533 )"
20175893666,16647709,Display 1,532,"Direct to Display (Surface  532 ,  iospbrorbit (3430) :Frame  1,204 :Surface  532 )"
20192541375,16639375,Display 1,529,"Direct to Display (Surface  529 ,  iospbrorbit (3430) :Frame  1,205 :Surface  529 )"
20209180750,16650500,Display 1,533,"Direct to Display (Surface  533 ,  iospbrorbit (3430) :Frame  1,206 :Surface  533 )"
20225831250,16656916,Display 1,532,"Direct to Display (Surface  532 ,  iospbrorbit (3430) :Frame  1,207 :Surface  532 )"
20242488166,16635334,Display 1,529,"Direct to Display (Surface  529 ,  iospbrorbit (3430) :Frame  1,208 :Surface  529 )"
20259123500,16649458,Display 1,533,"Direct to Display (Surface  533 ,  iospbrorbit (3430) :Frame  1,209 :Surface  533 )"
20275772958,16647292,Display 1,532,"Direct to Display (Surface  532 ,  iospbrorbit (3430) :Frame  1,210 :Surface  532 )"
20292420250,16648125,Display 1,529,"Direct to Display (Surface  529 ,  iospbrorbit (3430) :Frame  1,211 :Surface  529 )"
20309068375,16651333,Display 1,533,"Direct to Display (Surface  533 ,  iospbrorbit (3430) :Frame  1,212 :Surface  533 )"
20325719708,16637917,Display 1,532,"Direct to Display (Surface  532 ,  iospbrorbit (3430) :Frame  1,213 :Surface  532 )"
20342357625,16648291,Display 1,529,"Direct to Display (Surface  529 ,  iospbrorbit (3430) :Frame  1,214 :Surface  529 )"
20359005916,16652709,Display 1,533,"Direct to Display (Surface  533 ,  iospbrorbit (3430) :Frame  1,215 :Surface  533 )"
20375658625,16657750,Display 1,532,"Direct to Display (Surface  532 ,  iospbrorbit (3430) :Frame  1,216 :Surface  532 )"
20392316375,16632666,Display 1,529,"Direct to Display (Surface  529 ,  iospbrorbit (3430) :Frame  1,217 :Surface  529 )"
20408949041,16658167,Display 1,533,"Direct to Display (Surface  533 ,  iospbrorbit (3430) :Frame  1,218 :Surface  533 )"
20425607208,16642417,Display 1,532,"Direct to Display (Surface  532 ,  iospbrorbit (3430) :Frame  1,219 :Surface  532 )"
20442249625,16653291,Display 1,529,"Direct to Display (Surface  529 ,  iospbrorbit (3430) :Frame  1,220 :Surface  529 )"
20458902916,16644875,Display 1,533,"Direct to Display (Surface  533 ,  iospbrorbit (3430) :Frame  1,221 :Surface  533 )"
20475547791,16646625,Display 1,532,"Direct to Display (Surface  532 ,  iospbrorbit (3430) :Frame  1,222 :Surface  532 )"
20492194416,16651334,Display 1,529,"Direct to Display (Surface  529 ,  iospbrorbit (3430) :Frame  1,223 :Surface  529 )"
20508845750,16641291,Display 1,533,"Direct to Display (Surface  533 ,  iospbrorbit (3430) :Frame  1,224 :Surface  533 )"
20525487041,16650209,Display 1,532,"Direct to Display (Surface  532 ,  iospbrorbit (3430) :Frame  1,225 :Surface  532 )"
20542137250,16639750,Display 1,529,"Direct to Display (Surface  529 ,  iospbrorbit (3430) :Frame  1,226 :Surface  529 )"
20558777000,16655708,Display 1,533,"Direct to Display (Surface  533 ,  iospbrorbit (3430) :Frame  1,227 :Surface  533 )"
20575432708,16641583,Display 1,532,"Direct to Display (Surface  532 ,  iospbrorbit (3430) :Frame  1,228 :Surface  532 )"
20592074291,16646792,Display 1,529,"Direct to Display (Surface  529 ,  iospbrorbit (3430) :Frame  1,229 :Surface  529 )"
20608721083,16641083,Display 1,533,"Direct to Display (Surface  533 ,  iospbrorbit (3430) :Frame  1,230 :Surface  533 )"
20625362166,16645709,Display 1,532,"Direct to Display (Surface  532 ,  iospbrorbit (3430) :Frame  1,231 :Surface  532 )"
20642007875,16651000,Display 1,529,"Direct to Display (Surface  529 ,  iospbrorbit (3430) :Frame  1,232 :Surface  529 )"
20658658875,16647000,Display 1,533,"Direct to Display (Surface  533 ,  iospbrorbit (3430) :Frame  1,233 :Surface  533 )"
20675305875,16651583,Display 1,532,"Direct to Display (Surface  532 ,  iospbrorbit (3430) :Frame  1,234 :Surface  532 )"
20691957458,16641792,Display 1,529,"Direct to Display (Surface  529 ,  iospbrorbit (3430) :Frame  1,235 :Surface  529 )"
20708599250,16647250,Display 1,533,"Direct to Display (Surface  533 ,  iospbrorbit (3430) :Frame  1,236 :Surface  533 )"
20725246500,16652166,Display 1,532,"Direct to Display (Surface  532 ,  iospbrorbit (3430) :Frame  1,237 :Surface  532 )"
20741898666,16638459,Display 1,529,"Direct to Display (Surface  529 ,  iospbrorbit (3430) :Frame  1,238 :Surface  529 )"
20758537125,16652541,Display 1,533,"Direct to Display (Surface  533 ,  iospbrorbit (3430) :Frame  1,239 :Surface  533 )"
20775189666,16640500,Display 1,532,"Direct to Display (Surface  532 ,  iospbrorbit (3430) :Frame  1,240 :Surface  532 )"
20791830166,16650834,Display 1,529,"Direct to Display (Surface  529 ,  iospbrorbit (3430) :Frame  1,241 :Surface  529 )"
20808481000,16643333,Display 1,533,"Direct to Display (Surface  533 ,  iospbrorbit (3430) :Frame  1,242 :Surface  533 )"
20825124333,16648708,Display 1,532,"Direct to Display (Surface  532 ,  iospbrorbit (3430) :Frame  1,243 :Surface  532 )"
20841773041,16639167,Display 1,529,"Direct to Display (Surface  529 ,  iospbrorbit (3430) :Frame  1,244 :Surface  529 )"
20858412208,16652875,Display 1,533,"Direct to Display (Surface  533 ,  iospbrorbit (3430) :Frame  1,245 :Surface  533 )"
20875065083,16648583,Display 1,532,"Direct to Display (Surface  532 ,  iospbrorbit (3430) :Frame  1,246 :Surface  532 )"
20891713666,16646917,Display 1,529,"Direct to Display (Surface  529 ,  iospbrorbit (3430) :Frame  1,247 :Surface  529 )"
20908360583,16642750,Display 1,533,"Direct to Display (Surface  533 ,  iospbrorbit (3430) :Frame  1,248 :Surface  533 )"
20925003333,16645792,Display 1,532,"Direct to Display (Surface  532 ,  iospbrorbit (3430) :Frame  1,249 :Surface  532 )"
20941649125,16644083,Display 1,529,"Direct to Display (Surface  529 ,  iospbrorbit (3430) :Frame  1,250 :Surface  529 )"
20958293208,16646750,Display 1,533,"Direct to Display (Surface  533 ,  iospbrorbit (3430) :Frame  1,251 :Surface  533 )"
20974939958,16643833,Display 1,532,"Direct to Display (Surface  532 ,  iospbrorbit (3430) :Frame  1,252 :Surface  532 )"
20991583791,16643875,Display 1,529,"Direct to Display (Surface  529 ,  iospbrorbit (3430) :Frame  1,253 :Surface  529 )"
21008227666,16653625,Display 1,533,"Direct to Display (Surface  533 ,  iospbrorbit (3430) :Frame  1,254 :Surface  533 )"
21024881291,16635209,Display 1,532,"Direct to Display (Surface  532 ,  iospbrorbit (3430) :Frame  1,255 :Surface  532 )"
21041516500,16650333,Display 1,529,"Direct to Display (Surface  529 ,  iospbrorbit (3430) :Frame  1,256 :Surface  529 )"
21058166833,16642458,Display 1,533,"Direct to Display (Surface  533 ,  iospbrorbit (3430) :Frame  1,257 :Surface  533 )"
21074809291,16644792,Display 1,532,"Direct to Display (Surface  532 ,  iospbrorbit (3430) :Frame  1,258 :Surface  532 )"
21091454083,16651958,Display 1,529,"Direct to Display (Surface  529 ,  iospbrorbit (3430) :Frame  1,259 :Surface  529 )"
21108106041,16646709,Display 1,533,"Direct to Display (Surface  533 ,  iospbrorbit (3430) :Frame  1,260 :Surface  533 )"
21124752750,16648916,Display 1,532,"Direct to Display (Surface  532 ,  iospbrorbit (3430) :Frame  1,261 :Surface  532 )"
21141401666,16650875,Display 1,529,"Direct to Display (Surface  529 ,  iospbrorbit (3430) :Frame  1,262 :Surface  529 )"
21158052541,16646959,Display 1,533,"Direct to Display (Surface  533 ,  iospbrorbit (3430) :Frame  1,263 :Surface  533 )"
21174699500,16648416,Display 1,532,"Direct to Display (Surface  532 ,  iospbrorbit (3430) :Frame  1,264 :Surface  532 )"
21191347916,16650959,Display 1,529,"Direct to Display (Surface  529 ,  iospbrorbit (3430) :Frame  1,265 :Surface  529 )"
21207998875,16641416,Display 1,533,"Direct to Display (Surface  533 ,  iospbrorbit (3430) :Frame  1,266 :Surface  533 )"
21224640291,16645625,Display 1,532,"Direct to Display (Surface  532 ,  iospbrorbit (3430) :Frame  1,267 :Surface  532 )"
21241285916,16655167,Display 1,529,"Direct to Display (Surface  529 ,  iospbrorbit (3430) :Frame  1,268 :Surface  529 )"
21257941083,16642458,Display 1,533,"Direct to Display (Surface  533 ,  iospbrorbit (3430) :Frame  1,269 :Surface  533 )"
21274583541,16649834,Display 1,532,"Direct to Display (Surface  532 ,  iospbrorbit (3430) :Frame  1,270 :Surface  532 )"
21291233375,16641000,Display 1,529,"Direct to Display (Surface  529 ,  iospbrorbit (3430) :Frame  1,271 :Surface  529 )"
21307874375,16648833,Display 1,533,"Direct to Display (Surface  533 ,  iospbrorbit (3430) :Frame  1,272 :Surface  533 )"
21324523208,16652917,Display 1,532,"Direct to Display (Surface  532 ,  iospbrorbit (3430) :Frame  1,273 :Surface  532 )"
21341176125,16642333,Display 1,529,"Direct to Display (Surface  529 ,  iospbrorbit (3430) :Frame  1,274 :Surface  529 )"
21357818458,16643583,Display 1,533,"Direct to Display (Surface  533 ,  iospbrorbit (3430) :Frame  1,275 :Surface  533 )"
21374462041,16647542,Display 1,532,"Direct to Display (Surface  532 ,  iospbrorbit (3430) :Frame  1,276 :Surface  532 )"
21391109583,16653083,Display 1,529,"Direct to Display (Surface  529 ,  iospbrorbit (3430) :Frame  1,277 :Surface  529 )"
21407762666,16650500,Display 1,533,"Direct to Display (Surface  533 ,  iospbrorbit (3430) :Frame  1,278 :Surface  533 )"
21424413166,16647125,Display 1,532,"Direct to Display (Surface  532 ,  iospbrorbit (3430) :Frame  1,279 :Surface  532 )"
21441060291,16654625,Display 1,529,"Direct to Display (Surface  529 ,  iospbrorbit (3430) :Frame  1,280 :Surface  529 )"
21457714916,16635917,Display 1,533,"Direct to Display (Surface  533 ,  iospbrorbit (3430) :Frame  1,281 :Surface  533 )"
21474350833,16647333,Display 1,532,"Direct to Display (Surface  532 ,  iospbrorbit (3430) :Frame  1,282 :Surface  532 )"
21490998166,16647042,Display 1,529,"Direct to Display (Surface  529 ,  iospbrorbit (3430) :Frame  1,283 :Surface  529 )"
21507645208,16655583,Display 1,533,"Direct to Display (Surface  533 ,  iospbrorbit (3430) :Frame  1,284 :Surface  533 )"
21524300791,16652959,Display 1,532,"Direct to Display (Surface  532 ,  iospbrorbit (3430) :Frame  1,285 :Surface  532 )"
21540953750,16646208,Display 1,529,"Direct to Display (Surface  529 ,  iospbrorbit (3430) :Frame  1,286 :Surface  529 )"
21557599958,16641500,Display 1,533,"Direct to Display (Surface  533 ,  iospbrorbit (3430) :Frame  1,287 :Surface  533 )"
21574241458,16653000,Display 1,532,"Direct to Display (Surface  532 ,  iospbrorbit (3430) :Frame  1,288 :Surface  532 )"
21590894458,16650208,Display 1,529,"Direct to Display (Surface  529 ,  iospbrorbit (3430) :Frame  1,289 :Surface  529 )"
21607544666,16646209,Display 1,533,"Direct to Display (Surface  533 ,  iospbrorbit (3430) :Frame  1,290 :Surface  533 )"
21624190875,16637500,Display 1,532,"Direct to Display (Surface  532 ,  iospbrorbit (3430) :Frame  1,291 :Surface  532 )"
21640828375,16657625,Display 1,529,"Direct to Display (Surface  529 ,  iospbrorbit (3430) :Frame  1,292 :Surface  529 )"
21657486000,16647833,Display 1,533,"Direct to Display (Surface  533 ,  iospbrorbit (3430) :Frame  1,293 :Surface  533 )"
21674133833,16647667,Display 1,532,"Direct to Display (Surface  532 ,  iospbrorbit (3430) :Frame  1,294 :Surface  532 )"
21690781500,16640666,Display 1,529,"Direct to Display (Surface  529 ,  iospbrorbit (3430) :Frame  1,295 :Surface  529 )"
21707422166,16647625,Display 1,533,"Direct to Display (Surface  533 ,  iospbrorbit (3430) :Frame  1,296 :Surface  533 )"
21724069791,16646709,Display 1,532,"Direct to Display (Surface  532 ,  iospbrorbit (3430) :Frame  1,297 :Surface  532 )"
21740716500,16651916,Display 1,529,"Direct to Display (Surface  529 ,  iospbrorbit (3430) :Frame  1,298 :Surface  529 )"
21757368416,16644542,Display 1,533,"Direct to Display (Surface  533 ,  iospbrorbit (3430) :Frame  1,299 :Surface  533 )"
21774012958,16651250,Display 1,532,"Direct to Display (Surface  532 ,  iospbrorbit (3430) :Frame  1,300 :Surface  532 )"
21790664208,16636167,Display 1,529,"Direct to Display (Surface  529 ,  iospbrorbit (3430) :Frame  1,301 :Surface  529 )"
21807300375,16650208,Display 1,533,"Direct to Display (Surface  533 ,  iospbrorbit (3430) :Frame  1,302 :Surface  533 )"
21823950583,16640375,Display 1,532,"Direct to Display (Surface  532 ,  iospbrorbit (3430) :Frame  1,303 :Surface  532 )"
21840590958,16647083,Display 1,529,"Direct to Display (Surface  529 ,  iospbrorbit (3430) :Frame  1,304 :Surface  529 )"
21857238041,16652334,Display 1,533,"Direct to Display (Surface  533 ,  iospbrorbit (3430) :Frame  1,305 :Surface  533 )"
21873890375,16638625,Display 1,532,"Direct to Display (Surface  532 ,  iospbrorbit (3430) :Frame  1,306 :Surface  532 )"
21890529000,16657083,Display 1,529,"Direct to Display (Surface  529 ,  iospbrorbit (3430) :Frame  1,307 :Surface  529 )"
21907186083,16637000,Display 1,533,"Direct to Display (Surface  533 ,  iospbrorbit (3430) :Frame  1,308 :Surface  533 )"
21923823083,16655208,Display 1,532,"Direct to Display (Surface  532 ,  iospbrorbit (3430) :Frame  1,309 :Surface  532 )"
21940478291,16646167,Display 1,529,"Direct to Display (Surface  529 ,  iospbrorbit (3430) :Frame  1,310 :Surface  529 )"
21957124458,16641750,Display 1,533,"Direct to Display (Surface  533 ,  iospbrorbit (3430) :Frame  1,311 :Surface  533 )"
21973766208,16649625,Display 1,532,"Direct to Display (Surface  532 ,  iospbrorbit (3430) :Frame  1,312 :Surface  532 )"
21990415833,16652333,Display 1,529,"Direct to Display (Surface  529 ,  iospbrorbit (3430) :Frame  1,313 :Surface  529 )"
22007068166,16642084,Display 1,533,"Direct to Display (Surface  533 ,  iospbrorbit (3430) :Frame  1,314 :Surface  533 )"
22023710250,16652000,Display 1,532,"Direct to Display (Surface  532 ,  iospbrorbit (3430) :Frame  1,315 :Surface  532 )"
22040362250,16644916,Display 1,529,"Direct to Display (Surface  529 ,  iospbrorbit (3430) :Frame  1,316 :Surface  529 )"
22057007166,16648042,Display 1,533,"Direct to Display (Surface  533 ,  iospbrorbit (3430) :Frame  1,317 :Surface  533 )"
22073655208,16653167,Display 1,532,"Direct to Display (Surface  532 ,  iospbrorbit (3430) :Frame  1,318 :Surface  532 )"
22090308375,16637625,Display 1,529,"Direct to Display (Surface  529 ,  iospbrorbit (3430) :Frame  1,319 :Surface  529 )"
22106946000,16651875,Display 1,533,"Direct to Display (Surface  533 ,  iospbrorbit (3430) :Frame  1,320 :Surface  533 )"
22123597875,16647875,Display 1,532,"Direct to Display (Surface  532 ,  iospbrorbit (3430) :Frame  1,321 :Surface  532 )"
22140245750,16646916,Display 1,529,"Direct to Display (Surface  529 ,  iospbrorbit (3430) :Frame  1,322 :Surface  529 )"
22156892666,16646500,Display 1,533,"Direct to Display (Surface  533 ,  iospbrorbit (3430) :Frame  1,323 :Surface  533 )"
22173539166,16645959,Display 1,532,"Direct to Display (Surface  532 ,  iospbrorbit (3430) :Frame  1,324 :Surface  532 )"
22190185125,16646750,Display 1,529,"Direct to Display (Surface  529 ,  iospbrorbit (3430) :Frame  1,325 :Surface  529 )"
22206831875,16654333,Display 1,533,"Direct to Display (Surface  533 ,  iospbrorbit (3430) :Frame  1,326 :Surface  533 )"
22223486208,16647167,Display 1,532,"Direct to Display (Surface  532 ,  iospbrorbit (3430) :Frame  1,327 :Surface  532 )"
22240133375,16643250,Display 1,529,"Direct to Display (Surface  529 ,  iospbrorbit (3430) :Frame  1,328 :Surface  529 )"
22256776625,16640833,Display 1,533,"Direct to Display (Surface  533 ,  iospbrorbit (3430) :Frame  1,329 :Surface  533 )"
22273417458,16645958,Display 1,532,"Direct to Display (Surface  532 ,  iospbrorbit (3430) :Frame  1,330 :Surface  532 )"
22290063416,16647542,Display 1,529,"Direct to Display (Surface  529 ,  iospbrorbit (3430) :Frame  1,331 :Surface  529 )"
22306710958,16656458,Display 1,533,"Direct to Display (Surface  533 ,  iospbrorbit (3430) :Frame  1,332 :Surface  533 )"
22323367416,16640834,Display 1,532,"Direct to Display (Surface  532 ,  iospbrorbit (3430) :Frame  1,333 :Surface  532 )"
22340008250,16645875,Display 1,529,"Direct to Display (Surface  529 ,  iospbrorbit (3430) :Frame  1,334 :Surface  529 )"
22356654125,16645583,Display 1,533,"Direct to Display (Surface  533 ,  iospbrorbit (3430) :Frame  1,335 :Surface  533 )"
22373299708,16653125,Display 1,532,"Direct to Display (Surface  532 ,  iospbrorbit (3430) :Frame  1,336 :Surface  532 )"
22389952833,16642667,Display 1,529,"Direct to Display (Surface  529 ,  iospbrorbit (3430) :Frame  1,337 :Surface  529 )"
22406595500,16646333,Display 1,533,"Direct to Display (Surface  533 ,  iospbrorbit (3430) :Frame  1,338 :Surface  533 )"
22423241833,16647917,Display 1,532,"Direct to Display (Surface  532 ,  iospbrorbit (3430) :Frame  1,339 :Surface  532 )"
22439889750,16649958,Display 1,529,"Direct to Display (Surface  529 ,  iospbrorbit (3430) :Frame  1,340 :Surface  529 )"
22456539708,16650667,Display 1,533,"Direct to Display (Surface  533 ,  iospbrorbit (3430) :Frame  1,341 :Surface  533 )"
22473190375,16648791,Display 1,532,"Direct to Display (Surface  532 ,  iospbrorbit (3430) :Frame  1,342 :Surface  532 )"
22489839166,16641875,Display 1,529,"Direct to Display (Surface  529 ,  iospbrorbit (3430) :Frame  1,343 :Surface  529 )"
22506481041,16651584,Display 1,533,"Direct to Display (Surface  533 ,  iospbrorbit (3430) :Frame  1,344 :Surface  533 )"
22523132625,16652500,Display 1,532,"Direct to Display (Surface  532 ,  iospbrorbit (3430) :Frame  1,345 :Surface  532 )"
22539785125,16644041,Display 1,529,"Direct to Display (Surface  529 ,  iospbrorbit (3430) :Frame  1,346 :Surface  529 )"
22556429166,16645959,Display 1,533,"Direct to Display (Surface  533 ,  iospbrorbit (3430) :Frame  1,347 :Surface  533 )"
22573075125,16642875,Display 1,532,"Direct to Display (Surface  532 ,  iospbrorbit (3430) :Frame  1,348 :Surface  532 )"
22589718000,16651125,Display 1,529,"Direct to Display (Surface  529 ,  iospbrorbit (3430) :Frame  1,349 :Surface  529 )"
22606369125,16646625,Display 1,533,"Direct to Display (Surface  533 ,  iospbrorbit (3430) :Frame  1,350 :Surface  533 )"
22623015750,16651416,Display 1,532,"Direct to Display (Surface  532 ,  iospbrorbit (3430) :Frame  1,351 :Surface  532 )"
22639667166,16652667,Display 1,529,"Direct to Display (Surface  529 ,  iospbrorbit (3430) :Frame  1,352 :Surface  529 )"
22656319833,16642208,Display 1,533,"Direct to Display (Surface  533 ,  iospbrorbit (3430) :Frame  1,353 :Surface  533 )"
22672962041,16649542,Display 1,532,"Direct to Display (Surface  532 ,  iospbrorbit (3430) :Frame  1,354 :Surface  532 )"
22689611583,16649792,Display 1,529,"Direct to Display (Surface  529 ,  iospbrorbit (3430) :Frame  1,355 :Surface  529 )"
22706261375,16632416,Display 1,533,"Direct to Display (Surface  533 ,  iospbrorbit (3430) :Frame  1,356 :Surface  533 )"
22722893791,16659875,Display 1,532,"Direct to Display (Surface  532 ,  iospbrorbit (3430) :Frame  1,357 :Surface  532 )"
22739553666,16648625,Display 1,529,"Direct to Display (Surface  529 ,  iospbrorbit (3430) :Frame  1,358 :Surface  529 )"
22756202291,16651417,Display 1,533,"Direct to Display (Surface  533 ,  iospbrorbit (3430) :Frame  1,359 :Surface  533 )"
22772853708,16644542,Display 1,532,"Direct to Display (Surface  532 ,  iospbrorbit (3430) :Frame  1,360 :Surface  532 )"
22789498250,16643791,Display 1,529,"Direct to Display (Surface  529 ,  iospbrorbit (3430) :Frame  1,361 :Surface  529 )"
22806142041,16644500,Display 1,533,"Direct to Display (Surface  533 ,  iospbrorbit (3430) :Frame  1,362 :Surface  533 )"
22822786541,16655292,Display 1,532,"Direct to Display (Surface  532 ,  iospbrorbit (3430) :Frame  1,363 :Surface  532 )"
22839441833,16642125,Display 1,529,"Direct to Display (Surface  529 ,  iospbrorbit (3430) :Frame  1,364 :Surface  529 )"
22856083958,16649708,Display 1,533,"Direct to Display (Surface  533 ,  iospbrorbit (3430) :Frame  1,365 :Surface  533 )"
22872733666,16645500,Display 1,532,"Direct to Display (Surface  532 ,  iospbrorbit (3430) :Frame  1,366 :Surface  532 )"
22889379166,16654000,Display 1,529,"Direct to Display (Surface  529 ,  iospbrorbit (3430) :Frame  1,367 :Surface  529 )"
22906033166,16650084,Display 1,533,"Direct to Display (Surface  533 ,  iospbrorbit (3430) :Frame  1,368 :Surface  533 )"
22922683250,16645791,Display 1,532,"Direct to Display (Surface  532 ,  iospbrorbit (3430) :Frame  1,369 :Surface  532 )"
22939329041,16641959,Display 1,529,"Direct to Display (Surface  529 ,  iospbrorbit (3430) :Frame  1,370 :Surface  529 )"
22955971000,16643250,Display 1,533,"Direct to Display (Surface  533 ,  iospbrorbit (3430) :Frame  1,371 :Surface  533 )"
22972614250,16652791,Display 1,532,"Direct to Display (Surface  532 ,  iospbrorbit (3430) :Frame  1,372 :Surface  532 )"
22989267041,16650084,Display 1,529,"Direct to Display (Surface  529 ,  iospbrorbit (3430) :Frame  1,373 :Surface  529 )"
23005917125,16649583,Display 1,533,"Direct to Display (Surface  533 ,  iospbrorbit (3430) :Frame  1,374 :Surface  533 )"
23022566708,16638250,Display 1,532,"Direct to Display (Surface  532 ,  iospbrorbit (3430) :Frame  1,375 :Surface  532 )"
23039204958,16648458,Display 1,529,"Direct to Display (Surface  529 ,  iospbrorbit (3430) :Frame  1,376 :Surface  529 )"
23055853416,16647375,Display 1,533,"Direct to Display (Surface  533 ,  iospbrorbit (3430) :Frame  1,377 :Surface  533 )"
23072500791,16649334,Display 1,532,"Direct to Display (Surface  532 ,  iospbrorbit (3430) :Frame  1,378 :Surface  532 )"
23089150125,66590916,Display 1,529,"Direct to Display (Surface  529 ,  iospbrorbit (3430) :Frame  1,379 :Surface  529 )"
23155741041,16649750,Display 1,533,"Direct to Display (Surface  533 ,  iospbrorbit (3430) :Frame  1,380 :Surface  533 )"
23172390791,16653584,Display 1,532,"Direct to Display (Surface  532 ,  iospbrorbit (3430) :Frame  1,381 :Surface  532 )"
23189044375,16650041,Display 1,529,"Direct to Display (Surface  529 ,  iospbrorbit (3430) :Frame  1,382 :Surface  529 )"
23205694416,16647125,Display 1,533,"Direct to Display (Surface  533 ,  iospbrorbit (3430) :Frame  1,386 :Surface  533 )"
23222341541,16649292,Display 1,532,"Direct to Display (Surface  532 ,  iospbrorbit (3430) :Frame  1,387 :Surface  532 )"
23238990833,16641750,Display 1,529,"Direct to Display (Surface  529 ,  iospbrorbit (3430) :Frame  1,388 :Surface  529 )"
23255632583,16641417,Display 1,533,"Direct to Display (Surface  533 ,  iospbrorbit (3430) :Frame  1,389 :Surface  533 )"
23272274000,16644041,Display 1,532,"Direct to Display (Surface  532 ,  iospbrorbit (3430) :Frame  1,390 :Surface  532 )"
23288918041,16659167,Display 1,529,"Direct to Display (Surface  529 ,  iospbrorbit (3430) :Frame  1,391 :Surface  529 )"
23305577208,16643292,Display 1,533,"Direct to Display (Surface  533 ,  iospbrorbit (3430) :Frame  1,392 :Surface  533 )"
23322220500,16647125,Display 1,532,"Direct to Display (Surface  532 ,  iospbrorbit (3430) :Frame  1,393 :Surface  532 )"
23338867625,16649916,Display 1,529,"Direct to Display (Surface  529 ,  iospbrorbit (3430) :Frame  1,394 :Surface  529 )"
23355517541,16648667,Display 1,533,"Direct to Display (Surface  533 ,  iospbrorbit (3430) :Frame  1,395 :Surface  533 )"
23372166208,16647625,Display 1,532,"Direct to Display (Surface  532 ,  iospbrorbit (3430) :Frame  1,396 :Surface  532 )"
23388813833,16649292,Display 1,529,"Direct to Display (Surface  529 ,  iospbrorbit (3430) :Frame  1,397 :Surface  529 )"
23405463125,16647166,Display 1,533,"Direct to Display (Surface  533 ,  iospbrorbit (3430) :Frame  1,398 :Surface  533 )"
23422110291,16647542,Display 1,532,"Direct to Display (Surface  532 ,  iospbrorbit (3430) :Frame  1,399 :Surface  532 )"
23438757833,16648333,Display 1,529,"Direct to Display (Surface  529 ,  iospbrorbit (3430) :Frame  1,400 :Surface  529 )"
23455406166,16648459,Display 1,533,"Direct to Display (Surface  533 ,  iospbrorbit (3430) :Frame  1,401 :Surface  533 )"
23472054625,16648333,Display 1,532,"Direct to Display (Surface  532 ,  iospbrorbit (3430) :Frame  1,402 :Surface  532 )"
23488702958,16641625,Display 1,529,"Direct to Display (Surface  529 ,  iospbrorbit (3430) :Frame  1,403 :Surface  529 )"
23505344583,16658417,Display 1,533,"Direct to Display (Surface  533 ,  iospbrorbit (3430) :Frame  1,404 :Surface  533 )"
23522003000,16644500,Display 1,532,"Direct to Display (Surface  532 ,  iospbrorbit (3430) :Frame  1,405 :Surface  532 )"
23538647500,16649250,Display 1,529,"Direct to Display (Surface  529 ,  iospbrorbit (3430) :Frame  1,406 :Surface  529 )"
23555296750,16656083,Display 1,533,"Direct to Display (Surface  533 ,  iospbrorbit (3430) :Frame  1,407 :Surface  533 )"
23571952833,16647458,Display 1,532,"Direct to Display (Surface  532 ,  iospbrorbit (3430) :Frame  1,408 :Surface  532 )"
23588600291,16651459,Display 1,529,"Direct to Display (Surface  529 ,  iospbrorbit (3430) :Frame  1,409 :Surface  529 )"
23605251750,16652583,Display 1,533,"Direct to Display (Surface  533 ,  iospbrorbit (3430) :Frame  1,410 :Surface  533 )"
23621904333,16638833,Display 1,532,"Direct to Display (Surface  532 ,  iospbrorbit (3430) :Frame  1,411 :Surface  532 )"
23638543166,16653000,Display 1,529,"Direct to Display (Surface  529 ,  iospbrorbit (3430) :Frame  1,412 :Surface  529 )"
23655196166,16649209,Display 1,533,"Direct to Display (Surface  533 ,  iospbrorbit (3430) :Frame  1,413 :Surface  533 )"
23671845375,16655583,Display 1,532,"Direct to Display (Surface  532 ,  iospbrorbit (3430) :Frame  1,414 :Surface  532 )"
23688500958,16644500,Display 1,529,"Direct to Display (Surface  529 ,  iospbrorbit (3430) :Frame  1,415 :Surface  529 )"
23705145458,16643542,Display 1,533,"Direct to Display (Surface  533 ,  iospbrorbit (3430) :Frame  1,416 :Surface  533 )"
23721789000,16658250,Display 1,532,"Direct to Display (Surface  532 ,  iospbrorbit (3430) :Frame  1,417 :Surface  532 )"
23738447250,16647458,Display 1,529,"Direct to Display (Surface  529 ,  iospbrorbit (3430) :Frame  1,418 :Surface  529 )"
23755094708,16642375,Display 1,533,"Direct to Display (Surface  533 ,  iospbrorbit (3430) :Frame  1,419 :Surface  533 )"
23771737083,16657417,Display 1,532,"Direct to Display (Surface  532 ,  iospbrorbit (3430) :Frame  1,420 :Surface  532 )"
23788394500,16647125,Display 1,529,"Direct to Display (Surface  529 ,  iospbrorbit (3430) :Frame  1,421 :Surface  529 )"
23805041625,16648791,Display 1,533,"Direct to Display (Surface  533 ,  iospbrorbit (3430) :Frame  1,422 :Surface  533 )"
23821690416,16646042,Display 1,532,"Direct to Display (Surface  532 ,  iospbrorbit (3430) :Frame  1,423 :Surface  532 )"
23838336458,16651875,Display 1,529,"Direct to Display (Surface  529 ,  iospbrorbit (3430) :Frame  1,424 :Surface  529 )"
23854988333,16641208,Display 1,533,"Direct to Display (Surface  533 ,  iospbrorbit (3430) :Frame  1,425 :Surface  533 )"
23871629541,16658000,Display 1,532,"Direct to Display (Surface  532 ,  iospbrorbit (3430) :Frame  1,426 :Surface  532 )"
23888287541,16648375,Display 1,529,"Direct to Display (Surface  529 ,  iospbrorbit (3430) :Frame  1,427 :Surface  529 )"
23904935916,16647959,Display 1,533,"Direct to Display (Surface  533 ,  iospbrorbit (3430) :Frame  1,428 :Surface  533 )"
23921583875,16645708,Display 1,532,"Direct to Display (Surface  532 ,  iospbrorbit (3430) :Frame  1,429 :Surface  532 )"
23938229583,16649500,Display 1,529,"Direct to Display (Surface  529 ,  iospbrorbit (3430) :Frame  1,430 :Surface  529 )"
23954879083,16653583,Display 1,533,"Direct to Display (Surface  533 ,  iospbrorbit (3430) :Frame  1,431 :Surface  533 )"
23971532666,16646875,Display 1,532,"Direct to Display (Surface  532 ,  iospbrorbit (3430) :Frame  1,432 :Surface  532 )"
23988179541,16648417,Display 1,529,"Direct to Display (Surface  529 ,  iospbrorbit (3430) :Frame  1,433 :Surface  529 )"
24004827958,16646500,Display 1,533,"Direct to Display (Surface  533 ,  iospbrorbit (3430) :Frame  1,434 :Surface  533 )"
24021474458,16650083,Display 1,532,"Direct to Display (Surface  532 ,  iospbrorbit (3430) :Frame  1,435 :Surface  532 )"
24038124541,16650625,Display 1,529,"Direct to Display (Surface  529 ,  iospbrorbit (3430) :Frame  1,436 :Surface  529 )"
24054775166,16638042,Display 1,533,"Direct to Display (Surface  533 ,  iospbrorbit (3430) :Frame  1,437 :Surface  533 )"
24071413208,16649958,Display 1,532,"Direct to Display (Surface  532 ,  iospbrorbit (3430) :Frame  1,438 :Surface  532 )"
24088063166,16650709,Display 1,529,"Direct to Display (Surface  529 ,  iospbrorbit (3430) :Frame  1,439 :Surface  529 )"
24104713875,16650625,Display 1,533,"Direct to Display (Surface  533 ,  iospbrorbit (3430) :Frame  1,440 :Surface  533 )"
24121364500,16648833,Display 1,532,"Direct to Display (Surface  532 ,  iospbrorbit (3430) :Frame  1,441 :Surface  532 )"
24138013333,16654750,Display 1,529,"Direct to Display (Surface  529 ,  iospbrorbit (3430) :Frame  1,442 :Surface  529 )"
24154668083,16644792,Display 1,533,"Direct to Display (Surface  533 ,  iospbrorbit (3430) :Frame  1,443 :Surface  533 )"
24171312875,16640375,Display 1,532,"Direct to Display (Surface  532 ,  iospbrorbit (3430) :Frame  1,444 :Surface  532 )"
24187953250,16646916,Display 1,529,"Direct to Display (Surface  529 ,  iospbrorbit (3430) :Frame  1,445 :Surface  529 )"
24204600166,16644250,Display 1,533,"Direct to Display (Surface  533 ,  iospbrorbit (3430) :Frame  1,446 :Surface  533 )"
24221244416,16653667,Display 1,532,"Direct to Display (Surface  532 ,  iospbrorbit (3430) :Frame  1,447 :Surface  532 )"
24237898083,16638125,Display 1,529,"Direct to Display (Surface  529 ,  iospbrorbit (3430) :Frame  1,448 :Surface  529 )"
24254536208,16656625,Display 1,533,"Direct to Display (Surface  533 ,  iospbrorbit (3430) :Frame  1,449 :Surface  533 )"
24271192833,16647583,Display 1,532,"Direct to Display (Surface  532 ,  iospbrorbit (3430) :Frame  1,450 :Surface  532 )"
24287840416,16643667,Display 1,529,"Direct to Display (Surface  529 ,  iospbrorbit (3430) :Frame  1,451 :Surface  529 )"
24304484083,16652542,Display 1,533,"Direct to Display (Surface  533 ,  iospbrorbit (3430) :Frame  1,452 :Surface  533 )"
24321136625,16645791,Display 1,532,"Direct to Display (Surface  532 ,  iospbrorbit (3430) :Frame  1,453 :Surface  532 )"
24337782416,16649584,Display 1,529,"Direct to Display (Surface  529 ,  iospbrorbit (3430) :Frame  1,454 :Surface  529 )"
24354432000,16639583,Display 1,533,"Direct to Display (Surface  533 ,  iospbrorbit (3430) :Frame  1,455 :Surface  533 )"
24371071583,16651458,Display 1,532,"Direct to Display (Surface  532 ,  iospbrorbit (3430) :Frame  1,456 :Surface  532 )"
24387723041,16652334,Display 1,529,"Direct to Display (Surface  529 ,  iospbrorbit (3430) :Frame  1,457 :Surface  529 )"
24404375375,16644208,Display 1,533,"Direct to Display (Surface  533 ,  iospbrorbit (3430) :Frame  1,458 :Surface  533 )"
24421019583,16646333,Display 1,532,"Direct to Display (Surface  532 ,  iospbrorbit (3430) :Frame  1,459 :Surface  532 )"
24437665916,16644125,Display 1,529,"Direct to Display (Surface  529 ,  iospbrorbit (3430) :Frame  1,460 :Surface  529 )"
24454310041,16647084,Display 1,533,"Direct to Display (Surface  533 ,  iospbrorbit (3430) :Frame  1,461 :Surface  533 )"
24470957125,16653291,Display 1,532,"Direct to Display (Surface  532 ,  iospbrorbit (3430) :Frame  1,462 :Surface  532 )"
24487610416,16642417,Display 1,529,"Direct to Display (Surface  529 ,  iospbrorbit (3430) :Frame  1,463 :Surface  529 )"
24504252833,16641542,Display 1,533,"Direct to Display (Surface  533 ,  iospbrorbit (3430) :Frame  1,464 :Surface  533 )"
24520894375,16652625,Display 1,532,"Direct to Display (Surface  532 ,  iospbrorbit (3430) :Frame  1,465 :Surface  532 )"
24537547000,16641333,Display 1,529,"Direct to Display (Surface  529 ,  iospbrorbit (3430) :Frame  1,466 :Surface  529 )"
24554188333,16652542,Display 1,533,"Direct to Display (Surface  533 ,  iospbrorbit (3430) :Frame  1,467 :Surface  533 )"
24570840875,16650625,Display 1,532,"Direct to Display (Surface  532 ,  iospbrorbit (3430) :Frame  1,468 :Surface  532 )"
24587491500,16650208,Display 1,529,"Direct to Display (Surface  529 ,  iospbrorbit (3430) :Frame  1,469 :Surface  529 )"
24604141708,16640333,Display 1,533,"Direct to Display (Surface  533 ,  iospbrorbit (3430) :Frame  1,470 :Surface  533 )"
24620782041,16646709,Display 1,532,"Direct to Display (Surface  532 ,  iospbrorbit (3430) :Frame  1,471 :Surface  532 )"
24637428750,16649958,Display 1,529,"Direct to Display (Surface  529 ,  iospbrorbit (3430) :Frame  1,472 :Surface  529 )"
24654078708,16644500,Display 1,533,"Direct to Display (Surface  533 ,  iospbrorbit (3430) :Frame  1,473 :Surface  533 )"
24670723208,16647250,Display 1,532,"Direct to Display (Surface  532 ,  iospbrorbit (3430) :Frame  1,474 :Surface  532 )"
24687370458,16648125,Display 1,529,"Direct to Display (Surface  529 ,  iospbrorbit (3430) :Frame  1,475 :Surface  529 )"
24704018583,16646875,Display 1,533,"Direct to Display (Surface  533 ,  iospbrorbit (3430) :Frame  1,476 :Surface  533 )"
24720665458,16649708,Display 1,532,"Direct to Display (Surface  532 ,  iospbrorbit (3430) :Frame  1,477 :Surface  532 )"
24737315166,16654459,Display 1,529,"Direct to Display (Surface  529 ,  iospbrorbit (3430) :Frame  1,478 :Surface  529 )"
24753969625,16643541,Display 1,533,"Direct to Display (Surface  533 ,  iospbrorbit (3430) :Frame  1,479 :Surface  533 )"
24770613166,16646959,Display 1,532,"Direct to Display (Surface  532 ,  iospbrorbit (3430) :Frame  1,480 :Surface  532 )"
24787260125,16652708,Display 1,529,"Direct to Display (Surface  529 ,  iospbrorbit (3430) :Frame  1,481 :Surface  529 )"
24803912833,16637583,Display 1,533,"Direct to Display (Surface  533 ,  iospbrorbit (3430) :Frame  1,482 :Surface  533 )"
24820550416,16663625,Display 1,532,"Direct to Display (Surface  532 ,  iospbrorbit (3430) :Frame  1,483 :Surface  532 )"
24837214041,16641917,Display 1,529,"Direct to Display (Surface  529 ,  iospbrorbit (3430) :Frame  1,484 :Surface  529 )"
24853855958,16650458,Display 1,533,"Direct to Display (Surface  533 ,  iospbrorbit (3430) :Frame  1,485 :Surface  533 )"
24870506416,16644959,Display 1,532,"Direct to Display (Surface  532 ,  iospbrorbit (3430) :Frame  1,486 :Surface  532 )"
24887151375,16647083,Display 1,529,"Direct to Display (Surface  529 ,  iospbrorbit (3430) :Frame  1,487 :Surface  529 )"
24903798458,16653792,Display 1,533,"Direct to Display (Surface  533 ,  iospbrorbit (3430) :Frame  1,488 :Surface  533 )"
24920452250,16645125,Display 1,532,"Direct to Display (Surface  532 ,  iospbrorbit (3430) :Frame  1,489 :Surface  532 )"
24937097375,16645958,Display 1,529,"Direct to Display (Surface  529 ,  iospbrorbit (3430) :Frame  1,490 :Surface  529 )"
24953743333,16651167,Display 1,533,"Direct to Display (Surface  533 ,  iospbrorbit (3430) :Frame  1,491 :Surface  533 )"
24970394500,16644125,Display 1,532,"Direct to Display (Surface  532 ,  iospbrorbit (3430) :Frame  1,492 :Surface  532 )"
24987038625,16646250,Display 1,529,"Direct to Display (Surface  529 ,  iospbrorbit (3430) :Frame  1,493 :Surface  529 )"
25003684875,16643875,Display 1,533,"Direct to Display (Surface  533 ,  iospbrorbit (3430) :Frame  1,494 :Surface  533 )"
25020328750,16643750,Display 1,532,"Direct to Display (Surface  532 ,  iospbrorbit (3430) :Frame  1,495 :Surface  532 )"
25036972500,16653041,Display 1,529,"Direct to Display (Surface  529 ,  iospbrorbit (3430) :Frame  1,496 :Surface  529 )"
25053625541,16654834,Display 1,533,"Direct to Display (Surface  533 ,  iospbrorbit (3430) :Frame  1,497 :Surface  533 )"
25070280375,16643833,Display 1,532,"Direct to Display (Surface  532 ,  iospbrorbit (3430) :Frame  1,498 :Surface  532 )"
25086924208,16645667,Display 1,529,"Direct to Display (Surface  529 ,  iospbrorbit (3430) :Frame  1,499 :Surface  529 )"
25103569875,16647708,Display 1,533,"Direct to Display (Surface  533 ,  iospbrorbit (3430) :Frame  1,500 :Surface  533 )"
25120217583,16650000,Display 1,532,"Direct to Display (Surface  532 ,  iospbrorbit (3430) :Frame  1,501 :Surface  532 )"
25136867583,16637917,Display 1,529,"Direct to Display (Surface  529 ,  iospbrorbit (3430) :Frame  1,502 :Surface  529 )"
25153505500,16657541,Display 1,533,"Direct to Display (Surface  533 ,  iospbrorbit (3430) :Frame  1,503 :Surface  533 )"
25170163041,16639625,Display 1,532,"Direct to Display (Surface  532 ,  iospbrorbit (3430) :Frame  1,504 :Surface  532 )"
25186802666,16639875,Display 1,529,"Direct to Display (Surface  529 ,  iospbrorbit (3430) :Frame  1,505 :Surface  529 )"
25203442541,16665000,Display 1,533,"Direct to Display (Surface  533 ,  iospbrorbit (3430) :Frame  1,506 :Surface  533 )"
25220107541,16645292,Display 1,532,"Direct to Display (Surface  532 ,  iospbrorbit (3430) :Frame  1,507 :Surface  532 )"
25236752833,16642208,Display 1,529,"Direct to Display (Surface  529 ,  iospbrorbit (3430) :Frame  1,508 :Surface  529 )"
25253395041,16652209,Display 1,533,"Direct to Display (Surface  533 ,  iospbrorbit (3430) :Frame  1,509 :Surface  533 )"
25270047250,16636541,Display 1,532,"Direct to Display (Surface  532 ,  iospbrorbit (3430) :Frame  1,510 :Surface  532 )"
25286683791,16651584,Display 1,529,"Direct to Display (Surface  529 ,  iospbrorbit (3430) :Frame  1,511 :Surface  529 )"
25303335375,16653916,Display 1,533,"Direct to Display (Surface  533 ,  iospbrorbit (3430) :Frame  1,512 :Surface  533 )"
25319989291,16643417,Display 1,532,"Direct to Display (Surface  532 ,  iospbrorbit (3430) :Frame  1,513 :Surface  532 )"
25336632708,16645917,Display 1,529,"Direct to Display (Surface  529 ,  iospbrorbit (3430) :Frame  1,514 :Surface  529 )"
25353278625,16643041,Display 1,533,"Direct to Display (Surface  533 ,  iospbrorbit (3430) :Frame  1,515 :Surface  533 )"
25369921666,16659125,Display 1,532,"Direct to Display (Surface  532 ,  iospbrorbit (3430) :Frame  1,516 :Surface  532 )"
25386580791,16638042,Display 1,529,"Direct to Display (Surface  529 ,  iospbrorbit (3430) :Frame  1,517 :Surface  529 )"
25403218833,16658542,Display 1,533,"Direct to Display (Surface  533 ,  iospbrorbit (3430) :Frame  1,518 :Surface  533 )"
25419877375,16638916,Display 1,532,"Direct to Display (Surface  532 ,  iospbrorbit (3430) :Frame  1,519 :Surface  532 )"
25436516291,16654417,Display 1,529,"Direct to Display (Surface  529 ,  iospbrorbit (3430) :Frame  1,520 :Surface  529 )"
25453170708,16654333,Display 1,533,"Direct to Display (Surface  533 ,  iospbrorbit (3430) :Frame  1,521 :Surface  533 )"
25469825041,16649542,Display 1,532,"Direct to Display (Surface  532 ,  iospbrorbit (3430) :Frame  1,522 :Surface  532 )"
25486474583,16645958,Display 1,529,"Direct to Display (Surface  529 ,  iospbrorbit (3430) :Frame  1,523 :Surface  529 )"
25503120541,16646334,Display 1,533,"Direct to Display (Surface  533 ,  iospbrorbit (3430) :Frame  1,524 :Surface  533 )"
25519766875,16650666,Display 1,532,"Direct to Display (Surface  532 ,  iospbrorbit (3430) :Frame  1,525 :Surface  532 )"
25536417541,16649917,Display 1,529,"Direct to Display (Surface  529 ,  iospbrorbit (3430) :Frame  1,526 :Surface  529 )"
25553067458,16649375,Display 1,533,"Direct to Display (Surface  533 ,  iospbrorbit (3430) :Frame  1,527 :Surface  533 )"
25569716833,16643125,Display 1,532,"Direct to Display (Surface  532 ,  iospbrorbit (3430) :Frame  1,528 :Surface  532 )"
25586359958,16653250,Display 1,529,"Direct to Display (Surface  529 ,  iospbrorbit (3430) :Frame  1,529 :Surface  529 )"
25603013208,16644375,Display 1,533,"Direct to Display (Surface  533 ,  iospbrorbit (3430) :Frame  1,530 :Surface  533 )"
25619657583,16649375,Display 1,532,"Direct to Display (Surface  532 ,  iospbrorbit (3430) :Frame  1,531 :Surface  532 )"
25636306958,16649708,Display 1,529,"Direct to Display (Surface  529 ,  iospbrorbit (3430) :Frame  1,532 :Surface  529 )"
25652956666,16655500,Display 1,533,"Direct to Display (Surface  533 ,  iospbrorbit (3430) :Frame  1,533 :Surface  533 )"
25669612166,16659084,Display 1,532,"Direct to Display (Surface  532 ,  iospbrorbit (3430) :Frame  1,534 :Surface  532 )"
25686271250,16648375,Display 1,529,"Direct to Display (Surface  529 ,  iospbrorbit (3430) :Frame  1,535 :Surface  529 )"
25702919625,16642333,Display 1,533,"Direct to Display (Surface  533 ,  iospbrorbit (3430) :Frame  1,536 :Surface  533 )"
25719561958,16654917,Display 1,532,"Direct to Display (Surface  532 ,  iospbrorbit (3430) :Frame  1,537 :Surface  532 )"
25736216875,16646250,Display 1,529,"Direct to Display (Surface  529 ,  iospbrorbit (3430) :Frame  1,538 :Surface  529 )"
25752863125,16642458,Display 1,533,"Direct to Display (Surface  533 ,  iospbrorbit (3430) :Frame  1,539 :Surface  533 )"
25769505583,16656292,Display 1,532,"Direct to Display (Surface  532 ,  iospbrorbit (3430) :Frame  1,540 :Surface  532 )"
25786161875,16652500,Display 1,529,"Direct to Display (Surface  529 ,  iospbrorbit (3430) :Frame  1,541 :Surface  529 )"
25802814375,16646000,Display 1,533,"Direct to Display (Surface  533 ,  iospbrorbit (3430) :Frame  1,542 :Surface  533 )"
25819460375,16652625,Display 1,532,"Direct to Display (Surface  532 ,  iospbrorbit (3430) :Frame  1,543 :Surface  532 )"
25836113000,16649500,Display 1,529,"Direct to Display (Surface  529 ,  iospbrorbit (3430) :Frame  1,544 :Surface  529 )"
25852762500,16640208,Display 1,533,"Direct to Display (Surface  533 ,  iospbrorbit (3430) :Frame  1,545 :Surface  533 )"
25869402708,16648583,Display 1,532,"Direct to Display (Surface  532 ,  iospbrorbit (3430) :Frame  1,546 :Surface  532 )"
25886051291,16654959,Display 1,529,"Direct to Display (Surface  529 ,  iospbrorbit (3430) :Frame  1,547 :Surface  529 )"
25902706250,16651333,Display 1,533,"Direct to Display (Surface  533 ,  iospbrorbit (3430) :Frame  1,548 :Surface  533 )"
25919357583,16649250,Display 1,532,"Direct to Display (Surface  532 ,  iospbrorbit (3430) :Frame  1,549 :Surface  532 )"
25936006833,16652333,Display 1,529,"Direct to Display (Surface  529 ,  iospbrorbit (3430) :Frame  1,550 :Surface  529 )"
25952659166,16639709,Display 1,533,"Direct to Display (Surface  533 ,  iospbrorbit (3430) :Frame  1,551 :Surface  533 )"
25969298875,16648666,Display 1,532,"Direct to Display (Surface  532 ,  iospbrorbit (3430) :Frame  1,552 :Surface  532 )"
25985947541,16642542,Display 1,529,"Direct to Display (Surface  529 ,  iospbrorbit (3430) :Frame  1,553 :Surface  529 )"
26002590083,16654625,Display 1,533,"Direct to Display (Surface  533 ,  iospbrorbit (3430) :Frame  1,554 :Surface  533 )"
26019244708,16648708,Display 1,532,"Direct to Display (Surface  532 ,  iospbrorbit (3430) :Frame  1,555 :Surface  532 )"
26035893416,16655750,Display 1,529,"Direct to Display (Surface  529 ,  iospbrorbit (3430) :Frame  1,556 :Surface  529 )"
26052549166,16643584,Display 1,533,"Direct to Display (Surface  533 ,  iospbrorbit (3430) :Frame  1,557 :Surface  533 )"
26069192750,16649666,Display 1,532,"Direct to Display (Surface  532 ,  iospbrorbit (3430) :Frame  1,558 :Surface  532 )"
26085842416,16642667,Display 1,529,"Direct to Display (Surface  529 ,  iospbrorbit (3430) :Frame  1,559 :Surface  529 )"
26102485083,16652750,Display 1,533,"Direct to Display (Surface  533 ,  iospbrorbit (3430) :Frame  1,560 :Surface  533 )"
26119137833,16642167,Display 1,532,"Direct to Display (Surface  532 ,  iospbrorbit (3430) :Frame  1,561 :Surface  532 )"
26135780000,16664166,Display 1,529,"Direct to Display (Surface  529 ,  iospbrorbit (3430) :Frame  1,562 :Surface  529 )"
26152444166,16641375,Display 1,533,"Direct to Display (Surface  533 ,  iospbrorbit (3430) :Frame  1,563 :Surface  533 )"
26169085541,16650750,Display 1,532,"Direct to Display (Surface  532 ,  iospbrorbit (3430) :Frame  1,564 :Surface  532 )"
26185736291,16644125,Display 1,529,"Direct to Display (Surface  529 ,  iospbrorbit (3430) :Frame  1,565 :Surface  529 )"
26202380416,16655000,Display 1,533,"Direct to Display (Surface  533 ,  iospbrorbit (3430) :Frame  1,566 :Surface  533 )"
26219035416,16640209,Display 1,532,"Direct to Display (Surface  532 ,  iospbrorbit (3430) :Frame  1,567 :Surface  532 )"
26235675625,16648000,Display 1,529,"Direct to Display (Surface  529 ,  iospbrorbit (3430) :Frame  1,568 :Surface  529 )"
26252323625,16645500,Display 1,533,"Direct to Display (Surface  533 ,  iospbrorbit (3430) :Frame  1,569 :Surface  533 )"
26268969125,16652833,Display 1,532,"Direct to Display (Surface  532 ,  iospbrorbit (3430) :Frame  1,570 :Surface  532 )"
26285621958,16643625,Display 1,529,"Direct to Display (Surface  529 ,  iospbrorbit (3430) :Frame  1,571 :Surface  529 )"
26302265583,16649958,Display 1,533,"Direct to Display (Surface  533 ,  iospbrorbit (3430) :Frame  1,572 :Surface  533 )"
26318915541,16654875,Display 1,532,"Direct to Display (Surface  532 ,  iospbrorbit (3430) :Frame  1,573 :Surface  532 )"
26335570416,16641084,Display 1,529,"Direct to Display (Surface  529 ,  iospbrorbit (3430) :Frame  1,574 :Surface  529 )"
26352211500,16644833,Display 1,533,"Direct to Display (Surface  533 ,  iospbrorbit (3430) :Frame  1,575 :Surface  533 )"
26368856333,16642792,Display 1,532,"Direct to Display (Surface  532 ,  iospbrorbit (3430) :Frame  1,576 :Surface  532 )"
26385499125,16660250,Display 1,529,"Direct to Display (Surface  529 ,  iospbrorbit (3430) :Frame  1,577 :Surface  529 )"
26402159375,16646458,Display 1,533,"Direct to Display (Surface  533 ,  iospbrorbit (3430) :Frame  1,578 :Surface  533 )"
26418805833,16647875,Display 1,532,"Direct to Display (Surface  532 ,  iospbrorbit (3430) :Frame  1,579 :Surface  532 )"
26435453708,16651417,Display 1,529,"Direct to Display (Surface  529 ,  iospbrorbit (3430) :Frame  1,580 :Surface  529 )"
26452105125,16642916,Display 1,533,"Direct to Display (Surface  533 ,  iospbrorbit (3430) :Frame  1,581 :Surface  533 )"
26468748041,16653625,Display 1,532,"Direct to Display (Surface  532 ,  iospbrorbit (3430) :Frame  1,582 :Surface  532 )"
26485401666,16644417,Display 1,529,"Direct to Display (Surface  529 ,  iospbrorbit (3430) :Frame  1,583 :Surface  529 )"
26502046083,16646750,Display 1,533,"Direct to Display (Surface  533 ,  iospbrorbit (3430) :Frame  1,584 :Surface  533 )"
26518692833,16650917,Display 1,532,"Direct to Display (Surface  532 ,  iospbrorbit (3430) :Frame  1,585 :Surface  532 )"
26535343750,16646375,Display 1,529,"Direct to Display (Surface  529 ,  iospbrorbit (3430) :Frame  1,586 :Surface  529 )"
26551990125,16649041,Display 1,533,"Direct to Display (Surface  533 ,  iospbrorbit (3430) :Frame  1,587 :Surface  533 )"
26568639166,16649042,Display 1,532,"Direct to Display (Surface  532 ,  iospbrorbit (3430) :Frame  1,588 :Surface  532 )"
26585288208,16649333,Display 1,529,"Direct to Display (Surface  529 ,  iospbrorbit (3430) :Frame  1,589 :Surface  529 )"
26601937541,16652917,Display 1,533,"Direct to Display (Surface  533 ,  iospbrorbit (3430) :Frame  1,590 :Surface  533 )"
26618590458,16639375,Display 1,532,"Direct to Display (Surface  532 ,  iospbrorbit (3430) :Frame  1,591 :Surface  532 )"
26635229833,16650208,Display 1,529,"Direct to Display (Surface  529 ,  iospbrorbit (3430) :Frame  1,592 :Surface  529 )"
26651880041,16649334,Display 1,533,"Direct to Display (Surface  533 ,  iospbrorbit (3430) :Frame  1,593 :Surface  533 )"
26668529375,16665416,Display 1,532,"Direct to Display (Surface  532 ,  iospbrorbit (3430) :Frame  1,594 :Surface  532 )"
26685194791,16639375,Display 1,529,"Direct to Display (Surface  529 ,  iospbrorbit (3430) :Frame  1,595 :Surface  529 )"
26701834166,16654375,Display 1,533,"Direct to Display (Surface  533 ,  iospbrorbit (3430) :Frame  1,596 :Surface  533 )"
26718488541,16654250,Display 1,532,"Direct to Display (Surface  532 ,  iospbrorbit (3430) :Frame  1,597 :Surface  532 )"
26735142791,16640584,Display 1,529,"Direct to Display (Surface  529 ,  iospbrorbit (3430) :Frame  1,598 :Surface  529 )"
26751783375,16645583,Display 1,533,"Direct to Display (Surface  533 ,  iospbrorbit (3430) :Frame  1,599 :Surface  533 )"
26768428958,16655208,Display 1,532,"Direct to Display (Surface  532 ,  iospbrorbit (3430) :Frame  1,600 :Surface  532 )"
26785084166,16649250,Display 1,529,"Direct to Display (Surface  529 ,  iospbrorbit (3430) :Frame  1,601 :Surface  529 )"
26801733416,16655750,Display 1,533,"Direct to Display (Surface  533 ,  iospbrorbit (3430) :Frame  1,602 :Surface  533 )"
26818389166,16646250,Display 1,532,"Direct to Display (Surface  532 ,  iospbrorbit (3430) :Frame  1,603 :Surface  532 )"
26835035416,16645625,Display 1,529,"Direct to Display (Surface  529 ,  iospbrorbit (3430) :Frame  1,604 :Surface  529 )"
26851681041,16654250,Display 1,533,"Direct to Display (Surface  533 ,  iospbrorbit (3430) :Frame  1,605 :Surface  533 )"
26868335291,16654709,Display 1,532,"Direct to Display (Surface  532 ,  iospbrorbit (3430) :Frame  1,606 :Surface  532 )"
26884990000,16639375,Display 1,529,"Direct to Display (Surface  529 ,  iospbrorbit (3430) :Frame  1,607 :Surface  529 )"
26901629375,16659791,Display 1,533,"Direct to Display (Surface  533 ,  iospbrorbit (3430) :Frame  1,608 :Surface  533 )"
26918289166,16649417,Display 1,532,"Direct to Display (Surface  532 ,  iospbrorbit (3430) :Frame  1,609 :Surface  532 )"
26934938583,16640250,Display 1,529,"Direct to Display (Surface  529 ,  iospbrorbit (3430) :Frame  1,610 :Surface  529 )"
26951578833,16650375,Display 1,533,"Direct to Display (Surface  533 ,  iospbrorbit (3430) :Frame  1,611 :Surface  533 )"
26968229208,16650125,Display 1,532,"Direct to Display (Surface  532 ,  iospbrorbit (3430) :Frame  1,612 :Surface  532 )"
26984879333,16654750,Display 1,529,"Direct to Display (Surface  529 ,  iospbrorbit (3430) :Frame  1,613 :Surface  529 )"
27001534083,16648792,Display 1,533,"Direct to Display (Surface  533 ,  iospbrorbit (3430) :Frame  1,614 :Surface  533 )"
27018182875,16650708,Display 1,532,"Direct to Display (Surface  532 ,  iospbrorbit (3430) :Frame  1,615 :Surface  532 )"
27034833583,16642167,Display 1,529,"Direct to Display (Surface  529 ,  iospbrorbit (3430) :Frame  1,616 :Surface  529 )"
27051475750,16654333,Display 1,533,"Direct to Display (Surface  533 ,  iospbrorbit (3430) :Frame  1,617 :Surface  533 )"
27068130083,16653708,Display 1,532,"Direct to Display (Surface  532 ,  iospbrorbit (3430) :Frame  1,618 :Surface  532 )"
27084783791,16646584,Display 1,529,"Direct to Display (Surface  529 ,  iospbrorbit (3430) :Frame  1,619 :Surface  529 )"
27101430375,16638666,Display 1,533,"Direct to Display (Surface  533 ,  iospbrorbit (3430) :Frame  1,620 :Surface  533 )"
27118069041,16648375,Display 1,532,"Direct to Display (Surface  532 ,  iospbrorbit (3430) :Frame  1,621 :Surface  532 )"
27134717416,16653084,Display 1,529,"Direct to Display (Surface  529 ,  iospbrorbit (3430) :Frame  1,622 :Surface  529 )"
27151370500,16643916,Display 1,533,"Direct to Display (Surface  533 ,  iospbrorbit (3430) :Frame  1,623 :Surface  533 )"
27168014416,16654250,Display 1,532,"Direct to Display (Surface  532 ,  iospbrorbit (3430) :Frame  1,624 :Surface  532 )"
27184668666,16642250,Display 1,529,"Direct to Display (Surface  529 ,  iospbrorbit (3430) :Frame  1,625 :Surface  529 )"
27201310916,16649875,Display 1,533,"Direct to Display (Surface  533 ,  iospbrorbit (3430) :Frame  1,626 :Surface  533 )"
27217960791,16657709,Display 1,532,"Direct to Display (Surface  532 ,  iospbrorbit (3430) :Frame  1,627 :Surface  532 )"
27234618500,16644416,Display 1,529,"Direct to Display (Surface  529 ,  iospbrorbit (3430) :Frame  1,628 :Surface  529 )"
27251262916,16653709,Display 1,533,"Direct to Display (Surface  533 ,  iospbrorbit (3430) :Frame  1,629 :Surface  533 )"
27267916625,16645875,Display 1,532,"Direct to Display (Surface  532 ,  iospbrorbit (3430) :Frame  1,630 :Surface  532 )"
27284562500,16648583,Display 1,529,"Direct to Display (Surface  529 ,  iospbrorbit (3430) :Frame  1,631 :Surface  529 )"
27301211083,16648917,Display 1,533,"Direct to Display (Surface  533 ,  iospbrorbit (3430) :Frame  1,632 :Surface  533 )"
27317860000,16646625,Display 1,532,"Direct to Display (Surface  532 ,  iospbrorbit (3430) :Frame  1,633 :Surface  532 )"
27334506625,16655708,Display 1,529,"Direct to Display (Surface  529 ,  iospbrorbit (3430) :Frame  1,634 :Surface  529 )"
27351162333,16637125,Display 1,533,"Direct to Display (Surface  533 ,  iospbrorbit (3430) :Frame  1,635 :Surface  533 )"
27367799458,16658083,Display 1,532,"Direct to Display (Surface  532 ,  iospbrorbit (3430) :Frame  1,636 :Surface  532 )"
27384457541,16643959,Display 1,529,"Direct to Display (Surface  529 ,  iospbrorbit (3430) :Frame  1,637 :Surface  529 )"
27401101500,16643750,Display 1,533,"Direct to Display (Surface  533 ,  iospbrorbit (3430) :Frame  1,638 :Surface  533 )"
27417745250,16653416,Display 1,532,"Direct to Display (Surface  532 ,  iospbrorbit (3430) :Frame  1,639 :Surface  532 )"
27434398666,16643875,Display 1,529,"Direct to Display (Surface  529 ,  iospbrorbit (3430) :Frame  1,640 :Surface  529 )"
27451042541,16652125,Display 1,533,"Direct to Display (Surface  533 ,  iospbrorbit (3430) :Frame  1,641 :Surface  533 )"
27467694666,16653875,Display 1,532,"Direct to Display (Surface  532 ,  iospbrorbit (3430) :Frame  1,642 :Surface  532 )"
27484348541,16637625,Display 1,529,"Direct to Display (Surface  529 ,  iospbrorbit (3430) :Frame  1,643 :Surface  529 )"
27500986166,16654875,Display 1,533,"Direct to Display (Surface  533 ,  iospbrorbit (3430) :Frame  1,644 :Surface  533 )"
27517641041,16643417,Display 1,532,"Direct to Display (Surface  532 ,  iospbrorbit (3430) :Frame  1,645 :Surface  532 )"
27534284458,16649125,Display 1,529,"Direct to Display (Surface  529 ,  iospbrorbit (3430) :Frame  1,646 :Surface  529 )"
27550933583,16648792,Display 1,533,"Direct to Display (Surface  533 ,  iospbrorbit (3430) :Frame  1,647 :Surface  533 )"
27567582375,16649166,Display 1,532,"Direct to Display (Surface  532 ,  iospbrorbit (3430) :Frame  1,648 :Surface  532 )"
27584231541,16649709,Display 1,529,"Direct to Display (Surface  529 ,  iospbrorbit (3430) :Frame  1,649 :Surface  529 )"
27600881250,66606125,Display 1,533,"Direct to Display (Surface  533 ,  iospbrorbit (3430) :Frame  1,650 :Surface  533 )"
27667487375,16650375,Display 1,532,"Direct to Display (Surface  532 ,  iospbrorbit (3430) :Frame  1,651 :Surface  532 )"
27684137750,16643458,Display 1,529,"Direct to Display (Surface  529 ,  iospbrorbit (3430) :Frame  1,652 :Surface  529 )"
27700781208,16649083,Display 1,533,"Direct to Display (Surface  533 ,  iospbrorbit (3430) :Frame  1,653 :Surface  533 )"
27717430291,16655459,Display 1,532,"Direct to Display (Surface  532 ,  iospbrorbit (3430) :Frame  1,657 :Surface  532 )"
27734085750,16643416,Display 1,529,"Direct to Display (Surface  529 ,  iospbrorbit (3430) :Frame  1,658 :Surface  529 )"
27750729166,16666584,Display 1,533,"Direct to Display (Surface  533 ,  iospbrorbit (3430) :Frame  1,659 :Surface  533 )"
27767395750,16647833,Display 1,532,"Direct to Display (Surface  532 ,  iospbrorbit (3430) :Frame  1,660 :Surface  532 )"
27784043583,16643875,Display 1,529,"Direct to Display (Surface  529 ,  iospbrorbit (3430) :Frame  1,661 :Surface  529 )"
27800687458,16648000,Display 1,533,"Direct to Display (Surface  533 ,  iospbrorbit (3430) :Frame  1,662 :Surface  533 )"
27817335458,16647500,Display 1,532,"Direct to Display (Surface  532 ,  iospbrorbit (3430) :Frame  1,663 :Surface  532 )"
27833982958,16637042,Display 1,529,"Direct to Display (Surface  529 ,  iospbrorbit (3430) :Frame  1,664 :Surface  529 )"
27850620000,16659208,Display 1,533,"Direct to Display (Surface  533 ,  iospbrorbit (3430) :Frame  1,665 :Surface  533 )"
27867279208,16637000,Display 1,532,"Direct to Display (Surface  532 ,  iospbrorbit (3430) :Frame  1,666 :Surface  532 )"
27883916208,16648917,Display 1,529,"Direct to Display (Surface  529 ,  iospbrorbit (3430) :Frame  1,667 :Surface  529 )"
27900565125,16658708,Display 1,533,"Direct to Display (Surface  533 ,  iospbrorbit (3430) :Frame  1,668 :Surface  533 )"
27917223833,16649333,Display 1,532,"Direct to Display (Surface  532 ,  iospbrorbit (3430) :Frame  1,669 :Surface  532 )"
27933873166,16639584,Display 1,529,"Direct to Display (Surface  529 ,  iospbrorbit (3430) :Frame  1,670 :Surface  529 )"
27950512750,16660041,Display 1,533,"Direct to Display (Surface  533 ,  iospbrorbit (3430) :Frame  1,671 :Surface  533 )"
27967172791,16648917,Display 1,532,"Direct to Display (Surface  532 ,  iospbrorbit (3430) :Frame  1,672 :Surface  532 )"
27983821708,16654708,Display 1,529,"Direct to Display (Surface  529 ,  iospbrorbit (3430) :Frame  1,673 :Surface  529 )"
28000476416,16643667,Display 1,533,"Direct to Display (Surface  533 ,  iospbrorbit (3430) :Frame  1,674 :Surface  533 )"
28017120083,16648375,Display 1,532,"Direct to Display (Surface  532 ,  iospbrorbit (3430) :Frame  1,675 :Surface  532 )"
28033768458,16651000,Display 1,529,"Direct to Display (Surface  529 ,  iospbrorbit (3430) :Frame  1,676 :Surface  529 )"
28050419458,16635625,Display 1,533,"Direct to Display (Surface  533 ,  iospbrorbit (3430) :Frame  1,677 :Surface  533 )"
28067055083,16657083,Display 1,532,"Direct to Display (Surface  532 ,  iospbrorbit (3430) :Frame  1,678 :Surface  532 )"
28083712166,16646500,Display 1,529,"Direct to Display (Surface  529 ,  iospbrorbit (3430) :Frame  1,679 :Surface  529 )"
28100358666,16638917,Display 1,533,"Direct to Display (Surface  533 ,  iospbrorbit (3430) :Frame  1,680 :Surface  533 )"
28116997583,16653375,Display 1,532,"Direct to Display (Surface  532 ,  iospbrorbit (3430) :Frame  1,681 :Surface  532 )"
28133650958,16653500,Display 1,529,"Direct to Display (Surface  529 ,  iospbrorbit (3430) :Frame  1,682 :Surface  529 )"
28150304458,16641917,Display 1,533,"Direct to Display (Surface  533 ,  iospbrorbit (3430) :Frame  1,683 :Surface  533 )"
28166946375,16654541,Display 1,532,"Direct to Display (Surface  532 ,  iospbrorbit (3430) :Frame  1,684 :Surface  532 )"
28183600916,16646750,Display 1,529,"Direct to Display (Surface  529 ,  iospbrorbit (3430) :Frame  1,685 :Surface  529 )"
28200247666,16643334,Display 1,533,"Direct to Display (Surface  533 ,  iospbrorbit (3430) :Frame  1,686 :Surface  533 )"
28216891000,16655625,Display 1,532,"Direct to Display (Surface  532 ,  iospbrorbit (3430) :Frame  1,687 :Surface  532 )"
28233546625,16651375,Display 1,529,"Direct to Display (Surface  529 ,  iospbrorbit (3430) :Frame  1,688 :Surface  529 )"
28250198000,16647541,Display 1,533,"Direct to Display (Surface  533 ,  iospbrorbit (3430) :Frame  1,689 :Surface  533 )"
28266845541,16645375,Display 1,532,"Direct to Display (Surface  532 ,  iospbrorbit (3430) :Frame  1,690 :Surface  532 )"
28283490916,16649959,Display 1,529,"Direct to Display (Surface  529 ,  iospbrorbit (3430) :Frame  1,691 :Surface  529 )"
28300140875,16646291,Display 1,533,"Direct to Display (Surface  533 ,  iospbrorbit (3430) :Frame  1,692 :Surface  533 )"
28316787166,16649125,Display 1,532,"Direct to Display (Surface  532 ,  iospbrorbit (3430) :Frame  1,693 :Surface  532 )"
28333436291,16647917,Display 1,529,"Direct to Display (Surface  529 ,  iospbrorbit (3430) :Frame  1,694 :Surface  529 )"
28350084208,16647875,Display 1,533,"Direct to Display (Surface  533 ,  iospbrorbit (3430) :Frame  1,695 :Surface  533 )"
28366732083,16649167,Display 1,532,"Direct to Display (Surface  532 ,  iospbrorbit (3430) :Frame  1,696 :Surface  532 )"
28383381250,16649541,Display 1,529,"Direct to Display (Surface  529 ,  iospbrorbit (3430) :Frame  1,697 :Surface  529 )"
28400030791,16647625,Display 1,533,"Direct to Display (Surface  533 ,  iospbrorbit (3430) :Frame  1,698 :Surface  533 )"
28416678416,16654792,Display 1,532,"Direct to Display (Surface  532 ,  iospbrorbit (3430) :Frame  1,699 :Surface  532 )"
28433333208,16648792,Display 1,529,"Direct to Display (Surface  529 ,  iospbrorbit (3430) :Frame  1,700 :Surface  529 )"
28449982000,16634583,Display 1,533,"Direct to Display (Surface  533 ,  iospbrorbit (3430) :Frame  1,701 :Surface  533 )"
28466616583,16653375,Display 1,532,"Direct to Display (Surface  532 ,  iospbrorbit (3430) :Frame  1,702 :Surface  532 )"
28483269958,16646042,Display 1,529,"Direct to Display (Surface  529 ,  iospbrorbit (3430) :Frame  1,703 :Surface  529 )"
28499916000,16646541,Display 1,533,"Direct to Display (Surface  533 ,  iospbrorbit (3430) :Frame  1,704 :Surface  533 )"
28516562541,16647584,Display 1,532,"Direct to Display (Surface  532 ,  iospbrorbit (3430) :Frame  1,705 :Surface  532 )"
28533210125,16641833,Display 1,529,"Direct to Display (Surface  529 ,  iospbrorbit (3430) :Frame  1,706 :Surface  529 )"
28549851958,16655958,Display 1,533,"Direct to Display (Surface  533 ,  iospbrorbit (3430) :Frame  1,707 :Surface  533 )"
28566507916,16640750,Display 1,532,"Direct to Display (Surface  532 ,  iospbrorbit (3430) :Frame  1,708 :Surface  532 )"
28583148666,16647542,Display 1,529,"Direct to Display (Surface  529 ,  iospbrorbit (3430) :Frame  1,709 :Surface  529 )"
28599796208,16642750,Display 1,533,"Direct to Display (Surface  533 ,  iospbrorbit (3430) :Frame  1,710 :Surface  533 )"
28616438958,16654042,Display 1,532,"Direct to Display (Surface  532 ,  iospbrorbit (3430) :Frame  1,711 :Surface  532 )"
28633093000,16648833,Display 1,529,"Direct to Display (Surface  529 ,  iospbrorbit (3430) :Frame  1,712 :Surface  529 )"
28649741833,16643083,Display 1,533,"Direct to Display (Surface  533 ,  iospbrorbit (3430) :Frame  1,713 :Surface  533 )"
28666384916,33303750,Display 1,532,"Direct to Display (Surface  532 ,  iospbrorbit (3430) :Frame  1,714 :Surface  532 )"
28699688666,16648959,Display 1,533,"Direct to Display (Surface  533 ,  iospbrorbit (3430) :Frame  1,716 :Surface  533 )"
28716337625,16641291,Display 1,532,"Direct to Display (Surface  532 ,  iospbrorbit (3430) :Frame  1,717 :Surface  532 )"
28732978916,16656750,Display 1,529,"Direct to Display (Surface  529 ,  iospbrorbit (3430) :Frame  1,718 :Surface  529 )"
28749635666,16643917,Display 1,533,"Direct to Display (Surface  533 ,  iospbrorbit (3430) :Frame  1,719 :Surface  533 )"
28766279583,16651875,Display 1,532,"Direct to Display (Surface  532 ,  iospbrorbit (3430) :Frame  1,720 :Surface  532 )"
28782931458,16648208,Display 1,529,"Direct to Display (Surface  529 ,  iospbrorbit (3430) :Frame  1,721 :Surface  529 )"
28799579666,16650500,Display 1,533,"Direct to Display (Surface  533 ,  iospbrorbit (3430) :Frame  1,722 :Surface  533 )"
28816230166,16652500,Display 1,532,"Direct to Display (Surface  532 ,  iospbrorbit (3430) :Frame  1,723 :Surface  532 )"
28832882666,16643667,Display 1,529,"Direct to Display (Surface  529 ,  iospbrorbit (3430) :Frame  1,724 :Surface  529 )"
28849526333,16653292,Display 1,533,"Direct to Display (Surface  533 ,  iospbrorbit (3430) :Frame  1,725 :Surface  533 )"
28866179625,16644250,Display 1,532,"Direct to Display (Surface  532 ,  iospbrorbit (3430) :Frame  1,726 :Surface  532 )"
28882823875,16651250,Display 1,529,"Direct to Display (Surface  529 ,  iospbrorbit (3430) :Frame  1,727 :Surface  529 )"
28899475125,16648500,Display 1,533,"Direct to Display (Surface  533 ,  iospbrorbit (3430) :Frame  1,728 :Surface  533 )"
28916123625,16644541,Display 1,532,"Direct to Display (Surface  532 ,  iospbrorbit (3430) :Frame  1,729 :Surface  532 )"
28932768166,16651709,Display 1,529,"Direct to Display (Surface  529 ,  iospbrorbit (3430) :Frame  1,730 :Surface  529 )"
28949419875,16642625,Display 1,533,"Direct to Display (Surface  533 ,  iospbrorbit (3430) :Frame  1,731 :Surface  533 )"
28966062500,16657041,Display 1,532,"Direct to Display (Surface  532 ,  iospbrorbit (3430) :Frame  1,732 :Surface  532 )"
28982719541,16646209,Display 1,529,"Direct to Display (Surface  529 ,  iospbrorbit (3430) :Frame  1,733 :Surface  529 )"
28999365750,16649583,Display 1,533,"Direct to Display (Surface  533 ,  iospbrorbit (3430) :Frame  1,734 :Surface  533 )"
29016015333,16644875,Display 1,532,"Direct to Display (Surface  532 ,  iospbrorbit (3430) :Frame  1,735 :Surface  532 )"
29032660208,16648583,Display 1,529,"Direct to Display (Surface  529 ,  iospbrorbit (3430) :Frame  1,736 :Surface  529 )"
29049308791,16649167,Display 1,533,"Direct to Display (Surface  533 ,  iospbrorbit (3430) :Frame  1,737 :Surface  533 )"
29065957958,16648958,Display 1,532,"Direct to Display (Surface  532 ,  iospbrorbit (3430) :Frame  1,738 :Surface  532 )"
29082606916,16656542,Display 1,529,"Direct to Display (Surface  529 ,  iospbrorbit (3430) :Frame  1,739 :Surface  529 )"
29099263458,16636208,Display 1,533,"Direct to Display (Surface  533 ,  iospbrorbit (3430) :Frame  1,740 :Surface  533 )"
29115899666,16652000,Display 1,532,"Direct to Display (Surface  532 ,  iospbrorbit (3430) :Frame  1,741 :Surface  532 )"
29132551666,16650125,Display 1,529,"Direct to Display (Surface  529 ,  iospbrorbit (3430) :Frame  1,742 :Surface  529 )"
29149201791,16655042,Display 1,533,"Direct to Display (Surface  533 ,  iospbrorbit (3430) :Frame  1,743 :Surface  533 )"
29165856833,16642708,Display 1,532,"Direct to Display (Surface  532 ,  iospbrorbit (3430) :Frame  1,744 :Surface  532 )"
29182499541,16641667,Display 1,529,"Direct to Display (Surface  529 ,  iospbrorbit (3430) :Frame  1,745 :Surface  529 )"
29199141208,16659125,Display 1,533,"Direct to Display (Surface  533 ,  iospbrorbit (3430) :Frame  1,746 :Surface  533 )"
29215800333,16640208,Display 1,532,"Direct to Display (Surface  532 ,  iospbrorbit (3430) :Frame  1,747 :Surface  532 )"
29232440541,16642459,Display 1,529,"Direct to Display (Surface  529 ,  iospbrorbit (3430) :Frame  1,748 :Surface  529 )"
29249083000,16648833,Display 1,533,"Direct to Display (Surface  533 ,  iospbrorbit (3430) :Frame  1,749 :Surface  533 )"
29265731833,16653917,Display 1,532,"Direct to Display (Surface  532 ,  iospbrorbit (3430) :Frame  1,750 :Surface  532 )"
29282385750,16638750,Display 1,529,"Direct to Display (Surface  529 ,  iospbrorbit (3430) :Frame  1,751 :Surface  529 )"
29299024500,16655541,Display 1,533,"Direct to Display (Surface  533 ,  iospbrorbit (3430) :Frame  1,752 :Surface  533 )"
29315680041,16649667,Display 1,532,"Direct to Display (Surface  532 ,  iospbrorbit (3430) :Frame  1,753 :Surface  532 )"
29332329708,16641792,Display 1,529,"Direct to Display (Surface  529 ,  iospbrorbit (3430) :Frame  1,754 :Surface  529 )"
29348971500,16641166,Display 1,533,"Direct to Display (Surface  533 ,  iospbrorbit (3430) :Frame  1,755 :Surface  533 )"
29365612666,16653125,Display 1,532,"Direct to Display (Surface  532 ,  iospbrorbit (3430) :Frame  1,756 :Surface  532 )"
29382265791,16650959,Display 1,529,"Direct to Display (Surface  529 ,  iospbrorbit (3430) :Frame  1,757 :Surface  529 )"
29398916750,16641250,Display 1,533,"Direct to Display (Surface  533 ,  iospbrorbit (3430) :Frame  1,758 :Surface  533 )"
29415558000,16653625,Display 1,532,"Direct to Display (Surface  532 ,  iospbrorbit (3430) :Frame  1,759 :Surface  532 )"
29432211625,16646000,Display 1,529,"Direct to Display (Surface  529 ,  iospbrorbit (3430) :Frame  1,760 :Surface  529 )"
29448857625,16637166,Display 1,533,"Direct to Display (Surface  533 ,  iospbrorbit (3430) :Frame  1,761 :Surface  533 )"
29465494791,16653292,Display 1,532,"Direct to Display (Surface  532 ,  iospbrorbit (3430) :Frame  1,762 :Surface  532 )"
29482148083,16651250,Display 1,529,"Direct to Display (Surface  529 ,  iospbrorbit (3430) :Frame  1,763 :Surface  529 )"
29498799333,16638708,Display 1,533,"Direct to Display (Surface  533 ,  iospbrorbit (3430) :Frame  1,764 :Surface  533 )"
29515438041,16648292,Display 1,532,"Direct to Display (Surface  532 ,  iospbrorbit (3430) :Frame  1,765 :Surface  532 )"
29532086333,16650875,Display 1,529,"Direct to Display (Surface  529 ,  iospbrorbit (3430) :Frame  1,766 :Surface  529 )"
29548737208,16643708,Display 1,533,"Direct to Display (Surface  533 ,  iospbrorbit (3430) :Frame  1,767 :Surface  533 )"
29565380916,16645000,Display 1,532,"Direct to Display (Surface  532 ,  iospbrorbit (3430) :Frame  1,768 :Surface  532 )"
29582025916,16646542,Display 1,529,"Direct to Display (Surface  529 ,  iospbrorbit (3430) :Frame  1,769 :Surface  529 )"
29598672458,16644292,Display 1,533,"Direct to Display (Surface  533 ,  iospbrorbit (3430) :Frame  1,770 :Surface  533 )"
29615316750,16653833,Display 1,532,"Direct to Display (Surface  532 ,  iospbrorbit (3430) :Frame  1,771 :Surface  532 )"
29631970583,16643375,Display 1,529,"Direct to Display (Surface  529 ,  iospbrorbit (3430) :Frame  1,772 :Surface  529 )"
29648613958,16647542,Display 1,533,"Direct to Display (Surface  533 ,  iospbrorbit (3430) :Frame  1,773 :Surface  533 )"
29665261500,16649333,Display 1,532,"Direct to Display (Surface  532 ,  iospbrorbit (3430) :Frame  1,774 :Surface  532 )"
29681910833,16652458,Display 1,529,"Direct to Display (Surface  529 ,  iospbrorbit (3430) :Frame  1,775 :Surface  529 )"
29698563291,66581250,Display 1,533,"Direct to Display (Surface  533 ,  iospbrorbit (3430) :Frame  1,776 :Surface  533 )"
29765144541,16650500,Display 1,532,"Direct to Display (Surface  532 ,  iospbrorbit (3430) :Frame  1,777 :Surface  532 )"
29781795041,16639500,Display 1,529,"Direct to Display (Surface  529 ,  iospbrorbit (3430) :Frame  1,778 :Surface  529 )"
29798434541,16648000,Display 1,533,"Direct to Display (Surface  533 ,  iospbrorbit (3430) :Frame  1,779 :Surface  533 )"
29815082541,16663917,Display 1,532,"Direct to Display (Surface  532 ,  iospbrorbit (3430) :Frame  1,783 :Surface  532 )"
29831746458,16644292,Display 1,529,"Direct to Display (Surface  529 ,  iospbrorbit (3430) :Frame  1,784 :Surface  529 )"
29848390750,16639500,Display 1,533,"Direct to Display (Surface  533 ,  iospbrorbit (3430) :Frame  1,785 :Surface  533 )"
29865030250,16646750,Display 1,532,"Direct to Display (Surface  532 ,  iospbrorbit (3430) :Frame  1,786 :Surface  532 )"
29881677000,16645791,Display 1,529,"Direct to Display (Surface  529 ,  iospbrorbit (3430) :Frame  1,787 :Surface  529 )"
29898322791,16643125,Display 1,533,"Direct to Display (Surface  533 ,  iospbrorbit (3430) :Frame  1,788 :Surface  533 )"
29914965916,16648459,Display 1,532,"Direct to Display (Surface  532 ,  iospbrorbit (3430) :Frame  1,789 :Surface  532 )"
29931614375,16651541,Display 1,529,"Direct to Display (Surface  529 ,  iospbrorbit (3430) :Frame  1,790 :Surface  529 )"
29948265916,16642000,Display 1,533,"Direct to Display (Surface  533 ,  iospbrorbit (3430) :Frame  1,791 :Surface  533 )"
29964907916,16642542,Display 1,532,"Direct to Display (Surface  532 ,  iospbrorbit (3430) :Frame  1,792 :Surface  532 )"
29981550458,16650292,Display 1,529,"Direct to Display (Surface  529 ,  iospbrorbit (3430) :Frame  1,793 :Surface  529 )"
29998200750,16645416,Display 1,533,"Direct to Display (Surface  533 ,  iospbrorbit (3430) :Frame  1,794 :Surface  533 )"
30014846166,16646334,Display 1,532,"Direct to Display (Surface  532 ,  iospbrorbit (3430) :Frame  1,795 :Surface  532 )"
30031492500,16647791,Display 1,529,"Direct to Display (Surface  529 ,  iospbrorbit (3430) :Frame  1,796 :Surface  529 )"
30048140291,16646000,Display 1,533,"Direct to Display (Surface  533 ,  iospbrorbit (3430) :Frame  1,797 :Surface  533 )"
30064786291,16640792,Display 1,532,"Direct to Display (Surface  532 ,  iospbrorbit (3430) :Frame  1,798 :Surface  532 )"
30081427083,16640917,Display 1,529,"Direct to Display (Surface  529 ,  iospbrorbit (3430) :Frame  1,799 :Surface  529 )"
30098068000,16647083,Display 1,533,"Direct to Display (Surface  533 ,  iospbrorbit (3430) :Frame  1,800 :Surface  533 )"
30114715083,16652875,Display 1,532,"Direct to Display (Surface  532 ,  iospbrorbit (3430) :Frame  1,801 :Surface  532 )"
30131367958,16650250,Display 1,529,"Direct to Display (Surface  529 ,  iospbrorbit (3430) :Frame  1,802 :Surface  529 )"
30148018208,16652083,Display 1,533,"Direct to Display (Surface  533 ,  iospbrorbit (3430) :Frame  1,803 :Surface  533 )"
30164670291,16641250,Display 1,532,"Direct to Display (Surface  532 ,  iospbrorbit (3430) :Frame  1,804 :Surface  532 )"
30181311541,16651667,Display 1,529,"Direct to Display (Surface  529 ,  iospbrorbit (3430) :Frame  1,805 :Surface  529 )"
30197963208,16642292,Display 1,533,"Direct to Display (Surface  533 ,  iospbrorbit (3430) :Frame  1,806 :Surface  533 )"
30214605500,16646458,Display 1,532,"Direct to Display (Surface  532 ,  iospbrorbit (3430) :Frame  1,807 :Surface  532 )"
30231251958,16645667,Display 1,529,"Direct to Display (Surface  529 ,  iospbrorbit (3430) :Frame  1,808 :Surface  529 )"
30247897625,16652583,Display 1,533,"Direct to Display (Surface  533 ,  iospbrorbit (3430) :Frame  1,809 :Surface  533 )"
30264550208,16645792,Display 1,532,"Direct to Display (Surface  532 ,  iospbrorbit (3430) :Frame  1,810 :Surface  532 )"
30281196000,16647208,Display 1,529,"Direct to Display (Surface  529 ,  iospbrorbit (3430) :Frame  1,811 :Surface  529 )"
30297843208,16652958,Display 1,533,"Direct to Display (Surface  533 ,  iospbrorbit (3430) :Frame  1,812 :Surface  533 )"
30314496166,16643667,Display 1,532,"Direct to Display (Surface  532 ,  iospbrorbit (3430) :Frame  1,813 :Surface  532 )"
30331139833,16649000,Display 1,529,"Direct to Display (Surface  529 ,  iospbrorbit (3430) :Frame  1,814 :Surface  529 )"
30347788833,16648250,Display 1,533,"Direct to Display (Surface  533 ,  iospbrorbit (3430) :Frame  1,815 :Surface  533 )"
30364437083,16647500,Display 1,532,"Direct to Display (Surface  532 ,  iospbrorbit (3430) :Frame  1,816 :Surface  532 )"
30381084583,16651833,Display 1,529,"Direct to Display (Surface  529 ,  iospbrorbit (3430) :Frame  1,817 :Surface  529 )"
30397736416,16643792,Display 1,533,"Direct to Display (Surface  533 ,  iospbrorbit (3430) :Frame  1,818 :Surface  533 )"
30414380208,16651542,Display 1,532,"Direct to Display (Surface  532 ,  iospbrorbit (3430) :Frame  1,819 :Surface  532 )"
30431031750,16645708,Display 1,529,"Direct to Display (Surface  529 ,  iospbrorbit (3430) :Frame  1,820 :Surface  529 )"
30447677458,16651917,Display 1,533,"Direct to Display (Surface  533 ,  iospbrorbit (3430) :Frame  1,821 :Surface  533 )"
30464329375,16637583,Display 1,532,"Direct to Display (Surface  532 ,  iospbrorbit (3430) :Frame  1,822 :Surface  532 )"
30480966958,16655542,Display 1,529,"Direct to Display (Surface  529 ,  iospbrorbit (3430) :Frame  1,823 :Surface  529 )"
30497622500,16649000,Display 1,533,"Direct to Display (Surface  533 ,  iospbrorbit (3430) :Frame  1,824 :Surface  533 )"
30514271500,16645500,Display 1,532,"Direct to Display (Surface  532 ,  iospbrorbit (3430) :Frame  1,825 :Surface  532 )"
30530917000,16647416,Display 1,529,"Direct to Display (Surface  529 ,  iospbrorbit (3430) :Frame  1,826 :Surface  529 )"
30547564416,16646542,Display 1,533,"Direct to Display (Surface  533 ,  iospbrorbit (3430) :Frame  1,827 :Surface  533 )"
30564210958,16638125,Display 1,532,"Direct to Display (Surface  532 ,  iospbrorbit (3430) :Frame  1,828 :Surface  532 )"
30580849083,16651125,Display 1,529,"Direct to Display (Surface  529 ,  iospbrorbit (3430) :Frame  1,829 :Surface  529 )"
30597500208,16655292,Display 1,533,"Direct to Display (Surface  533 ,  iospbrorbit (3430) :Frame  1,830 :Surface  533 )"
30614155500,16643958,Display 1,532,"Direct to Display (Surface  532 ,  iospbrorbit (3430) :Frame  1,831 :Surface  532 )"
30630799458,16643333,Display 1,529,"Direct to Display (Surface  529 ,  iospbrorbit (3430) :Frame  1,832 :Surface  529 )"
30647442791,16645000,Display 1,533,"Direct to Display (Surface  533 ,  iospbrorbit (3430) :Frame  1,833 :Surface  533 )"
30664087791,16646792,Display 1,532,"Direct to Display (Surface  532 ,  iospbrorbit (3430) :Frame  1,834 :Surface  532 )"
30680734583,16654958,Display 1,529,"Direct to Display (Surface  529 ,  iospbrorbit (3430) :Frame  1,835 :Surface  529 )"
30697389541,16645334,Display 1,533,"Direct to Display (Surface  533 ,  iospbrorbit (3430) :Frame  1,836 :Surface  533 )"
30714034875,16651666,Display 1,532,"Direct to Display (Surface  532 ,  iospbrorbit (3430) :Frame  1,837 :Surface  532 )"
30730686541,16648834,Display 1,529,"Direct to Display (Surface  529 ,  iospbrorbit (3430) :Frame  1,838 :Surface  529 )"
30747335375,16643791,Display 1,533,"Direct to Display (Surface  533 ,  iospbrorbit (3430) :Frame  1,839 :Surface  533 )"
30763979166,33291584,Display 1,532,"Direct to Display (Surface  532 ,  iospbrorbit (3430) :Frame  1,840 :Surface  532 )"
30797270750,16647416,Display 1,533,"Direct to Display (Surface  533 ,  iospbrorbit (3430) :Frame  1,842 :Surface  533 )"
30813918166,16643792,Display 1,532,"Direct to Display (Surface  532 ,  iospbrorbit (3430) :Frame  1,843 :Surface  532 )"
30830561958,16647583,Display 1,529,"Direct to Display (Surface  529 ,  iospbrorbit (3430) :Frame  1,844 :Surface  529 )"
30847209541,16653459,Display 1,533,"Direct to Display (Surface  533 ,  iospbrorbit (3430) :Frame  1,845 :Surface  533 )"
30863863000,16648125,Display 1,532,"Direct to Display (Surface  532 ,  iospbrorbit (3430) :Frame  1,846 :Surface  532 )"
30880511125,16652791,Display 1,529,"Direct to Display (Surface  529 ,  iospbrorbit (3430) :Frame  1,847 :Surface  529 )"
30897163916,16640750,Display 1,533,"Direct to Display (Surface  533 ,  iospbrorbit (3430) :Frame  1,848 :Surface  533 )"
30913804666,16650959,Display 1,532,"Direct to Display (Surface  532 ,  iospbrorbit (3430) :Frame  1,849 :Surface  532 )"
30930455625,16648791,Display 1,529,"Direct to Display (Surface  529 ,  iospbrorbit (3430) :Frame  1,850 :Surface  529 )"
30947104416,16650417,Display 1,533,"Direct to Display (Surface  533 ,  iospbrorbit (3430) :Frame  1,851 :Surface  533 )"
30963754833,16646833,Display 1,532,"Direct to Display (Surface  532 ,  iospbrorbit (3430) :Frame  1,852 :Surface  532 )"
30980401666,16648125,Display 1,529,"Direct to Display (Surface  529 ,  iospbrorbit (3430) :Frame  1,853 :Surface  529 )"
30997049791,16650000,Display 1,533,"Direct to Display (Surface  533 ,  iospbrorbit (3430) :Frame  1,854 :Surface  533 )"
31013699791,16636500,Display 1,532,"Direct to Display (Surface  532 ,  iospbrorbit (3430) :Frame  1,855 :Surface  532 )"
31030336291,16649542,Display 1,529,"Direct to Display (Surface  529 ,  iospbrorbit (3430) :Frame  1,856 :Surface  529 )"
31046985833,16651500,Display 1,533,"Direct to Display (Surface  533 ,  iospbrorbit (3430) :Frame  1,857 :Surface  533 )"
31063637333,16647583,Display 1,532,"Direct to Display (Surface  532 ,  iospbrorbit (3430) :Frame  1,858 :Surface  532 )"
31080284916,16647917,Display 1,529,"Direct to Display (Surface  529 ,  iospbrorbit (3430) :Frame  1,859 :Surface  529 )"
31096932833,16648875,Display 1,533,"Direct to Display (Surface  533 ,  iospbrorbit (3430) :Frame  1,860 :Surface  533 )"
31113581708,16645750,Display 1,532,"Direct to Display (Surface  532 ,  iospbrorbit (3430) :Frame  1,861 :Surface  532 )"
31130227458,16649792,Display 1,529,"Direct to Display (Surface  529 ,  iospbrorbit (3430) :Frame  1,862 :Surface  529 )"
31146877250,16647375,Display 1,533,"Direct to Display (Surface  533 ,  iospbrorbit (3430) :Frame  1,863 :Surface  533 )"
31163524625,16647666,Display 1,532,"Direct to Display (Surface  532 ,  iospbrorbit (3430) :Frame  1,864 :Surface  532 )"
31180172291,16653625,Display 1,529,"Direct to Display (Surface  529 ,  iospbrorbit (3430) :Frame  1,865 :Surface  529 )"
31196825916,16642292,Display 1,533,"Direct to Display (Surface  533 ,  iospbrorbit (3430) :Frame  1,866 :Surface  533 )"
31213468208,16649583,Display 1,532,"Direct to Display (Surface  532 ,  iospbrorbit (3430) :Frame  1,867 :Surface  532 )"
31230117791,16648792,Display 1,529,"Direct to Display (Surface  529 ,  iospbrorbit (3430) :Frame  1,868 :Surface  529 )"
31246766583,16647833,Display 1,533,"Direct to Display (Surface  533 ,  iospbrorbit (3430) :Frame  1,869 :Surface  533 )"
31263414416,16648750,Display 1,532,"Direct to Display (Surface  532 ,  iospbrorbit (3430) :Frame  1,870 :Surface  532 )"
31280063166,16652209,Display 1,529,"Direct to Display (Surface  529 ,  iospbrorbit (3430) :Frame  1,871 :Surface  529 )"
31296715375,16650708,Display 1,533,"Direct to Display (Surface  533 ,  iospbrorbit (3430) :Frame  1,872 :Surface  533 )"
31313366083,16644250,Display 1,532,"Direct to Display (Surface  532 ,  iospbrorbit (3430) :Frame  1,873 :Surface  532 )"
31330010333,16649250,Display 1,529,"Direct to Display (Surface  529 ,  iospbrorbit (3430) :Frame  1,874 :Surface  529 )"
31346659583,16645958,Display 1,533,"Direct to Display (Surface  533 ,  iospbrorbit (3430) :Frame  1,875 :Surface  533 )"
31363305541,16653625,Display 1,532,"Direct to Display (Surface  532 ,  iospbrorbit (3430) :Frame  1,876 :Surface  532 )"
31379959166,16632209,Display 1,529,"Direct to Display (Surface  529 ,  iospbrorbit (3430) :Frame  1,877 :Surface  529 )"
31396591375,16655541,Display 1,533,"Direct to Display (Surface  533 ,  iospbrorbit (3430) :Frame  1,878 :Surface  533 )"
31413246916,16640042,Display 1,532,"Direct to Display (Surface  532 ,  iospbrorbit (3430) :Frame  1,879 :Surface  532 )"
31429886958,16653958,Display 1,529,"Direct to Display (Surface  529 ,  iospbrorbit (3430) :Frame  1,880 :Surface  529 )"
31446540916,16654875,Display 1,533,"Direct to Display (Surface  533 ,  iospbrorbit (3430) :Frame  1,881 :Surface  533 )"
31463195791,16644417,Display 1,532,"Direct to Display (Surface  532 ,  iospbrorbit (3430) :Frame  1,882 :Surface  532 )"
31479840208,16646458,Display 1,529,"Direct to Display (Surface  529 ,  iospbrorbit (3430) :Frame  1,883 :Surface  529 )"
31496486666,16649292,Display 1,533,"Direct to Display (Surface  533 ,  iospbrorbit (3430) :Frame  1,884 :Surface  533 )"
31513135958,16653583,Display 1,532,"Direct to Display (Surface  532 ,  iospbrorbit (3430) :Frame  1,885 :Surface  532 )"
31529789541,16654000,Display 1,529,"Direct to Display (Surface  529 ,  iospbrorbit (3430) :Frame  1,886 :Surface  529 )"
31546443541,16645000,Display 1,533,"Direct to Display (Surface  533 ,  iospbrorbit (3430) :Frame  1,887 :Surface  533 )"
31563088541,16645084,Display 1,532,"Direct to Display (Surface  532 ,  iospbrorbit (3430) :Frame  1,888 :Surface  532 )"
31579733625,16644916,Display 1,529,"Direct to Display (Surface  529 ,  iospbrorbit (3430) :Frame  1,889 :Surface  529 )"
31596378541,16652834,Display 1,533,"Direct to Display (Surface  533 ,  iospbrorbit (3430) :Frame  1,890 :Surface  533 )"
31613031375,16652000,Display 1,532,"Direct to Display (Surface  532 ,  iospbrorbit (3430) :Frame  1,891 :Surface  532 )"
31629683375,16643083,Display 1,529,"Direct to Display (Surface  529 ,  iospbrorbit (3430) :Frame  1,892 :Surface  529 )"
31646326458,16654667,Display 1,533,"Direct to Display (Surface  533 ,  iospbrorbit (3430) :Frame  1,893 :Surface  533 )"
31662981125,16645708,Display 1,532,"Direct to Display (Surface  532 ,  iospbrorbit (3430) :Frame  1,894 :Surface  532 )"
31679626833,16650583,Display 1,529,"Direct to Display (Surface  529 ,  iospbrorbit (3430) :Frame  1,895 :Surface  529 )"
31696277416,16647042,Display 1,533,"Direct to Display (Surface  533 ,  iospbrorbit (3430) :Frame  1,896 :Surface  533 )"
31712924458,16646292,Display 1,532,"Direct to Display (Surface  532 ,  iospbrorbit (3430) :Frame  1,897 :Surface  532 )"
31729570750,16654875,Display 1,529,"Direct to Display (Surface  529 ,  iospbrorbit (3430) :Frame  1,898 :Surface  529 )"
31746225625,16639875,Display 1,533,"Direct to Display (Surface  533 ,  iospbrorbit (3430) :Frame  1,899 :Surface  533 )"
31762865500,16645875,Display 1,532,"Direct to Display (Surface  532 ,  iospbrorbit (3430) :Frame  1,900 :Surface  532 )"
31779511375,16658000,Display 1,529,"Direct to Display (Surface  529 ,  iospbrorbit (3430) :Frame  1,901 :Surface  529 )"
31796169375,16645916,Display 1,533,"Direct to Display (Surface  533 ,  iospbrorbit (3430) :Frame  1,902 :Surface  533 )"
31812815291,16641084,Display 1,532,"Direct to Display (Surface  532 ,  iospbrorbit (3430) :Frame  1,903 :Surface  532 )"
31829456375,16646875,Display 1,529,"Direct to Display (Surface  529 ,  iospbrorbit (3430) :Frame  1,904 :Surface  529 )"
31846103250,16646958,Display 1,533,"Direct to Display (Surface  533 ,  iospbrorbit (3430) :Frame  1,905 :Surface  533 )"
31862750208,16646875,Display 1,532,"Direct to Display (Surface  532 ,  iospbrorbit (3430) :Frame  1,906 :Surface  532 )"
31879397083,16641292,Display 1,529,"Direct to Display (Surface  529 ,  iospbrorbit (3430) :Frame  1,907 :Surface  529 )"
31896038375,16653041,Display 1,533,"Direct to Display (Surface  533 ,  iospbrorbit (3430) :Frame  1,908 :Surface  533 )"
31912691416,16648250,Display 1,532,"Direct to Display (Surface  532 ,  iospbrorbit (3430) :Frame  1,909 :Surface  532 )"
31929339666,16655375,Display 1,529,"Direct to Display (Surface  529 ,  iospbrorbit (3430) :Frame  1,910 :Surface  529 )"
31945995041,16639750,Display 1,533,"Direct to Display (Surface  533 ,  iospbrorbit (3430) :Frame  1,911 :Surface  533 )"
31962634791,16647084,Display 1,532,"Direct to Display (Surface  532 ,  iospbrorbit (3430) :Frame  1,912 :Surface  532 )"
31979281875,16655291,Display 1,529,"Direct to Display (Surface  529 ,  iospbrorbit (3430) :Frame  1,913 :Surface  529 )"
31995937166,16648584,Display 1,533,"Direct to Display (Surface  533 ,  iospbrorbit (3430) :Frame  1,914 :Surface  533 )"
32012585750,16646708,Display 1,532,"Direct to Display (Surface  532 ,  iospbrorbit (3430) :Frame  1,915 :Surface  532 )"
32029232458,16655708,Display 1,529,"Direct to Display (Surface  529 ,  iospbrorbit (3430) :Frame  1,916 :Surface  529 )"
32045888166,16639834,Display 1,533,"Direct to Display (Surface  533 ,  iospbrorbit (3430) :Frame  1,917 :Surface  533 )"
32062528000,16649041,Display 1,532,"Direct to Display (Surface  532 ,  iospbrorbit (3430) :Frame  1,918 :Surface  532 )"
32079177041,16637750,Display 1,529,"Direct to Display (Surface  529 ,  iospbrorbit (3430) :Frame  1,919 :Surface  529 )"
32095814791,16654875,Display 1,533,"Direct to Display (Surface  533 ,  iospbrorbit (3430) :Frame  1,920 :Surface  533 )"
32112469666,16648250,Display 1,532,"Direct to Display (Surface  532 ,  iospbrorbit (3430) :Frame  1,921 :Surface  532 )"
32129117916,16656875,Display 1,529,"Direct to Display (Surface  529 ,  iospbrorbit (3430) :Frame  1,922 :Surface  529 )"
32145774791,16646417,Display 1,533,"Direct to Display (Surface  533 ,  iospbrorbit (3430) :Frame  1,923 :Surface  533 )"
32162421208,16642250,Display 1,532,"Direct to Display (Surface  532 ,  iospbrorbit (3430) :Frame  1,924 :Surface  532 )"
32179063458,16650625,Display 1,529,"Direct to Display (Surface  529 ,  iospbrorbit (3430) :Frame  1,925 :Surface  529 )"
32195714083,16657958,Display 1,533,"Direct to Display (Surface  533 ,  iospbrorbit (3430) :Frame  1,926 :Surface  533 )"
32212372041,16643542,Display 1,532,"Direct to Display (Surface  532 ,  iospbrorbit (3430) :Frame  1,927 :Surface  532 )"
32229015583,16648250,Display 1,529,"Direct to Display (Surface  529 ,  iospbrorbit (3430) :Frame  1,928 :Surface  529 )"
32245663833,33290000,Display 1,533,"Direct to Display (Surface  533 ,  iospbrorbit (3430) :Frame  1,929 :Surface  533 )"
32278953833,16648500,Display 1,529,"Direct to Display (Surface  529 ,  iospbrorbit (3430) :Frame  1,931 :Surface  529 )"
32295602333,16655000,Display 1,533,"Direct to Display (Surface  533 ,  iospbrorbit (3430) :Frame  1,932 :Surface  533 )"
32312257333,16644875,Display 1,532,"Direct to Display (Surface  532 ,  iospbrorbit (3430) :Frame  1,933 :Surface  532 )"
32328902208,16649542,Display 1,529,"Direct to Display (Surface  529 ,  iospbrorbit (3430) :Frame  1,934 :Surface  529 )"
32345551750,16650333,Display 1,533,"Direct to Display (Surface  533 ,  iospbrorbit (3430) :Frame  1,935 :Surface  533 )"
32362202083,16639958,Display 1,532,"Direct to Display (Surface  532 ,  iospbrorbit (3430) :Frame  1,936 :Surface  532 )"
32378842041,16656250,Display 1,529,"Direct to Display (Surface  529 ,  iospbrorbit (3430) :Frame  1,937 :Surface  529 )"
32395498291,16654542,Display 1,533,"Direct to Display (Surface  533 ,  iospbrorbit (3430) :Frame  1,938 :Surface  533 )"
32412152833,16642750,Display 1,532,"Direct to Display (Surface  532 ,  iospbrorbit (3430) :Frame  1,939 :Surface  532 )"
32428795583,16644167,Display 1,529,"Direct to Display (Surface  529 ,  iospbrorbit (3430) :Frame  1,940 :Surface  529 )"
32445439750,16645875,Display 1,533,"Direct to Display (Surface  533 ,  iospbrorbit (3430) :Frame  1,941 :Surface  533 )"
32462085625,16645708,Display 1,532,"Direct to Display (Surface  532 ,  iospbrorbit (3430) :Frame  1,942 :Surface  532 )"
32478731333,16641833,Display 1,529,"Direct to Display (Surface  529 ,  iospbrorbit (3430) :Frame  1,943 :Surface  529 )"
32495373166,16654084,Display 1,533,"Direct to Display (Surface  533 ,  iospbrorbit (3430) :Frame  1,944 :Surface  533 )"
32512027250,16652166,Display 1,532,"Direct to Display (Surface  532 ,  iospbrorbit (3430) :Frame  1,945 :Surface  532 )"
32528679416,16636125,Display 1,529,"Direct to Display (Surface  529 ,  iospbrorbit (3430) :Frame  1,946 :Surface  529 )"
32545315541,16662084,Display 1,533,"Direct to Display (Surface  533 ,  iospbrorbit (3430) :Frame  1,947 :Surface  533 )"
32561977625,16646208,Display 1,532,"Direct to Display (Surface  532 ,  iospbrorbit (3430) :Frame  1,948 :Surface  532 )"
32578623833,16642417,Display 1,529,"Direct to Display (Surface  529 ,  iospbrorbit (3430) :Frame  1,949 :Surface  529 )"
32595266250,16652333,Display 1,533,"Direct to Display (Surface  533 ,  iospbrorbit (3430) :Frame  1,950 :Surface  533 )"
32611918583,16639583,Display 1,532,"Direct to Display (Surface  532 ,  iospbrorbit (3430) :Frame  1,951 :Surface  532 )"
32628558166,16646584,Display 1,529,"Direct to Display (Surface  529 ,  iospbrorbit (3430) :Frame  1,952 :Surface  529 )"
32645204750,16641208,Display 1,533,"Direct to Display (Surface  533 ,  iospbrorbit (3430) :Frame  1,953 :Surface  533 )"
32661845958,16650667,Display 1,532,"Direct to Display (Surface  532 ,  iospbrorbit (3430) :Frame  1,954 :Surface  532 )"
32678496625,16645875,Display 1,529,"Direct to Display (Surface  529 ,  iospbrorbit (3430) :Frame  1,955 :Surface  529 )"
32695142500,16647375,Display 1,533,"Direct to Display (Surface  533 ,  iospbrorbit (3430) :Frame  1,956 :Surface  533 )"
32711789875,16646750,Display 1,532,"Direct to Display (Surface  532 ,  iospbrorbit (3430) :Frame  1,957 :Surface  532 )"
32728436625,16640625,Display 1,529,"Direct to Display (Surface  529 ,  iospbrorbit (3430) :Frame  1,958 :Surface  529 )"
32745077250,16654416,Display 1,533,"Direct to Display (Surface  533 ,  iospbrorbit (3430) :Frame  1,959 :Surface  533 )"
32761731666,16647875,Display 1,532,"Direct to Display (Surface  532 ,  iospbrorbit (3430) :Frame  1,960 :Surface  532 )"
32778379541,16640417,Display 1,529,"Direct to Display (Surface  529 ,  iospbrorbit (3430) :Frame  1,961 :Surface  529 )"
32795019958,16651542,Display 1,533,"Direct to Display (Surface  533 ,  iospbrorbit (3430) :Frame  1,962 :Surface  533 )"
32811671500,16640166,Display 1,532,"Direct to Display (Surface  532 ,  iospbrorbit (3430) :Frame  1,963 :Surface  532 )"
32828311666,16648750,Display 1,529,"Direct to Display (Surface  529 ,  iospbrorbit (3430) :Frame  1,964 :Surface  529 )"
32844960416,16647709,Display 1,533,"Direct to Display (Surface  533 ,  iospbrorbit (3430) :Frame  1,965 :Surface  533 )"
32861608125,66593208,Display 1,532,"Direct to Display (Surface  532 ,  iospbrorbit (3430) :Frame  1,966 :Surface  532 )"
32928201333,16641167,Display 1,529,"Direct to Display (Surface  529 ,  iospbrorbit (3430) :Frame  1,967 :Surface  529 )"
32944842500,16640125,Display 1,533,"Direct to Display (Surface  533 ,  iospbrorbit (3430) :Frame  1,968 :Surface  533 )"
32961482625,16646916,Display 1,532,"Direct to Display (Surface  532 ,  iospbrorbit (3430) :Frame  1,969 :Surface  532 )"
32978129541,16650459,Display 1,529,"Direct to Display (Surface  529 ,  iospbrorbit (3430) :Frame  1,973 :Surface  529 )"
32994780000,16657750,Display 1,533,"Direct to Display (Surface  533 ,  iospbrorbit (3430) :Frame  1,974 :Surface  533 )"
33011437750,16642083,Display 1,532,"Direct to Display (Surface  532 ,  iospbrorbit (3430) :Frame  1,975 :Surface  532 )"
33028079833,16646000,Display 1,529,"Direct to Display (Surface  529 ,  iospbrorbit (3430) :Frame  1,976 :Surface  529 )"
33044725833,16645833,Display 1,533,"Direct to Display (Surface  533 ,  iospbrorbit (3430) :Frame  1,977 :Surface  533 )"
33061371666,16650625,Display 1,532,"Direct to Display (Surface  532 ,  iospbrorbit (3430) :Frame  1,978 :Surface  532 )"
33078022291,16639250,Display 1,529,"Direct to Display (Surface  529 ,  iospbrorbit (3430) :Frame  1,979 :Surface  529 )"
33094661541,16644667,Display 1,533,"Direct to Display (Surface  533 ,  iospbrorbit (3430) :Frame  1,980 :Surface  533 )"
33111306208,16646625,Display 1,532,"Direct to Display (Surface  532 ,  iospbrorbit (3430) :Frame  1,981 :Surface  532 )"
33127952833,16652417,Display 1,529,"Direct to Display (Surface  529 ,  iospbrorbit (3430) :Frame  1,982 :Surface  529 )"
33144605250,16641208,Display 1,533,"Direct to Display (Surface  533 ,  iospbrorbit (3430) :Frame  1,983 :Surface  533 )"
33161246458,16649833,Display 1,532,"Direct to Display (Surface  532 ,  iospbrorbit (3430) :Frame  1,984 :Surface  532 )"
33177896291,16641000,Display 1,529,"Direct to Display (Surface  529 ,  iospbrorbit (3430) :Frame  1,985 :Surface  529 )"
33194537291,16653417,Display 1,533,"Direct to Display (Surface  533 ,  iospbrorbit (3430) :Frame  1,986 :Surface  533 )"
33211190708,16635958,Display 1,532,"Direct to Display (Surface  532 ,  iospbrorbit (3430) :Frame  1,987 :Surface  532 )"
33227826666,16643667,Display 1,529,"Direct to Display (Surface  529 ,  iospbrorbit (3430) :Frame  1,988 :Surface  529 )"
33244470333,16657208,Display 1,533,"Direct to Display (Surface  533 ,  iospbrorbit (3430) :Frame  1,989 :Surface  533 )"
33261127541,16648042,Display 1,532,"Direct to Display (Surface  532 ,  iospbrorbit (3430) :Frame  1,990 :Surface  532 )"
33277775583,16649958,Display 1,529,"Direct to Display (Surface  529 ,  iospbrorbit (3430) :Frame  1,991 :Surface  529 )"
33294425541,16653417,Display 1,533,"Direct to Display (Surface  533 ,  iospbrorbit (3430) :Frame  1,992 :Surface  533 )"
33311078958,16641042,Display 1,532,"Direct to Display (Surface  532 ,  iospbrorbit (3430) :Frame  1,993 :Surface  532 )"
33327720000,16650208,Display 1,529,"Direct to Display (Surface  529 ,  iospbrorbit (3430) :Frame  1,994 :Surface  529 )"
33344370208,16647833,Display 1,533,"Direct to Display (Surface  533 ,  iospbrorbit (3430) :Frame  1,995 :Surface  533 )"
33361018041,16642917,Display 1,532,"Direct to Display (Surface  532 ,  iospbrorbit (3430) :Frame  1,996 :Surface  532 )"
33377660958,16647375,Display 1,529,"Direct to Display (Surface  529 ,  iospbrorbit (3430) :Frame  1,997 :Surface  529 )"
33394308333,16649167,Display 1,533,"Direct to Display (Surface  533 ,  iospbrorbit (3430) :Frame  1,998 :Surface  533 )"
33410957500,16656500,Display 1,532,"Direct to Display (Surface  532 ,  iospbrorbit (3430) :Frame  1,999 :Surface  532 )"
33427614000,16650250,Display 1,529,"Direct to Display (Surface  529 ,  iospbrorbit (3430) :Frame  2,000 :Surface  529 )"
33444264250,16640791,Display 1,533,"Direct to Display (Surface  533 ,  iospbrorbit (3430) :Frame  2,001 :Surface  533 )"
33460905041,16641709,Display 1,532,"Direct to Display (Surface  532 ,  iospbrorbit (3430) :Frame  2,002 :Surface  532 )"
33477546750,16643333,Display 1,529,"Direct to Display (Surface  529 ,  iospbrorbit (3430) :Frame  2,003 :Surface  529 )"
33494190083,16659750,Display 1,533,"Direct to Display (Surface  533 ,  iospbrorbit (3430) :Frame  2,004 :Surface  533 )"
33510849833,16644333,Display 1,532,"Direct to Display (Surface  532 ,  iospbrorbit (3430) :Frame  2,005 :Surface  532 )"
33527494166,16649542,Display 1,529,"Direct to Display (Surface  529 ,  iospbrorbit (3430) :Frame  2,006 :Surface  529 )"
33544143708,16641167,Display 1,533,"Direct to Display (Surface  533 ,  iospbrorbit (3430) :Frame  2,007 :Surface  533 )"
33560784875,16657541,Display 1,532,"Direct to Display (Surface  532 ,  iospbrorbit (3430) :Frame  2,008 :Surface  532 )"
33577442416,16641709,Display 1,529,"Direct to Display (Surface  529 ,  iospbrorbit (3430) :Frame  2,009 :Surface  529 )"
33594084125,16654083,Display 1,533,"Direct to Display (Surface  533 ,  iospbrorbit (3430) :Frame  2,010 :Surface  533 )"
33610738208,16642958,Display 1,532,"Direct to Display (Surface  532 ,  iospbrorbit (3430) :Frame  2,011 :Surface  532 )"
33627381166,16647125,Display 1,529,"Direct to Display (Surface  529 ,  iospbrorbit (3430) :Frame  2,012 :Surface  529 )"
33644028291,16641209,Display 1,533,"Direct to Display (Surface  533 ,  iospbrorbit (3430) :Frame  2,013 :Surface  533 )"
33660669500,16653083,Display 1,532,"Direct to Display (Surface  532 ,  iospbrorbit (3430) :Frame  2,014 :Surface  532 )"
33677322583,16651042,Display 1,529,"Direct to Display (Surface  529 ,  iospbrorbit (3430) :Frame  2,015 :Surface  529 )"
33693973625,16647833,Display 1,533,"Direct to Display (Surface  533 ,  iospbrorbit (3430) :Frame  2,016 :Surface  533 )"
33710621458,16643125,Display 1,532,"Direct to Display (Surface  532 ,  iospbrorbit (3430) :Frame  2,017 :Surface  532 )"
33727264583,16642250,Display 1,529,"Direct to Display (Surface  529 ,  iospbrorbit (3430) :Frame  2,018 :Surface  529 )"
33743906833,16652417,Display 1,533,"Direct to Display (Surface  533 ,  iospbrorbit (3430) :Frame  2,019 :Surface  533 )"
33760559250,16636708,Display 1,532,"Direct to Display (Surface  532 ,  iospbrorbit (3430) :Frame  2,020 :Surface  532 )"
33777195958,16647958,Display 1,529,"Direct to Display (Surface  529 ,  iospbrorbit (3430) :Frame  2,021 :Surface  529 )"
33793843916,16654167,Display 1,533,"Direct to Display (Surface  533 ,  iospbrorbit (3430) :Frame  2,022 :Surface  533 )"
33810498083,16646667,Display 1,532,"Direct to Display (Surface  532 ,  iospbrorbit (3430) :Frame  2,023 :Surface  532 )"
33827144750,16653958,Display 1,529,"Direct to Display (Surface  529 ,  iospbrorbit (3430) :Frame  2,024 :Surface  529 )"
33843798708,16647250,Display 1,533,"Direct to Display (Surface  533 ,  iospbrorbit (3430) :Frame  2,025 :Surface  533 )"
33860445958,16652208,Display 1,532,"Direct to Display (Surface  532 ,  iospbrorbit (3430) :Frame  2,026 :Surface  532 )"
33877098166,16649834,Display 1,529,"Direct to Display (Surface  529 ,  iospbrorbit (3430) :Frame  2,027 :Surface  529 )"
33893748000,16637166,Display 1,533,"Direct to Display (Surface  533 ,  iospbrorbit (3430) :Frame  2,028 :Surface  533 )"
33910385166,16649625,Display 1,532,"Direct to Display (Surface  532 ,  iospbrorbit (3430) :Frame  2,029 :Surface  532 )"
33927034791,33299250,Display 1,529,"Direct to Display (Surface  529 ,  iospbrorbit (3430) :Frame  2,030 :Surface  529 )"
33960334041,16648750,Display 1,532,"Direct to Display (Surface  532 ,  iospbrorbit (3430) :Frame  2,032 :Surface  532 )"
33976982791,16643042,Display 1,529,"Direct to Display (Surface  529 ,  iospbrorbit (3430) :Frame  2,033 :Surface  529 )"
33993625833,16659667,Display 1,533,"Direct to Display (Surface  533 ,  iospbrorbit (3430) :Frame  2,034 :Surface  533 )"
34010285500,16640458,Display 1,532,"Direct to Display (Surface  532 ,  iospbrorbit (3430) :Frame  2,035 :Surface  532 )"
34026925958,16664625,Display 1,529,"Direct to Display (Surface  529 ,  iospbrorbit (3430) :Frame  2,036 :Surface  529 )"
34043590583,16646250,Display 1,533,"Direct to Display (Surface  533 ,  iospbrorbit (3430) :Frame  2,037 :Surface  533 )"
34060236833,16644667,Display 1,532,"Direct to Display (Surface  532 ,  iospbrorbit (3430) :Frame  2,038 :Surface  532 )"
34076881500,16644416,Display 1,529,"Direct to Display (Surface  529 ,  iospbrorbit (3430) :Frame  2,039 :Surface  529 )"
34093525916,16649584,Display 1,533,"Direct to Display (Surface  533 ,  iospbrorbit (3430) :Frame  2,040 :Surface  533 )"
34110175500,16648875,Display 1,532,"Direct to Display (Surface  532 ,  iospbrorbit (3430) :Frame  2,041 :Surface  532 )"
34126824375,16659750,Display 1,529,"Direct to Display (Surface  529 ,  iospbrorbit (3430) :Frame  2,042 :Surface  529 )"
34143484125,16645375,Display 1,533,"Direct to Display (Surface  533 ,  iospbrorbit (3430) :Frame  2,043 :Surface  533 )"
34160129500,16658041,Display 1,532,"Direct to Display (Surface  532 ,  iospbrorbit (3430) :Frame  2,044 :Surface  532 )"
34176787541,16650709,Display 1,529,"Direct to Display (Surface  529 ,  iospbrorbit (3430) :Frame  2,045 :Surface  529 )"
34193438250,16648833,Display 1,533,"Direct to Display (Surface  533 ,  iospbrorbit (3430) :Frame  2,046 :Surface  533 )"
34210087083,16641833,Display 1,532,"Direct to Display (Surface  532 ,  iospbrorbit (3430) :Frame  2,047 :Surface  532 )"
34226728916,16655000,Display 1,529,"Direct to Display (Surface  529 ,  iospbrorbit (3430) :Frame  2,048 :Surface  529 )"
34243383916,16645000,Display 1,533,"Direct to Display (Surface  533 ,  iospbrorbit (3430) :Frame  2,049 :Surface  533 )"
34260028916,16658792,Display 1,532,"Direct to Display (Surface  532 ,  iospbrorbit (3430) :Frame  2,050 :Surface  532 )"
34276687708,16653042,Display 1,529,"Direct to Display (Surface  529 ,  iospbrorbit (3430) :Frame  2,051 :Surface  529 )"
34293340750,16642333,Display 1,533,"Direct to Display (Surface  533 ,  iospbrorbit (3430) :Frame  2,052 :Surface  533 )"
34309983083,16658500,Display 1,532,"Direct to Display (Surface  532 ,  iospbrorbit (3430) :Frame  2,053 :Surface  532 )"
34326641583,16648042,Display 1,529,"Direct to Display (Surface  529 ,  iospbrorbit (3430) :Frame  2,054 :Surface  529 )"
34343289625,16650458,Display 1,533,"Direct to Display (Surface  533 ,  iospbrorbit (3430) :Frame  2,055 :Surface  533 )"
34359940083,16636917,Display 1,532,"Direct to Display (Surface  532 ,  iospbrorbit (3430) :Frame  2,056 :Surface  532 )"
34376577000,16650375,Display 1,529,"Direct to Display (Surface  529 ,  iospbrorbit (3430) :Frame  2,057 :Surface  529 )"
34393227375,16656125,Display 1,533,"Direct to Display (Surface  533 ,  iospbrorbit (3430) :Frame  2,058 :Surface  533 )"
34409883500,16642583,Display 1,532,"Direct to Display (Surface  532 ,  iospbrorbit (3430) :Frame  2,059 :Surface  532 )"
34426526083,16656250,Display 1,529,"Direct to Display (Surface  529 ,  iospbrorbit (3430) :Frame  2,060 :Surface  529 )"
34443182333,16646125,Display 1,533,"Direct to Display (Surface  533 ,  iospbrorbit (3430) :Frame  2,061 :Surface  533 )"
34459828458,16650000,Display 1,532,"Direct to Display (Surface  532 ,  iospbrorbit (3430) :Frame  2,062 :Surface  532 )"
34476478458,16657292,Display 1,529,"Direct to Display (Surface  529 ,  iospbrorbit (3430) :Frame  2,063 :Surface  529 )"
34493135750,16645250,Display 1,533,"Direct to Display (Surface  533 ,  iospbrorbit (3430) :Frame  2,064 :Surface  533 )"
34509781000,16656708,Display 1,532,"Direct to Display (Surface  532 ,  iospbrorbit (3430) :Frame  2,065 :Surface  532 )"
34526437708,16646167,Display 1,529,"Direct to Display (Surface  529 ,  iospbrorbit (3430) :Frame  2,066 :Surface  529 )"
34543083875,16654500,Display 1,533,"Direct to Display (Surface  533 ,  iospbrorbit (3430) :Frame  2,067 :Surface  533 )"
34559738375,16648500,Display 1,532,"Direct to Display (Surface  532 ,  iospbrorbit (3430) :Frame  2,068 :Surface  532 )"
34576386875,16645000,Display 1,529,"Direct to Display (Surface  529 ,  iospbrorbit (3430) :Frame  2,069 :Surface  529 )"
34593031875,16644458,Display 1,533,"Direct to Display (Surface  533 ,  iospbrorbit (3430) :Frame  2,070 :Surface  533 )"
34609676333,16659625,Display 1,532,"Direct to Display (Surface  532 ,  iospbrorbit (3430) :Frame  2,071 :Surface  532 )"
34626335958,16643708,Display 1,529,"Direct to Display (Surface  529 ,  iospbrorbit (3430) :Frame  2,072 :Surface  529 )"
34642979666,16653959,Display 1,533,"Direct to Display (Surface  533 ,  iospbrorbit (3430) :Frame  2,073 :Surface  533 )"
34659633625,16644375,Display 1,532,"Direct to Display (Surface  532 ,  iospbrorbit (3430) :Frame  2,074 :Surface  532 )"
34676278000,16648583,Display 1,529,"Direct to Display (Surface  529 ,  iospbrorbit (3430) :Frame  2,075 :Surface  529 )"
34692926583,16648667,Display 1,533,"Direct to Display (Surface  533 ,  iospbrorbit (3430) :Frame  2,076 :Surface  533 )"
34709575250,16649458,Display 1,532,"Direct to Display (Surface  532 ,  iospbrorbit (3430) :Frame  2,077 :Surface  532 )"
34726224708,16650667,Display 1,529,"Direct to Display (Surface  529 ,  iospbrorbit (3430) :Frame  2,078 :Surface  529 )"
34742875375,16649958,Display 1,533,"Direct to Display (Surface  533 ,  iospbrorbit (3430) :Frame  2,079 :Surface  533 )"
34759525333,16645792,Display 1,532,"Direct to Display (Surface  532 ,  iospbrorbit (3430) :Frame  2,080 :Surface  532 )"
34776171125,16655291,Display 1,529,"Direct to Display (Surface  529 ,  iospbrorbit (3430) :Frame  2,081 :Surface  529 )"
34792826416,16646042,Display 1,533,"Direct to Display (Surface  533 ,  iospbrorbit (3430) :Frame  2,082 :Surface  533 )"
34809472458,16661750,Display 1,532,"Direct to Display (Surface  532 ,  iospbrorbit (3430) :Frame  2,083 :Surface  532 )"
34826134208,16641333,Display 1,529,"Direct to Display (Surface  529 ,  iospbrorbit (3430) :Frame  2,084 :Surface  529 )"
34842775541,16650209,Display 1,533,"Direct to Display (Surface  533 ,  iospbrorbit (3430) :Frame  2,085 :Surface  533 )"
34859425750,16658041,Display 1,532,"Direct to Display (Surface  532 ,  iospbrorbit (3430) :Frame  2,086 :Surface  532 )"
34876083791,16640959,Display 1,529,"Direct to Display (Surface  529 ,  iospbrorbit (3430) :Frame  2,087 :Surface  529 )"
34892724750,16653583,Display 1,533,"Direct to Display (Surface  533 ,  iospbrorbit (3430) :Frame  2,088 :Surface  533 )"
34909378333,16644667,Display 1,532,"Direct to Display (Surface  532 ,  iospbrorbit (3430) :Frame  2,089 :Surface  532 )"
34926023000,16654541,Display 1,529,"Direct to Display (Surface  529 ,  iospbrorbit (3430) :Frame  2,090 :Surface  529 )"
34942677541,16644959,Display 1,533,"Direct to Display (Surface  533 ,  iospbrorbit (3430) :Frame  2,091 :Surface  533 )"
34959322500,66597041,Display 1,532,"Direct to Display (Surface  532 ,  iospbrorbit (3430) :Frame  2,092 :Surface  532 )"
35025919541,16654000,Display 1,529,"Direct to Display (Surface  529 ,  iospbrorbit (3430) :Frame  2,093 :Surface  529 )"
35042573541,16641875,Display 1,533,"Direct to Display (Surface  533 ,  iospbrorbit (3430) :Frame  2,094 :Surface  533 )"
35059215416,16649750,Display 1,532,"Direct to Display (Surface  532 ,  iospbrorbit (3430) :Frame  2,095 :Surface  532 )"
35075865166,16645209,Display 1,529,"Direct to Display (Surface  529 ,  iospbrorbit (3430) :Frame  2,099 :Surface  529 )"
35092510375,16648791,Display 1,533,"Direct to Display (Surface  533 ,  iospbrorbit (3430) :Frame  2,100 :Surface  533 )"
35109159166,16646292,Display 1,532,"Direct to Display (Surface  532 ,  iospbrorbit (3430) :Frame  2,101 :Surface  532 )"
35125805458,16649375,Display 1,529,"Direct to Display (Surface  529 ,  iospbrorbit (3430) :Frame  2,102 :Surface  529 )"
35142454833,16646792,Display 1,533,"Direct to Display (Surface  533 ,  iospbrorbit (3430) :Frame  2,103 :Surface  533 )"
35159101625,16643500,Display 1,532,"Direct to Display (Surface  532 ,  iospbrorbit (3430) :Frame  2,104 :Surface  532 )"
35175745125,16647791,Display 1,529,"Direct to Display (Surface  529 ,  iospbrorbit (3430) :Frame  2,105 :Surface  529 )"
35192392916,16648417,Display 1,533,"Direct to Display (Surface  533 ,  iospbrorbit (3430) :Frame  2,106 :Surface  533 )"
35209041333,16649458,Display 1,532,"Direct to Display (Surface  532 ,  iospbrorbit (3430) :Frame  2,107 :Surface  532 )"
35225690791,16663709,Display 1,529,"Direct to Display (Surface  529 ,  iospbrorbit (3430) :Frame  2,108 :Surface  529 )"
35242354500,16639458,Display 1,533,"Direct to Display (Surface  533 ,  iospbrorbit (3430) :Frame  2,109 :Surface  533 )"
35258993958,16657292,Display 1,532,"Direct to Display (Surface  532 ,  iospbrorbit (3430) :Frame  2,110 :Surface  532 )"
35275651250,16633000,Display 1,529,"Direct to Display (Surface  529 ,  iospbrorbit (3430) :Frame  2,111 :Surface  529 )"
35292284250,16648666,Display 1,533,"Direct to Display (Surface  533 ,  iospbrorbit (3430) :Frame  2,112 :Surface  533 )"
35308932916,16647792,Display 1,532,"Direct to Display (Surface  532 ,  iospbrorbit (3430) :Frame  2,113 :Surface  532 )"
35325580708,16653542,Display 1,529,"Direct to Display (Surface  529 ,  iospbrorbit (3430) :Frame  2,114 :Surface  529 )"
35342234250,16648208,Display 1,533,"Direct to Display (Surface  533 ,  iospbrorbit (3430) :Frame  2,115 :Surface  533 )"
35358882458,16646250,Display 1,532,"Direct to Display (Surface  532 ,  iospbrorbit (3430) :Frame  2,116 :Surface  532 )"
35375528708,16643875,Display 1,529,"Direct to Display (Surface  529 ,  iospbrorbit (3430) :Frame  2,117 :Surface  529 )"
35392172583,16648083,Display 1,533,"Direct to Display (Surface  533 ,  iospbrorbit (3430) :Frame  2,118 :Surface  533 )"
35408820666,16648250,Display 1,532,"Direct to Display (Surface  532 ,  iospbrorbit (3430) :Frame  2,119 :Surface  532 )"
35425468916,16659042,Display 1,529,"Direct to Display (Surface  529 ,  iospbrorbit (3430) :Frame  2,120 :Surface  529 )"
35442127958,16639417,Display 1,533,"Direct to Display (Surface  533 ,  iospbrorbit (3430) :Frame  2,121 :Surface  533 )"
35458767375,16649041,Display 1,532,"Direct to Display (Surface  532 ,  iospbrorbit (3430) :Frame  2,122 :Surface  532 )"
35475416416,16648959,Display 1,529,"Direct to Display (Surface  529 ,  iospbrorbit (3430) :Frame  2,123 :Surface  529 )"
35492065375,16649250,Display 1,533,"Direct to Display (Surface  533 ,  iospbrorbit (3430) :Frame  2,124 :Surface  533 )"
35508714625,16648166,Display 1,532,"Direct to Display (Surface  532 ,  iospbrorbit (3430) :Frame  2,125 :Surface  532 )"
35525362791,16649209,Display 1,529,"Direct to Display (Surface  529 ,  iospbrorbit (3430) :Frame  2,126 :Surface  529 )"
35542012000,16657875,Display 1,533,"Direct to Display (Surface  533 ,  iospbrorbit (3430) :Frame  2,127 :Surface  533 )"
35558669875,16641041,Display 1,532,"Direct to Display (Surface  532 ,  iospbrorbit (3430) :Frame  2,128 :Surface  532 )"
35575310916,16648959,Display 1,529,"Direct to Display (Surface  529 ,  iospbrorbit (3430) :Frame  2,129 :Surface  529 )"
35591959875,16649041,Display 1,533,"Direct to Display (Surface  533 ,  iospbrorbit (3430) :Frame  2,130 :Surface  533 )"
35608608916,16648167,Display 1,532,"Direct to Display (Surface  532 ,  iospbrorbit (3430) :Frame  2,131 :Surface  532 )"
35625257083,16648458,Display 1,529,"Direct to Display (Surface  529 ,  iospbrorbit (3430) :Frame  2,132 :Surface  529 )"
35641905541,16652375,Display 1,533,"Direct to Display (Surface  533 ,  iospbrorbit (3430) :Frame  2,133 :Surface  533 )"
35658557916,16643750,Display 1,532,"Direct to Display (Surface  532 ,  iospbrorbit (3430) :Frame  2,134 :Surface  532 )"
35675201666,16657792,Display 1,529,"Direct to Display (Surface  529 ,  iospbrorbit (3430) :Frame  2,135 :Surface  529 )"
35691859458,16642417,Display 1,533,"Direct to Display (Surface  533 ,  iospbrorbit (3430) :Frame  2,136 :Surface  533 )"
35708501875,16655291,Display 1,532,"Direct to Display (Surface  532 ,  iospbrorbit (3430) :Frame  2,137 :Surface  532 )"
35725157166,16635125,Display 1,529,"Direct to Display (Surface  529 ,  iospbrorbit (3430) :Frame  2,138 :Surface  529 )"
35741792291,16659375,Display 1,533,"Direct to Display (Surface  533 ,  iospbrorbit (3430) :Frame  2,139 :Surface  533 )"
35758451666,16650875,Display 1,532,"Direct to Display (Surface  532 ,  iospbrorbit (3430) :Frame  2,140 :Surface  532 )"
35775102541,16648125,Display 1,529,"Direct to Display (Surface  529 ,  iospbrorbit (3430) :Frame  2,141 :Surface  529 )"
35791750666,16639750,Display 1,533,"Direct to Display (Surface  533 ,  iospbrorbit (3430) :Frame  2,142 :Surface  533 )"
35808390416,16652084,Display 1,532,"Direct to Display (Surface  532 ,  iospbrorbit (3430) :Frame  2,143 :Surface  532 )"
35825042500,16653000,Display 1,529,"Direct to Display (Surface  529 ,  iospbrorbit (3430) :Frame  2,144 :Surface  529 )"
35841695500,16642375,Display 1,533,"Direct to Display (Surface  533 ,  iospbrorbit (3430) :Frame  2,145 :Surface  533 )"
35858337875,16657208,Display 1,532,"Direct to Display (Surface  532 ,  iospbrorbit (3430) :Frame  2,146 :Surface  532 )"
35874995083,16647208,Display 1,529,"Direct to Display (Surface  529 ,  iospbrorbit (3430) :Frame  2,147 :Surface  529 )"
35891642291,16651459,Display 1,533,"Direct to Display (Surface  533 ,  iospbrorbit (3430) :Frame  2,148 :Surface  533 )"
35908293750,16640708,Display 1,532,"Direct to Display (Surface  532 ,  iospbrorbit (3430) :Frame  2,149 :Surface  532 )"
35924934458,16653417,Display 1,529,"Direct to Display (Surface  529 ,  iospbrorbit (3430) :Frame  2,150 :Surface  529 )"
35941587875,16653958,Display 1,533,"Direct to Display (Surface  533 ,  iospbrorbit (3430) :Frame  2,151 :Surface  533 )"
35958241833,16638917,Display 1,532,"Direct to Display (Surface  532 ,  iospbrorbit (3430) :Frame  2,152 :Surface  532 )"
35974880750,16653958,Display 1,529,"Direct to Display (Surface  529 ,  iospbrorbit (3430) :Frame  2,153 :Surface  529 )"
35991534708,16643375,Display 1,533,"Direct to Display (Surface  533 ,  iospbrorbit (3430) :Frame  2,154 :Surface  533 )"
36008178083,16662208,Display 1,532,"Direct to Display (Surface  532 ,  iospbrorbit (3430) :Frame  2,155 :Surface  532 )"
36024840291,16641750,Display 1,529,"Direct to Display (Surface  529 ,  iospbrorbit (3430) :Frame  2,156 :Surface  529 )"
36041482041,16649959,Display 1,533,"Direct to Display (Surface  533 ,  iospbrorbit (3430) :Frame  2,157 :Surface  533 )"
36058132000,16654375,Display 1,532,"Direct to Display (Surface  532 ,  iospbrorbit (3430) :Frame  2,158 :Surface  532 )"
36074786375,16644958,Display 1,529,"Direct to Display (Surface  529 ,  iospbrorbit (3430) :Frame  2,159 :Surface  529 )"
36091431333,16647417,Display 1,533,"Direct to Display (Surface  533 ,  iospbrorbit (3430) :Frame  2,160 :Surface  533 )"
36108078750,16644458,Display 1,532,"Direct to Display (Surface  532 ,  iospbrorbit (3430) :Frame  2,161 :Surface  532 )"
36124723208,16655833,Display 1,529,"Direct to Display (Surface  529 ,  iospbrorbit (3430) :Frame  2,162 :Surface  529 )"
36141379041,16656334,Display 1,533,"Direct to Display (Surface  533 ,  iospbrorbit (3430) :Frame  2,163 :Surface  533 )"
36158035375,16648666,Display 1,532,"Direct to Display (Surface  532 ,  iospbrorbit (3430) :Frame  2,164 :Surface  532 )"
36174684041,16642584,Display 1,529,"Direct to Display (Surface  529 ,  iospbrorbit (3430) :Frame  2,165 :Surface  529 )"
36191326625,16646958,Display 1,533,"Direct to Display (Surface  533 ,  iospbrorbit (3430) :Frame  2,166 :Surface  533 )"
36207973583,16662083,Display 1,532,"Direct to Display (Surface  532 ,  iospbrorbit (3430) :Frame  2,167 :Surface  532 )"
36224635666,16648209,Display 1,529,"Direct to Display (Surface  529 ,  iospbrorbit (3430) :Frame  2,168 :Surface  529 )"
36241283875,16641833,Display 1,533,"Direct to Display (Surface  533 ,  iospbrorbit (3430) :Frame  2,169 :Surface  533 )"
36257925708,16649125,Display 1,532,"Direct to Display (Surface  532 ,  iospbrorbit (3430) :Frame  2,170 :Surface  532 )"
36274574833,16649458,Display 1,529,"Direct to Display (Surface  529 ,  iospbrorbit (3430) :Frame  2,171 :Surface  529 )"
36291224291,16656792,Display 1,533,"Direct to Display (Surface  533 ,  iospbrorbit (3430) :Frame  2,172 :Surface  533 )"
36307881083,16642458,Display 1,532,"Direct to Display (Surface  532 ,  iospbrorbit (3430) :Frame  2,173 :Surface  532 )"
36324523541,16648375,Display 1,529,"Direct to Display (Surface  529 ,  iospbrorbit (3430) :Frame  2,174 :Surface  529 )"
36341171916,16647459,Display 1,533,"Direct to Display (Surface  533 ,  iospbrorbit (3430) :Frame  2,175 :Surface  533 )"
36357819375,16643291,Display 1,532,"Direct to Display (Surface  532 ,  iospbrorbit (3430) :Frame  2,176 :Surface  532 )"
36374462666,16655375,Display 1,529,"Direct to Display (Surface  529 ,  iospbrorbit (3430) :Frame  2,177 :Surface  529 )"
36391118041,16647500,Display 1,533,"Direct to Display (Surface  533 ,  iospbrorbit (3430) :Frame  2,178 :Surface  533 )"
36407765541,16650167,Display 1,532,"Direct to Display (Surface  532 ,  iospbrorbit (3430) :Frame  2,179 :Surface  532 )"
36424415708,16653667,Display 1,529,"Direct to Display (Surface  529 ,  iospbrorbit (3430) :Frame  2,180 :Surface  529 )"
36441069375,16640166,Display 1,533,"Direct to Display (Surface  533 ,  iospbrorbit (3430) :Frame  2,181 :Surface  533 )"
36457709541,16648250,Display 1,532,"Direct to Display (Surface  532 ,  iospbrorbit (3430) :Frame  2,182 :Surface  532 )"
36474357791,16643500,Display 1,529,"Direct to Display (Surface  529 ,  iospbrorbit (3430) :Frame  2,183 :Surface  529 )"
36491001291,16653917,Display 1,533,"Direct to Display (Surface  533 ,  iospbrorbit (3430) :Frame  2,184 :Surface  533 )"
36507655208,16648208,Display 1,532,"Direct to Display (Surface  532 ,  iospbrorbit (3430) :Frame  2,185 :Surface  532 )"
36524303416,16644375,Display 1,529,"Direct to Display (Surface  529 ,  iospbrorbit (3430) :Frame  2,186 :Surface  529 )"
36540947791,16659917,Display 1,533,"Direct to Display (Surface  533 ,  iospbrorbit (3430) :Frame  2,187 :Surface  533 )"
36557607708,16647750,Display 1,532,"Direct to Display (Surface  532 ,  iospbrorbit (3430) :Frame  2,188 :Surface  532 )"
36574255458,16652458,Display 1,529,"Direct to Display (Surface  529 ,  iospbrorbit (3430) :Frame  2,189 :Surface  529 )"
36590907916,16642875,Display 1,533,"Direct to Display (Surface  533 ,  iospbrorbit (3430) :Frame  2,190 :Surface  533 )"
36607550791,16651209,Display 1,532,"Direct to Display (Surface  532 ,  iospbrorbit (3430) :Frame  2,191 :Surface  532 )"
36624202000,16644375,Display 1,529,"Direct to Display (Surface  529 ,  iospbrorbit (3430) :Frame  2,192 :Surface  529 )"
36640846375,16644250,Display 1,533,"Direct to Display (Surface  533 ,  iospbrorbit (3430) :Frame  2,193 :Surface  533 )"
36657490625,16640333,Display 1,532,"Direct to Display (Surface  532 ,  iospbrorbit (3430) :Frame  2,194 :Surface  532 )"
36674130958,16656917,Display 1,529,"Direct to Display (Surface  529 ,  iospbrorbit (3430) :Frame  2,195 :Surface  529 )"
36690787875,16644708,Display 1,533,"Direct to Display (Surface  533 ,  iospbrorbit (3430) :Frame  2,196 :Surface  533 )"
36707432583,16650000,Display 1,532,"Direct to Display (Surface  532 ,  iospbrorbit (3430) :Frame  2,197 :Surface  532 )"
36724082583,16647125,Display 1,529,"Direct to Display (Surface  529 ,  iospbrorbit (3430) :Frame  2,198 :Surface  529 )"
36740729708,16656375,Display 1,533,"Direct to Display (Surface  533 ,  iospbrorbit (3430) :Frame  2,199 :Surface  533 )"
36757386083,16644708,Display 1,532,"Direct to Display (Surface  532 ,  iospbrorbit (3430) :Frame  2,200 :Surface  532 )"
36774030791,16642167,Display 1,529,"Direct to Display (Surface  529 ,  iospbrorbit (3430) :Frame  2,201 :Surface  529 )"
36790672958,16653375,Display 1,533,"Direct to Display (Surface  533 ,  iospbrorbit (3430) :Frame  2,202 :Surface  533 )"
36807326333,16643875,Display 1,532,"Direct to Display (Surface  532 ,  iospbrorbit (3430) :Frame  2,203 :Surface  532 )"
36823970208,16651708,Display 1,529,"Direct to Display (Surface  529 ,  iospbrorbit (3430) :Frame  2,204 :Surface  529 )"
36840621916,16649459,Display 1,533,"Direct to Display (Surface  533 ,  iospbrorbit (3430) :Frame  2,205 :Surface  533 )"
36857271375,16653666,Display 1,532,"Direct to Display (Surface  532 ,  iospbrorbit (3430) :Frame  2,206 :Surface  532 )"
36873925041,16640375,Display 1,529,"Direct to Display (Surface  529 ,  iospbrorbit (3430) :Frame  2,207 :Surface  529 )"
36890565416,16648167,Display 1,533,"Direct to Display (Surface  533 ,  iospbrorbit (3430) :Frame  2,208 :Surface  533 )"
36907213583,16654000,Display 1,532,"Direct to Display (Surface  532 ,  iospbrorbit (3430) :Frame  2,209 :Surface  532 )"
36923867583,16654750,Display 1,529,"Direct to Display (Surface  529 ,  iospbrorbit (3430) :Frame  2,210 :Surface  529 )"
36940522333,16647625,Display 1,533,"Direct to Display (Surface  533 ,  iospbrorbit (3430) :Frame  2,211 :Surface  533 )"
36957169958,16652333,Display 1,532,"Direct to Display (Surface  532 ,  iospbrorbit (3430) :Frame  2,212 :Surface  532 )"
36973822291,16646000,Display 1,529,"Direct to Display (Surface  529 ,  iospbrorbit (3430) :Frame  2,213 :Surface  529 )"
36990468291,16646292,Display 1,533,"Direct to Display (Surface  533 ,  iospbrorbit (3430) :Frame  2,214 :Surface  533 )"
37007114583,16651667,Display 1,532,"Direct to Display (Surface  532 ,  iospbrorbit (3430) :Frame  2,215 :Surface  532 )"
37023766250,16646458,Display 1,529,"Direct to Display (Surface  529 ,  iospbrorbit (3430) :Frame  2,216 :Surface  529 )"
37040412708,16655000,Display 1,533,"Direct to Display (Surface  533 ,  iospbrorbit (3430) :Frame  2,217 :Surface  533 )"
37057067708,16649458,Display 1,532,"Direct to Display (Surface  532 ,  iospbrorbit (3430) :Frame  2,218 :Surface  532 )"
37073717166,16650250,Display 1,529,"Direct to Display (Surface  529 ,  iospbrorbit (3430) :Frame  2,219 :Surface  529 )"
37090367416,16644084,Display 1,533,"Direct to Display (Surface  533 ,  iospbrorbit (3430) :Frame  2,220 :Surface  533 )"
37107011500,16649166,Display 1,532,"Direct to Display (Surface  532 ,  iospbrorbit (3430) :Frame  2,221 :Surface  532 )"
37123660666,16648125,Display 1,529,"Direct to Display (Surface  529 ,  iospbrorbit (3430) :Frame  2,222 :Surface  529 )"
37140308791,16653000,Display 1,533,"Direct to Display (Surface  533 ,  iospbrorbit (3430) :Frame  2,223 :Surface  533 )"
37156961791,16644209,Display 1,532,"Direct to Display (Surface  532 ,  iospbrorbit (3430) :Frame  2,224 :Surface  532 )"
37173606000,16649666,Display 1,529,"Direct to Display (Surface  529 ,  iospbrorbit (3430) :Frame  2,225 :Surface  529 )"
37190255666,16643917,Display 1,533,"Direct to Display (Surface  533 ,  iospbrorbit (3430) :Frame  2,226 :Surface  533 )"
37206899583,16656792,Display 1,532,"Direct to Display (Surface  532 ,  iospbrorbit (3430) :Frame  2,227 :Surface  532 )"
37223556375,16646416,Display 1,529,"Direct to Display (Surface  529 ,  iospbrorbit (3430) :Frame  2,228 :Surface  529 )"
37240202791,16649125,Display 1,533,"Direct to Display (Surface  533 ,  iospbrorbit (3430) :Frame  2,229 :Surface  533 )"
37256851916,16651167,Display 1,532,"Direct to Display (Surface  532 ,  iospbrorbit (3430) :Frame  2,230 :Surface  532 )"
37273503083,16646625,Display 1,529,"Direct to Display (Surface  529 ,  iospbrorbit (3430) :Frame  2,231 :Surface  529 )"
37290149708,16652417,Display 1,533,"Direct to Display (Surface  533 ,  iospbrorbit (3430) :Frame  2,232 :Surface  533 )"
37306802125,16648458,Display 1,532,"Direct to Display (Surface  532 ,  iospbrorbit (3430) :Frame  2,233 :Surface  532 )"
37323450583,16638333,Display 1,529,"Direct to Display (Surface  529 ,  iospbrorbit (3430) :Frame  2,234 :Surface  529 )"
37340088916,16655709,Display 1,533,"Direct to Display (Surface  533 ,  iospbrorbit (3430) :Frame  2,235 :Surface  533 )"
37356744625,16651333,Display 1,532,"Direct to Display (Surface  532 ,  iospbrorbit (3430) :Frame  2,236 :Surface  532 )"
37373395958,16647792,Display 1,529,"Direct to Display (Surface  529 ,  iospbrorbit (3430) :Frame  2,237 :Surface  529 )"
37390043750,16649000,Display 1,533,"Direct to Display (Surface  533 ,  iospbrorbit (3430) :Frame  2,238 :Surface  533 )"
37406692750,16649291,Display 1,532,"Direct to Display (Surface  532 ,  iospbrorbit (3430) :Frame  2,239 :Surface  532 )"
37423342041,16644625,Display 1,529,"Direct to Display (Surface  529 ,  iospbrorbit (3430) :Frame  2,240 :Surface  529 )"
37439986666,16659375,Display 1,533,"Direct to Display (Surface  533 ,  iospbrorbit (3430) :Frame  2,241 :Surface  533 )"
37456646041,16643375,Display 1,532,"Direct to Display (Surface  532 ,  iospbrorbit (3430) :Frame  2,242 :Surface  532 )"
37473289416,16642792,Display 1,529,"Direct to Display (Surface  529 ,  iospbrorbit (3430) :Frame  2,243 :Surface  529 )"
37489932208,16655750,Display 1,533,"Direct to Display (Surface  533 ,  iospbrorbit (3430) :Frame  2,244 :Surface  533 )"
37506587958,16648458,Display 1,532,"Direct to Display (Surface  532 ,  iospbrorbit (3430) :Frame  2,245 :Surface  532 )"
37523236416,16640042,Display 1,529,"Direct to Display (Surface  529 ,  iospbrorbit (3430) :Frame  2,246 :Surface  529 )"
37539876458,16658708,Display 1,533,"Direct to Display (Surface  533 ,  iospbrorbit (3430) :Frame  2,247 :Surface  533 )"
37556535166,16642584,Display 1,532,"Direct to Display (Surface  532 ,  iospbrorbit (3430) :Frame  2,248 :Surface  532 )"
37573177750,16653875,Display 1,529,"Direct to Display (Surface  529 ,  iospbrorbit (3430) :Frame  2,249 :Surface  529 )"
37589831625,16644041,Display 1,533,"Direct to Display (Surface  533 ,  iospbrorbit (3430) :Frame  2,250 :Surface  533 )"
37606475666,16645375,Display 1,532,"Direct to Display (Surface  532 ,  iospbrorbit (3430) :Frame  2,251 :Surface  532 )"
37623121041,16653334,Display 1,529,"Direct to Display (Surface  529 ,  iospbrorbit (3430) :Frame  2,252 :Surface  529 )"
37639774375,16638958,Display 1,533,"Direct to Display (Surface  533 ,  iospbrorbit (3430) :Frame  2,253 :Surface  533 )"
37656413333,16658250,Display 1,532,"Direct to Display (Surface  532 ,  iospbrorbit (3430) :Frame  2,254 :Surface  532 )"
37673071583,16645042,Display 1,529,"Direct to Display (Surface  529 ,  iospbrorbit (3430) :Frame  2,255 :Surface  529 )"
37689716625,16643208,Display 1,533,"Direct to Display (Surface  533 ,  iospbrorbit (3430) :Frame  2,256 :Surface  533 )"
37706359833,16649333,Display 1,532,"Direct to Display (Surface  532 ,  iospbrorbit (3430) :Frame  2,257 :Surface  532 )"
37723009166,16649084,Display 1,529,"Direct to Display (Surface  529 ,  iospbrorbit (3430) :Frame  2,258 :Surface  529 )"
37739658250,16653500,Display 1,533,"Direct to Display (Surface  533 ,  iospbrorbit (3430) :Frame  2,259 :Surface  533 )"
37756311750,16651833,Display 1,532,"Direct to Display (Surface  532 ,  iospbrorbit (3430) :Frame  2,260 :Surface  532 )"
37772963583,16642042,Display 1,529,"Direct to Display (Surface  529 ,  iospbrorbit (3430) :Frame  2,261 :Surface  529 )"
37789605625,16657750,Display 1,533,"Direct to Display (Surface  533 ,  iospbrorbit (3430) :Frame  2,262 :Surface  533 )"
37806263375,16638208,Display 1,532,"Direct to Display (Surface  532 ,  iospbrorbit (3430) :Frame  2,263 :Surface  532 )"
37822901583,16652792,Display 1,529,"Direct to Display (Surface  529 ,  iospbrorbit (3430) :Frame  2,264 :Surface  529 )"
37839554375,16646250,Display 1,533,"Direct to Display (Surface  533 ,  iospbrorbit (3430) :Frame  2,265 :Surface  533 )"
37856200625,16642333,Display 1,532,"Direct to Display (Surface  532 ,  iospbrorbit (3430) :Frame  2,266 :Surface  532 )"
37872842958,16658167,Display 1,529,"Direct to Display (Surface  529 ,  iospbrorbit (3430) :Frame  2,267 :Surface  529 )"
37889501125,16651416,Display 1,533,"Direct to Display (Surface  533 ,  iospbrorbit (3430) :Frame  2,268 :Surface  533 )"
37906152541,16633959,Display 1,532,"Direct to Display (Surface  532 ,  iospbrorbit (3430) :Frame  2,269 :Surface  532 )"
37922786500,16657333,Display 1,529,"Direct to Display (Surface  529 ,  iospbrorbit (3430) :Frame  2,270 :Surface  529 )"
37939443833,16642792,Display 1,533,"Direct to Display (Surface  533 ,  iospbrorbit (3430) :Frame  2,271 :Surface  533 )"
37956086625,16641833,Display 1,532,"Direct to Display (Surface  532 ,  iospbrorbit (3430) :Frame  2,272 :Surface  532 )"
37972728458,16653125,Display 1,529,"Direct to Display (Surface  529 ,  iospbrorbit (3430) :Frame  2,273 :Surface  529 )"
37989381583,16654208,Display 1,533,"Direct to Display (Surface  533 ,  iospbrorbit (3430) :Frame  2,274 :Surface  533 )"
38006035791,16639292,Display 1,532,"Direct to Display (Surface  532 ,  iospbrorbit (3430) :Frame  2,275 :Surface  532 )"
38022675083,16647542,Display 1,529,"Direct to Display (Surface  529 ,  iospbrorbit (3430) :Frame  2,276 :Surface  529 )"
38039322625,16645791,Display 1,533,"Direct to Display (Surface  533 ,  iospbrorbit (3430) :Frame  2,277 :Surface  533 )"
38055968416,16648625,Display 1,532,"Direct to Display (Surface  532 ,  iospbrorbit (3430) :Frame  2,278 :Surface  532 )"
38072617041,16643209,Display 1,529,"Direct to Display (Surface  529 ,  iospbrorbit (3430) :Frame  2,279 :Surface  529 )"
38089260250,16648750,Display 1,533,"Direct to Display (Surface  533 ,  iospbrorbit (3430) :Frame  2,280 :Surface  533 )"
38105909000,16655291,Display 1,532,"Direct to Display (Surface  532 ,  iospbrorbit (3430) :Frame  2,281 :Surface  532 )"
38122564291,16652250,Display 1,529,"Direct to Display (Surface  529 ,  iospbrorbit (3430) :Frame  2,282 :Surface  529 )"
38139216541,66597542,Display 1,533,"Direct to Display (Surface  533 ,  iospbrorbit (3430) :Frame  2,283 :Surface  533 )"
38205814083,16639125,Display 1,532,"Direct to Display (Surface  532 ,  iospbrorbit (3430) :Frame  2,284 :Surface  532 )"
38222453208,16655958,Display 1,529,"Direct to Display (Surface  529 ,  iospbrorbit (3430) :Frame  2,285 :Surface  529 )"
38239109166,16650417,Display 1,533,"Direct to Display (Surface  533 ,  iospbrorbit (3430) :Frame  2,286 :Surface  533 )"
38255759583,16645792,Display 1,532,"Direct to Display (Surface  532 ,  iospbrorbit (3430) :Frame  2,290 :Surface  532 )"
38272405375,16646000,Display 1,529,"Direct to Display (Surface  529 ,  iospbrorbit (3430) :Frame  2,291 :Surface  529 )"
38289051375,16654750,Display 1,533,"Direct to Display (Surface  533 ,  iospbrorbit (3430) :Frame  2,292 :Surface  533 )"
38305706125,16643500,Display 1,532,"Direct to Display (Surface  532 ,  iospbrorbit (3430) :Frame  2,293 :Surface  532 )"
38322349625,16657916,Display 1,529,"Direct to Display (Surface  529 ,  iospbrorbit (3430) :Frame  2,294 :Surface  529 )"
38339007541,16638209,Display 1,533,"Direct to Display (Surface  533 ,  iospbrorbit (3430) :Frame  2,295 :Surface  533 )"
38355645750,16652666,Display 1,532,"Direct to Display (Surface  532 ,  iospbrorbit (3430) :Frame  2,296 :Surface  532 )"
38372298416,16640875,Display 1,529,"Direct to Display (Surface  529 ,  iospbrorbit (3430) :Frame  2,297 :Surface  529 )"
38388939291,16658125,Display 1,533,"Direct to Display (Surface  533 ,  iospbrorbit (3430) :Frame  2,298 :Surface  533 )"
38405597416,16646917,Display 1,532,"Direct to Display (Surface  532 ,  iospbrorbit (3430) :Frame  2,299 :Surface  532 )"
38422244333,16659708,Display 1,529,"Direct to Display (Surface  529 ,  iospbrorbit (3430) :Frame  2,300 :Surface  529 )"
38438904041,16639459,Display 1,533,"Direct to Display (Surface  533 ,  iospbrorbit (3430) :Frame  2,301 :Surface  533 )"
38455543500,16650000,Display 1,532,"Direct to Display (Surface  532 ,  iospbrorbit (3430) :Frame  2,302 :Surface  532 )"
38472193500,16644958,Display 1,529,"Direct to Display (Surface  529 ,  iospbrorbit (3430) :Frame  2,303 :Surface  529 )"
38488838458,16655167,Display 1,533,"Direct to Display (Surface  533 ,  iospbrorbit (3430) :Frame  2,304 :Surface  533 )"
38505493625,16649166,Display 1,532,"Direct to Display (Surface  532 ,  iospbrorbit (3430) :Frame  2,305 :Surface  532 )"
38522142791,16645875,Display 1,529,"Direct to Display (Surface  529 ,  iospbrorbit (3430) :Frame  2,306 :Surface  529 )"
38538788666,16660584,Display 1,533,"Direct to Display (Surface  533 ,  iospbrorbit (3430) :Frame  2,307 :Surface  533 )"
38555449250,16639541,Display 1,532,"Direct to Display (Surface  532 ,  iospbrorbit (3430) :Frame  2,308 :Surface  532 )"
38572088791,16650292,Display 1,529,"Direct to Display (Surface  529 ,  iospbrorbit (3430) :Frame  2,309 :Surface  529 )"
38588739083,16656250,Display 1,533,"Direct to Display (Surface  533 ,  iospbrorbit (3430) :Frame  2,310 :Surface  533 )"
38605395333,16644083,Display 1,532,"Direct to Display (Surface  532 ,  iospbrorbit (3430) :Frame  2,311 :Surface  532 )"
38622039416,16648792,Display 1,529,"Direct to Display (Surface  529 ,  iospbrorbit (3430) :Frame  2,312 :Surface  529 )"
38638688208,16648042,Display 1,533,"Direct to Display (Surface  533 ,  iospbrorbit (3430) :Frame  2,313 :Surface  533 )"
38655336250,16652708,Display 1,532,"Direct to Display (Surface  532 ,  iospbrorbit (3430) :Frame  2,314 :Surface  532 )"
38671988958,16648292,Display 1,529,"Direct to Display (Surface  529 ,  iospbrorbit (3430) :Frame  2,315 :Surface  529 )"
38688637250,16650625,Display 1,533,"Direct to Display (Surface  533 ,  iospbrorbit (3430) :Frame  2,316 :Surface  533 )"
38705287875,16643375,Display 1,532,"Direct to Display (Surface  532 ,  iospbrorbit (3430) :Frame  2,317 :Surface  532 )"
38721931250,16648458,Display 1,529,"Direct to Display (Surface  529 ,  iospbrorbit (3430) :Frame  2,318 :Surface  529 )"
38738579708,16648167,Display 1,533,"Direct to Display (Surface  533 ,  iospbrorbit (3430) :Frame  2,319 :Surface  533 )"
38755227875,16649083,Display 1,532,"Direct to Display (Surface  532 ,  iospbrorbit (3430) :Frame  2,320 :Surface  532 )"
38771876958,16649375,Display 1,529,"Direct to Display (Surface  529 ,  iospbrorbit (3430) :Frame  2,321 :Surface  529 )"
38788526333,16648167,Display 1,533,"Direct to Display (Surface  533 ,  iospbrorbit (3430) :Frame  2,322 :Surface  533 )"
38805174500,16647958,Display 1,532,"Direct to Display (Surface  532 ,  iospbrorbit (3430) :Frame  2,323 :Surface  532 )"
38821822458,16653083,Display 1,529,"Direct to Display (Surface  529 ,  iospbrorbit (3430) :Frame  2,324 :Surface  529 )"
38838475541,16648542,Display 1,533,"Direct to Display (Surface  533 ,  iospbrorbit (3430) :Frame  2,325 :Surface  533 )"
38855124083,16652542,Display 1,532,"Direct to Display (Surface  532 ,  iospbrorbit (3430) :Frame  2,326 :Surface  532 )"
38871776625,16639166,Display 1,529,"Direct to Display (Surface  529 ,  iospbrorbit (3430) :Frame  2,327 :Surface  529 )"
38888415791,16654667,Display 1,533,"Direct to Display (Surface  533 ,  iospbrorbit (3430) :Frame  2,328 :Surface  533 )"
38905070458,16652667,Display 1,532,"Direct to Display (Surface  532 ,  iospbrorbit (3430) :Frame  2,329 :Surface  532 )"
38921723125,16647041,Display 1,529,"Direct to Display (Surface  529 ,  iospbrorbit (3430) :Frame  2,330 :Surface  529 )"
38938370166,16645959,Display 1,533,"Direct to Display (Surface  533 ,  iospbrorbit (3430) :Frame  2,331 :Surface  533 )"
38955016125,16654458,Display 1,532,"Direct to Display (Surface  532 ,  iospbrorbit (3430) :Frame  2,332 :Surface  532 )"
38971670583,16642667,Display 1,529,"Direct to Display (Surface  529 ,  iospbrorbit (3430) :Frame  2,333 :Surface  529 )"
38988313250,16655250,Display 1,533,"Direct to Display (Surface  533 ,  iospbrorbit (3430) :Frame  2,334 :Surface  533 )"
39004968500,16644416,Display 1,532,"Direct to Display (Surface  532 ,  iospbrorbit (3430) :Frame  2,335 :Surface  532 )"
39021612916,16645209,Display 1,529,"Direct to Display (Surface  529 ,  iospbrorbit (3430) :Frame  2,336 :Surface  529 )"
39038258125,16649166,Display 1,533,"Direct to Display (Surface  533 ,  iospbrorbit (3430) :Frame  2,337 :Surface  533 )"
39054907291,16648667,Display 1,532,"Direct to Display (Surface  532 ,  iospbrorbit (3430) :Frame  2,338 :Surface  532 )"
39071555958,16641958,Display 1,529,"Direct to Display (Surface  529 ,  iospbrorbit (3430) :Frame  2,339 :Surface  529 )"
39088197916,16647209,Display 1,533,"Direct to Display (Surface  533 ,  iospbrorbit (3430) :Frame  2,340 :Surface  533 )"
39104845125,16653000,Display 1,532,"Direct to Display (Surface  532 ,  iospbrorbit (3430) :Frame  2,341 :Surface  532 )"
39121498125,16647458,Display 1,529,"Direct to Display (Surface  529 ,  iospbrorbit (3430) :Frame  2,342 :Surface  529 )"
39138145583,16643542,Display 1,533,"Direct to Display (Surface  533 ,  iospbrorbit (3430) :Frame  2,343 :Surface  533 )"
39154789125,16648500,Display 1,532,"Direct to Display (Surface  532 ,  iospbrorbit (3430) :Frame  2,344 :Surface  532 )"
39171437625,16641708,Display 1,529,"Direct to Display (Surface  529 ,  iospbrorbit (3430) :Frame  2,345 :Surface  529 )"
39188079333,16656667,Display 1,533,"Direct to Display (Surface  533 ,  iospbrorbit (3430) :Frame  2,346 :Surface  533 )"
39204736000,16644416,Display 1,532,"Direct to Display (Surface  532 ,  iospbrorbit (3430) :Frame  2,347 :Surface  532 )"
39221380416,16647959,Display 1,529,"Direct to Display (Surface  529 ,  iospbrorbit (3430) :Frame  2,348 :Surface  529 )"
39238028375,16647875,Display 1,533,"Direct to Display (Surface  533 ,  iospbrorbit (3430) :Frame  2,349 :Surface  533 )"
39254676250,16647708,Display 1,532,"Direct to Display (Surface  532 ,  iospbrorbit (3430) :Frame  2,350 :Surface  532 )"
39271323958,16648958,Display 1,529,"Direct to Display (Surface  529 ,  iospbrorbit (3430) :Frame  2,351 :Surface  529 )"
39287972916,16648334,Display 1,533,"Direct to Display (Surface  533 ,  iospbrorbit (3430) :Frame  2,352 :Surface  533 )"
39304621250,16647541,Display 1,532,"Direct to Display (Surface  532 ,  iospbrorbit (3430) :Frame  2,353 :Surface  532 )"
39321268791,16650834,Display 1,529,"Direct to Display (Surface  529 ,  iospbrorbit (3430) :Frame  2,354 :Surface  529 )"
39337919625,16647500,Display 1,533,"Direct to Display (Surface  533 ,  iospbrorbit (3430) :Frame  2,355 :Surface  533 )"
39354567125,16644291,Display 1,532,"Direct to Display (Surface  532 ,  iospbrorbit (3430) :Frame  2,356 :Surface  532 )"
39371211416,16641417,Display 1,529,"Direct to Display (Surface  529 ,  iospbrorbit (3430) :Frame  2,357 :Surface  529 )"
39387852833,16652500,Display 1,533,"Direct to Display (Surface  533 ,  iospbrorbit (3430) :Frame  2,358 :Surface  533 )"
39404505333,16649250,Display 1,532,"Direct to Display (Surface  532 ,  iospbrorbit (3430) :Frame  2,359 :Surface  532 )"
39421154583,16651375,Display 1,529,"Direct to Display (Surface  529 ,  iospbrorbit (3430) :Frame  2,360 :Surface  529 )"
39437805958,16642667,Display 1,533,"Direct to Display (Surface  533 ,  iospbrorbit (3430) :Frame  2,361 :Surface  533 )"
39454448625,16648041,Display 1,532,"Direct to Display (Surface  532 ,  iospbrorbit (3430) :Frame  2,362 :Surface  532 )"
39471096666,16645167,Display 1,529,"Direct to Display (Surface  529 ,  iospbrorbit (3430) :Frame  2,363 :Surface  529 )"
39487741833,16652917,Display 1,533,"Direct to Display (Surface  533 ,  iospbrorbit (3430) :Frame  2,364 :Surface  533 )"
39504394750,16647833,Display 1,532,"Direct to Display (Surface  532 ,  iospbrorbit (3430) :Frame  2,365 :Surface  532 )"
39521042583,16655250,Display 1,529,"Direct to Display (Surface  529 ,  iospbrorbit (3430) :Frame  2,366 :Surface  529 )"
39537697833,16638625,Display 1,533,"Direct to Display (Surface  533 ,  iospbrorbit (3430) :Frame  2,367 :Surface  533 )"
39554336458,16653833,Display 1,532,"Direct to Display (Surface  532 ,  iospbrorbit (3430) :Frame  2,368 :Surface  532 )"
39570990291,16652959,Display 1,529,"Direct to Display (Surface  529 ,  iospbrorbit (3430) :Frame  2,369 :Surface  529 )"
39587643250,16641958,Display 1,533,"Direct to Display (Surface  533 ,  iospbrorbit (3430) :Frame  2,370 :Surface  533 )"
39604285208,16660000,Display 1,532,"Direct to Display (Surface  532 ,  iospbrorbit (3430) :Frame  2,371 :Surface  532 )"
39620945208,16643792,Display 1,529,"Direct to Display (Surface  529 ,  iospbrorbit (3430) :Frame  2,372 :Surface  529 )"
39637589000,16643458,Display 1,533,"Direct to Display (Surface  533 ,  iospbrorbit (3430) :Frame  2,373 :Surface  533 )"
39654232458,16655042,Display 1,532,"Direct to Display (Surface  532 ,  iospbrorbit (3430) :Frame  2,374 :Surface  532 )"
39670887500,16642500,Display 1,529,"Direct to Display (Surface  529 ,  iospbrorbit (3430) :Frame  2,375 :Surface  529 )"
39687530000,16652083,Display 1,533,"Direct to Display (Surface  533 ,  iospbrorbit (3430) :Frame  2,376 :Surface  533 )"
39704182083,16643833,Display 1,532,"Direct to Display (Surface  532 ,  iospbrorbit (3430) :Frame  2,377 :Surface  532 )"
39720825916,16653125,Display 1,529,"Direct to Display (Surface  529 ,  iospbrorbit (3430) :Frame  2,378 :Surface  529 )"
39737479041,16645375,Display 1,533,"Direct to Display (Surface  533 ,  iospbrorbit (3430) :Frame  2,379 :Surface  533 )"
39754124416,16649042,Display 1,532,"Direct to Display (Surface  532 ,  iospbrorbit (3430) :Frame  2,380 :Surface  532 )"
39770773458,16649000,Display 1,529,"Direct to Display (Surface  529 ,  iospbrorbit (3430) :Frame  2,381 :Surface  529 )"
39787422458,16656417,Display 1,533,"Direct to Display (Surface  533 ,  iospbrorbit (3430) :Frame  2,382 :Surface  533 )"
39804078875,16642583,Display 1,532,"Direct to Display (Surface  532 ,  iospbrorbit (3430) :Frame  2,383 :Surface  532 )"
39820721458,16657958,Display 1,529,"Direct to Display (Surface  529 ,  iospbrorbit (3430) :Frame  2,384 :Surface  529 )"
39837379416,16647125,Display 1,533,"Direct to Display (Surface  533 ,  iospbrorbit (3430) :Frame  2,385 :Surface  533 )"
39854026541,16648584,Display 1,532,"Direct to Display (Surface  532 ,  iospbrorbit (3430) :Frame  2,386 :Surface  532 )"
39870675125,16645125,Display 1,529,"Direct to Display (Surface  529 ,  iospbrorbit (3430) :Frame  2,387 :Surface  529 )"
39887320250,16657875,Display 1,533,"Direct to Display (Surface  533 ,  iospbrorbit (3430) :Frame  2,388 :Surface  533 )"
39903978125,16644625,Display 1,532,"Direct to Display (Surface  532 ,  iospbrorbit (3430) :Frame  2,389 :Surface  532 )"
39920622750,16651583,Display 1,529,"Direct to Display (Surface  529 ,  iospbrorbit (3430) :Frame  2,390 :Surface  529 )"
39937274333,16642625,Display 1,533,"Direct to Display (Surface  533 ,  iospbrorbit (3430) :Frame  2,391 :Surface  533 )"
39953916958,16650208,Display 1,532,"Direct to Display (Surface  532 ,  iospbrorbit (3430) :Frame  2,392 :Surface  532 )"
39970567166,16649667,Display 1,529,"Direct to Display (Surface  529 ,  iospbrorbit (3430) :Frame  2,393 :Surface  529 )"
39987216833,16652833,Display 1,533,"Direct to Display (Surface  533 ,  iospbrorbit (3430) :Frame  2,394 :Surface  533 )"
40003869666,16644625,Display 1,532,"Direct to Display (Surface  532 ,  iospbrorbit (3430) :Frame  2,395 :Surface  532 )"
40020514291,16651834,Display 1,529,"Direct to Display (Surface  529 ,  iospbrorbit (3430) :Frame  2,396 :Surface  529 )"
40037166125,16644125,Display 1,533,"Direct to Display (Surface  533 ,  iospbrorbit (3430) :Frame  2,397 :Surface  533 )"
40053810250,16653458,Display 1,532,"Direct to Display (Surface  532 ,  iospbrorbit (3430) :Frame  2,398 :Surface  532 )"
40070463708,16651708,Display 1,529,"Direct to Display (Surface  529 ,  iospbrorbit (3430) :Frame  2,399 :Surface  529 )"
40087115416,16643625,Display 1,533,"Direct to Display (Surface  533 ,  iospbrorbit (3430) :Frame  2,400 :Surface  533 )"
40103759041,16642042,Display 1,532,"Direct to Display (Surface  532 ,  iospbrorbit (3430) :Frame  2,401 :Surface  532 )"
40120401083,16648458,Display 1,529,"Direct to Display (Surface  529 ,  iospbrorbit (3430) :Frame  2,402 :Surface  529 )"
40137049541,16653375,Display 1,533,"Direct to Display (Surface  533 ,  iospbrorbit (3430) :Frame  2,403 :Surface  533 )"
40153702916,16643584,Display 1,532,"Direct to Display (Surface  532 ,  iospbrorbit (3430) :Frame  2,404 :Surface  532 )"
40170346500,16649041,Display 1,529,"Direct to Display (Surface  529 ,  iospbrorbit (3430) :Frame  2,405 :Surface  529 )"
40186995541,16654459,Display 1,533,"Direct to Display (Surface  533 ,  iospbrorbit (3430) :Frame  2,406 :Surface  533 )"
40203650000,16649416,Display 1,532,"Direct to Display (Surface  532 ,  iospbrorbit (3430) :Frame  2,407 :Surface  532 )"
40220299416,16643000,Display 1,529,"Direct to Display (Surface  529 ,  iospbrorbit (3430) :Frame  2,408 :Surface  529 )"
40236942416,16654375,Display 1,533,"Direct to Display (Surface  533 ,  iospbrorbit (3430) :Frame  2,409 :Surface  533 )"
40253596791,33298625,Display 1,532,"Direct to Display (Surface  532 ,  iospbrorbit (3430) :Frame  2,410 :Surface  532 )"
40286895416,16648625,Display 1,533,"Direct to Display (Surface  533 ,  iospbrorbit (3430) :Frame  2,412 :Surface  533 )"
40303544041,16648584,Display 1,532,"Direct to Display (Surface  532 ,  iospbrorbit (3430) :Frame  2,413 :Surface  532 )"
40320192625,16648916,Display 1,529,"Direct to Display (Surface  529 ,  iospbrorbit (3430) :Frame  2,414 :Surface  529 )"
40336841541,16649875,Display 1,533,"Direct to Display (Surface  533 ,  iospbrorbit (3430) :Frame  2,415 :Surface  533 )"
40353491416,16646209,Display 1,532,"Direct to Display (Surface  532 ,  iospbrorbit (3430) :Frame  2,416 :Surface  532 )"
40370137625,16648000,Display 1,529,"Direct to Display (Surface  529 ,  iospbrorbit (3430) :Frame  2,417 :Surface  529 )"
40386785625,16654291,Display 1,533,"Direct to Display (Surface  533 ,  iospbrorbit (3430) :Frame  2,418 :Surface  533 )"
40403439916,16641209,Display 1,532,"Direct to Display (Surface  532 ,  iospbrorbit (3430) :Frame  2,419 :Surface  532 )"
40420081125,16649916,Display 1,529,"Direct to Display (Surface  529 ,  iospbrorbit (3430) :Frame  2,420 :Surface  529 )"
40436731041,16655375,Display 1,533,"Direct to Display (Surface  533 ,  iospbrorbit (3430) :Frame  2,421 :Surface  533 )"
40453386416,16646625,Display 1,532,"Direct to Display (Surface  532 ,  iospbrorbit (3430) :Frame  2,422 :Surface  532 )"
40470033041,16652375,Display 1,529,"Direct to Display (Surface  529 ,  iospbrorbit (3430) :Frame  2,423 :Surface  529 )"
40486685416,16642542,Display 1,533,"Direct to Display (Surface  533 ,  iospbrorbit (3430) :Frame  2,424 :Surface  533 )"
40503327958,16645500,Display 1,532,"Direct to Display (Surface  532 ,  iospbrorbit (3430) :Frame  2,425 :Surface  532 )"
40519973458,16645875,Display 1,529,"Direct to Display (Surface  529 ,  iospbrorbit (3430) :Frame  2,426 :Surface  529 )"
40536619333,16652208,Display 1,533,"Direct to Display (Surface  533 ,  iospbrorbit (3430) :Frame  2,427 :Surface  533 )"
40553271541,16653167,Display 1,532,"Direct to Display (Surface  532 ,  iospbrorbit (3430) :Frame  2,428 :Surface  532 )"
40569924708,16645667,Display 1,529,"Direct to Display (Surface  529 ,  iospbrorbit (3430) :Frame  2,429 :Surface  529 )"
40586570375,16645458,Display 1,533,"Direct to Display (Surface  533 ,  iospbrorbit (3430) :Frame  2,430 :Surface  533 )"
40603215833,16648292,Display 1,532,"Direct to Display (Surface  532 ,  iospbrorbit (3430) :Frame  2,431 :Surface  532 )"
40619864125,16651916,Display 1,529,"Direct to Display (Surface  529 ,  iospbrorbit (3430) :Frame  2,432 :Surface  529 )"
40636516041,16640792,Display 1,533,"Direct to Display (Surface  533 ,  iospbrorbit (3430) :Frame  2,433 :Surface  533 )"
40653156833,16647917,Display 1,532,"Direct to Display (Surface  532 ,  iospbrorbit (3430) :Frame  2,434 :Surface  532 )"
40669804750,16649541,Display 1,529,"Direct to Display (Surface  529 ,  iospbrorbit (3430) :Frame  2,435 :Surface  529 )"
40686454291,16655542,Display 1,533,"Direct to Display (Surface  533 ,  iospbrorbit (3430) :Frame  2,436 :Surface  533 )"
40703109833,16646292,Display 1,532,"Direct to Display (Surface  532 ,  iospbrorbit (3430) :Frame  2,437 :Surface  532 )"
40719756125,16645583,Display 1,529,"Direct to Display (Surface  529 ,  iospbrorbit (3430) :Frame  2,438 :Surface  529 )"
40736401708,16654667,Display 1,533,"Direct to Display (Surface  533 ,  iospbrorbit (3430) :Frame  2,439 :Surface  533 )"
40753056375,16643500,Display 1,532,"Direct to Display (Surface  532 ,  iospbrorbit (3430) :Frame  2,440 :Surface  532 )"
40769699875,16645625,Display 1,529,"Direct to Display (Surface  529 ,  iospbrorbit (3430) :Frame  2,441 :Surface  529 )"
40786345500,16647750,Display 1,533,"Direct to Display (Surface  533 ,  iospbrorbit (3430) :Frame  2,442 :Surface  533 )"
40802993250,16655750,Display 1,532,"Direct to Display (Surface  532 ,  iospbrorbit (3430) :Frame  2,443 :Surface  532 )"
40819649000,16645000,Display 1,529,"Direct to Display (Surface  529 ,  iospbrorbit (3430) :Frame  2,444 :Surface  529 )"
40836294000,16655458,Display 1,533,"Direct to Display (Surface  533 ,  iospbrorbit (3430) :Frame  2,445 :Surface  533 )"
40852949458,16645542,Display 1,532,"Direct to Display (Surface  532 ,  iospbrorbit (3430) :Frame  2,446 :Surface  532 )"
40869595000,16644291,Display 1,529,"Direct to Display (Surface  529 ,  iospbrorbit (3430) :Frame  2,447 :Surface  529 )"
40886239291,16648042,Display 1,533,"Direct to Display (Surface  533 ,  iospbrorbit (3430) :Frame  2,448 :Surface  533 )"
40902887333,16644125,Display 1,532,"Direct to Display (Surface  532 ,  iospbrorbit (3430) :Frame  2,449 :Surface  532 )"
40919531458,16657000,Display 1,529,"Direct to Display (Surface  529 ,  iospbrorbit (3430) :Frame  2,450 :Surface  529 )"
40936188458,16654417,Display 1,533,"Direct to Display (Surface  533 ,  iospbrorbit (3430) :Frame  2,451 :Surface  533 )"
40952842875,16648833,Display 1,532,"Direct to Display (Surface  532 ,  iospbrorbit (3430) :Frame  2,452 :Surface  532 )"
40969491708,16643167,Display 1,529,"Direct to Display (Surface  529 ,  iospbrorbit (3430) :Frame  2,453 :Surface  529 )"
40986134875,16650958,Display 1,533,"Direct to Display (Surface  533 ,  iospbrorbit (3430) :Frame  2,454 :Surface  533 )"
41002785833,16653375,Display 1,532,"Direct to Display (Surface  532 ,  iospbrorbit (3430) :Frame  2,455 :Surface  532 )"
41019439208,16640292,Display 1,529,"Direct to Display (Surface  529 ,  iospbrorbit (3430) :Frame  2,456 :Surface  529 )"
41036079500,16659333,Display 1,533,"Direct to Display (Surface  533 ,  iospbrorbit (3430) :Frame  2,457 :Surface  533 )"
41052738833,16646500,Display 1,532,"Direct to Display (Surface  532 ,  iospbrorbit (3430) :Frame  2,458 :Surface  532 )"
41069385333,16651792,Display 1,529,"Direct to Display (Surface  529 ,  iospbrorbit (3430) :Frame  2,459 :Surface  529 )"
41086037125,16645250,Display 1,533,"Direct to Display (Surface  533 ,  iospbrorbit (3430) :Frame  2,460 :Surface  533 )"
41102682375,16639666,Display 1,532,"Direct to Display (Surface  532 ,  iospbrorbit (3430) :Frame  2,461 :Surface  532 )"
41119322041,16648167,Display 1,529,"Direct to Display (Surface  529 ,  iospbrorbit (3430) :Frame  2,462 :Surface  529 )"
41135970208,16654875,Display 1,533,"Direct to Display (Surface  533 ,  iospbrorbit (3430) :Frame  2,463 :Surface  533 )"
41152625083,16647417,Display 1,532,"Direct to Display (Surface  532 ,  iospbrorbit (3430) :Frame  2,464 :Surface  532 )"
41169272500,16645291,Display 1,529,"Direct to Display (Surface  529 ,  iospbrorbit (3430) :Frame  2,465 :Surface  529 )"
41185917791,16649500,Display 1,533,"Direct to Display (Surface  533 ,  iospbrorbit (3430) :Frame  2,466 :Surface  533 )"
41202567291,16655584,Display 1,532,"Direct to Display (Surface  532 ,  iospbrorbit (3430) :Frame  2,467 :Surface  532 )"
41219222875,16639041,Display 1,529,"Direct to Display (Surface  529 ,  iospbrorbit (3430) :Frame  2,468 :Surface  529 )"
41235861916,16649417,Display 1,533,"Direct to Display (Surface  533 ,  iospbrorbit (3430) :Frame  2,469 :Surface  533 )"
41252511333,16655375,Display 1,532,"Direct to Display (Surface  532 ,  iospbrorbit (3430) :Frame  2,470 :Surface  532 )"
41269166708,16635958,Display 1,529,"Direct to Display (Surface  529 ,  iospbrorbit (3430) :Frame  2,471 :Surface  529 )"
41285802666,16642084,Display 1,533,"Direct to Display (Surface  533 ,  iospbrorbit (3430) :Frame  2,472 :Surface  533 )"
41302444750,16663958,Display 1,532,"Direct to Display (Surface  532 ,  iospbrorbit (3430) :Frame  2,473 :Surface  532 )"
41319108708,16644875,Display 1,529,"Direct to Display (Surface  529 ,  iospbrorbit (3430) :Frame  2,474 :Surface  529 )"
41335753583,16642292,Display 1,533,"Direct to Display (Surface  533 ,  iospbrorbit (3430) :Frame  2,475 :Surface  533 )"
41352395875,16650958,Display 1,532,"Direct to Display (Surface  532 ,  iospbrorbit (3430) :Frame  2,476 :Surface  532 )"
41369046833,16647375,Display 1,529,"Direct to Display (Surface  529 ,  iospbrorbit (3430) :Frame  2,477 :Surface  529 )"
41385694208,16645958,Display 1,533,"Direct to Display (Surface  533 ,  iospbrorbit (3430) :Frame  2,478 :Surface  533 )"
41402340166,16648459,Display 1,532,"Direct to Display (Surface  532 ,  iospbrorbit (3430) :Frame  2,479 :Surface  532 )"
41418988625,16649750,Display 1,529,"Direct to Display (Surface  529 ,  iospbrorbit (3430) :Frame  2,480 :Surface  529 )"
41435638375,16651750,Display 1,533,"Direct to Display (Surface  533 ,  iospbrorbit (3430) :Frame  2,481 :Surface  533 )"
41452290125,16648000,Display 1,532,"Direct to Display (Surface  532 ,  iospbrorbit (3430) :Frame  2,482 :Surface  532 )"
41468938125,16647250,Display 1,529,"Direct to Display (Surface  529 ,  iospbrorbit (3430) :Frame  2,483 :Surface  529 )"
41485585375,16646416,Display 1,533,"Direct to Display (Surface  533 ,  iospbrorbit (3430) :Frame  2,484 :Surface  533 )"
41502231791,16647417,Display 1,532,"Direct to Display (Surface  532 ,  iospbrorbit (3430) :Frame  2,485 :Surface  532 )"
41518879208,16646417,Display 1,529,"Direct to Display (Surface  529 ,  iospbrorbit (3430) :Frame  2,486 :Surface  529 )"
41535525625,16644375,Display 1,533,"Direct to Display (Surface  533 ,  iospbrorbit (3430) :Frame  2,487 :Surface  533 )"
41552170000,16647666,Display 1,532,"Direct to Display (Surface  532 ,  iospbrorbit (3430) :Frame  2,488 :Surface  532 )"
41568817666,16645625,Display 1,529,"Direct to Display (Surface  529 ,  iospbrorbit (3430) :Frame  2,489 :Surface  529 )"
41585463291,16646000,Display 1,533,"Direct to Display (Surface  533 ,  iospbrorbit (3430) :Frame  2,490 :Surface  533 )"
41602109291,16648334,Display 1,532,"Direct to Display (Surface  532 ,  iospbrorbit (3430) :Frame  2,491 :Surface  532 )"
41618757625,16652666,Display 1,529,"Direct to Display (Surface  529 ,  iospbrorbit (3430) :Frame  2,492 :Surface  529 )"
41635410291,16647792,Display 1,533,"Direct to Display (Surface  533 ,  iospbrorbit (3430) :Frame  2,493 :Surface  533 )"
41652058083,16637583,Display 1,532,"Direct to Display (Surface  532 ,  iospbrorbit (3430) :Frame  2,494 :Surface  532 )"
41668695666,16652709,Display 1,529,"Direct to Display (Surface  529 ,  iospbrorbit (3430) :Frame  2,495 :Surface  529 )"
41685348375,16658041,Display 1,533,"Direct to Display (Surface  533 ,  iospbrorbit (3430) :Frame  2,496 :Surface  533 )"
41702006416,16650375,Display 1,532,"Direct to Display (Surface  532 ,  iospbrorbit (3430) :Frame  2,497 :Surface  532 )"
41718656791,16635709,Display 1,529,"Direct to Display (Surface  529 ,  iospbrorbit (3430) :Frame  2,498 :Surface  529 )"
41735292500,16657583,Display 1,533,"Direct to Display (Surface  533 ,  iospbrorbit (3430) :Frame  2,499 :Surface  533 )"
41751950083,16644000,Display 1,532,"Direct to Display (Surface  532 ,  iospbrorbit (3430) :Frame  2,500 :Surface  532 )"
41768594083,16650792,Display 1,529,"Direct to Display (Surface  529 ,  iospbrorbit (3430) :Frame  2,501 :Surface  529 )"
41785244875,16643666,Display 1,533,"Direct to Display (Surface  533 ,  iospbrorbit (3430) :Frame  2,502 :Surface  533 )"
41801888541,16642459,Display 1,532,"Direct to Display (Surface  532 ,  iospbrorbit (3430) :Frame  2,503 :Surface  532 )"
41818531000,16654083,Display 1,529,"Direct to Display (Surface  529 ,  iospbrorbit (3430) :Frame  2,504 :Surface  529 )"
41835185083,16647375,Display 1,533,"Direct to Display (Surface  533 ,  iospbrorbit (3430) :Frame  2,505 :Surface  533 )"
41851832458,16644333,Display 1,532,"Direct to Display (Surface  532 ,  iospbrorbit (3430) :Frame  2,506 :Surface  532 )"
41868476791,16656750,Display 1,529,"Direct to Display (Surface  529 ,  iospbrorbit (3430) :Frame  2,507 :Surface  529 )"
41885133541,16643250,Display 1,533,"Direct to Display (Surface  533 ,  iospbrorbit (3430) :Frame  2,508 :Surface  533 )"
41901776791,16647084,Display 1,532,"Direct to Display (Surface  532 ,  iospbrorbit (3430) :Frame  2,509 :Surface  532 )"
41918423875,16650500,Display 1,529,"Direct to Display (Surface  529 ,  iospbrorbit (3430) :Frame  2,510 :Surface  529 )"
41935074375,16653125,Display 1,533,"Direct to Display (Surface  533 ,  iospbrorbit (3430) :Frame  2,511 :Surface  533 )"
41951727500,16646708,Display 1,532,"Direct to Display (Surface  532 ,  iospbrorbit (3430) :Frame  2,512 :Surface  532 )"
41968374208,16633250,Display 1,529,"Direct to Display (Surface  529 ,  iospbrorbit (3430) :Frame  2,513 :Surface  529 )"
41985007458,16665000,Display 1,533,"Direct to Display (Surface  533 ,  iospbrorbit (3430) :Frame  2,514 :Surface  533 )"
42001672458,16649125,Display 1,532,"Direct to Display (Surface  532 ,  iospbrorbit (3430) :Frame  2,515 :Surface  532 )"
42018321583,16648667,Display 1,529,"Direct to Display (Surface  529 ,  iospbrorbit (3430) :Frame  2,516 :Surface  529 )"
42034970250,16638833,Display 1,533,"Direct to Display (Surface  533 ,  iospbrorbit (3430) :Frame  2,517 :Surface  533 )"
42051609083,16642583,Display 1,532,"Direct to Display (Surface  532 ,  iospbrorbit (3430) :Frame  2,518 :Surface  532 )"
42068251666,16655167,Display 1,529,"Direct to Display (Surface  529 ,  iospbrorbit (3430) :Frame  2,519 :Surface  529 )"
42084906833,16647417,Display 1,533,"Direct to Display (Surface  533 ,  iospbrorbit (3430) :Frame  2,520 :Surface  533 )"
42101554250,16647833,Display 1,532,"Direct to Display (Surface  532 ,  iospbrorbit (3430) :Frame  2,521 :Surface  532 )"
42118202083,16653167,Display 1,529,"Direct to Display (Surface  529 ,  iospbrorbit (3430) :Frame  2,522 :Surface  529 )"
42134855250,16643833,Display 1,533,"Direct to Display (Surface  533 ,  iospbrorbit (3430) :Frame  2,523 :Surface  533 )"
42151499083,16653333,Display 1,532,"Direct to Display (Surface  532 ,  iospbrorbit (3430) :Frame  2,524 :Surface  532 )"
42168152416,16644167,Display 1,529,"Direct to Display (Surface  529 ,  iospbrorbit (3430) :Frame  2,525 :Surface  529 )"
42184796583,16646292,Display 1,533,"Direct to Display (Surface  533 ,  iospbrorbit (3430) :Frame  2,526 :Surface  533 )"
42201442875,16657000,Display 1,532,"Direct to Display (Surface  532 ,  iospbrorbit (3430) :Frame  2,527 :Surface  532 )"
42218099875,16652416,Display 1,529,"Direct to Display (Surface  529 ,  iospbrorbit (3430) :Frame  2,528 :Surface  529 )"
42234752291,16640459,Display 1,533,"Direct to Display (Surface  533 ,  iospbrorbit (3430) :Frame  2,529 :Surface  533 )"
42251392750,16656791,Display 1,532,"Direct to Display (Surface  532 ,  iospbrorbit (3430) :Frame  2,530 :Surface  532 )"
42268049541,16637834,Display 1,529,"Direct to Display (Surface  529 ,  iospbrorbit (3430) :Frame  2,531 :Surface  529 )"
42284687375,16651708,Display 1,533,"Direct to Display (Surface  533 ,  iospbrorbit (3430) :Frame  2,532 :Surface  533 )"
42301339083,16653542,Display 1,532,"Direct to Display (Surface  532 ,  iospbrorbit (3430) :Frame  2,533 :Surface  532 )"
42317992625,16650208,Display 1,529,"Direct to Display (Surface  529 ,  iospbrorbit (3430) :Frame  2,534 :Surface  529 )"
42334642833,16643833,Display 1,533,"Direct to Display (Surface  533 ,  iospbrorbit (3430) :Frame  2,535 :Surface  533 )"
42351286666,16644959,Display 1,532,"Direct to Display (Surface  532 ,  iospbrorbit (3430) :Frame  2,536 :Surface  532 )"
42367931625,16654083,Display 1,529,"Direct to Display (Surface  529 ,  iospbrorbit (3430) :Frame  2,537 :Surface  529 )"
42384585708,16638417,Display 1,533,"Direct to Display (Surface  533 ,  iospbrorbit (3430) :Frame  2,538 :Surface  533 )"
42401224125,16654333,Display 1,532,"Direct to Display (Surface  532 ,  iospbrorbit (3430) :Frame  2,539 :Surface  532 )"
42417878458,16653958,Display 1,529,"Direct to Display (Surface  529 ,  iospbrorbit (3430) :Frame  2,540 :Surface  529 )"
42434532416,66578792,Display 1,533,"Direct to Display (Surface  533 ,  iospbrorbit (3430) :Frame  2,541 :Surface  533 )"
42501111208,16646708,Display 1,532,"Direct to Display (Surface  532 ,  iospbrorbit (3430) :Frame  2,542 :Surface  532 )"
42517757916,16648334,Display 1,529,"Direct to Display (Surface  529 ,  iospbrorbit (3430) :Frame  2,543 :Surface  529 )"
42534406250,16641750,Display 1,533,"Direct to Display (Surface  533 ,  iospbrorbit (3430) :Frame  2,544 :Surface  533 )"
42551048000,16652916,Display 1,532,"Direct to Display (Surface  532 ,  iospbrorbit (3430) :Frame  2,548 :Surface  532 )"
42567700916,16643584,Display 1,529,"Direct to Display (Surface  529 ,  iospbrorbit (3430) :Frame  2,549 :Surface  529 )"
42584344500,16659708,Display 1,533,"Direct to Display (Surface  533 ,  iospbrorbit (3430) :Frame  2,550 :Surface  533 )"
42601004208,16652042,Display 1,532,"Direct to Display (Surface  532 ,  iospbrorbit (3430) :Frame  2,551 :Surface  532 )"
42617656250,16642791,Display 1,529,"Direct to Display (Surface  529 ,  iospbrorbit (3430) :Frame  2,552 :Surface  529 )"
42634299041,16652834,Display 1,533,"Direct to Display (Surface  533 ,  iospbrorbit (3430) :Frame  2,553 :Surface  533 )"
42650951875,16638375,Display 1,532,"Direct to Display (Surface  532 ,  iospbrorbit (3430) :Frame  2,554 :Surface  532 )"
42667590250,16648125,Display 1,529,"Direct to Display (Surface  529 ,  iospbrorbit (3430) :Frame  2,555 :Surface  529 )"
42684238375,16655500,Display 1,533,"Direct to Display (Surface  533 ,  iospbrorbit (3430) :Frame  2,556 :Surface  533 )"
42700893875,16637375,Display 1,532,"Direct to Display (Surface  532 ,  iospbrorbit (3430) :Frame  2,557 :Surface  532 )"
42717531250,16648583,Display 1,529,"Direct to Display (Surface  529 ,  iospbrorbit (3430) :Frame  2,558 :Surface  529 )"
42734179833,16648667,Display 1,533,"Direct to Display (Surface  533 ,  iospbrorbit (3430) :Frame  2,559 :Surface  533 )"
42750828500,16652750,Display 1,532,"Direct to Display (Surface  532 ,  iospbrorbit (3430) :Frame  2,560 :Surface  532 )"
42767481250,16650916,Display 1,529,"Direct to Display (Surface  529 ,  iospbrorbit (3430) :Frame  2,561 :Surface  529 )"
42784132166,16642667,Display 1,533,"Direct to Display (Surface  533 ,  iospbrorbit (3430) :Frame  2,562 :Surface  533 )"
42800774833,16648750,Display 1,532,"Direct to Display (Surface  532 ,  iospbrorbit (3430) :Frame  2,563 :Surface  532 )"
42817423583,16648125,Display 1,529,"Direct to Display (Surface  529 ,  iospbrorbit (3430) :Frame  2,564 :Surface  529 )"
42834071708,16646833,Display 1,533,"Direct to Display (Surface  533 ,  iospbrorbit (3430) :Frame  2,565 :Surface  533 )"
42850718541,16649542,Display 1,532,"Direct to Display (Surface  532 ,  iospbrorbit (3430) :Frame  2,566 :Surface  532 )"
42867368083,16647167,Display 1,529,"Direct to Display (Surface  529 ,  iospbrorbit (3430) :Frame  2,567 :Surface  529 )"
42884015250,16648833,Display 1,533,"Direct to Display (Surface  533 ,  iospbrorbit (3430) :Frame  2,568 :Surface  533 )"
42900664083,16645417,Display 1,532,"Direct to Display (Surface  532 ,  iospbrorbit (3430) :Frame  2,569 :Surface  532 )"
42917309500,16654083,Display 1,529,"Direct to Display (Surface  529 ,  iospbrorbit (3430) :Frame  2,570 :Surface  529 )"
42933963583,16649042,Display 1,533,"Direct to Display (Surface  533 ,  iospbrorbit (3430) :Frame  2,571 :Surface  533 )"
42950612625,16640125,Display 1,532,"Direct to Display (Surface  532 ,  iospbrorbit (3430) :Frame  2,572 :Surface  532 )"
42967252750,16649666,Display 1,529,"Direct to Display (Surface  529 ,  iospbrorbit (3430) :Frame  2,573 :Surface  529 )"
42983902416,16648042,Display 1,533,"Direct to Display (Surface  533 ,  iospbrorbit (3430) :Frame  2,574 :Surface  533 )"
43000550458,16644042,Display 1,532,"Direct to Display (Surface  532 ,  iospbrorbit (3430) :Frame  2,575 :Surface  532 )"
43017194500,16642250,Display 1,529,"Direct to Display (Surface  529 ,  iospbrorbit (3430) :Frame  2,576 :Surface  529 )"
43033836750,16649958,Display 1,533,"Direct to Display (Surface  533 ,  iospbrorbit (3430) :Frame  2,577 :Surface  533 )"
43050486708,16652625,Display 1,532,"Direct to Display (Surface  532 ,  iospbrorbit (3430) :Frame  2,578 :Surface  532 )"
43067139333,16639958,Display 1,529,"Direct to Display (Surface  529 ,  iospbrorbit (3430) :Frame  2,579 :Surface  529 )"
43083779291,16649084,Display 1,533,"Direct to Display (Surface  533 ,  iospbrorbit (3430) :Frame  2,580 :Surface  533 )"
43100428375,16646291,Display 1,532,"Direct to Display (Surface  532 ,  iospbrorbit (3430) :Frame  2,581 :Surface  532 )"
43117074666,16651875,Display 1,529,"Direct to Display (Surface  529 ,  iospbrorbit (3430) :Frame  2,582 :Surface  529 )"
43133726541,16642834,Display 1,533,"Direct to Display (Surface  533 ,  iospbrorbit (3430) :Frame  2,583 :Surface  533 )"
43150369375,16646666,Display 1,532,"Direct to Display (Surface  532 ,  iospbrorbit (3430) :Frame  2,584 :Surface  532 )"
43167016041,16651250,Display 1,529,"Direct to Display (Surface  529 ,  iospbrorbit (3430) :Frame  2,585 :Surface  529 )"
43183667291,16638792,Display 1,533,"Direct to Display (Surface  533 ,  iospbrorbit (3430) :Frame  2,586 :Surface  533 )"
43200306083,16650833,Display 1,532,"Direct to Display (Surface  532 ,  iospbrorbit (3430) :Frame  2,587 :Surface  532 )"
43216956916,16653125,Display 1,529,"Direct to Display (Surface  529 ,  iospbrorbit (3430) :Frame  2,588 :Surface  529 )"
43233610041,16645667,Display 1,533,"Direct to Display (Surface  533 ,  iospbrorbit (3430) :Frame  2,589 :Surface  533 )"
43250255708,16649042,Display 1,532,"Direct to Display (Surface  532 ,  iospbrorbit (3430) :Frame  2,590 :Surface  532 )"
43266904750,16640166,Display 1,529,"Direct to Display (Surface  529 ,  iospbrorbit (3430) :Frame  2,591 :Surface  529 )"
43283544916,16653625,Display 1,533,"Direct to Display (Surface  533 ,  iospbrorbit (3430) :Frame  2,592 :Surface  533 )"
43300198541,16650917,Display 1,532,"Direct to Display (Surface  532 ,  iospbrorbit (3430) :Frame  2,593 :Surface  532 )"
43316849458,16643500,Display 1,529,"Direct to Display (Surface  529 ,  iospbrorbit (3430) :Frame  2,594 :Surface  529 )"
43333492958,16652125,Display 1,533,"Direct to Display (Surface  533 ,  iospbrorbit (3430) :Frame  2,595 :Surface  533 )"
43350145083,16643750,Display 1,532,"Direct to Display (Surface  532 ,  iospbrorbit (3430) :Frame  2,596 :Surface  532 )"
43366788833,16655042,Display 1,529,"Direct to Display (Surface  529 ,  iospbrorbit (3430) :Frame  2,597 :Surface  529 )"
43383443875,16647333,Display 1,533,"Direct to Display (Surface  533 ,  iospbrorbit (3430) :Frame  2,598 :Surface  533 )"
43400091208,16647083,Display 1,532,"Direct to Display (Surface  532 ,  iospbrorbit (3430) :Frame  2,599 :Surface  532 )"
43416738291,16643542,Display 1,529,"Direct to Display (Surface  529 ,  iospbrorbit (3430) :Frame  2,600 :Surface  529 )"
43433381833,16664042,Display 1,533,"Direct to Display (Surface  533 ,  iospbrorbit (3430) :Frame  2,601 :Surface  533 )"
43450045875,16648458,Display 1,532,"Direct to Display (Surface  532 ,  iospbrorbit (3430) :Frame  2,602 :Surface  532 )"
43466694333,16643042,Display 1,529,"Direct to Display (Surface  529 ,  iospbrorbit (3430) :Frame  2,603 :Surface  529 )"
43483337375,16647291,Display 1,533,"Direct to Display (Surface  533 ,  iospbrorbit (3430) :Frame  2,604 :Surface  533 )"
43499984666,16644667,Display 1,532,"Direct to Display (Surface  532 ,  iospbrorbit (3430) :Frame  2,605 :Surface  532 )"
43516629333,16652708,Display 1,529,"Direct to Display (Surface  529 ,  iospbrorbit (3430) :Frame  2,606 :Surface  529 )"
43533282041,16643125,Display 1,533,"Direct to Display (Surface  533 ,  iospbrorbit (3430) :Frame  2,607 :Surface  533 )"
43549925166,16646500,Display 1,532,"Direct to Display (Surface  532 ,  iospbrorbit (3430) :Frame  2,608 :Surface  532 )"
43566571666,16651250,Display 1,529,"Direct to Display (Surface  529 ,  iospbrorbit (3430) :Frame  2,609 :Surface  529 )"
43583222916,16637292,Display 1,533,"Direct to Display (Surface  533 ,  iospbrorbit (3430) :Frame  2,610 :Surface  533 )"
43599860208,16647500,Display 1,532,"Direct to Display (Surface  532 ,  iospbrorbit (3430) :Frame  2,611 :Surface  532 )"
43616507708,16653417,Display 1,529,"Direct to Display (Surface  529 ,  iospbrorbit (3430) :Frame  2,612 :Surface  529 )"
43633161125,16644541,Display 1,533,"Direct to Display (Surface  533 ,  iospbrorbit (3430) :Frame  2,613 :Surface  533 )"
43649805666,16659667,Display 1,532,"Direct to Display (Surface  532 ,  iospbrorbit (3430) :Frame  2,614 :Surface  532 )"
43666465333,16641417,Display 1,529,"Direct to Display (Surface  529 ,  iospbrorbit (3430) :Frame  2,615 :Surface  529 )"
43683106750,16647458,Display 1,533,"Direct to Display (Surface  533 ,  iospbrorbit (3430) :Frame  2,616 :Surface  533 )"
43699754208,16642875,Display 1,532,"Direct to Display (Surface  532 ,  iospbrorbit (3430) :Frame  2,617 :Surface  532 )"
43716397083,16657458,Display 1,529,"Direct to Display (Surface  529 ,  iospbrorbit (3430) :Frame  2,618 :Surface  529 )"
43733054541,16646917,Display 1,533,"Direct to Display (Surface  533 ,  iospbrorbit (3430) :Frame  2,619 :Surface  533 )"
43749701458,16635333,Display 1,532,"Direct to Display (Surface  532 ,  iospbrorbit (3430) :Frame  2,620 :Surface  532 )"
43766336791,16653084,Display 1,529,"Direct to Display (Surface  529 ,  iospbrorbit (3430) :Frame  2,621 :Surface  529 )"
43782989875,16647500,Display 1,533,"Direct to Display (Surface  533 ,  iospbrorbit (3430) :Frame  2,622 :Surface  533 )"
43799637375,16651166,Display 1,532,"Direct to Display (Surface  532 ,  iospbrorbit (3430) :Frame  2,623 :Surface  532 )"
43816288541,16642084,Display 1,529,"Direct to Display (Surface  529 ,  iospbrorbit (3430) :Frame  2,624 :Surface  529 )"
43832930625,16644625,Display 1,533,"Direct to Display (Surface  533 ,  iospbrorbit (3430) :Frame  2,625 :Surface  533 )"
43849575250,16647833,Display 1,532,"Direct to Display (Surface  532 ,  iospbrorbit (3430) :Frame  2,626 :Surface  532 )"
43866223083,16658917,Display 1,529,"Direct to Display (Surface  529 ,  iospbrorbit (3430) :Frame  2,627 :Surface  529 )"
43882882000,16630583,Display 1,533,"Direct to Display (Surface  533 ,  iospbrorbit (3430) :Frame  2,628 :Surface  533 )"
43899512583,16654083,Display 1,532,"Direct to Display (Surface  532 ,  iospbrorbit (3430) :Frame  2,629 :Surface  532 )"
43916166666,16640042,Display 1,529,"Direct to Display (Surface  529 ,  iospbrorbit (3430) :Frame  2,630 :Surface  529 )"
43932806708,16652583,Display 1,533,"Direct to Display (Surface  533 ,  iospbrorbit (3430) :Frame  2,631 :Surface  533 )"
43949459291,16652250,Display 1,532,"Direct to Display (Surface  532 ,  iospbrorbit (3430) :Frame  2,632 :Surface  532 )"
43966111541,16646542,Display 1,529,"Direct to Display (Surface  529 ,  iospbrorbit (3430) :Frame  2,633 :Surface  529 )"
43982758083,16648250,Display 1,533,"Direct to Display (Surface  533 ,  iospbrorbit (3430) :Frame  2,634 :Surface  533 )"
43999406333,16651917,Display 1,532,"Direct to Display (Surface  532 ,  iospbrorbit (3430) :Frame  2,635 :Surface  532 )"
44016058250,16645083,Display 1,529,"Direct to Display (Surface  529 ,  iospbrorbit (3430) :Frame  2,636 :Surface  529 )"
44032703333,16639500,Display 1,533,"Direct to Display (Surface  533 ,  iospbrorbit (3430) :Frame  2,637 :Surface  533 )"
44049342833,16648417,Display 1,532,"Direct to Display (Surface  532 ,  iospbrorbit (3430) :Frame  2,638 :Surface  532 )"
44065991250,16639541,Display 1,529,"Direct to Display (Surface  529 ,  iospbrorbit (3430) :Frame  2,639 :Surface  529 )"
44082630791,16646750,Display 1,533,"Direct to Display (Surface  533 ,  iospbrorbit (3430) :Frame  2,640 :Surface  533 )"
44099277541,16653209,Display 1,532,"Direct to Display (Surface  532 ,  iospbrorbit (3430) :Frame  2,641 :Surface  532 )"
44115930750,16651833,Display 1,529,"Direct to Display (Surface  529 ,  iospbrorbit (3430) :Frame  2,642 :Surface  529 )"
44132582583,16644792,Display 1,533,"Direct to Display (Surface  533 ,  iospbrorbit (3430) :Frame  2,643 :Surface  533 )"
44149227375,16642083,Display 1,532,"Direct to Display (Surface  532 ,  iospbrorbit (3430) :Frame  2,644 :Surface  532 )"
44165869458,16651208,Display 1,529,"Direct to Display (Surface  529 ,  iospbrorbit (3430) :Frame  2,645 :Surface  529 )"
44182520666,16644667,Display 1,533,"Direct to Display (Surface  533 ,  iospbrorbit (3430) :Frame  2,646 :Surface  533 )"
44199165333,16647708,Display 1,532,"Direct to Display (Surface  532 ,  iospbrorbit (3430) :Frame  2,647 :Surface  532 )"
44215813041,16652209,Display 1,529,"Direct to Display (Surface  529 ,  iospbrorbit (3430) :Frame  2,648 :Surface  529 )"
44232465250,16647583,Display 1,533,"Direct to Display (Surface  533 ,  iospbrorbit (3430) :Frame  2,649 :Surface  533 )"
44249112833,16639333,Display 1,532,"Direct to Display (Surface  532 ,  iospbrorbit (3430) :Frame  2,650 :Surface  532 )"
44265752166,16658500,Display 1,529,"Direct to Display (Surface  529 ,  iospbrorbit (3430) :Frame  2,651 :Surface  529 )"
44282410666,16640167,Display 1,533,"Direct to Display (Surface  533 ,  iospbrorbit (3430) :Frame  2,652 :Surface  533 )"
44299050833,16651042,Display 1,532,"Direct to Display (Surface  532 ,  iospbrorbit (3430) :Frame  2,653 :Surface  532 )"
44315701875,16642083,Display 1,529,"Direct to Display (Surface  529 ,  iospbrorbit (3430) :Frame  2,654 :Surface  529 )"
44332343958,16645500,Display 1,533,"Direct to Display (Surface  533 ,  iospbrorbit (3430) :Frame  2,655 :Surface  533 )"
44348989458,16644917,Display 1,532,"Direct to Display (Surface  532 ,  iospbrorbit (3430) :Frame  2,656 :Surface  532 )"
44365634375,16651916,Display 1,529,"Direct to Display (Surface  529 ,  iospbrorbit (3430) :Frame  2,657 :Surface  529 )"
44382286291,16643875,Display 1,533,"Direct to Display (Surface  533 ,  iospbrorbit (3430) :Frame  2,658 :Surface  533 )"
44398930166,16647875,Display 1,532,"Direct to Display (Surface  532 ,  iospbrorbit (3430) :Frame  2,659 :Surface  532 )"
44415578041,16648209,Display 1,529,"Direct to Display (Surface  529 ,  iospbrorbit (3430) :Frame  2,660 :Surface  529 )"
44432226250,16640500,Display 1,533,"Direct to Display (Surface  533 ,  iospbrorbit (3430) :Frame  2,661 :Surface  533 )"
44448866750,16653875,Display 1,532,"Direct to Display (Surface  532 ,  iospbrorbit (3430) :Frame  2,662 :Surface  532 )"
44465520625,16640125,Display 1,529,"Direct to Display (Surface  529 ,  iospbrorbit (3430) :Frame  2,663 :Surface  529 )"
44482160750,16658250,Display 1,533,"Direct to Display (Surface  533 ,  iospbrorbit (3430) :Frame  2,664 :Surface  533 )"
44498819000,16636583,Display 1,532,"Direct to Display (Surface  532 ,  iospbrorbit (3430) :Frame  2,665 :Surface  532 )"
44515455583,16646500,Display 1,529,"Direct to Display (Surface  529 ,  iospbrorbit (3430) :Frame  2,666 :Surface  529 )"
44532102083,16650458,Display 1,533,"Direct to Display (Surface  533 ,  iospbrorbit (3430) :Frame  2,667 :Surface  533 )"
44548752541,16644834,Display 1,532,"Direct to Display (Surface  532 ,  iospbrorbit (3430) :Frame  2,668 :Surface  532 )"
44565397375,16648000,Display 1,529,"Direct to Display (Surface  529 ,  iospbrorbit (3430) :Frame  2,669 :Surface  529 )"
44582045375,16647250,Display 1,533,"Direct to Display (Surface  533 ,  iospbrorbit (3430) :Frame  2,670 :Surface  533 )"
44598692625,16649458,Display 1,532,"Direct to Display (Surface  532 ,  iospbrorbit (3430) :Frame  2,671 :Surface  532 )"
44615342083,16651042,Display 1,529,"Direct to Display (Surface  529 ,  iospbrorbit (3430) :Frame  2,672 :Surface  529 )"
44631993125,16645333,Display 1,533,"Direct to Display (Surface  533 ,  iospbrorbit (3430) :Frame  2,673 :Surface  533 )"
44648638458,16646125,Display 1,532,"Direct to Display (Surface  532 ,  iospbrorbit (3430) :Frame  2,674 :Surface  532 )"
44665284583,16643083,Display 1,529,"Direct to Display (Surface  529 ,  iospbrorbit (3430) :Frame  2,675 :Surface  529 )"
44681927666,16652959,Display 1,533,"Direct to Display (Surface  533 ,  iospbrorbit (3430) :Frame  2,676 :Surface  533 )"
44698580625,16654416,Display 1,532,"Direct to Display (Surface  532 ,  iospbrorbit (3430) :Frame  2,677 :Surface  532 )"
44715235041,16647084,Display 1,529,"Direct to Display (Surface  529 ,  iospbrorbit (3430) :Frame  2,678 :Surface  529 )"
44731882125,16637833,Display 1,533,"Direct to Display (Surface  533 ,  iospbrorbit (3430) :Frame  2,679 :Surface  533 )"
44748519958,16658042,Display 1,532,"Direct to Display (Surface  532 ,  iospbrorbit (3430) :Frame  2,680 :Surface  532 )"
44765178000,16653541,Display 1,529,"Direct to Display (Surface  529 ,  iospbrorbit (3430) :Frame  2,681 :Surface  529 )"
44781831541,16641750,Display 1,533,"Direct to Display (Surface  533 ,  iospbrorbit (3430) :Frame  2,682 :Surface  533 )"
44798473291,16643625,Display 1,532,"Direct to Display (Surface  532 ,  iospbrorbit (3430) :Frame  2,683 :Surface  532 )"
44815116916,16654625,Display 1,529,"Direct to Display (Surface  529 ,  iospbrorbit (3430) :Frame  2,684 :Surface  529 )"
44831771541,16650542,Display 1,533,"Direct to Display (Surface  533 ,  iospbrorbit (3430) :Frame  2,685 :Surface  533 )"
44848422083,16650042,Display 1,532,"Direct to Display (Surface  532 ,  iospbrorbit (3430) :Frame  2,686 :Surface  532 )"
44865072125,16648541,Display 1,529,"Direct to Display (Surface  529 ,  iospbrorbit (3430) :Frame  2,687 :Surface  529 )"
44881720666,16643125,Display 1,533,"Direct to Display (Surface  533 ,  iospbrorbit (3430) :Frame  2,688 :Surface  533 )"
44898363791,16655459,Display 1,532,"Direct to Display (Surface  532 ,  iospbrorbit (3430) :Frame  2,689 :Surface  532 )"
44915019250,16639916,Display 1,529,"Direct to Display (Surface  529 ,  iospbrorbit (3430) :Frame  2,690 :Surface  529 )"
44931659166,16665417,Display 1,533,"Direct to Display (Surface  533 ,  iospbrorbit (3430) :Frame  2,691 :Surface  533 )"
44948324583,16646167,Display 1,532,"Direct to Display (Surface  532 ,  iospbrorbit (3430) :Frame  2,692 :Surface  532 )"
44964970750,16642708,Display 1,529,"Direct to Display (Surface  529 ,  iospbrorbit (3430) :Frame  2,693 :Surface  529 )"
44981613458,16654583,Display 1,533,"Direct to Display (Surface  533 ,  iospbrorbit (3430) :Frame  2,694 :Surface  533 )"
44998268041,16646625,Display 1,532,"Direct to Display (Surface  532 ,  iospbrorbit (3430) :Frame  2,695 :Surface  532 )"
45014914666,16650250,Display 1,529,"Direct to Display (Surface  529 ,  iospbrorbit (3430) :Frame  2,696 :Surface  529 )"
45031564916,16647792,Display 1,533,"Direct to Display (Surface  533 ,  iospbrorbit (3430) :Frame  2,697 :Surface  533 )"
45048212708,16650917,Display 1,532,"Direct to Display (Surface  532 ,  iospbrorbit (3430) :Frame  2,698 :Surface  532 )"
45064863625,16653791,Display 1,529,"Direct to Display (Surface  529 ,  iospbrorbit (3430) :Frame  2,699 :Surface  529 )"
45081517416,16648084,Display 1,533,"Direct to Display (Surface  533 ,  iospbrorbit (3430) :Frame  2,700 :Surface  533 )"
45098165500,16642791,Display 1,532,"Direct to Display (Surface  532 ,  iospbrorbit (3430) :Frame  2,701 :Surface  532 )"
45114808291,16649292,Display 1,529,"Direct to Display (Surface  529 ,  iospbrorbit (3430) :Frame  2,702 :Surface  529 )"
45131457583,16653042,Display 1,533,"Direct to Display (Surface  533 ,  iospbrorbit (3430) :Frame  2,703 :Surface  533 )"
45148110625,16638500,Display 1,532,"Direct to Display (Surface  532 ,  iospbrorbit (3430) :Frame  2,704 :Surface  532 )"
45164749125,16647208,Display 1,529,"Direct to Display (Surface  529 ,  iospbrorbit (3430) :Frame  2,705 :Surface  529 )"
45181396333,16655250,Display 1,533,"Direct to Display (Surface  533 ,  iospbrorbit (3430) :Frame  2,706 :Surface  533 )"
45198051583,16647250,Display 1,532,"Direct to Display (Surface  532 ,  iospbrorbit (3430) :Frame  2,707 :Surface  532 )"
45214698833,16649167,Display 1,529,"Direct to Display (Surface  529 ,  iospbrorbit (3430) :Frame  2,708 :Surface  529 )"
45231348000,16644791,Display 1,533,"Direct to Display (Surface  533 ,  iospbrorbit (3430) :Frame  2,709 :Surface  533 )"
45247992791,16652625,Display 1,532,"Direct to Display (Surface  532 ,  iospbrorbit (3430) :Frame  2,710 :Surface  532 )"
45264645416,16645209,Display 1,529,"Direct to Display (Surface  529 ,  iospbrorbit (3430) :Frame  2,711 :Surface  529 )"
45281290625,16652625,Display 1,533,"Direct to Display (Surface  533 ,  iospbrorbit (3430) :Frame  2,712 :Surface  533 )"
45297943250,16652041,Display 1,532,"Direct to Display (Surface  532 ,  iospbrorbit (3430) :Frame  2,713 :Surface  532 )"
45314595291,16651750,Display 1,529,"Direct to Display (Surface  529 ,  iospbrorbit (3430) :Frame  2,714 :Surface  529 )"
45331247041,16642292,Display 1,533,"Direct to Display (Surface  533 ,  iospbrorbit (3430) :Frame  2,715 :Surface  533 )"
45347889333,16648375,Display 1,532,"Direct to Display (Surface  532 ,  iospbrorbit (3430) :Frame  2,716 :Surface  532 )"
45364537708,16654417,Display 1,529,"Direct to Display (Surface  529 ,  iospbrorbit (3430) :Frame  2,717 :Surface  529 )"
45381192125,16648416,Display 1,533,"Direct to Display (Surface  533 ,  iospbrorbit (3430) :Frame  2,718 :Surface  533 )"
45397840541,16640042,Display 1,532,"Direct to Display (Surface  532 ,  iospbrorbit (3430) :Frame  2,719 :Surface  532 )"
45414480583,16646542,Display 1,529,"Direct to Display (Surface  529 ,  iospbrorbit (3430) :Frame  2,720 :Surface  529 )"
45431127125,16653333,Display 1,533,"Direct to Display (Surface  533 ,  iospbrorbit (3430) :Frame  2,721 :Surface  533 )"
45447780458,16642583,Display 1,532,"Direct to Display (Surface  532 ,  iospbrorbit (3430) :Frame  2,722 :Surface  532 )"
45464423041,16644667,Display 1,529,"Direct to Display (Surface  529 ,  iospbrorbit (3430) :Frame  2,723 :Surface  529 )"
45481067708,16655625,Display 1,533,"Direct to Display (Surface  533 ,  iospbrorbit (3430) :Frame  2,724 :Surface  533 )"
45497723333,16642042,Display 1,532,"Direct to Display (Surface  532 ,  iospbrorbit (3430) :Frame  2,725 :Surface  532 )"
45514365375,16654333,Display 1,529,"Direct to Display (Surface  529 ,  iospbrorbit (3430) :Frame  2,726 :Surface  529 )"
45531019708,16658417,Display 1,533,"Direct to Display (Surface  533 ,  iospbrorbit (3430) :Frame  2,727 :Surface  533 )"
45547678125,16639041,Display 1,532,"Direct to Display (Surface  532 ,  iospbrorbit (3430) :Frame  2,728 :Surface  532 )"
45564317166,16651875,Display 1,529,"Direct to Display (Surface  529 ,  iospbrorbit (3430) :Frame  2,729 :Surface  529 )"
45580969041,16651209,Display 1,533,"Direct to Display (Surface  533 ,  iospbrorbit (3430) :Frame  2,730 :Surface  533 )"
45597620250,16641333,Display 1,532,"Direct to Display (Surface  532 ,  iospbrorbit (3430) :Frame  2,731 :Surface  532 )"
45614261583,16648125,Display 1,529,"Direct to Display (Surface  529 ,  iospbrorbit (3430) :Frame  2,732 :Surface  529 )"
45630909708,16648958,Display 1,533,"Direct to Display (Surface  533 ,  iospbrorbit (3430) :Frame  2,733 :Surface  533 )"
45647558666,16648875,Display 1,532,"Direct to Display (Surface  532 ,  iospbrorbit (3430) :Frame  2,734 :Surface  532 )"
45664207541,16649792,Display 1,529,"Direct to Display (Surface  529 ,  iospbrorbit (3430) :Frame  2,735 :Surface  529 )"
45680857333,16652000,Display 1,533,"Direct to Display (Surface  533 ,  iospbrorbit (3430) :Frame  2,736 :Surface  533 )"
45697509333,16644875,Display 1,532,"Direct to Display (Surface  532 ,  iospbrorbit (3430) :Frame  2,737 :Surface  532 )"
45714154208,16649333,Display 1,529,"Direct to Display (Surface  529 ,  iospbrorbit (3430) :Frame  2,738 :Surface  529 )"
45730803541,16649042,Display 1,533,"Direct to Display (Surface  533 ,  iospbrorbit (3430) :Frame  2,739 :Surface  533 )"
45747452583,16646750,Display 1,532,"Direct to Display (Surface  532 ,  iospbrorbit (3430) :Frame  2,740 :Surface  532 )"
45764099333,16643667,Display 1,529,"Direct to Display (Surface  529 ,  iospbrorbit (3430) :Frame  2,741 :Surface  529 )"
45780743000,16663250,Display 1,533,"Direct to Display (Surface  533 ,  iospbrorbit (3430) :Frame  2,742 :Surface  533 )"
45797406250,16639125,Display 1,532,"Direct to Display (Surface  532 ,  iospbrorbit (3430) :Frame  2,743 :Surface  532 )"
45814045375,16653500,Display 1,529,"Direct to Display (Surface  529 ,  iospbrorbit (3430) :Frame  2,744 :Surface  529 )"
45830698875,16656208,Display 1,533,"Direct to Display (Surface  533 ,  iospbrorbit (3430) :Frame  2,745 :Surface  533 )"
45847355083,16637042,Display 1,532,"Direct to Display (Surface  532 ,  iospbrorbit (3430) :Frame  2,746 :Surface  532 )"
45863992125,16658291,Display 1,529,"Direct to Display (Surface  529 ,  iospbrorbit (3430) :Frame  2,747 :Surface  529 )"
45880650416,16640125,Display 1,533,"Direct to Display (Surface  533 ,  iospbrorbit (3430) :Frame  2,748 :Surface  533 )"
45897290541,16650042,Display 1,532,"Direct to Display (Surface  532 ,  iospbrorbit (3430) :Frame  2,749 :Surface  532 )"
45913940583,16641708,Display 1,529,"Direct to Display (Surface  529 ,  iospbrorbit (3430) :Frame  2,750 :Surface  529 )"
45930582291,16664417,Display 1,533,"Direct to Display (Surface  533 ,  iospbrorbit (3430) :Frame  2,751 :Surface  533 )"
45947246708,16643292,Display 1,532,"Direct to Display (Surface  532 ,  iospbrorbit (3430) :Frame  2,752 :Surface  532 )"
45963890000,16648583,Display 1,529,"Direct to Display (Surface  529 ,  iospbrorbit (3430) :Frame  2,753 :Surface  529 )"
45980538583,16646542,Display 1,533,"Direct to Display (Surface  533 ,  iospbrorbit (3430) :Frame  2,754 :Surface  533 )"
45997185125,16651791,Display 1,532,"Direct to Display (Surface  532 ,  iospbrorbit (3430) :Frame  2,755 :Surface  532 )"
46013836916,16647209,Display 1,529,"Direct to Display (Surface  529 ,  iospbrorbit (3430) :Frame  2,756 :Surface  529 )"
46030484125,16651250,Display 1,533,"Direct to Display (Surface  533 ,  iospbrorbit (3430) :Frame  2,757 :Surface  533 )"
46047135375,16647333,Display 1,532,"Direct to Display (Surface  532 ,  iospbrorbit (3430) :Frame  2,758 :Surface  532 )"
46063782708,16647250,Display 1,529,"Direct to Display (Surface  529 ,  iospbrorbit (3430) :Frame  2,759 :Surface  529 )"
46080429958,16650292,Display 1,533,"Direct to Display (Surface  533 ,  iospbrorbit (3430) :Frame  2,760 :Surface  533 )"
46097080250,16649208,Display 1,532,"Direct to Display (Surface  532 ,  iospbrorbit (3430) :Frame  2,761 :Surface  532 )"
46113729458,16648833,Display 1,529,"Direct to Display (Surface  529 ,  iospbrorbit (3430) :Frame  2,762 :Surface  529 )"
46130378291,16654334,Display 1,533,"Direct to Display (Surface  533 ,  iospbrorbit (3430) :Frame  2,763 :Surface  533 )"
46147032625,16651916,Display 1,532,"Direct to Display (Surface  532 ,  iospbrorbit (3430) :Frame  2,764 :Surface  532 )"
46163684541,16640084,Display 1,529,"Direct to Display (Surface  529 ,  iospbrorbit (3430) :Frame  2,765 :Surface  529 )"
46180324625,16649125,Display 1,533,"Direct to Display (Surface  533 ,  iospbrorbit (3430) :Frame  2,766 :Surface  533 )"
46196973750,16658250,Display 1,532,"Direct to Display (Surface  532 ,  iospbrorbit (3430) :Frame  2,767 :Surface  532 )"
46213632000,16640708,Display 1,529,"Direct to Display (Surface  529 ,  iospbrorbit (3430) :Frame  2,768 :Surface  529 )"
46230272708,16654125,Display 1,533,"Direct to Display (Surface  533 ,  iospbrorbit (3430) :Frame  2,769 :Surface  533 )"
46246926833,16644083,Display 1,532,"Direct to Display (Surface  532 ,  iospbrorbit (3430) :Frame  2,770 :Surface  532 )"
46263570916,16646834,Display 1,529,"Direct to Display (Surface  529 ,  iospbrorbit (3430) :Frame  2,771 :Surface  529 )"
46280217750,16654000,Display 1,533,"Direct to Display (Surface  533 ,  iospbrorbit (3430) :Frame  2,772 :Surface  533 )"
46296871750,16652041,Display 1,532,"Direct to Display (Surface  532 ,  iospbrorbit (3430) :Frame  2,773 :Surface  532 )"
46313523791,16641875,Display 1,529,"Direct to Display (Surface  529 ,  iospbrorbit (3430) :Frame  2,774 :Surface  529 )"
46330165666,16649334,Display 1,533,"Direct to Display (Surface  533 ,  iospbrorbit (3430) :Frame  2,775 :Surface  533 )"
46346815000,16644166,Display 1,532,"Direct to Display (Surface  532 ,  iospbrorbit (3430) :Frame  2,776 :Surface  532 )"
46363459166,16655584,Display 1,529,"Direct to Display (Surface  529 ,  iospbrorbit (3430) :Frame  2,777 :Surface  529 )"
46380114750,16644000,Display 1,533,"Direct to Display (Surface  533 ,  iospbrorbit (3430) :Frame  2,778 :Surface  533 )"
46396758750,16645291,Display 1,532,"Direct to Display (Surface  532 ,  iospbrorbit (3430) :Frame  2,779 :Surface  532 )"
46413404041,16644709,Display 1,529,"Direct to Display (Surface  529 ,  iospbrorbit (3430) :Frame  2,780 :Surface  529 )"
46430048750,16650000,Display 1,533,"Direct to Display (Surface  533 ,  iospbrorbit (3430) :Frame  2,781 :Surface  533 )"
46446698750,16653583,Display 1,532,"Direct to Display (Surface  532 ,  iospbrorbit (3430) :Frame  2,782 :Surface  532 )"
46463352333,16637125,Display 1,529,"Direct to Display (Surface  529 ,  iospbrorbit (3430) :Frame  2,783 :Surface  529 )"
46479989458,16651208,Display 1,533,"Direct to Display (Surface  533 ,  iospbrorbit (3430) :Frame  2,784 :Surface  533 )"
46496640666,16653084,Display 1,532,"Direct to Display (Surface  532 ,  iospbrorbit (3430) :Frame  2,785 :Surface  532 )"
46513293750,16636583,Display 1,529,"Direct to Display (Surface  529 ,  iospbrorbit (3430) :Frame  2,786 :Surface  529 )"
46529930333,16648375,Display 1,533,"Direct to Display (Surface  533 ,  iospbrorbit (3430) :Frame  2,787 :Surface  533 )"
46546578708,16641792,Display 1,532,"Direct to Display (Surface  532 ,  iospbrorbit (3430) :Frame  2,788 :Surface  532 )"
46563220500,16661375,Display 1,529,"Direct to Display (Surface  529 ,  iospbrorbit (3430) :Frame  2,789 :Surface  529 )"
46579881875,16641291,Display 1,533,"Direct to Display (Surface  533 ,  iospbrorbit (3430) :Frame  2,790 :Surface  533 )"
46596523166,16646459,Display 1,532,"Direct to Display (Surface  532 ,  iospbrorbit (3430) :Frame  2,791 :Surface  532 )"
46613169625,16645000,Display 1,529,"Direct to Display (Surface  529 ,  iospbrorbit (3430) :Frame  2,792 :Surface  529 )"
46629814625,16641250,Display 1,533,"Direct to Display (Surface  533 ,  iospbrorbit (3430) :Frame  2,793 :Surface  533 )"
46646455875,16657541,Display 1,532,"Direct to Display (Surface  532 ,  iospbrorbit (3430) :Frame  2,794 :Surface  532 )"
46663113416,16638875,Display 1,529,"Direct to Display (Surface  529 ,  iospbrorbit (3430) :Frame  2,795 :Surface  529 )"
46679752291,16645834,Display 1,533,"Direct to Display (Surface  533 ,  iospbrorbit (3430) :Frame  2,796 :Surface  533 )"
46696398125,33285208,Display 1,532,"Direct to Display (Surface  532 ,  iospbrorbit (3430) :Frame  2,797 :Surface  532 )"
46729683333,16651958,Display 1,533,"Direct to Display (Surface  533 ,  iospbrorbit (3430) :Frame  2,799 :Surface  533 )"
46746335291,16639542,Display 1,532,"Direct to Display (Surface  532 ,  iospbrorbit (3430) :Frame  2,800 :Surface  532 )"
46762974833,16639750,Display 1,529,"Direct to Display (Surface  529 ,  iospbrorbit (3430) :Frame  2,801 :Surface  529 )"
46779614583,16651583,Display 1,533,"Direct to Display (Surface  533 ,  iospbrorbit (3430) :Frame  2,802 :Surface  533 )"
46796266166,16645625,Display 1,532,"Direct to Display (Surface  532 ,  iospbrorbit (3430) :Frame  2,803 :Surface  532 )"
46812911791,16652334,Display 1,529,"Direct to Display (Surface  529 ,  iospbrorbit (3430) :Frame  2,804 :Surface  529 )"
46829564125,16643750,Display 1,533,"Direct to Display (Surface  533 ,  iospbrorbit (3430) :Frame  2,805 :Surface  533 )"
46846207875,16643375,Display 1,532,"Direct to Display (Surface  532 ,  iospbrorbit (3430) :Frame  2,806 :Surface  532 )"
46862851250,16651875,Display 1,529,"Direct to Display (Surface  529 ,  iospbrorbit (3430) :Frame  2,807 :Surface  529 )"
46879503125,16645541,Display 1,533,"Direct to Display (Surface  533 ,  iospbrorbit (3430) :Frame  2,808 :Surface  533 )"
46896148666,16653250,Display 1,532,"Direct to Display (Surface  532 ,  iospbrorbit (3430) :Frame  2,809 :Surface  532 )"
46912801916,16639459,Display 1,529,"Direct to Display (Surface  529 ,  iospbrorbit (3430) :Frame  2,810 :Surface  529 )"
46929441375,16652583,Display 1,533,"Direct to Display (Surface  533 ,  iospbrorbit (3430) :Frame  2,811 :Surface  533 )"
46946093958,16647583,Display 1,532,"Direct to Display (Surface  532 ,  iospbrorbit (3430) :Frame  2,812 :Surface  532 )"
46962741541,16647000,Display 1,529,"Direct to Display (Surface  529 ,  iospbrorbit (3430) :Frame  2,813 :Surface  529 )"
46979388541,16644667,Display 1,533,"Direct to Display (Surface  533 ,  iospbrorbit (3430) :Frame  2,814 :Surface  533 )"
46996033208,16653125,Display 1,532,"Direct to Display (Surface  532 ,  iospbrorbit (3430) :Frame  2,815 :Surface  532 )"
47012686333,16648667,Display 1,529,"Direct to Display (Surface  529 ,  iospbrorbit (3430) :Frame  2,816 :Surface  529 )"
47029335000,16647625,Display 1,533,"Direct to Display (Surface  533 ,  iospbrorbit (3430) :Frame  2,817 :Surface  533 )"
47045982625,16639416,Display 1,532,"Direct to Display (Surface  532 ,  iospbrorbit (3430) :Frame  2,818 :Surface  532 )"
47062622041,16649917,Display 1,529,"Direct to Display (Surface  529 ,  iospbrorbit (3430) :Frame  2,819 :Surface  529 )"
47079271958,16651917,Display 1,533,"Direct to Display (Surface  533 ,  iospbrorbit (3430) :Frame  2,820 :Surface  533 )"
47095923875,16648375,Display 1,532,"Direct to Display (Surface  532 ,  iospbrorbit (3430) :Frame  2,821 :Surface  532 )"
47112572250,16645875,Display 1,529,"Direct to Display (Surface  529 ,  iospbrorbit (3430) :Frame  2,822 :Surface  529 )"
47129218125,16651000,Display 1,533,"Direct to Display (Surface  533 ,  iospbrorbit (3430) :Frame  2,823 :Surface  533 )"
47145869125,16653666,Display 1,532,"Direct to Display (Surface  532 ,  iospbrorbit (3430) :Frame  2,824 :Surface  532 )"
47162522791,16644875,Display 1,529,"Direct to Display (Surface  529 ,  iospbrorbit (3430) :Frame  2,825 :Surface  529 )"
47179167666,16651250,Display 1,533,"Direct to Display (Surface  533 ,  iospbrorbit (3430) :Frame  2,826 :Surface  533 )"
47195818916,16642667,Display 1,532,"Direct to Display (Surface  532 ,  iospbrorbit (3430) :Frame  2,827 :Surface  532 )"
47212461583,16649958,Display 1,529,"Direct to Display (Surface  529 ,  iospbrorbit (3430) :Frame  2,828 :Surface  529 )"
47229111541,16639917,Display 1,533,"Direct to Display (Surface  533 ,  iospbrorbit (3430) :Frame  2,829 :Surface  533 )"
47245751458,16652208,Display 1,532,"Direct to Display (Surface  532 ,  iospbrorbit (3430) :Frame  2,830 :Surface  532 )"
47262403666,16651167,Display 1,529,"Direct to Display (Surface  529 ,  iospbrorbit (3430) :Frame  2,831 :Surface  529 )"
47279054833,16653208,Display 1,533,"Direct to Display (Surface  533 ,  iospbrorbit (3430) :Frame  2,832 :Surface  533 )"
47295708041,16649500,Display 1,532,"Direct to Display (Surface  532 ,  iospbrorbit (3430) :Frame  2,833 :Surface  532 )"
47312357541,16643167,Display 1,529,"Direct to Display (Surface  529 ,  iospbrorbit (3430) :Frame  2,834 :Surface  529 )"
47329000708,16648750,Display 1,533,"Direct to Display (Surface  533 ,  iospbrorbit (3430) :Frame  2,835 :Surface  533 )"
47345649458,16650417,Display 1,532,"Direct to Display (Surface  532 ,  iospbrorbit (3430) :Frame  2,836 :Surface  532 )"
47362299875,16648125,Display 1,529,"Direct to Display (Surface  529 ,  iospbrorbit (3430) :Frame  2,837 :Surface  529 )"
47378948000,16641458,Display 1,533,"Direct to Display (Surface  533 ,  iospbrorbit (3430) :Frame  2,838 :Surface  533 )"
47395589458,16660083,Display 1,532,"Direct to Display (Surface  532 ,  iospbrorbit (3430) :Frame  2,839 :Surface  532 )"
47412249541,16643709,Display 1,529,"Direct to Display (Surface  529 ,  iospbrorbit (3430) :Frame  2,840 :Surface  529 )"
47428893250,16661791,Display 1,533,"Direct to Display (Surface  533 ,  iospbrorbit (3430) :Frame  2,841 :Surface  533 )"
47445555041,16645417,Display 1,532,"Direct to Display (Surface  532 ,  iospbrorbit (3430) :Frame  2,842 :Surface  532 )"
47462200458,16643667,Display 1,529,"Direct to Display (Surface  529 ,  iospbrorbit (3430) :Frame  2,843 :Surface  529 )"
47478844125,16651041,Display 1,533,"Direct to Display (Surface  533 ,  iospbrorbit (3430) :Frame  2,844 :Surface  533 )"
47495495166,16658000,Display 1,532,"Direct to Display (Surface  532 ,  iospbrorbit (3430) :Frame  2,845 :Surface  532 )"
47512153166,16643959,Display 1,529,"Direct to Display (Surface  529 ,  iospbrorbit (3430) :Frame  2,846 :Surface  529 )"
47528797125,16644666,Display 1,533,"Direct to Display (Surface  533 ,  iospbrorbit (3430) :Frame  2,847 :Surface  533 )"
47545441791,16653000,Display 1,532,"Direct to Display (Surface  532 ,  iospbrorbit (3430) :Frame  2,848 :Surface  532 )"
47562094791,16648709,Display 1,529,"Direct to Display (Surface  529 ,  iospbrorbit (3430) :Frame  2,849 :Surface  529 )"
47578743500,16650708,Display 1,533,"Direct to Display (Surface  533 ,  iospbrorbit (3430) :Frame  2,850 :Surface  533 )"
47595394208,16641125,Display 1,532,"Direct to Display (Surface  532 ,  iospbrorbit (3430) :Frame  2,851 :Surface  532 )"
47612035333,16650000,Display 1,529,"Direct to Display (Surface  529 ,  iospbrorbit (3430) :Frame  2,852 :Surface  529 )"
47628685333,16653000,Display 1,533,"Direct to Display (Surface  533 ,  iospbrorbit (3430) :Frame  2,853 :Surface  533 )"
47645338333,16649917,Display 1,532,"Direct to Display (Surface  532 ,  iospbrorbit (3430) :Frame  2,854 :Surface  532 )"
47661988250,16649416,Display 1,529,"Direct to Display (Surface  529 ,  iospbrorbit (3430) :Frame  2,855 :Surface  529 )"
47678637666,16647959,Display 1,533,"Direct to Display (Surface  533 ,  iospbrorbit (3430) :Frame  2,856 :Surface  533 )"
47695285625,16645583,Display 1,532,"Direct to Display (Surface  532 ,  iospbrorbit (3430) :Frame  2,857 :Surface  532 )"
47711931208,16656250,Display 1,529,"Direct to Display (Surface  529 ,  iospbrorbit (3430) :Frame  2,858 :Surface  529 )"
47728587458,16649375,Display 1,533,"Direct to Display (Surface  533 ,  iospbrorbit (3430) :Frame  2,859 :Surface  533 )"
47745236833,66584958,Display 1,532,"Direct to Display (Surface  532 ,  iospbrorbit (3430) :Frame  2,860 :Surface  532 )"
47811821791,16643667,Display 1,529,"Direct to Display (Surface  529 ,  iospbrorbit (3430) :Frame  2,861 :Surface  529 )"
47828465458,16648667,Display 1,533,"Direct to Display (Surface  533 ,  iospbrorbit (3430) :Frame  2,862 :Surface  533 )"
47845114125,16655708,Display 1,532,"Direct to Display (Surface  532 ,  iospbrorbit (3430) :Frame  2,863 :Surface  532 )"
47861769833,16648875,Display 1,529,"Direct to Display (Surface  529 ,  iospbrorbit (3430) :Frame  2,867 :Surface  529 )"
47878418708,16650417,Display 1,533,"Direct to Display (Surface  533 ,  iospbrorbit (3430) :Frame  2,868 :Surface  533 )"
47895069125,16652208,Display 1,532,"Direct to Display (Surface  532 ,  iospbrorbit (3430) :Frame  2,869 :Surface  532 )"
47911721333,16650708,Display 1,529,"Direct to Display (Surface  529 ,  iospbrorbit (3430) :Frame  2,870 :Surface  529 )"
47928372041,16650875,Display 1,533,"Direct to Display (Surface  533 ,  iospbrorbit (3430) :Frame  2,871 :Surface  533 )"
47945022916,16658584,Display 1,532,"Direct to Display (Surface  532 ,  iospbrorbit (3430) :Frame  2,872 :Surface  532 )"
47961681500,16634958,Display 1,529,"Direct to Display (Surface  529 ,  iospbrorbit (3430) :Frame  2,873 :Surface  529 )"
47978316458,16653417,Display 1,533,"Direct to Display (Surface  533 ,  iospbrorbit (3430) :Frame  2,874 :Surface  533 )"
47994969875,16649750,Display 1,532,"Direct to Display (Surface  532 ,  iospbrorbit (3430) :Frame  2,875 :Surface  532 )"
48011619625,16651375,Display 1,529,"Direct to Display (Surface  529 ,  iospbrorbit (3430) :Frame  2,876 :Surface  529 )"
48028271000,16651625,Display 1,533,"Direct to Display (Surface  533 ,  iospbrorbit (3430) :Frame  2,877 :Surface  533 )"
48044922625,16647583,Display 1,532,"Direct to Display (Surface  532 ,  iospbrorbit (3430) :Frame  2,878 :Surface  532 )"
48061570208,16648792,Display 1,529,"Direct to Display (Surface  529 ,  iospbrorbit (3430) :Frame  2,879 :Surface  529 )"
48078219000,16653625,Display 1,533,"Direct to Display (Surface  533 ,  iospbrorbit (3430) :Frame  2,880 :Surface  533 )"
48094872625,16651666,Display 1,532,"Direct to Display (Surface  532 ,  iospbrorbit (3430) :Frame  2,881 :Surface  532 )"
48111524291,16648459,Display 1,529,"Direct to Display (Surface  529 ,  iospbrorbit (3430) :Frame  2,882 :Surface  529 )"
48128172750,16645916,Display 1,533,"Direct to Display (Surface  533 ,  iospbrorbit (3430) :Frame  2,883 :Surface  533 )"
48144818666,16653000,Display 1,532,"Direct to Display (Surface  532 ,  iospbrorbit (3430) :Frame  2,884 :Surface  532 )"
48161471666,16639625,Display 1,529,"Direct to Display (Surface  529 ,  iospbrorbit (3430) :Frame  2,885 :Surface  529 )"
48178111291,16650875,Display 1,533,"Direct to Display (Surface  533 ,  iospbrorbit (3430) :Frame  2,886 :Surface  533 )"
48194762166,16650959,Display 1,532,"Direct to Display (Surface  532 ,  iospbrorbit (3430) :Frame  2,887 :Surface  532 )"
48211413125,16650083,Display 1,529,"Direct to Display (Surface  529 ,  iospbrorbit (3430) :Frame  2,888 :Surface  529 )"
48228063208,16654583,Display 1,533,"Direct to Display (Surface  533 ,  iospbrorbit (3430) :Frame  2,889 :Surface  533 )"
48244717791,16649500,Display 1,532,"Direct to Display (Surface  532 ,  iospbrorbit (3430) :Frame  2,890 :Surface  532 )"
48261367291,16644542,Display 1,529,"Direct to Display (Surface  529 ,  iospbrorbit (3430) :Frame  2,891 :Surface  529 )"
48278011833,16648958,Display 1,533,"Direct to Display (Surface  533 ,  iospbrorbit (3430) :Frame  2,892 :Surface  533 )"
48294660791,16650042,Display 1,532,"Direct to Display (Surface  532 ,  iospbrorbit (3430) :Frame  2,893 :Surface  532 )"
48311310833,16657750,Display 1,529,"Direct to Display (Surface  529 ,  iospbrorbit (3430) :Frame  2,894 :Surface  529 )"
48327968583,16646500,Display 1,533,"Direct to Display (Surface  533 ,  iospbrorbit (3430) :Frame  2,895 :Surface  533 )"
48344615083,16655292,Display 1,532,"Direct to Display (Surface  532 ,  iospbrorbit (3430) :Frame  2,896 :Surface  532 )"
48361270375,16638375,Display 1,529,"Direct to Display (Surface  529 ,  iospbrorbit (3430) :Frame  2,897 :Surface  529 )"
48377908750,16653791,Display 1,533,"Direct to Display (Surface  533 ,  iospbrorbit (3430) :Frame  2,898 :Surface  533 )"
48394562541,16650084,Display 1,532,"Direct to Display (Surface  532 ,  iospbrorbit (3430) :Frame  2,899 :Surface  532 )"
48411212625,16652041,Display 1,529,"Direct to Display (Surface  529 ,  iospbrorbit (3430) :Frame  2,900 :Surface  529 )"
48427864666,16648459,Display 1,533,"Direct to Display (Surface  533 ,  iospbrorbit (3430) :Frame  2,901 :Surface  533 )"
48444513125,16645000,Display 1,532,"Direct to Display (Surface  532 ,  iospbrorbit (3430) :Frame  2,902 :Surface  532 )"
48461158125,16646333,Display 1,529,"Direct to Display (Surface  529 ,  iospbrorbit (3430) :Frame  2,903 :Surface  529 )"
48477804458,16651125,Display 1,533,"Direct to Display (Surface  533 ,  iospbrorbit (3430) :Frame  2,904 :Surface  533 )"
48494455583,16648708,Display 1,532,"Direct to Display (Surface  532 ,  iospbrorbit (3430) :Frame  2,905 :Surface  532 )"
48511104291,16650000,Display 1,529,"Direct to Display (Surface  529 ,  iospbrorbit (3430) :Frame  2,906 :Surface  529 )"
48527754291,16652750,Display 1,533,"Direct to Display (Surface  533 ,  iospbrorbit (3430) :Frame  2,907 :Surface  533 )"
48544407041,16647209,Display 1,532,"Direct to Display (Surface  532 ,  iospbrorbit (3430) :Frame  2,908 :Surface  532 )"
48561054250,16644875,Display 1,529,"Direct to Display (Surface  529 ,  iospbrorbit (3430) :Frame  2,909 :Surface  529 )"
48577699125,16661500,Display 1,533,"Direct to Display (Surface  533 ,  iospbrorbit (3430) :Frame  2,910 :Surface  533 )"
48594360625,16644375,Display 1,532,"Direct to Display (Surface  532 ,  iospbrorbit (3430) :Frame  2,911 :Surface  532 )"
48611005000,16653625,Display 1,529,"Direct to Display (Surface  529 ,  iospbrorbit (3430) :Frame  2,912 :Surface  529 )"
48627658625,16642083,Display 1,533,"Direct to Display (Surface  533 ,  iospbrorbit (3430) :Frame  2,913 :Surface  533 )"
48644300708,16655750,Display 1,532,"Direct to Display (Surface  532 ,  iospbrorbit (3430) :Frame  2,914 :Surface  532 )"
48660956458,16641458,Display 1,529,"Direct to Display (Surface  529 ,  iospbrorbit (3430) :Frame  2,915 :Surface  529 )"
48677597916,16648292,Display 1,533,"Direct to Display (Surface  533 ,  iospbrorbit (3430) :Frame  2,916 :Surface  533 )"
48694246208,16648750,Display 1,532,"Direct to Display (Surface  532 ,  iospbrorbit (3430) :Frame  2,917 :Surface  532 )"
48710894958,16644042,Display 1,529,"Direct to Display (Surface  529 ,  iospbrorbit (3430) :Frame  2,918 :Surface  529 )"
48727539000,16648708,Display 1,533,"Direct to Display (Surface  533 ,  iospbrorbit (3430) :Frame  2,919 :Surface  533 )"
48744187708,16653958,Display 1,532,"Direct to Display (Surface  532 ,  iospbrorbit (3430) :Frame  2,920 :Surface  532 )"
48760841666,16643625,Display 1,529,"Direct to Display (Surface  529 ,  iospbrorbit (3430) :Frame  2,921 :Surface  529 )"
48777485291,16652875,Display 1,533,"Direct to Display (Surface  533 ,  iospbrorbit (3430) :Frame  2,922 :Surface  533 )"
48794138166,16648417,Display 1,532,"Direct to Display (Surface  532 ,  iospbrorbit (3430) :Frame  2,923 :Surface  532 )"
48810786583,16648708,Display 1,529,"Direct to Display (Surface  529 ,  iospbrorbit (3430) :Frame  2,924 :Surface  529 )"
48827435291,16648459,Display 1,533,"Direct to Display (Surface  533 ,  iospbrorbit (3430) :Frame  2,925 :Surface  533 )"
48844083750,16649666,Display 1,532,"Direct to Display (Surface  532 ,  iospbrorbit (3430) :Frame  2,926 :Surface  532 )"
48860733416,16641875,Display 1,529,"Direct to Display (Surface  529 ,  iospbrorbit (3430) :Frame  2,927 :Surface  529 )"
48877375291,16653459,Display 1,533,"Direct to Display (Surface  533 ,  iospbrorbit (3430) :Frame  2,928 :Surface  533 )"
48894028750,16648791,Display 1,532,"Direct to Display (Surface  532 ,  iospbrorbit (3430) :Frame  2,929 :Surface  532 )"
48910677541,16647584,Display 1,529,"Direct to Display (Surface  529 ,  iospbrorbit (3430) :Frame  2,930 :Surface  529 )"
48927325125,16649708,Display 1,533,"Direct to Display (Surface  533 ,  iospbrorbit (3430) :Frame  2,931 :Surface  533 )"
48943974833,16650042,Display 1,532,"Direct to Display (Surface  532 ,  iospbrorbit (3430) :Frame  2,932 :Surface  532 )"
48960624875,16651458,Display 1,529,"Direct to Display (Surface  529 ,  iospbrorbit (3430) :Frame  2,933 :Surface  529 )"
48977276333,16649625,Display 1,533,"Direct to Display (Surface  533 ,  iospbrorbit (3430) :Frame  2,934 :Surface  533 )"
48993925958,16649500,Display 1,532,"Direct to Display (Surface  532 ,  iospbrorbit (3430) :Frame  2,935 :Surface  532 )"
49010575458,16649167,Display 1,529,"Direct to Display (Surface  529 ,  iospbrorbit (3430) :Frame  2,936 :Surface  529 )"
49027224625,16650458,Display 1,533,"Direct to Display (Surface  533 ,  iospbrorbit (3430) :Frame  2,937 :Surface  533 )"
49043875083,16652917,Display 1,532,"Direct to Display (Surface  532 ,  iospbrorbit (3430) :Frame  2,938 :Surface  532 )"
49060528000,16645333,Display 1,529,"Direct to Display (Surface  529 ,  iospbrorbit (3430) :Frame  2,939 :Surface  529 )"
49077173333,16648875,Display 1,533,"Direct to Display (Surface  533 ,  iospbrorbit (3430) :Frame  2,940 :Surface  533 )"
49093822208,16656250,Display 1,532,"Direct to Display (Surface  532 ,  iospbrorbit (3430) :Frame  2,941 :Surface  532 )"
49110478458,16642375,Display 1,529,"Direct to Display (Surface  529 ,  iospbrorbit (3430) :Frame  2,942 :Surface  529 )"
49127120833,16648167,Display 1,533,"Direct to Display (Surface  533 ,  iospbrorbit (3430) :Frame  2,943 :Surface  533 )"
49143769000,16645041,Display 1,532,"Direct to Display (Surface  532 ,  iospbrorbit (3430) :Frame  2,944 :Surface  532 )"
49160414041,16648042,Display 1,529,"Direct to Display (Surface  529 ,  iospbrorbit (3430) :Frame  2,945 :Surface  529 )"
49177062083,16654417,Display 1,533,"Direct to Display (Surface  533 ,  iospbrorbit (3430) :Frame  2,946 :Surface  533 )"
49193716500,16649000,Display 1,532,"Direct to Display (Surface  532 ,  iospbrorbit (3430) :Frame  2,947 :Surface  532 )"
49210365500,16649833,Display 1,529,"Direct to Display (Surface  529 ,  iospbrorbit (3430) :Frame  2,948 :Surface  529 )"
49227015333,16643458,Display 1,533,"Direct to Display (Surface  533 ,  iospbrorbit (3430) :Frame  2,949 :Surface  533 )"
49243658791,16653417,Display 1,532,"Direct to Display (Surface  532 ,  iospbrorbit (3430) :Frame  2,950 :Surface  532 )"
49260312208,16648333,Display 1,529,"Direct to Display (Surface  529 ,  iospbrorbit (3430) :Frame  2,951 :Surface  529 )"
49276960541,16655250,Display 1,533,"Direct to Display (Surface  533 ,  iospbrorbit (3430) :Frame  2,952 :Surface  533 )"
49293615791,16642709,Display 1,532,"Direct to Display (Surface  532 ,  iospbrorbit (3430) :Frame  2,953 :Surface  532 )"
49310258500,16647166,Display 1,529,"Direct to Display (Surface  529 ,  iospbrorbit (3430) :Frame  2,954 :Surface  529 )"
49326905666,16651459,Display 1,533,"Direct to Display (Surface  533 ,  iospbrorbit (3430) :Frame  2,955 :Surface  533 )"
49343557125,16644000,Display 1,532,"Direct to Display (Surface  532 ,  iospbrorbit (3430) :Frame  2,956 :Surface  532 )"
49360201125,16647916,Display 1,529,"Direct to Display (Surface  529 ,  iospbrorbit (3430) :Frame  2,957 :Surface  529 )"
49376849041,16648709,Display 1,533,"Direct to Display (Surface  533 ,  iospbrorbit (3430) :Frame  2,958 :Surface  533 )"
49393497750,16648625,Display 1,532,"Direct to Display (Surface  532 ,  iospbrorbit (3430) :Frame  2,959 :Surface  532 )"
49410146375,16653208,Display 1,529,"Direct to Display (Surface  529 ,  iospbrorbit (3430) :Frame  2,960 :Surface  529 )"
49426799583,16643208,Display 1,533,"Direct to Display (Surface  533 ,  iospbrorbit (3430) :Frame  2,961 :Surface  533 )"
49443442791,16652959,Display 1,532,"Direct to Display (Surface  532 ,  iospbrorbit (3430) :Frame  2,962 :Surface  532 )"
49460095750,16648708,Display 1,529,"Direct to Display (Surface  529 ,  iospbrorbit (3430) :Frame  2,963 :Surface  529 )"
49476744458,16639500,Display 1,533,"Direct to Display (Surface  533 ,  iospbrorbit (3430) :Frame  2,964 :Surface  533 )"
49493383958,16650083,Display 1,532,"Direct to Display (Surface  532 ,  iospbrorbit (3430) :Frame  2,965 :Surface  532 )"
49510034041,16652750,Display 1,529,"Direct to Display (Surface  529 ,  iospbrorbit (3430) :Frame  2,966 :Surface  529 )"
49526686791,16653542,Display 1,533,"Direct to Display (Surface  533 ,  iospbrorbit (3430) :Frame  2,967 :Surface  533 )"
49543340333,16638458,Display 1,532,"Direct to Display (Surface  532 ,  iospbrorbit (3430) :Frame  2,968 :Surface  532 )"
49559978791,16653875,Display 1,529,"Direct to Display (Surface  529 ,  iospbrorbit (3430) :Frame  2,969 :Surface  529 )"
49576632666,16647167,Display 1,533,"Direct to Display (Surface  533 ,  iospbrorbit (3430) :Frame  2,970 :Surface  533 )"
49593279833,16647708,Display 1,532,"Direct to Display (Surface  532 ,  iospbrorbit (3430) :Frame  2,971 :Surface  532 )"
49609927541,16648584,Display 1,529,"Direct to Display (Surface  529 ,  iospbrorbit (3430) :Frame  2,972 :Surface  529 )"
49626576125,16649833,Display 1,533,"Direct to Display (Surface  533 ,  iospbrorbit (3430) :Frame  2,973 :Surface  533 )"
49643225958,16647625,Display 1,532,"Direct to Display (Surface  532 ,  iospbrorbit (3430) :Frame  2,974 :Surface  532 )"
49659873583,16645292,Display 1,529,"Direct to Display (Surface  529 ,  iospbrorbit (3430) :Frame  2,975 :Surface  529 )"
49676518875,16649125,Display 1,533,"Direct to Display (Surface  533 ,  iospbrorbit (3430) :Frame  2,976 :Surface  533 )"
49693168000,16654916,Display 1,532,"Direct to Display (Surface  532 ,  iospbrorbit (3430) :Frame  2,977 :Surface  532 )"
49709822916,16649209,Display 1,529,"Direct to Display (Surface  529 ,  iospbrorbit (3430) :Frame  2,978 :Surface  529 )"
49726472125,16650291,Display 1,533,"Direct to Display (Surface  533 ,  iospbrorbit (3430) :Frame  2,979 :Surface  533 )"
49743122416,16642417,Display 1,532,"Direct to Display (Surface  532 ,  iospbrorbit (3430) :Frame  2,980 :Surface  532 )"
49759764833,16649292,Display 1,529,"Direct to Display (Surface  529 ,  iospbrorbit (3430) :Frame  2,981 :Surface  529 )"
49776414125,16648875,Display 1,533,"Direct to Display (Surface  533 ,  iospbrorbit (3430) :Frame  2,982 :Surface  533 )"
49793063000,16647708,Display 1,532,"Direct to Display (Surface  532 ,  iospbrorbit (3430) :Frame  2,983 :Surface  532 )"
49809710708,16647417,Display 1,529,"Direct to Display (Surface  529 ,  iospbrorbit (3430) :Frame  2,984 :Surface  529 )"
49826358125,16658333,Display 1,533,"Direct to Display (Surface  533 ,  iospbrorbit (3430) :Frame  2,985 :Surface  533 )"
49843016458,16645167,Display 1,532,"Direct to Display (Surface  532 ,  iospbrorbit (3430) :Frame  2,986 :Surface  532 )"
49859661625,16651375,Display 1,529,"Direct to Display (Surface  529 ,  iospbrorbit (3430) :Frame  2,987 :Surface  529 )"
49876313000,16649500,Display 1,533,"Direct to Display (Surface  533 ,  iospbrorbit (3430) :Frame  2,988 :Surface  533 )"
49892962500,16649875,Display 1,532,"Direct to Display (Surface  532 ,  iospbrorbit (3430) :Frame  2,989 :Surface  532 )"
49909612375,16649125,Display 1,529,"Direct to Display (Surface  529 ,  iospbrorbit (3430) :Frame  2,990 :Surface  529 )"
49926261500,16648791,Display 1,533,"Direct to Display (Surface  533 ,  iospbrorbit (3430) :Frame  2,991 :Surface  533 )"
49942910291,16649542,Display 1,532,"Direct to Display (Surface  532 ,  iospbrorbit (3430) :Frame  2,992 :Surface  532 )"
49959559833,16653542,Display 1,529,"Direct to Display (Surface  529 ,  iospbrorbit (3430) :Frame  2,993 :Surface  529 )"
49976213375,16643208,Display 1,533,"Direct to Display (Surface  533 ,  iospbrorbit (3430) :Frame  2,994 :Surface  533 )"
49992856583,16655792,Display 1,532,"Direct to Display (Surface  532 ,  iospbrorbit (3430) :Frame  2,995 :Surface  532 )"
50009512375,16651666,Display 1,529,"Direct to Display (Surface  529 ,  iospbrorbit (3430) :Frame  2,996 :Surface  529 )"
50026164041,16645500,Display 1,533,"Direct to Display (Surface  533 ,  iospbrorbit (3430) :Frame  2,997 :Surface  533 )"
50042809541,16644917,Display 1,532,"Direct to Display (Surface  532 ,  iospbrorbit (3430) :Frame  2,998 :Surface  532 )"
50059454458,16643250,Display 1,529,"Direct to Display (Surface  529 ,  iospbrorbit (3430) :Frame  2,999 :Surface  529 )"
50076097708,16649458,Display 1,533,"Direct to Display (Surface  533 ,  iospbrorbit (3430) :Frame  3,000 :Surface  533 )"
50092747166,16654917,Display 1,532,"Direct to Display (Surface  532 ,  iospbrorbit (3430) :Frame  3,001 :Surface  532 )"
50109402083,16648167,Display 1,529,"Direct to Display (Surface  529 ,  iospbrorbit (3430) :Frame  3,002 :Surface  529 )"
50126050250,16657833,Display 1,533,"Direct to Display (Surface  533 ,  iospbrorbit (3430) :Frame  3,003 :Surface  533 )"
50142708083,16644875,Display 1,532,"Direct to Display (Surface  532 ,  iospbrorbit (3430) :Frame  3,004 :Surface  532 )"
50159352958,16637625,Display 1,529,"Direct to Display (Surface  529 ,  iospbrorbit (3430) :Frame  3,005 :Surface  529 )"
50175990583,16665208,Display 1,533,"Direct to Display (Surface  533 ,  iospbrorbit (3430) :Frame  3,006 :Surface  533 )"
50192655791,16643292,Display 1,532,"Direct to Display (Surface  532 ,  iospbrorbit (3430) :Frame  3,007 :Surface  532 )"
50209299083,16649250,Display 1,529,"Direct to Display (Surface  529 ,  iospbrorbit (3430) :Frame  3,008 :Surface  529 )"
50225948333,16647875,Display 1,533,"Direct to Display (Surface  533 ,  iospbrorbit (3430) :Frame  3,009 :Surface  533 )"
50242596208,16651917,Display 1,532,"Direct to Display (Surface  532 ,  iospbrorbit (3430) :Frame  3,010 :Surface  532 )"
50259248125,16646041,Display 1,529,"Direct to Display (Surface  529 ,  iospbrorbit (3430) :Frame  3,011 :Surface  529 )"
50275894166,16652334,Display 1,533,"Direct to Display (Surface  533 ,  iospbrorbit (3430) :Frame  3,012 :Surface  533 )"
50292546500,16645375,Display 1,532,"Direct to Display (Surface  532 ,  iospbrorbit (3430) :Frame  3,013 :Surface  532 )"
50309191875,16644958,Display 1,529,"Direct to Display (Surface  529 ,  iospbrorbit (3430) :Frame  3,014 :Surface  529 )"
50325836833,16654333,Display 1,533,"Direct to Display (Surface  533 ,  iospbrorbit (3430) :Frame  3,015 :Surface  533 )"
50342491166,16638625,Display 1,532,"Direct to Display (Surface  532 ,  iospbrorbit (3430) :Frame  3,016 :Surface  532 )"
50359129791,16659125,Display 1,529,"Direct to Display (Surface  529 ,  iospbrorbit (3430) :Frame  3,017 :Surface  529 )"
50375788916,16649500,Display 1,533,"Direct to Display (Surface  533 ,  iospbrorbit (3430) :Frame  3,018 :Surface  533 )"
50392438416,16639917,Display 1,532,"Direct to Display (Surface  532 ,  iospbrorbit (3430) :Frame  3,019 :Surface  532 )"
50409078333,16655583,Display 1,529,"Direct to Display (Surface  529 ,  iospbrorbit (3430) :Frame  3,020 :Surface  529 )"
50425733916,16653042,Display 1,533,"Direct to Display (Surface  533 ,  iospbrorbit (3430) :Frame  3,021 :Surface  533 )"
50442386958,16650292,Display 1,532,"Direct to Display (Surface  532 ,  iospbrorbit (3430) :Frame  3,022 :Surface  532 )"
50459037250,16646583,Display 1,529,"Direct to Display (Surface  529 ,  iospbrorbit (3430) :Frame  3,023 :Surface  529 )"
50475683833,16648167,Display 1,533,"Direct to Display (Surface  533 ,  iospbrorbit (3430) :Frame  3,024 :Surface  533 )"
50492332000,16642375,Display 1,532,"Direct to Display (Surface  532 ,  iospbrorbit (3430) :Frame  3,025 :Surface  532 )"
50508974375,16650125,Display 1,529,"Direct to Display (Surface  529 ,  iospbrorbit (3430) :Frame  3,026 :Surface  529 )"
50525624500,16655166,Display 1,533,"Direct to Display (Surface  533 ,  iospbrorbit (3430) :Frame  3,027 :Surface  533 )"
50542279666,16640000,Display 1,532,"Direct to Display (Surface  532 ,  iospbrorbit (3430) :Frame  3,028 :Surface  532 )"
50558919666,16654500,Display 1,529,"Direct to Display (Surface  529 ,  iospbrorbit (3430) :Frame  3,029 :Surface  529 )"
50575574166,16646500,Display 1,533,"Direct to Display (Surface  533 ,  iospbrorbit (3430) :Frame  3,030 :Surface  533 )"
50592220666,16647500,Display 1,532,"Direct to Display (Surface  532 ,  iospbrorbit (3430) :Frame  3,031 :Surface  532 )"
50608868166,16647250,Display 1,529,"Direct to Display (Surface  529 ,  iospbrorbit (3430) :Frame  3,032 :Surface  529 )"
50625515416,16651292,Display 1,533,"Direct to Display (Surface  533 ,  iospbrorbit (3430) :Frame  3,033 :Surface  533 )"
50642166708,16648167,Display 1,532,"Direct to Display (Surface  532 ,  iospbrorbit (3430) :Frame  3,034 :Surface  532 )"
50658814875,16654666,Display 1,529,"Direct to Display (Surface  529 ,  iospbrorbit (3430) :Frame  3,035 :Surface  529 )"
50675469541,16647209,Display 1,533,"Direct to Display (Surface  533 ,  iospbrorbit (3430) :Frame  3,036 :Surface  533 )"
50692116750,16644041,Display 1,532,"Direct to Display (Surface  532 ,  iospbrorbit (3430) :Frame  3,037 :Surface  532 )"
50708760791,16653250,Display 1,529,"Direct to Display (Surface  529 ,  iospbrorbit (3430) :Frame  3,038 :Surface  529 )"
50725414041,16642959,Display 1,533,"Direct to Display (Surface  533 ,  iospbrorbit (3430) :Frame  3,039 :Surface  533 )"
50742057000,16652125,Display 1,532,"Direct to Display (Surface  532 ,  iospbrorbit (3430) :Frame  3,040 :Surface  532 )"
50758709125,16650375,Display 1,529,"Direct to Display (Surface  529 ,  iospbrorbit (3430) :Frame  3,041 :Surface  529 )"
50775359500,16641541,Display 1,533,"Direct to Display (Surface  533 ,  iospbrorbit (3430) :Frame  3,042 :Surface  533 )"
50792001041,16654834,Display 1,532,"Direct to Display (Surface  532 ,  iospbrorbit (3430) :Frame  3,043 :Surface  532 )"
50808655875,16648041,Display 1,529,"Direct to Display (Surface  529 ,  iospbrorbit (3430) :Frame  3,044 :Surface  529 )"
50825303916,16637542,Display 1,533,"Direct to Display (Surface  533 ,  iospbrorbit (3430) :Frame  3,045 :Surface  533 )"
50841941458,16660708,Display 1,532,"Direct to Display (Surface  532 ,  iospbrorbit (3430) :Frame  3,046 :Surface  532 )"
50858602166,16639875,Display 1,529,"Direct to Display (Surface  529 ,  iospbrorbit (3430) :Frame  3,047 :Surface  529 )"
50875242041,16650750,Display 1,533,"Direct to Display (Surface  533 ,  iospbrorbit (3430) :Frame  3,048 :Surface  533 )"
50891892791,16636750,Display 1,532,"Direct to Display (Surface  532 ,  iospbrorbit (3430) :Frame  3,049 :Surface  532 )"
50908529541,16652875,Display 1,529,"Direct to Display (Surface  529 ,  iospbrorbit (3430) :Frame  3,050 :Surface  529 )"
50925182416,16647875,Display 1,533,"Direct to Display (Surface  533 ,  iospbrorbit (3430) :Frame  3,051 :Surface  533 )"
50941830291,16647875,Display 1,532,"Direct to Display (Surface  532 ,  iospbrorbit (3430) :Frame  3,052 :Surface  532 )"
50958478166,16648709,Display 1,529,"Direct to Display (Surface  529 ,  iospbrorbit (3430) :Frame  3,053 :Surface  529 )"
50975126875,16648250,Display 1,533,"Direct to Display (Surface  533 ,  iospbrorbit (3430) :Frame  3,054 :Surface  533 )"
50991775125,16649625,Display 1,532,"Direct to Display (Surface  532 ,  iospbrorbit (3430) :Frame  3,055 :Surface  532 )"
51008424750,16649208,Display 1,529,"Direct to Display (Surface  529 ,  iospbrorbit (3430) :Frame  3,056 :Surface  529 )"
51025073958,16648375,Display 1,533,"Direct to Display (Surface  533 ,  iospbrorbit (3430) :Frame  3,057 :Surface  533 )"
51041722333,16642750,Display 1,532,"Direct to Display (Surface  532 ,  iospbrorbit (3430) :Frame  3,058 :Surface  532 )"
51058365083,16656208,Display 1,529,"Direct to Display (Surface  529 ,  iospbrorbit (3430) :Frame  3,059 :Surface  529 )"
51075021291,16651917,Display 1,533,"Direct to Display (Surface  533 ,  iospbrorbit (3430) :Frame  3,060 :Surface  533 )"
51091673208,16642958,Display 1,532,"Direct to Display (Surface  532 ,  iospbrorbit (3430) :Frame  3,061 :Surface  532 )"
51108316166,16647959,Display 1,529,"Direct to Display (Surface  529 ,  iospbrorbit (3430) :Frame  3,062 :Surface  529 )"
51124964125,16659041,Display 1,533,"Direct to Display (Surface  533 ,  iospbrorbit (3430) :Frame  3,063 :Surface  533 )"
51141623166,16642792,Display 1,532,"Direct to Display (Surface  532 ,  iospbrorbit (3430) :Frame  3,064 :Surface  532 )"
51158265958,16637292,Display 1,529,"Direct to Display (Surface  529 ,  iospbrorbit (3430) :Frame  3,065 :Surface  529 )"
51174903250,16654125,Display 1,533,"Direct to Display (Surface  533 ,  iospbrorbit (3430) :Frame  3,066 :Surface  533 )"
51191557375,16653875,Display 1,532,"Direct to Display (Surface  532 ,  iospbrorbit (3430) :Frame  3,067 :Surface  532 )"
51208211250,16652041,Display 1,529,"Direct to Display (Surface  529 ,  iospbrorbit (3430) :Frame  3,068 :Surface  529 )"
51224863291,16638959,Display 1,533,"Direct to Display (Surface  533 ,  iospbrorbit (3430) :Frame  3,069 :Surface  533 )"
51241502250,16658791,Display 1,532,"Direct to Display (Surface  532 ,  iospbrorbit (3430) :Frame  3,070 :Surface  532 )"
51258161041,16639750,Display 1,529,"Direct to Display (Surface  529 ,  iospbrorbit (3430) :Frame  3,071 :Surface  529 )"
51274800791,16651334,Display 1,533,"Direct to Display (Surface  533 ,  iospbrorbit (3430) :Frame  3,072 :Surface  533 )"
51291452125,16649208,Display 1,532,"Direct to Display (Surface  532 ,  iospbrorbit (3430) :Frame  3,073 :Surface  532 )"
51308101333,16643333,Display 1,529,"Direct to Display (Surface  529 ,  iospbrorbit (3430) :Frame  3,074 :Surface  529 )"
51324744666,16659542,Display 1,533,"Direct to Display (Surface  533 ,  iospbrorbit (3430) :Frame  3,075 :Surface  533 )"
51341404208,16643000,Display 1,532,"Direct to Display (Surface  532 ,  iospbrorbit (3430) :Frame  3,076 :Surface  532 )"
51358047208,16648667,Display 1,529,"Direct to Display (Surface  529 ,  iospbrorbit (3430) :Frame  3,077 :Surface  529 )"
51374695875,16645125,Display 1,533,"Direct to Display (Surface  533 ,  iospbrorbit (3430) :Frame  3,078 :Surface  533 )"
51391341000,16649541,Display 1,532,"Direct to Display (Surface  532 ,  iospbrorbit (3430) :Frame  3,079 :Surface  532 )"
51407990541,16643084,Display 1,529,"Direct to Display (Surface  529 ,  iospbrorbit (3430) :Frame  3,080 :Surface  529 )"
51424633625,16645458,Display 1,533,"Direct to Display (Surface  533 ,  iospbrorbit (3430) :Frame  3,081 :Surface  533 )"
51441279083,16652083,Display 1,532,"Direct to Display (Surface  532 ,  iospbrorbit (3430) :Frame  3,082 :Surface  532 )"
51457931166,16648375,Display 1,529,"Direct to Display (Surface  529 ,  iospbrorbit (3430) :Frame  3,083 :Surface  529 )"
51474579541,16642750,Display 1,533,"Direct to Display (Surface  533 ,  iospbrorbit (3430) :Frame  3,084 :Surface  533 )"
51491222291,16653792,Display 1,532,"Direct to Display (Surface  532 ,  iospbrorbit (3430) :Frame  3,085 :Surface  532 )"
51507876083,16649917,Display 1,529,"Direct to Display (Surface  529 ,  iospbrorbit (3430) :Frame  3,086 :Surface  529 )"
51524526000,16650041,Display 1,533,"Direct to Display (Surface  533 ,  iospbrorbit (3430) :Frame  3,087 :Surface  533 )"
51541176041,16639959,Display 1,532,"Direct to Display (Surface  532 ,  iospbrorbit (3430) :Frame  3,088 :Surface  532 )"
51557816000,16648583,Display 1,529,"Direct to Display (Surface  529 ,  iospbrorbit (3430) :Frame  3,089 :Surface  529 )"
51574464583,16648042,Display 1,533,"Direct to Display (Surface  533 ,  iospbrorbit (3430) :Frame  3,090 :Surface  533 )"
51591112625,16657625,Display 1,532,"Direct to Display (Surface  532 ,  iospbrorbit (3430) :Frame  3,091 :Surface  532 )"
51607770250,16640166,Display 1,529,"Direct to Display (Surface  529 ,  iospbrorbit (3430) :Frame  3,092 :Surface  529 )"
51624410416,16641959,Display 1,533,"Direct to Display (Surface  533 ,  iospbrorbit (3430) :Frame  3,093 :Surface  533 )"
51641052375,16654041,Display 1,532,"Direct to Display (Surface  532 ,  iospbrorbit (3430) :Frame  3,094 :Surface  532 )"
51657706416,16649792,Display 1,529,"Direct to Display (Surface  529 ,  iospbrorbit (3430) :Frame  3,095 :Surface  529 )"
51674356208,16650750,Display 1,533,"Direct to Display (Surface  533 ,  iospbrorbit (3430) :Frame  3,096 :Surface  533 )"
51691006958,16647375,Display 1,532,"Direct to Display (Surface  532 ,  iospbrorbit (3430) :Frame  3,097 :Surface  532 )"
51707654333,16649000,Display 1,529,"Direct to Display (Surface  529 ,  iospbrorbit (3430) :Frame  3,098 :Surface  529 )"
51724303333,16653167,Display 1,533,"Direct to Display (Surface  533 ,  iospbrorbit (3430) :Frame  3,099 :Surface  533 )"
51740956500,16638208,Display 1,532,"Direct to Display (Surface  532 ,  iospbrorbit (3430) :Frame  3,100 :Surface  532 )"
51757594708,16662958,Display 1,529,"Direct to Display (Surface  529 ,  iospbrorbit (3430) :Frame  3,101 :Surface  529 )"
51774257666,16640334,Display 1,533,"Direct to Display (Surface  533 ,  iospbrorbit (3430) :Frame  3,102 :Surface  533 )"
51790898000,16650458,Display 1,532,"Direct to Display (Surface  532 ,  iospbrorbit (3430) :Frame  3,103 :Surface  532 )"
51807548458,16653625,Display 1,529,"Direct to Display (Surface  529 ,  iospbrorbit (3430) :Frame  3,104 :Surface  529 )"
51824202083,16646125,Display 1,533,"Direct to Display (Surface  533 ,  iospbrorbit (3430) :Frame  3,105 :Surface  533 )"
51840848208,16650667,Display 1,532,"Direct to Display (Surface  532 ,  iospbrorbit (3430) :Frame  3,106 :Surface  532 )"
51857498875,16650791,Display 1,529,"Direct to Display (Surface  529 ,  iospbrorbit (3430) :Frame  3,107 :Surface  529 )"
51874149666,16651709,Display 1,533,"Direct to Display (Surface  533 ,  iospbrorbit (3430) :Frame  3,108 :Surface  533 )"
51890801375,16644916,Display 1,532,"Direct to Display (Surface  532 ,  iospbrorbit (3430) :Frame  3,109 :Surface  532 )"
51907446291,16660250,Display 1,529,"Direct to Display (Surface  529 ,  iospbrorbit (3430) :Frame  3,110 :Surface  529 )"
51924106541,16647000,Display 1,533,"Direct to Display (Surface  533 ,  iospbrorbit (3430) :Frame  3,111 :Surface  533 )"
51940753541,16649000,Display 1,532,"Direct to Display (Surface  532 ,  iospbrorbit (3430) :Frame  3,112 :Surface  532 )"
51957402541,16652834,Display 1,529,"Direct to Display (Surface  529 ,  iospbrorbit (3430) :Frame  3,113 :Surface  529 )"
51974055375,16646875,Display 1,533,"Direct to Display (Surface  533 ,  iospbrorbit (3430) :Frame  3,114 :Surface  533 )"
51990702250,16652958,Display 1,532,"Direct to Display (Surface  532 ,  iospbrorbit (3430) :Frame  3,115 :Surface  532 )"
52007355208,66591250,Display 1,529,"Direct to Display (Surface  529 ,  iospbrorbit (3430) :Frame  3,116 :Surface  529 )"
52073946458,16640958,Display 1,533,"Direct to Display (Surface  533 ,  iospbrorbit (3430) :Frame  3,117 :Surface  533 )"
52090587416,16650834,Display 1,532,"Direct to Display (Surface  532 ,  iospbrorbit (3430) :Frame  3,118 :Surface  532 )"
52107238250,16647625,Display 1,529,"Direct to Display (Surface  529 ,  iospbrorbit (3430) :Frame  3,119 :Surface  529 )"
52123885875,16641000,Display 1,533,"Direct to Display (Surface  533 ,  iospbrorbit (3430) :Frame  3,123 :Surface  533 )"
52140526875,16650000,Display 1,532,"Direct to Display (Surface  532 ,  iospbrorbit (3430) :Frame  3,124 :Surface  532 )"
52157176875,16651833,Display 1,529,"Direct to Display (Surface  529 ,  iospbrorbit (3430) :Frame  3,125 :Surface  529 )"
52173828708,16647875,Display 1,533,"Direct to Display (Surface  533 ,  iospbrorbit (3430) :Frame  3,126 :Surface  533 )"
52190476583,16643917,Display 1,532,"Direct to Display (Surface  532 ,  iospbrorbit (3430) :Frame  3,127 :Surface  532 )"
52207120500,16651291,Display 1,529,"Direct to Display (Surface  529 ,  iospbrorbit (3430) :Frame  3,128 :Surface  529 )"
52223771791,16651209,Display 1,533,"Direct to Display (Surface  533 ,  iospbrorbit (3430) :Frame  3,129 :Surface  533 )"
52240423000,16643958,Display 1,532,"Direct to Display (Surface  532 ,  iospbrorbit (3430) :Frame  3,130 :Surface  532 )"
52257066958,16650458,Display 1,529,"Direct to Display (Surface  529 ,  iospbrorbit (3430) :Frame  3,131 :Surface  529 )"
52273717416,16642125,Display 1,533,"Direct to Display (Surface  533 ,  iospbrorbit (3430) :Frame  3,132 :Surface  533 )"
52290359541,16651375,Display 1,532,"Direct to Display (Surface  532 ,  iospbrorbit (3430) :Frame  3,133 :Surface  532 )"
52307010916,16642709,Display 1,529,"Direct to Display (Surface  529 ,  iospbrorbit (3430) :Frame  3,134 :Surface  529 )"
52323653625,16648750,Display 1,533,"Direct to Display (Surface  533 ,  iospbrorbit (3430) :Frame  3,135 :Surface  533 )"
52340302375,16645625,Display 1,532,"Direct to Display (Surface  532 ,  iospbrorbit (3430) :Frame  3,136 :Surface  532 )"
52356948000,16645958,Display 1,529,"Direct to Display (Surface  529 ,  iospbrorbit (3430) :Frame  3,137 :Surface  529 )"
52373593958,16646375,Display 1,533,"Direct to Display (Surface  533 ,  iospbrorbit (3430) :Frame  3,138 :Surface  533 )"
52390240333,16641208,Display 1,532,"Direct to Display (Surface  532 ,  iospbrorbit (3430) :Frame  3,139 :Surface  532 )"
52406881541,16647084,Display 1,529,"Direct to Display (Surface  529 ,  iospbrorbit (3430) :Frame  3,140 :Surface  529 )"
52423528625,16650458,Display 1,533,"Direct to Display (Surface  533 ,  iospbrorbit (3430) :Frame  3,141 :Surface  533 )"
52440179083,16637083,Display 1,532,"Direct to Display (Surface  532 ,  iospbrorbit (3430) :Frame  3,142 :Surface  532 )"
52456816166,16656417,Display 1,529,"Direct to Display (Surface  529 ,  iospbrorbit (3430) :Frame  3,143 :Surface  529 )"
52473472583,16641208,Display 1,533,"Direct to Display (Surface  533 ,  iospbrorbit (3430) :Frame  3,144 :Surface  533 )"
52490113791,16652625,Display 1,532,"Direct to Display (Surface  532 ,  iospbrorbit (3430) :Frame  3,145 :Surface  532 )"
52506766416,16642167,Display 1,529,"Direct to Display (Surface  529 ,  iospbrorbit (3430) :Frame  3,146 :Surface  529 )"
52523408583,16647375,Display 1,533,"Direct to Display (Surface  533 ,  iospbrorbit (3430) :Frame  3,147 :Surface  533 )"
52540055958,16647875,Display 1,532,"Direct to Display (Surface  532 ,  iospbrorbit (3430) :Frame  3,148 :Surface  532 )"
52556703833,16647500,Display 1,529,"Direct to Display (Surface  529 ,  iospbrorbit (3430) :Frame  3,149 :Surface  529 )"
52573351333,16646583,Display 1,533,"Direct to Display (Surface  533 ,  iospbrorbit (3430) :Frame  3,150 :Surface  533 )"
52589997916,16655459,Display 1,532,"Direct to Display (Surface  532 ,  iospbrorbit (3430) :Frame  3,151 :Surface  532 )"
52606653375,16643875,Display 1,529,"Direct to Display (Surface  529 ,  iospbrorbit (3430) :Frame  3,152 :Surface  529 )"
52623297250,16645458,Display 1,533,"Direct to Display (Surface  533 ,  iospbrorbit (3430) :Frame  3,153 :Surface  533 )"
52639942708,16641042,Display 1,532,"Direct to Display (Surface  532 ,  iospbrorbit (3430) :Frame  3,154 :Surface  532 )"
52656583750,16654708,Display 1,529,"Direct to Display (Surface  529 ,  iospbrorbit (3430) :Frame  3,155 :Surface  529 )"
52673238458,16643167,Display 1,533,"Direct to Display (Surface  533 ,  iospbrorbit (3430) :Frame  3,156 :Surface  533 )"
52689881625,16645875,Display 1,532,"Direct to Display (Surface  532 ,  iospbrorbit (3430) :Frame  3,157 :Surface  532 )"
52706527500,16646875,Display 1,529,"Direct to Display (Surface  529 ,  iospbrorbit (3430) :Frame  3,158 :Surface  529 )"
52723174375,16646041,Display 1,533,"Direct to Display (Surface  533 ,  iospbrorbit (3430) :Frame  3,159 :Surface  533 )"
52739820416,16640834,Display 1,532,"Direct to Display (Surface  532 ,  iospbrorbit (3430) :Frame  3,160 :Surface  532 )"
52756461250,16656083,Display 1,529,"Direct to Display (Surface  529 ,  iospbrorbit (3430) :Frame  3,161 :Surface  529 )"
52773117333,16639042,Display 1,533,"Direct to Display (Surface  533 ,  iospbrorbit (3430) :Frame  3,162 :Surface  533 )"
52789756375,16650541,Display 1,532,"Direct to Display (Surface  532 ,  iospbrorbit (3430) :Frame  3,163 :Surface  532 )"
52806406916,16641917,Display 1,529,"Direct to Display (Surface  529 ,  iospbrorbit (3430) :Frame  3,164 :Surface  529 )"
52823048833,16647417,Display 1,533,"Direct to Display (Surface  533 ,  iospbrorbit (3430) :Frame  3,165 :Surface  533 )"
52839696250,16655541,Display 1,532,"Direct to Display (Surface  532 ,  iospbrorbit (3430) :Frame  3,166 :Surface  532 )"
52856351791,16641000,Display 1,529,"Direct to Display (Surface  529 ,  iospbrorbit (3430) :Frame  3,167 :Surface  529 )"
52872992791,16639334,Display 1,533,"Direct to Display (Surface  533 ,  iospbrorbit (3430) :Frame  3,168 :Surface  533 )"
52889632125,16656666,Display 1,532,"Direct to Display (Surface  532 ,  iospbrorbit (3430) :Frame  3,169 :Surface  532 )"
52906288791,16636834,Display 1,529,"Direct to Display (Surface  529 ,  iospbrorbit (3430) :Frame  3,170 :Surface  529 )"
52922925625,16653000,Display 1,533,"Direct to Display (Surface  533 ,  iospbrorbit (3430) :Frame  3,171 :Surface  533 )"
52939578625,16646833,Display 1,532,"Direct to Display (Surface  532 ,  iospbrorbit (3430) :Frame  3,172 :Surface  532 )"
52956225458,16639625,Display 1,529,"Direct to Display (Surface  529 ,  iospbrorbit (3430) :Frame  3,173 :Surface  529 )"
52972865083,16653500,Display 1,533,"Direct to Display (Surface  533 ,  iospbrorbit (3430) :Frame  3,174 :Surface  533 )"
52989518583,16645833,Display 1,532,"Direct to Display (Surface  532 ,  iospbrorbit (3430) :Frame  3,175 :Surface  532 )"
53006164416,16648750,Display 1,529,"Direct to Display (Surface  529 ,  iospbrorbit (3430) :Frame  3,176 :Surface  529 )"
53022813166,16649834,Display 1,533,"Direct to Display (Surface  533 ,  iospbrorbit (3430) :Frame  3,177 :Surface  533 )"
53039463000,16635541,Display 1,532,"Direct to Display (Surface  532 ,  iospbrorbit (3430) :Frame  3,178 :Surface  532 )"
53056098541,16645750,Display 1,529,"Direct to Display (Surface  529 ,  iospbrorbit (3430) :Frame  3,179 :Surface  529 )"
53072744291,16652750,Display 1,533,"Direct to Display (Surface  533 ,  iospbrorbit (3430) :Frame  3,180 :Surface  533 )"
53089397041,16646917,Display 1,532,"Direct to Display (Surface  532 ,  iospbrorbit (3430) :Frame  3,181 :Surface  532 )"
53106043958,16647333,Display 1,529,"Direct to Display (Surface  529 ,  iospbrorbit (3430) :Frame  3,182 :Surface  529 )"
53122691291,16647917,Display 1,533,"Direct to Display (Surface  533 ,  iospbrorbit (3430) :Frame  3,183 :Surface  533 )"
53139339208,16648625,Display 1,532,"Direct to Display (Surface  532 ,  iospbrorbit (3430) :Frame  3,184 :Surface  532 )"
53155987833,16647625,Display 1,529,"Direct to Display (Surface  529 ,  iospbrorbit (3430) :Frame  3,185 :Surface  529 )"
53172635458,16647208,Display 1,533,"Direct to Display (Surface  533 ,  iospbrorbit (3430) :Frame  3,186 :Surface  533 )"
53189282666,16647917,Display 1,532,"Direct to Display (Surface  532 ,  iospbrorbit (3430) :Frame  3,187 :Surface  532 )"
53205930583,16646000,Display 1,529,"Direct to Display (Surface  529 ,  iospbrorbit (3430) :Frame  3,188 :Surface  529 )"
53222576583,16647292,Display 1,533,"Direct to Display (Surface  533 ,  iospbrorbit (3430) :Frame  3,189 :Surface  533 )"
53239223875,16646791,Display 1,532,"Direct to Display (Surface  532 ,  iospbrorbit (3430) :Frame  3,190 :Surface  532 )"
53255870666,16653417,Display 1,529,"Direct to Display (Surface  529 ,  iospbrorbit (3430) :Frame  3,191 :Surface  529 )"
53272524083,16641875,Display 1,533,"Direct to Display (Surface  533 ,  iospbrorbit (3430) :Frame  3,192 :Surface  533 )"
53289165958,16656500,Display 1,532,"Direct to Display (Surface  532 ,  iospbrorbit (3430) :Frame  3,193 :Surface  532 )"
53305822458,16643833,Display 1,529,"Direct to Display (Surface  529 ,  iospbrorbit (3430) :Frame  3,194 :Surface  529 )"
53322466291,16652917,Display 1,533,"Direct to Display (Surface  533 ,  iospbrorbit (3430) :Frame  3,195 :Surface  533 )"
53339119208,16651167,Display 1,532,"Direct to Display (Surface  532 ,  iospbrorbit (3430) :Frame  3,196 :Surface  532 )"
53355770375,16647375,Display 1,529,"Direct to Display (Surface  529 ,  iospbrorbit (3430) :Frame  3,197 :Surface  529 )"
53372417750,16642791,Display 1,533,"Direct to Display (Surface  533 ,  iospbrorbit (3430) :Frame  3,198 :Surface  533 )"
53389060541,16654334,Display 1,532,"Direct to Display (Surface  532 ,  iospbrorbit (3430) :Frame  3,199 :Surface  532 )"
53405714875,16635125,Display 1,529,"Direct to Display (Surface  529 ,  iospbrorbit (3430) :Frame  3,200 :Surface  529 )"
53422350000,16654708,Display 1,533,"Direct to Display (Surface  533 ,  iospbrorbit (3430) :Frame  3,201 :Surface  533 )"
53439004708,16640542,Display 1,532,"Direct to Display (Surface  532 ,  iospbrorbit (3430) :Frame  3,202 :Surface  532 )"
53455645250,16649791,Display 1,529,"Direct to Display (Surface  529 ,  iospbrorbit (3430) :Frame  3,203 :Surface  529 )"
53472295041,16649834,Display 1,533,"Direct to Display (Surface  533 ,  iospbrorbit (3430) :Frame  3,204 :Surface  533 )"
53488944875,16652791,Display 1,532,"Direct to Display (Surface  532 ,  iospbrorbit (3430) :Frame  3,205 :Surface  532 )"
53505597666,16635417,Display 1,529,"Direct to Display (Surface  529 ,  iospbrorbit (3430) :Frame  3,206 :Surface  529 )"
53522233083,16652000,Display 1,533,"Direct to Display (Surface  533 ,  iospbrorbit (3430) :Frame  3,207 :Surface  533 )"
53538885083,16644917,Display 1,532,"Direct to Display (Surface  532 ,  iospbrorbit (3430) :Frame  3,208 :Surface  532 )"
53555530000,16646625,Display 1,529,"Direct to Display (Surface  529 ,  iospbrorbit (3430) :Frame  3,209 :Surface  529 )"
53572176625,16649375,Display 1,533,"Direct to Display (Surface  533 ,  iospbrorbit (3430) :Frame  3,210 :Surface  533 )"
53588826000,16643666,Display 1,532,"Direct to Display (Surface  532 ,  iospbrorbit (3430) :Frame  3,211 :Surface  532 )"
53605469666,16655625,Display 1,529,"Direct to Display (Surface  529 ,  iospbrorbit (3430) :Frame  3,212 :Surface  529 )"
53622125291,16644042,Display 1,533,"Direct to Display (Surface  533 ,  iospbrorbit (3430) :Frame  3,213 :Surface  533 )"
53638769333,16653125,Display 1,532,"Direct to Display (Surface  532 ,  iospbrorbit (3430) :Frame  3,214 :Surface  532 )"
53655422458,16633208,Display 1,529,"Direct to Display (Surface  529 ,  iospbrorbit (3430) :Frame  3,215 :Surface  529 )"
53672055666,16648792,Display 1,533,"Direct to Display (Surface  533 ,  iospbrorbit (3430) :Frame  3,216 :Surface  533 )"
53688704458,16652000,Display 1,532,"Direct to Display (Surface  532 ,  iospbrorbit (3430) :Frame  3,217 :Surface  532 )"
53705356458,16651042,Display 1,529,"Direct to Display (Surface  529 ,  iospbrorbit (3430) :Frame  3,218 :Surface  529 )"
53722007500,16641000,Display 1,533,"Direct to Display (Surface  533 ,  iospbrorbit (3430) :Frame  3,219 :Surface  533 )"
53738648500,16648625,Display 1,532,"Direct to Display (Surface  532 ,  iospbrorbit (3430) :Frame  3,220 :Surface  532 )"
53755297125,16639416,Display 1,529,"Direct to Display (Surface  529 ,  iospbrorbit (3430) :Frame  3,221 :Surface  529 )"
53771936541,16653667,Display 1,533,"Direct to Display (Surface  533 ,  iospbrorbit (3430) :Frame  3,222 :Surface  533 )"
53788590208,16646333,Display 1,532,"Direct to Display (Surface  532 ,  iospbrorbit (3430) :Frame  3,223 :Surface  532 )"
53805236541,16649750,Display 1,529,"Direct to Display (Surface  529 ,  iospbrorbit (3430) :Frame  3,224 :Surface  529 )"
53821886291,16644875,Display 1,533,"Direct to Display (Surface  533 ,  iospbrorbit (3430) :Frame  3,225 :Surface  533 )"
53838531166,16642750,Display 1,532,"Direct to Display (Surface  532 ,  iospbrorbit (3430) :Frame  3,226 :Surface  532 )"
53855173916,16647500,Display 1,529,"Direct to Display (Surface  529 ,  iospbrorbit (3430) :Frame  3,227 :Surface  529 )"
53871821416,16647875,Display 1,533,"Direct to Display (Surface  533 ,  iospbrorbit (3430) :Frame  3,228 :Surface  533 )"
53888469291,16652709,Display 1,532,"Direct to Display (Surface  532 ,  iospbrorbit (3430) :Frame  3,229 :Surface  532 )"
53905122000,16640041,Display 1,529,"Direct to Display (Surface  529 ,  iospbrorbit (3430) :Frame  3,230 :Surface  529 )"
53921762041,16647084,Display 1,533,"Direct to Display (Surface  533 ,  iospbrorbit (3430) :Frame  3,231 :Surface  533 )"
53938409125,16646750,Display 1,532,"Direct to Display (Surface  532 ,  iospbrorbit (3430) :Frame  3,232 :Surface  532 )"
53955055875,16652750,Display 1,529,"Direct to Display (Surface  529 ,  iospbrorbit (3430) :Frame  3,233 :Surface  529 )"
53971708625,16641250,Display 1,533,"Direct to Display (Surface  533 ,  iospbrorbit (3430) :Frame  3,234 :Surface  533 )"
53988349875,16654375,Display 1,532,"Direct to Display (Surface  532 ,  iospbrorbit (3430) :Frame  3,235 :Surface  532 )"
54005004250,16641250,Display 1,529,"Direct to Display (Surface  529 ,  iospbrorbit (3430) :Frame  3,236 :Surface  529 )"
54021645500,16657375,Display 1,533,"Direct to Display (Surface  533 ,  iospbrorbit (3430) :Frame  3,237 :Surface  533 )"
54038302875,16637625,Display 1,532,"Direct to Display (Surface  532 ,  iospbrorbit (3430) :Frame  3,238 :Surface  532 )"
54054940500,16645166,Display 1,529,"Direct to Display (Surface  529 ,  iospbrorbit (3430) :Frame  3,239 :Surface  529 )"
54071585666,16643292,Display 1,533,"Direct to Display (Surface  533 ,  iospbrorbit (3430) :Frame  3,240 :Surface  533 )"
54088228958,16647625,Display 1,532,"Direct to Display (Surface  532 ,  iospbrorbit (3430) :Frame  3,241 :Surface  532 )"
54104876583,16660042,Display 1,529,"Direct to Display (Surface  529 ,  iospbrorbit (3430) :Frame  3,242 :Surface  529 )"
54121536625,33286500,Display 1,533,"Direct to Display (Surface  533 ,  iospbrorbit (3430) :Frame  3,243 :Surface  533 )"
54154823125,16647416,Display 1,529,"Direct to Display (Surface  529 ,  iospbrorbit (3430) :Frame  3,245 :Surface  529 )"
54171470541,16647750,Display 1,533,"Direct to Display (Surface  533 ,  iospbrorbit (3430) :Frame  3,246 :Surface  533 )"
54188118291,16654542,Display 1,532,"Direct to Display (Surface  532 ,  iospbrorbit (3430) :Frame  3,247 :Surface  532 )"
54204772833,16641250,Display 1,529,"Direct to Display (Surface  529 ,  iospbrorbit (3430) :Frame  3,248 :Surface  529 )"
54221414083,16650167,Display 1,533,"Direct to Display (Surface  533 ,  iospbrorbit (3430) :Frame  3,249 :Surface  533 )"
54238064250,16646083,Display 1,532,"Direct to Display (Surface  532 ,  iospbrorbit (3430) :Frame  3,250 :Surface  532 )"
54254710333,16643083,Display 1,529,"Direct to Display (Surface  529 ,  iospbrorbit (3430) :Frame  3,251 :Surface  529 )"
54271353416,16656500,Display 1,533,"Direct to Display (Surface  533 ,  iospbrorbit (3430) :Frame  3,252 :Surface  533 )"
54288009916,16648209,Display 1,532,"Direct to Display (Surface  532 ,  iospbrorbit (3430) :Frame  3,253 :Surface  532 )"
54304658125,16641958,Display 1,529,"Direct to Display (Surface  529 ,  iospbrorbit (3430) :Frame  3,254 :Surface  529 )"
54321300083,16657417,Display 1,533,"Direct to Display (Surface  533 ,  iospbrorbit (3430) :Frame  3,255 :Surface  533 )"
54337957500,16645666,Display 1,532,"Direct to Display (Surface  532 ,  iospbrorbit (3430) :Frame  3,256 :Surface  532 )"
54354603166,16652167,Display 1,529,"Direct to Display (Surface  529 ,  iospbrorbit (3430) :Frame  3,257 :Surface  529 )"
54371255333,16653583,Display 1,533,"Direct to Display (Surface  533 ,  iospbrorbit (3430) :Frame  3,258 :Surface  533 )"
54387908916,16635834,Display 1,532,"Direct to Display (Surface  532 ,  iospbrorbit (3430) :Frame  3,259 :Surface  532 )"
54404544750,16646458,Display 1,529,"Direct to Display (Surface  529 ,  iospbrorbit (3430) :Frame  3,260 :Surface  529 )"
54421191208,16650625,Display 1,533,"Direct to Display (Surface  533 ,  iospbrorbit (3430) :Frame  3,261 :Surface  533 )"
54437841833,16641792,Display 1,532,"Direct to Display (Surface  532 ,  iospbrorbit (3430) :Frame  3,262 :Surface  532 )"
54454483625,16645500,Display 1,529,"Direct to Display (Surface  529 ,  iospbrorbit (3430) :Frame  3,263 :Surface  529 )"
54471129125,16646291,Display 1,533,"Direct to Display (Surface  533 ,  iospbrorbit (3430) :Frame  3,264 :Surface  533 )"
54487775416,16645875,Display 1,532,"Direct to Display (Surface  532 ,  iospbrorbit (3430) :Frame  3,265 :Surface  532 )"
54504421291,16644667,Display 1,529,"Direct to Display (Surface  529 ,  iospbrorbit (3430) :Frame  3,266 :Surface  529 )"
54521065958,16650792,Display 1,533,"Direct to Display (Surface  533 ,  iospbrorbit (3430) :Frame  3,267 :Surface  533 )"
54537716750,16640000,Display 1,532,"Direct to Display (Surface  532 ,  iospbrorbit (3430) :Frame  3,268 :Surface  532 )"
54554356750,16639833,Display 1,529,"Direct to Display (Surface  529 ,  iospbrorbit (3430) :Frame  3,269 :Surface  529 )"
54570996583,16645583,Display 1,533,"Direct to Display (Surface  533 ,  iospbrorbit (3430) :Frame  3,270 :Surface  533 )"
54587642166,16655417,Display 1,532,"Direct to Display (Surface  532 ,  iospbrorbit (3430) :Frame  3,271 :Surface  532 )"
54604297583,16642583,Display 1,529,"Direct to Display (Surface  529 ,  iospbrorbit (3430) :Frame  3,272 :Surface  529 )"
54620940166,16648084,Display 1,533,"Direct to Display (Surface  533 ,  iospbrorbit (3430) :Frame  3,273 :Surface  533 )"
54637588250,16636000,Display 1,532,"Direct to Display (Surface  532 ,  iospbrorbit (3430) :Frame  3,274 :Surface  532 )"
54654224250,16646000,Display 1,529,"Direct to Display (Surface  529 ,  iospbrorbit (3430) :Frame  3,275 :Surface  529 )"
54670870250,16646958,Display 1,533,"Direct to Display (Surface  533 ,  iospbrorbit (3430) :Frame  3,276 :Surface  533 )"
54687517208,16652250,Display 1,532,"Direct to Display (Surface  532 ,  iospbrorbit (3430) :Frame  3,277 :Surface  532 )"
54704169458,16647333,Display 1,529,"Direct to Display (Surface  529 ,  iospbrorbit (3430) :Frame  3,278 :Surface  529 )"
54720816791,16652917,Display 1,533,"Direct to Display (Surface  533 ,  iospbrorbit (3430) :Frame  3,279 :Surface  533 )"
54737469708,16654167,Display 1,532,"Direct to Display (Surface  532 ,  iospbrorbit (3430) :Frame  3,280 :Surface  532 )"
54754123875,16645083,Display 1,529,"Direct to Display (Surface  529 ,  iospbrorbit (3430) :Frame  3,281 :Surface  529 )"
54770768958,16640250,Display 1,533,"Direct to Display (Surface  533 ,  iospbrorbit (3430) :Frame  3,282 :Surface  533 )"
54787409208,16641875,Display 1,532,"Direct to Display (Surface  532 ,  iospbrorbit (3430) :Frame  3,283 :Surface  532 )"
54804051083,16641708,Display 1,529,"Direct to Display (Surface  529 ,  iospbrorbit (3430) :Frame  3,284 :Surface  529 )"
54820692791,16651917,Display 1,533,"Direct to Display (Surface  533 ,  iospbrorbit (3430) :Frame  3,285 :Surface  533 )"
54837344708,16640708,Display 1,532,"Direct to Display (Surface  532 ,  iospbrorbit (3430) :Frame  3,286 :Surface  532 )"
54853985416,16646959,Display 1,529,"Direct to Display (Surface  529 ,  iospbrorbit (3430) :Frame  3,287 :Surface  529 )"
54870632375,16663583,Display 1,533,"Direct to Display (Surface  533 ,  iospbrorbit (3430) :Frame  3,288 :Surface  533 )"
54887295958,16634708,Display 1,532,"Direct to Display (Surface  532 ,  iospbrorbit (3430) :Frame  3,289 :Surface  532 )"
54903930666,16646834,Display 1,529,"Direct to Display (Surface  529 ,  iospbrorbit (3430) :Frame  3,290 :Surface  529 )"
54920577500,16658250,Display 1,533,"Direct to Display (Surface  533 ,  iospbrorbit (3430) :Frame  3,291 :Surface  533 )"
54937235750,16640166,Display 1,532,"Direct to Display (Surface  532 ,  iospbrorbit (3430) :Frame  3,292 :Surface  532 )"
54953875916,16642375,Display 1,529,"Direct to Display (Surface  529 ,  iospbrorbit (3430) :Frame  3,293 :Surface  529 )"
54970518291,16646042,Display 1,533,"Direct to Display (Surface  533 ,  iospbrorbit (3430) :Frame  3,294 :Surface  533 )"
54987164333,16650750,Display 1,532,"Direct to Display (Surface  532 ,  iospbrorbit (3430) :Frame  3,295 :Surface  532 )"
55003815083,16651333,Display 1,529,"Direct to Display (Surface  529 ,  iospbrorbit (3430) :Frame  3,296 :Surface  529 )"
55020466416,16649542,Display 1,533,"Direct to Display (Surface  533 ,  iospbrorbit (3430) :Frame  3,297 :Surface  533 )"
55037115958,16640042,Display 1,532,"Direct to Display (Surface  532 ,  iospbrorbit (3430) :Frame  3,298 :Surface  532 )"
55053756000,16651500,Display 1,529,"Direct to Display (Surface  529 ,  iospbrorbit (3430) :Frame  3,299 :Surface  529 )"
55070407500,16638291,Display 1,533,"Direct to Display (Surface  533 ,  iospbrorbit (3430) :Frame  3,300 :Surface  533 )"
55087045791,16646625,Display 1,532,"Direct to Display (Surface  532 ,  iospbrorbit (3430) :Frame  3,301 :Surface  532 )"
55103692416,16646292,Display 1,529,"Direct to Display (Surface  529 ,  iospbrorbit (3430) :Frame  3,302 :Surface  529 )"
55120338708,16646208,Display 1,533,"Direct to Display (Surface  533 ,  iospbrorbit (3430) :Frame  3,303 :Surface  533 )"
55136984916,16651167,Display 1,532,"Direct to Display (Surface  532 ,  iospbrorbit (3430) :Frame  3,304 :Surface  532 )"
55153636083,16653542,Display 1,529,"Direct to Display (Surface  529 ,  iospbrorbit (3430) :Frame  3,305 :Surface  529 )"
55170289625,16639750,Display 1,533,"Direct to Display (Surface  533 ,  iospbrorbit (3430) :Frame  3,306 :Surface  533 )"
55186929375,16650375,Display 1,532,"Direct to Display (Surface  532 ,  iospbrorbit (3430) :Frame  3,307 :Surface  532 )"
55203579750,16642333,Display 1,529,"Direct to Display (Surface  529 ,  iospbrorbit (3430) :Frame  3,308 :Surface  529 )"
55220222083,16652250,Display 1,533,"Direct to Display (Surface  533 ,  iospbrorbit (3430) :Frame  3,309 :Surface  533 )"
55236874333,16644375,Display 1,532,"Direct to Display (Surface  532 ,  iospbrorbit (3430) :Frame  3,310 :Surface  532 )"
55253518708,16652250,Display 1,529,"Direct to Display (Surface  529 ,  iospbrorbit (3430) :Frame  3,311 :Surface  529 )"
55270170958,16637375,Display 1,533,"Direct to Display (Surface  533 ,  iospbrorbit (3430) :Frame  3,312 :Surface  533 )"
55286808333,16647417,Display 1,532,"Direct to Display (Surface  532 ,  iospbrorbit (3430) :Frame  3,313 :Surface  532 )"
55303455750,16646375,Display 1,529,"Direct to Display (Surface  529 ,  iospbrorbit (3430) :Frame  3,314 :Surface  529 )"
55320102125,16645958,Display 1,533,"Direct to Display (Surface  533 ,  iospbrorbit (3430) :Frame  3,315 :Surface  533 )"
55336748083,16651500,Display 1,532,"Direct to Display (Surface  532 ,  iospbrorbit (3430) :Frame  3,316 :Surface  532 )"
55353399583,16647042,Display 1,529,"Direct to Display (Surface  529 ,  iospbrorbit (3430) :Frame  3,317 :Surface  529 )"
55370046625,16657416,Display 1,533,"Direct to Display (Surface  533 ,  iospbrorbit (3430) :Frame  3,318 :Surface  533 )"
55386704041,16640292,Display 1,532,"Direct to Display (Surface  532 ,  iospbrorbit (3430) :Frame  3,319 :Surface  532 )"
55403344333,16645750,Display 1,529,"Direct to Display (Surface  529 ,  iospbrorbit (3430) :Frame  3,320 :Surface  529 )"
55419990083,16651458,Display 1,533,"Direct to Display (Surface  533 ,  iospbrorbit (3430) :Frame  3,321 :Surface  533 )"
55436641541,16647250,Display 1,532,"Direct to Display (Surface  532 ,  iospbrorbit (3430) :Frame  3,322 :Surface  532 )"
55453288791,16642042,Display 1,529,"Direct to Display (Surface  529 ,  iospbrorbit (3430) :Frame  3,323 :Surface  529 )"
55469930833,16648792,Display 1,533,"Direct to Display (Surface  533 ,  iospbrorbit (3430) :Frame  3,324 :Surface  533 )"
55486579625,16650833,Display 1,532,"Direct to Display (Surface  532 ,  iospbrorbit (3430) :Frame  3,325 :Surface  532 )"
55503230458,16645042,Display 1,529,"Direct to Display (Surface  529 ,  iospbrorbit (3430) :Frame  3,326 :Surface  529 )"
55519875500,16654083,Display 1,533,"Direct to Display (Surface  533 ,  iospbrorbit (3430) :Frame  3,327 :Surface  533 )"
55536529583,16639458,Display 1,532,"Direct to Display (Surface  532 ,  iospbrorbit (3430) :Frame  3,328 :Surface  532 )"
55553169041,16648917,Display 1,529,"Direct to Display (Surface  529 ,  iospbrorbit (3430) :Frame  3,329 :Surface  529 )"
55569817958,16647042,Display 1,533,"Direct to Display (Surface  533 ,  iospbrorbit (3430) :Frame  3,330 :Surface  533 )"
55586465000,16651500,Display 1,532,"Direct to Display (Surface  532 ,  iospbrorbit (3430) :Frame  3,331 :Surface  532 )"
55603116500,16640041,Display 1,529,"Direct to Display (Surface  529 ,  iospbrorbit (3430) :Frame  3,332 :Surface  529 )"
55619756541,16648792,Display 1,533,"Direct to Display (Surface  533 ,  iospbrorbit (3430) :Frame  3,333 :Surface  533 )"
55636405333,16647333,Display 1,532,"Direct to Display (Surface  532 ,  iospbrorbit (3430) :Frame  3,334 :Surface  532 )"
55653052666,16640584,Display 1,529,"Direct to Display (Surface  529 ,  iospbrorbit (3430) :Frame  3,335 :Surface  529 )"
55669693250,16641166,Display 1,533,"Direct to Display (Surface  533 ,  iospbrorbit (3430) :Frame  3,336 :Surface  533 )"
55686334416,16656417,Display 1,532,"Direct to Display (Surface  532 ,  iospbrorbit (3430) :Frame  3,337 :Surface  532 )"
55702990833,16639917,Display 1,529,"Direct to Display (Surface  529 ,  iospbrorbit (3430) :Frame  3,338 :Surface  529 )"
55719630750,16642458,Display 1,533,"Direct to Display (Surface  533 ,  iospbrorbit (3430) :Frame  3,339 :Surface  533 )"
55736273208,16651875,Display 1,532,"Direct to Display (Surface  532 ,  iospbrorbit (3430) :Frame  3,340 :Surface  532 )"
55752925083,16645875,Display 1,529,"Direct to Display (Surface  529 ,  iospbrorbit (3430) :Frame  3,341 :Surface  529 )"
55769570958,16646250,Display 1,533,"Direct to Display (Surface  533 ,  iospbrorbit (3430) :Frame  3,342 :Surface  533 )"
55786217208,16646417,Display 1,532,"Direct to Display (Surface  532 ,  iospbrorbit (3430) :Frame  3,343 :Surface  532 )"
55802863625,16646041,Display 1,529,"Direct to Display (Surface  529 ,  iospbrorbit (3430) :Frame  3,344 :Surface  529 )"
55819509666,16651250,Display 1,533,"Direct to Display (Surface  533 ,  iospbrorbit (3430) :Frame  3,345 :Surface  533 )"
55836160916,16642292,Display 1,532,"Direct to Display (Surface  532 ,  iospbrorbit (3430) :Frame  3,346 :Surface  532 )"
55852803208,16651250,Display 1,529,"Direct to Display (Surface  529 ,  iospbrorbit (3430) :Frame  3,347 :Surface  529 )"
55869454458,16642417,Display 1,533,"Direct to Display (Surface  533 ,  iospbrorbit (3430) :Frame  3,348 :Surface  533 )"
55886096875,16643166,Display 1,532,"Direct to Display (Surface  532 ,  iospbrorbit (3430) :Frame  3,349 :Surface  532 )"
55902740041,16642625,Display 1,529,"Direct to Display (Surface  529 ,  iospbrorbit (3430) :Frame  3,350 :Surface  529 )"
55919382666,16652584,Display 1,533,"Direct to Display (Surface  533 ,  iospbrorbit (3430) :Frame  3,351 :Surface  533 )"
55936035250,16642083,Display 1,532,"Direct to Display (Surface  532 ,  iospbrorbit (3430) :Frame  3,352 :Surface  532 )"
55952677333,16658625,Display 1,529,"Direct to Display (Surface  529 ,  iospbrorbit (3430) :Frame  3,353 :Surface  529 )"
55969335958,16639375,Display 1,533,"Direct to Display (Surface  533 ,  iospbrorbit (3430) :Frame  3,354 :Surface  533 )"
55985975333,16656083,Display 1,532,"Direct to Display (Surface  532 ,  iospbrorbit (3430) :Frame  3,355 :Surface  532 )"
56002631416,16636834,Display 1,529,"Direct to Display (Surface  529 ,  iospbrorbit (3430) :Frame  3,356 :Surface  529 )"
56019268250,16651333,Display 1,533,"Direct to Display (Surface  533 ,  iospbrorbit (3430) :Frame  3,357 :Surface  533 )"
56035919583,16641000,Display 1,532,"Direct to Display (Surface  532 ,  iospbrorbit (3430) :Frame  3,358 :Surface  532 )"
56052560583,16647833,Display 1,529,"Direct to Display (Surface  529 ,  iospbrorbit (3430) :Frame  3,359 :Surface  529 )"
56069208416,16646625,Display 1,533,"Direct to Display (Surface  533 ,  iospbrorbit (3430) :Frame  3,360 :Surface  533 )"
56085855041,16646042,Display 1,532,"Direct to Display (Surface  532 ,  iospbrorbit (3430) :Frame  3,361 :Surface  532 )"
56102501083,16640083,Display 1,529,"Direct to Display (Surface  529 ,  iospbrorbit (3430) :Frame  3,362 :Surface  529 )"
56119141166,16655084,Display 1,533,"Direct to Display (Surface  533 ,  iospbrorbit (3430) :Frame  3,363 :Surface  533 )"
56135796250,16646833,Display 1,532,"Direct to Display (Surface  532 ,  iospbrorbit (3430) :Frame  3,364 :Surface  532 )"
56152443083,16647250,Display 1,529,"Direct to Display (Surface  529 ,  iospbrorbit (3430) :Frame  3,365 :Surface  529 )"
56169090333,16649083,Display 1,533,"Direct to Display (Surface  533 ,  iospbrorbit (3430) :Frame  3,366 :Surface  533 )"
56185739416,16645750,Display 1,532,"Direct to Display (Surface  532 ,  iospbrorbit (3430) :Frame  3,367 :Surface  532 )"
56202385166,16641542,Display 1,529,"Direct to Display (Surface  529 ,  iospbrorbit (3430) :Frame  3,368 :Surface  529 )"
56219026708,16650125,Display 1,533,"Direct to Display (Surface  533 ,  iospbrorbit (3430) :Frame  3,369 :Surface  533 )"
56235676833,16643750,Display 1,532,"Direct to Display (Surface  532 ,  iospbrorbit (3430) :Frame  3,370 :Surface  532 )"
56252320583,16643167,Display 1,529,"Direct to Display (Surface  529 ,  iospbrorbit (3430) :Frame  3,371 :Surface  529 )"
56268963750,16652541,Display 1,533,"Direct to Display (Surface  533 ,  iospbrorbit (3430) :Frame  3,372 :Surface  533 )"
56285616291,33295209,Display 1,532,"Direct to Display (Surface  532 ,  iospbrorbit (3430) :Frame  3,373 :Surface  532 )"
56318911500,16652291,Display 1,533,"Direct to Display (Surface  533 ,  iospbrorbit (3430) :Frame  3,375 :Surface  533 )"
56335563791,16646417,Display 1,532,"Direct to Display (Surface  532 ,  iospbrorbit (3430) :Frame  3,376 :Surface  532 )"
56352210208,16642125,Display 1,529,"Direct to Display (Surface  529 ,  iospbrorbit (3430) :Frame  3,377 :Surface  529 )"
56368852333,16653042,Display 1,533,"Direct to Display (Surface  533 ,  iospbrorbit (3430) :Frame  3,378 :Surface  533 )"
56385505375,16647291,Display 1,532,"Direct to Display (Surface  532 ,  iospbrorbit (3430) :Frame  3,379 :Surface  532 )"
56402152666,16647209,Display 1,529,"Direct to Display (Surface  529 ,  iospbrorbit (3430) :Frame  3,380 :Surface  529 )"
56418799875,16652708,Display 1,533,"Direct to Display (Surface  533 ,  iospbrorbit (3430) :Frame  3,381 :Surface  533 )"
56435452583,16644125,Display 1,532,"Direct to Display (Surface  532 ,  iospbrorbit (3430) :Frame  3,382 :Surface  532 )"
56452096708,16645333,Display 1,529,"Direct to Display (Surface  529 ,  iospbrorbit (3430) :Frame  3,383 :Surface  529 )"
56468742041,16645417,Display 1,533,"Direct to Display (Surface  533 ,  iospbrorbit (3430) :Frame  3,384 :Surface  533 )"
56485387458,16645833,Display 1,532,"Direct to Display (Surface  532 ,  iospbrorbit (3430) :Frame  3,385 :Surface  532 )"
56502033291,16648750,Display 1,529,"Direct to Display (Surface  529 ,  iospbrorbit (3430) :Frame  3,386 :Surface  529 )"
56518682041,16650459,Display 1,533,"Direct to Display (Surface  533 ,  iospbrorbit (3430) :Frame  3,387 :Surface  533 )"
56535332500,16651416,Display 1,532,"Direct to Display (Surface  532 ,  iospbrorbit (3430) :Frame  3,388 :Surface  532 )"
56551983916,16645959,Display 1,529,"Direct to Display (Surface  529 ,  iospbrorbit (3430) :Frame  3,389 :Surface  529 )"
56568629875,16644291,Display 1,533,"Direct to Display (Surface  533 ,  iospbrorbit (3430) :Frame  3,390 :Surface  533 )"
56585274166,16646084,Display 1,532,"Direct to Display (Surface  532 ,  iospbrorbit (3430) :Frame  3,391 :Surface  532 )"
56601920250,16649375,Display 1,529,"Direct to Display (Surface  529 ,  iospbrorbit (3430) :Frame  3,392 :Surface  529 )"
56618569625,16653041,Display 1,533,"Direct to Display (Surface  533 ,  iospbrorbit (3430) :Frame  3,393 :Surface  533 )"
56635222666,16644667,Display 1,532,"Direct to Display (Surface  532 ,  iospbrorbit (3430) :Frame  3,394 :Surface  532 )"
56651867333,16651500,Display 1,529,"Direct to Display (Surface  529 ,  iospbrorbit (3430) :Frame  3,395 :Surface  529 )"
56668518833,16644083,Display 1,533,"Direct to Display (Surface  533 ,  iospbrorbit (3430) :Frame  3,396 :Surface  533 )"
56685162916,16645917,Display 1,532,"Direct to Display (Surface  532 ,  iospbrorbit (3430) :Frame  3,397 :Surface  532 )"
56701808833,16640750,Display 1,529,"Direct to Display (Surface  529 ,  iospbrorbit (3430) :Frame  3,398 :Surface  529 )"
56718449583,16651417,Display 1,533,"Direct to Display (Surface  533 ,  iospbrorbit (3430) :Frame  3,399 :Surface  533 )"
56735101000,16645291,Display 1,532,"Direct to Display (Surface  532 ,  iospbrorbit (3430) :Frame  3,400 :Surface  532 )"
56751746291,16644292,Display 1,529,"Direct to Display (Surface  529 ,  iospbrorbit (3430) :Frame  3,401 :Surface  529 )"
56768390583,16651833,Display 1,533,"Direct to Display (Surface  533 ,  iospbrorbit (3430) :Frame  3,402 :Surface  533 )"
56785042416,16643000,Display 1,532,"Direct to Display (Surface  532 ,  iospbrorbit (3430) :Frame  3,403 :Surface  532 )"
56801685416,16652542,Display 1,529,"Direct to Display (Surface  529 ,  iospbrorbit (3430) :Frame  3,404 :Surface  529 )"
56818337958,16639875,Display 1,533,"Direct to Display (Surface  533 ,  iospbrorbit (3430) :Frame  3,405 :Surface  533 )"
56834977833,16657000,Display 1,532,"Direct to Display (Surface  532 ,  iospbrorbit (3430) :Frame  3,406 :Surface  532 )"
56851634833,16647750,Display 1,529,"Direct to Display (Surface  529 ,  iospbrorbit (3430) :Frame  3,407 :Surface  529 )"
56868282583,16639042,Display 1,533,"Direct to Display (Surface  533 ,  iospbrorbit (3430) :Frame  3,408 :Surface  533 )"
56884921625,16651458,Display 1,532,"Direct to Display (Surface  532 ,  iospbrorbit (3430) :Frame  3,409 :Surface  532 )"
56901573083,16653417,Display 1,529,"Direct to Display (Surface  529 ,  iospbrorbit (3430) :Frame  3,410 :Surface  529 )"
56918226500,16637500,Display 1,533,"Direct to Display (Surface  533 ,  iospbrorbit (3430) :Frame  3,411 :Surface  533 )"
56934864000,16643208,Display 1,532,"Direct to Display (Surface  532 ,  iospbrorbit (3430) :Frame  3,412 :Surface  532 )"
56951507208,16656833,Display 1,529,"Direct to Display (Surface  529 ,  iospbrorbit (3430) :Frame  3,413 :Surface  529 )"
56968164041,16648750,Display 1,533,"Direct to Display (Surface  533 ,  iospbrorbit (3430) :Frame  3,414 :Surface  533 )"
56984812791,16642084,Display 1,532,"Direct to Display (Surface  532 ,  iospbrorbit (3430) :Frame  3,415 :Surface  532 )"
57001454875,16646583,Display 1,529,"Direct to Display (Surface  529 ,  iospbrorbit (3430) :Frame  3,416 :Surface  529 )"
57018101458,16653083,Display 1,533,"Direct to Display (Surface  533 ,  iospbrorbit (3430) :Frame  3,417 :Surface  533 )"
57034754541,16652750,Display 1,532,"Direct to Display (Surface  532 ,  iospbrorbit (3430) :Frame  3,418 :Surface  532 )"
57051407291,16636750,Display 1,529,"Direct to Display (Surface  529 ,  iospbrorbit (3430) :Frame  3,419 :Surface  529 )"
57068044041,16647334,Display 1,533,"Direct to Display (Surface  533 ,  iospbrorbit (3430) :Frame  3,420 :Surface  533 )"
57084691375,16641416,Display 1,532,"Direct to Display (Surface  532 ,  iospbrorbit (3430) :Frame  3,421 :Surface  532 )"
57101332791,16648000,Display 1,529,"Direct to Display (Surface  529 ,  iospbrorbit (3430) :Frame  3,422 :Surface  529 )"
57117980791,16653250,Display 1,533,"Direct to Display (Surface  533 ,  iospbrorbit (3430) :Frame  3,423 :Surface  533 )"
57134634041,16653750,Display 1,532,"Direct to Display (Surface  532 ,  iospbrorbit (3430) :Frame  3,424 :Surface  532 )"
57151287791,16643042,Display 1,529,"Direct to Display (Surface  529 ,  iospbrorbit (3430) :Frame  3,425 :Surface  529 )"
57167930833,16653917,Display 1,533,"Direct to Display (Surface  533 ,  iospbrorbit (3430) :Frame  3,426 :Surface  533 )"
57184584750,16641250,Display 1,532,"Direct to Display (Surface  532 ,  iospbrorbit (3430) :Frame  3,427 :Surface  532 )"
57201226000,16658583,Display 1,529,"Direct to Display (Surface  529 ,  iospbrorbit (3430) :Frame  3,428 :Surface  529 )"
57217884583,16649833,Display 1,533,"Direct to Display (Surface  533 ,  iospbrorbit (3430) :Frame  3,429 :Surface  533 )"
57234534416,16646709,Display 1,532,"Direct to Display (Surface  532 ,  iospbrorbit (3430) :Frame  3,430 :Surface  532 )"
57251181125,16642375,Display 1,529,"Direct to Display (Surface  529 ,  iospbrorbit (3430) :Frame  3,431 :Surface  529 )"
57267823500,16656166,Display 1,533,"Direct to Display (Surface  533 ,  iospbrorbit (3430) :Frame  3,432 :Surface  533 )"
57284479666,16642375,Display 1,532,"Direct to Display (Surface  532 ,  iospbrorbit (3430) :Frame  3,433 :Surface  532 )"
57301122041,16653167,Display 1,529,"Direct to Display (Surface  529 ,  iospbrorbit (3430) :Frame  3,434 :Surface  529 )"
57317775208,66580417,Display 1,533,"Direct to Display (Surface  533 ,  iospbrorbit (3430) :Frame  3,435 :Surface  533 )"
57384355625,16647416,Display 1,532,"Direct to Display (Surface  532 ,  iospbrorbit (3430) :Frame  3,436 :Surface  532 )"
57401003041,16646167,Display 1,529,"Direct to Display (Surface  529 ,  iospbrorbit (3430) :Frame  3,437 :Surface  529 )"
57417649208,16647708,Display 1,533,"Direct to Display (Surface  533 ,  iospbrorbit (3430) :Frame  3,438 :Surface  533 )"
57434296916,16647125,Display 1,532,"Direct to Display (Surface  532 ,  iospbrorbit (3430) :Frame  3,442 :Surface  532 )"
57450944041,16641792,Display 1,529,"Direct to Display (Surface  529 ,  iospbrorbit (3430) :Frame  3,443 :Surface  529 )"
57467585833,16657083,Display 1,533,"Direct to Display (Surface  533 ,  iospbrorbit (3430) :Frame  3,444 :Surface  533 )"
57484242916,16647959,Display 1,532,"Direct to Display (Surface  532 ,  iospbrorbit (3430) :Frame  3,445 :Surface  532 )"
57500890875,16647291,Display 1,529,"Direct to Display (Surface  529 ,  iospbrorbit (3430) :Frame  3,446 :Surface  529 )"
57517538166,16643000,Display 1,533,"Direct to Display (Surface  533 ,  iospbrorbit (3430) :Frame  3,447 :Surface  533 )"
57534181166,16651834,Display 1,532,"Direct to Display (Surface  532 ,  iospbrorbit (3430) :Frame  3,448 :Surface  532 )"
57550833000,16647500,Display 1,529,"Direct to Display (Surface  529 ,  iospbrorbit (3430) :Frame  3,449 :Surface  529 )"
57567480500,16646625,Display 1,533,"Direct to Display (Surface  533 ,  iospbrorbit (3430) :Frame  3,450 :Surface  533 )"
57584127125,16654416,Display 1,532,"Direct to Display (Surface  532 ,  iospbrorbit (3430) :Frame  3,451 :Surface  532 )"
57600781541,16642959,Display 1,529,"Direct to Display (Surface  529 ,  iospbrorbit (3430) :Frame  3,452 :Surface  529 )"
57617424500,16645125,Display 1,533,"Direct to Display (Surface  533 ,  iospbrorbit (3430) :Frame  3,453 :Surface  533 )"
57634069625,16648500,Display 1,532,"Direct to Display (Surface  532 ,  iospbrorbit (3430) :Frame  3,454 :Surface  532 )"
57650718125,16647791,Display 1,529,"Direct to Display (Surface  529 ,  iospbrorbit (3430) :Frame  3,455 :Surface  529 )"
57667365916,16657584,Display 1,533,"Direct to Display (Surface  533 ,  iospbrorbit (3430) :Frame  3,456 :Surface  533 )"
57684023500,16637666,Display 1,532,"Direct to Display (Surface  532 ,  iospbrorbit (3430) :Frame  3,457 :Surface  532 )"
57700661166,16643792,Display 1,529,"Direct to Display (Surface  529 ,  iospbrorbit (3430) :Frame  3,458 :Surface  529 )"
57717304958,16656667,Display 1,533,"Direct to Display (Surface  533 ,  iospbrorbit (3430) :Frame  3,459 :Surface  533 )"
57733961625,16656333,Display 1,532,"Direct to Display (Surface  532 ,  iospbrorbit (3430) :Frame  3,460 :Surface  532 )"
57750617958,16641708,Display 1,529,"Direct to Display (Surface  529 ,  iospbrorbit (3430) :Frame  3,461 :Surface  529 )"
57767259666,16649042,Display 1,533,"Direct to Display (Surface  533 ,  iospbrorbit (3430) :Frame  3,462 :Surface  533 )"
57783908708,16643667,Display 1,532,"Direct to Display (Surface  532 ,  iospbrorbit (3430) :Frame  3,463 :Surface  532 )"
57800552375,16645250,Display 1,529,"Direct to Display (Surface  529 ,  iospbrorbit (3430) :Frame  3,464 :Surface  529 )"
57817197625,16650916,Display 1,533,"Direct to Display (Surface  533 ,  iospbrorbit (3430) :Frame  3,465 :Surface  533 )"
57833848541,16642459,Display 1,532,"Direct to Display (Surface  532 ,  iospbrorbit (3430) :Frame  3,466 :Surface  532 )"
57850491000,16656041,Display 1,529,"Direct to Display (Surface  529 ,  iospbrorbit (3430) :Frame  3,467 :Surface  529 )"
57867147041,16644542,Display 1,533,"Direct to Display (Surface  533 ,  iospbrorbit (3430) :Frame  3,468 :Surface  533 )"
57883791583,16649625,Display 1,532,"Direct to Display (Surface  532 ,  iospbrorbit (3430) :Frame  3,469 :Surface  532 )"
57900441208,16646583,Display 1,529,"Direct to Display (Surface  529 ,  iospbrorbit (3430) :Frame  3,470 :Surface  529 )"
57917087791,16641250,Display 1,533,"Direct to Display (Surface  533 ,  iospbrorbit (3430) :Frame  3,471 :Surface  533 )"
57933729041,16642917,Display 1,532,"Direct to Display (Surface  532 ,  iospbrorbit (3430) :Frame  3,472 :Surface  532 )"
57950371958,16648292,Display 1,529,"Direct to Display (Surface  529 ,  iospbrorbit (3430) :Frame  3,473 :Surface  529 )"
57967020250,16650125,Display 1,533,"Direct to Display (Surface  533 ,  iospbrorbit (3430) :Frame  3,474 :Surface  533 )"
57983670375,16647083,Display 1,532,"Direct to Display (Surface  532 ,  iospbrorbit (3430) :Frame  3,475 :Surface  532 )"
58000317458,16654875,Display 1,529,"Direct to Display (Surface  529 ,  iospbrorbit (3430) :Frame  3,476 :Surface  529 )"
58016972333,16649667,Display 1,533,"Direct to Display (Surface  533 ,  iospbrorbit (3430) :Frame  3,477 :Surface  533 )"
58033622000,16634708,Display 1,532,"Direct to Display (Surface  532 ,  iospbrorbit (3430) :Frame  3,478 :Surface  532 )"
58050256708,16641667,Display 1,529,"Direct to Display (Surface  529 ,  iospbrorbit (3430) :Frame  3,479 :Surface  529 )"
58066898375,16650333,Display 1,533,"Direct to Display (Surface  533 ,  iospbrorbit (3430) :Frame  3,480 :Surface  533 )"
58083548708,16645750,Display 1,532,"Direct to Display (Surface  532 ,  iospbrorbit (3430) :Frame  3,481 :Surface  532 )"
58100194458,16654750,Display 1,529,"Direct to Display (Surface  529 ,  iospbrorbit (3430) :Frame  3,482 :Surface  529 )"
58116849208,16645375,Display 1,533,"Direct to Display (Surface  533 ,  iospbrorbit (3430) :Frame  3,483 :Surface  533 )"
58133494583,16643375,Display 1,532,"Direct to Display (Surface  532 ,  iospbrorbit (3430) :Frame  3,484 :Surface  532 )"
58150137958,16647667,Display 1,529,"Direct to Display (Surface  529 ,  iospbrorbit (3430) :Frame  3,485 :Surface  529 )"
58166785625,16657375,Display 1,533,"Direct to Display (Surface  533 ,  iospbrorbit (3430) :Frame  3,486 :Surface  533 )"
58183443000,16637583,Display 1,532,"Direct to Display (Surface  532 ,  iospbrorbit (3430) :Frame  3,487 :Surface  532 )"
58200080583,16646625,Display 1,529,"Direct to Display (Surface  529 ,  iospbrorbit (3430) :Frame  3,488 :Surface  529 )"
58216727208,16653167,Display 1,533,"Direct to Display (Surface  533 ,  iospbrorbit (3430) :Frame  3,489 :Surface  533 )"
58233380375,16653000,Display 1,532,"Direct to Display (Surface  532 ,  iospbrorbit (3430) :Frame  3,490 :Surface  532 )"
58250033375,16649000,Display 1,529,"Direct to Display (Surface  529 ,  iospbrorbit (3430) :Frame  3,491 :Surface  529 )"
58266682375,16641291,Display 1,533,"Direct to Display (Surface  533 ,  iospbrorbit (3430) :Frame  3,492 :Surface  533 )"
58283323666,16644917,Display 1,532,"Direct to Display (Surface  532 ,  iospbrorbit (3430) :Frame  3,493 :Surface  532 )"
58299968583,16660792,Display 1,529,"Direct to Display (Surface  529 ,  iospbrorbit (3430) :Frame  3,494 :Surface  529 )"
58316629375,16639541,Display 1,533,"Direct to Display (Surface  533 ,  iospbrorbit (3430) :Frame  3,495 :Surface  533 )"
58333268916,16645000,Display 1,532,"Direct to Display (Surface  532 ,  iospbrorbit (3430) :Frame  3,496 :Surface  532 )"
58349913916,16652250,Display 1,529,"Direct to Display (Surface  529 ,  iospbrorbit (3430) :Frame  3,497 :Surface  529 )"
58366566166,16644334,Display 1,533,"Direct to Display (Surface  533 ,  iospbrorbit (3430) :Frame  3,498 :Surface  533 )"
58383210500,16649625,Display 1,532,"Direct to Display (Surface  532 ,  iospbrorbit (3430) :Frame  3,499 :Surface  532 )"
58399860125,66594041,Display 1,529,"Direct to Display (Surface  529 ,  iospbrorbit (3430) :Frame  3,500 :Surface  529 )"
58466454166,16648084,Display 1,533,"Direct to Display (Surface  533 ,  iospbrorbit (3430) :Frame  3,501 :Surface  533 )"
58483102250,16648250,Display 1,532,"Direct to Display (Surface  532 ,  iospbrorbit (3430) :Frame  3,502 :Surface  532 )"
58499750500,16647708,Display 1,529,"Direct to Display (Surface  529 ,  iospbrorbit (3430) :Frame  3,503 :Surface  529 )"
58516398208,16642167,Display 1,533,"Direct to Display (Surface  533 ,  iospbrorbit (3430) :Frame  3,507 :Surface  533 )"
58533040375,16647375,Display 1,532,"Direct to Display (Surface  532 ,  iospbrorbit (3430) :Frame  3,508 :Surface  532 )"
58549687750,16652250,Display 1,529,"Direct to Display (Surface  529 ,  iospbrorbit (3430) :Frame  3,509 :Surface  529 )"
58566340000,16651916,Display 1,533,"Direct to Display (Surface  533 ,  iospbrorbit (3430) :Frame  3,510 :Surface  533 )"
58582991916,16643667,Display 1,532,"Direct to Display (Surface  532 ,  iospbrorbit (3430) :Frame  3,511 :Surface  532 )"
58599635583,16647708,Display 1,529,"Direct to Display (Surface  529 ,  iospbrorbit (3430) :Frame  3,512 :Surface  529 )"
58616283291,16649125,Display 1,533,"Direct to Display (Surface  533 ,  iospbrorbit (3430) :Frame  3,513 :Surface  533 )"
58632932416,16646709,Display 1,532,"Direct to Display (Surface  532 ,  iospbrorbit (3430) :Frame  3,514 :Surface  532 )"
58649579125,16653416,Display 1,529,"Direct to Display (Surface  529 ,  iospbrorbit (3430) :Frame  3,515 :Surface  529 )"
58666232541,16643709,Display 1,533,"Direct to Display (Surface  533 ,  iospbrorbit (3430) :Frame  3,516 :Surface  533 )"
58682876250,16649083,Display 1,532,"Direct to Display (Surface  532 ,  iospbrorbit (3430) :Frame  3,517 :Surface  532 )"
58699525333,16645708,Display 1,529,"Direct to Display (Surface  529 ,  iospbrorbit (3430) :Frame  3,518 :Surface  529 )"
58716171041,16651792,Display 1,533,"Direct to Display (Surface  533 ,  iospbrorbit (3430) :Frame  3,519 :Surface  533 )"
58732822833,16651625,Display 1,532,"Direct to Display (Surface  532 ,  iospbrorbit (3430) :Frame  3,520 :Surface  532 )"
58749474458,16653042,Display 1,529,"Direct to Display (Surface  529 ,  iospbrorbit (3430) :Frame  3,521 :Surface  529 )"
58766127500,16640041,Display 1,533,"Direct to Display (Surface  533 ,  iospbrorbit (3430) :Frame  3,522 :Surface  533 )"
58782767541,16649084,Display 1,532,"Direct to Display (Surface  532 ,  iospbrorbit (3430) :Frame  3,523 :Surface  532 )"
58799416625,16649750,Display 1,529,"Direct to Display (Surface  529 ,  iospbrorbit (3430) :Frame  3,524 :Surface  529 )"
58816066375,16637958,Display 1,533,"Direct to Display (Surface  533 ,  iospbrorbit (3430) :Frame  3,525 :Surface  533 )"
58832704333,16660917,Display 1,532,"Direct to Display (Surface  532 ,  iospbrorbit (3430) :Frame  3,526 :Surface  532 )"
58849365250,16641750,Display 1,529,"Direct to Display (Surface  529 ,  iospbrorbit (3430) :Frame  3,527 :Surface  529 )"
58866007000,16641666,Display 1,533,"Direct to Display (Surface  533 ,  iospbrorbit (3430) :Frame  3,528 :Surface  533 )"
58882648666,16648209,Display 1,532,"Direct to Display (Surface  532 ,  iospbrorbit (3430) :Frame  3,529 :Surface  532 )"
58899296875,16659625,Display 1,529,"Direct to Display (Surface  529 ,  iospbrorbit (3430) :Frame  3,530 :Surface  529 )"
58915956500,16648958,Display 1,533,"Direct to Display (Surface  533 ,  iospbrorbit (3430) :Frame  3,531 :Surface  533 )"
58932605458,16636542,Display 1,532,"Direct to Display (Surface  532 ,  iospbrorbit (3430) :Frame  3,532 :Surface  532 )"
58949242000,16652375,Display 1,529,"Direct to Display (Surface  529 ,  iospbrorbit (3430) :Frame  3,533 :Surface  529 )"
58965894375,16649666,Display 1,533,"Direct to Display (Surface  533 ,  iospbrorbit (3430) :Frame  3,534 :Surface  533 )"
58982544041,16646917,Display 1,532,"Direct to Display (Surface  532 ,  iospbrorbit (3430) :Frame  3,535 :Surface  532 )"
58999190958,16644208,Display 1,529,"Direct to Display (Surface  529 ,  iospbrorbit (3430) :Frame  3,536 :Surface  529 )"
59015835166,16647167,Display 1,533,"Direct to Display (Surface  533 ,  iospbrorbit (3430) :Frame  3,537 :Surface  533 )"
59032482333,16656083,Display 1,532,"Direct to Display (Surface  532 ,  iospbrorbit (3430) :Frame  3,538 :Surface  532 )"
59049138416,16645375,Display 1,529,"Direct to Display (Surface  529 ,  iospbrorbit (3430) :Frame  3,539 :Surface  529 )"
59065783791,16645834,Display 1,533,"Direct to Display (Surface  533 ,  iospbrorbit (3430) :Frame  3,540 :Surface  533 )"
59082429625,16648166,Display 1,532,"Direct to Display (Surface  532 ,  iospbrorbit (3430) :Frame  3,541 :Surface  532 )"
59099077791,16648125,Display 1,529,"Direct to Display (Surface  529 ,  iospbrorbit (3430) :Frame  3,542 :Surface  529 )"
59115725916,16649125,Display 1,533,"Direct to Display (Surface  533 ,  iospbrorbit (3430) :Frame  3,543 :Surface  533 )"
59132375041,16647042,Display 1,532,"Direct to Display (Surface  532 ,  iospbrorbit (3430) :Frame  3,544 :Surface  532 )"
59149022083,16651792,Display 1,529,"Direct to Display (Surface  529 ,  iospbrorbit (3430) :Frame  3,545 :Surface  529 )"
59165673875,16649166,Display 1,533,"Direct to Display (Surface  533 ,  iospbrorbit (3430) :Frame  3,546 :Surface  533 )"
59182323041,16652500,Display 1,532,"Direct to Display (Surface  532 ,  iospbrorbit (3430) :Frame  3,547 :Surface  532 )"
59198975541,16635125,Display 1,529,"Direct to Display (Surface  529 ,  iospbrorbit (3430) :Frame  3,548 :Surface  529 )"
59215610666,16660959,Display 1,533,"Direct to Display (Surface  533 ,  iospbrorbit (3430) :Frame  3,549 :Surface  533 )"
59232271625,16645833,Display 1,532,"Direct to Display (Surface  532 ,  iospbrorbit (3430) :Frame  3,550 :Surface  532 )"
59248917458,16641750,Display 1,529,"Direct to Display (Surface  529 ,  iospbrorbit (3430) :Frame  3,551 :Surface  529 )"
59265559208,16664333,Display 1,533,"Direct to Display (Surface  533 ,  iospbrorbit (3430) :Frame  3,552 :Surface  533 )"
59282223541,16644417,Display 1,532,"Direct to Display (Surface  532 ,  iospbrorbit (3430) :Frame  3,553 :Surface  532 )"
59298867958,16647833,Display 1,529,"Direct to Display (Surface  529 ,  iospbrorbit (3430) :Frame  3,554 :Surface  529 )"
59315515791,16643417,Display 1,533,"Direct to Display (Surface  533 ,  iospbrorbit (3430) :Frame  3,555 :Surface  533 )"
59332159208,16658292,Display 1,532,"Direct to Display (Surface  532 ,  iospbrorbit (3430) :Frame  3,556 :Surface  532 )"
59348817500,16638166,Display 1,529,"Direct to Display (Surface  529 ,  iospbrorbit (3430) :Frame  3,557 :Surface  529 )"
59365455666,16647334,Display 1,533,"Direct to Display (Surface  533 ,  iospbrorbit (3430) :Frame  3,558 :Surface  533 )"
59382103000,16646250,Display 1,532,"Direct to Display (Surface  532 ,  iospbrorbit (3430) :Frame  3,559 :Surface  532 )"
59398749250,16647083,Display 1,529,"Direct to Display (Surface  529 ,  iospbrorbit (3430) :Frame  3,560 :Surface  529 )"
59415396333,16653125,Display 1,533,"Direct to Display (Surface  533 ,  iospbrorbit (3430) :Frame  3,561 :Surface  533 )"
59432049458,16648917,Display 1,532,"Direct to Display (Surface  532 ,  iospbrorbit (3430) :Frame  3,562 :Surface  532 )"
59448698375,16645833,Display 1,529,"Direct to Display (Surface  529 ,  iospbrorbit (3430) :Frame  3,563 :Surface  529 )"
59465344208,16642417,Display 1,533,"Direct to Display (Surface  533 ,  iospbrorbit (3430) :Frame  3,564 :Surface  533 )"
59481986625,16655000,Display 1,532,"Direct to Display (Surface  532 ,  iospbrorbit (3430) :Frame  3,565 :Surface  532 )"
59498641625,16642041,Display 1,529,"Direct to Display (Surface  529 ,  iospbrorbit (3430) :Frame  3,566 :Surface  529 )"
59515283666,16648209,Display 1,533,"Direct to Display (Surface  533 ,  iospbrorbit (3430) :Frame  3,567 :Surface  533 )"
59531931875,16648666,Display 1,532,"Direct to Display (Surface  532 ,  iospbrorbit (3430) :Frame  3,568 :Surface  532 )"
59548580541,16647209,Display 1,529,"Direct to Display (Surface  529 ,  iospbrorbit (3430) :Frame  3,569 :Surface  529 )"
59565227750,16648166,Display 1,533,"Direct to Display (Surface  533 ,  iospbrorbit (3430) :Frame  3,570 :Surface  533 )"
59581875916,16650667,Display 1,532,"Direct to Display (Surface  532 ,  iospbrorbit (3430) :Frame  3,571 :Surface  532 )"
59598526583,16644833,Display 1,529,"Direct to Display (Surface  529 ,  iospbrorbit (3430) :Frame  3,572 :Surface  529 )"
59615171416,16647542,Display 1,533,"Direct to Display (Surface  533 ,  iospbrorbit (3430) :Frame  3,573 :Surface  533 )"
59631818958,16647708,Display 1,532,"Direct to Display (Surface  532 ,  iospbrorbit (3430) :Frame  3,574 :Surface  532 )"
59648466666,16647459,Display 1,529,"Direct to Display (Surface  529 ,  iospbrorbit (3430) :Frame  3,575 :Surface  529 )"
59665114125,16647208,Display 1,533,"Direct to Display (Surface  533 ,  iospbrorbit (3430) :Frame  3,576 :Surface  533 )"
59681761333,16647458,Display 1,532,"Direct to Display (Surface  532 ,  iospbrorbit (3430) :Frame  3,577 :Surface  532 )"
59698408791,16647167,Display 1,529,"Direct to Display (Surface  529 ,  iospbrorbit (3430) :Frame  3,578 :Surface  529 )"
59715055958,16647208,Display 1,533,"Direct to Display (Surface  533 ,  iospbrorbit (3430) :Frame  3,579 :Surface  533 )"
59731703166,16648334,Display 1,532,"Direct to Display (Surface  532 ,  iospbrorbit (3430) :Frame  3,580 :Surface  532 )"
59748351500,16648000,Display 1,529,"Direct to Display (Surface  529 ,  iospbrorbit (3430) :Frame  3,581 :Surface  529 )"
59764999500,16647041,Display 1,533,"Direct to Display (Surface  533 ,  iospbrorbit (3430) :Frame  3,582 :Surface  533 )"
59781646541,16647125,Display 1,532,"Direct to Display (Surface  532 ,  iospbrorbit (3430) :Frame  3,583 :Surface  532 )"
59798293666,16648167,Display 1,529,"Direct to Display (Surface  529 ,  iospbrorbit (3430) :Frame  3,584 :Surface  529 )"
59814941833,16649250,Display 1,533,"Direct to Display (Surface  533 ,  iospbrorbit (3430) :Frame  3,585 :Surface  533 )"
59831591083,16649500,Display 1,532,"Direct to Display (Surface  532 ,  iospbrorbit (3430) :Frame  3,586 :Surface  532 )"
59848240583,16648000,Display 1,529,"Direct to Display (Surface  529 ,  iospbrorbit (3430) :Frame  3,587 :Surface  529 )"
59864888583,16650458,Display 1,533,"Direct to Display (Surface  533 ,  iospbrorbit (3430) :Frame  3,588 :Surface  533 )"
59881539041,16645125,Display 1,532,"Direct to Display (Surface  532 ,  iospbrorbit (3430) :Frame  3,589 :Surface  532 )"
59898184166,16648167,Display 1,529,"Direct to Display (Surface  529 ,  iospbrorbit (3430) :Frame  3,590 :Surface  529 )"
59914832333,16647542,Display 1,533,"Direct to Display (Surface  533 ,  iospbrorbit (3430) :Frame  3,591 :Surface  533 )"
59931479875,16648708,Display 1,532,"Direct to Display (Surface  532 ,  iospbrorbit (3430) :Frame  3,592 :Surface  532 )"
59948128583,16647500,Display 1,529,"Direct to Display (Surface  529 ,  iospbrorbit (3430) :Frame  3,593 :Surface  529 )"
59964776083,16648292,Display 1,533,"Direct to Display (Surface  533 ,  iospbrorbit (3430) :Frame  3,594 :Surface  533 )"
59981424375,16647875,Display 1,532,"Direct to Display (Surface  532 ,  iospbrorbit (3430) :Frame  3,595 :Surface  532 )"
59998072250,16647791,Display 1,529,"Direct to Display (Surface  529 ,  iospbrorbit (3430) :Frame  3,596 :Surface  529 )"
60014720041,16648125,Display 1,533,"Direct to Display (Surface  533 ,  iospbrorbit (3430) :Frame  3,597 :Surface  533 )"
60031368166,16647584,Display 1,532,"Direct to Display (Surface  532 ,  iospbrorbit (3430) :Frame  3,598 :Surface  532 )"
60048015750,16647791,Display 1,529,"Direct to Display (Surface  529 ,  iospbrorbit (3430) :Frame  3,599 :Surface  529 )"
60064663541,16649709,Display 1,533,"Direct to Display (Surface  533 ,  iospbrorbit (3430) :Frame  3,600 :Surface  533 )"
60081313250,16646083,Display 1,532,"Direct to Display (Surface  532 ,  iospbrorbit (3430) :Frame  3,601 :Surface  532 )"
60097959333,16647417,Display 1,529,"Direct to Display (Surface  529 ,  iospbrorbit (3430) :Frame  3,602 :Surface  529 )"
60114606750,16648250,Display 1,533,"Direct to Display (Surface  533 ,  iospbrorbit (3430) :Frame  3,603 :Surface  533 )"
60131255000,16648500,Display 1,532,"Direct to Display (Surface  532 ,  iospbrorbit (3430) :Frame  3,604 :Surface  532 )"
60147903500,16648166,Display 1,529,"Direct to Display (Surface  529 ,  iospbrorbit (3430) :Frame  3,605 :Surface  529 )"
60164551666,16648667,Display 1,533,"Direct to Display (Surface  533 ,  iospbrorbit (3430) :Frame  3,606 :Surface  533 )"
60181200333,16654250,Display 1,532,"Direct to Display (Surface  532 ,  iospbrorbit (3430) :Frame  3,607 :Surface  532 )"
60197854583,16642000,Display 1,529,"Direct to Display (Surface  529 ,  iospbrorbit (3430) :Frame  3,608 :Surface  529 )"
60214496583,16647875,Display 1,533,"Direct to Display (Surface  533 ,  iospbrorbit (3430) :Frame  3,609 :Surface  533 )"
60231144458,16648417,Display 1,532,"Direct to Display (Surface  532 ,  iospbrorbit (3430) :Frame  3,610 :Surface  532 )"
60247792875,16647250,Display 1,529,"Direct to Display (Surface  529 ,  iospbrorbit (3430) :Frame  3,611 :Surface  529 )"
60264440125,16647541,Display 1,533,"Direct to Display (Surface  533 ,  iospbrorbit (3430) :Frame  3,612 :Surface  533 )"
60281087666,16647959,Display 1,532,"Direct to Display (Surface  532 ,  iospbrorbit (3430) :Frame  3,613 :Surface  532 )"
60297735625,16648041,Display 1,529,"Direct to Display (Surface  529 ,  iospbrorbit (3430) :Frame  3,614 :Surface  529 )"
60314383666,16647542,Display 1,533,"Direct to Display (Surface  533 ,  iospbrorbit (3430) :Frame  3,615 :Surface  533 )"
60331031208,16647708,Display 1,532,"Direct to Display (Surface  532 ,  iospbrorbit (3430) :Frame  3,616 :Surface  532 )"
60347678916,16647625,Display 1,529,"Direct to Display (Surface  529 ,  iospbrorbit (3430) :Frame  3,617 :Surface  529 )"
60364326541,16646750,Display 1,533,"Direct to Display (Surface  533 ,  iospbrorbit (3430) :Frame  3,618 :Surface  533 )"
60380973291,16647417,Display 1,532,"Direct to Display (Surface  532 ,  iospbrorbit (3430) :Frame  3,619 :Surface  532 )"
60397620708,16652500,Display 1,529,"Direct to Display (Surface  529 ,  iospbrorbit (3430) :Frame  3,620 :Surface  529 )"
60414273208,16644000,Display 1,533,"Direct to Display (Surface  533 ,  iospbrorbit (3430) :Frame  3,621 :Surface  533 )"
60430917208,16649875,Display 1,532,"Direct to Display (Surface  532 ,  iospbrorbit (3430) :Frame  3,622 :Surface  532 )"
60447567083,16645292,Display 1,529,"Direct to Display (Surface  529 ,  iospbrorbit (3430) :Frame  3,623 :Surface  529 )"
60464212375,16647166,Display 1,533,"Direct to Display (Surface  533 ,  iospbrorbit (3430) :Frame  3,624 :Surface  533 )"
60480859541,16647209,Display 1,532,"Direct to Display (Surface  532 ,  iospbrorbit (3430) :Frame  3,625 :Surface  532 )"
60497506750,16653625,Display 1,529,"Direct to Display (Surface  529 ,  iospbrorbit (3430) :Frame  3,626 :Surface  529 )"
60514160375,16643125,Display 1,533,"Direct to Display (Surface  533 ,  iospbrorbit (3430) :Frame  3,627 :Surface  533 )"
60530803500,16648208,Display 1,532,"Direct to Display (Surface  532 ,  iospbrorbit (3430) :Frame  3,628 :Surface  532 )"
60547451708,16646542,Display 1,529,"Direct to Display (Surface  529 ,  iospbrorbit (3430) :Frame  3,629 :Surface  529 )"
60564098250,16647458,Display 1,533,"Direct to Display (Surface  533 ,  iospbrorbit (3430) :Frame  3,630 :Surface  533 )"
60580745708,16650792,Display 1,532,"Direct to Display (Surface  532 ,  iospbrorbit (3430) :Frame  3,631 :Surface  532 )"
60597396500,16642458,Display 1,529,"Direct to Display (Surface  529 ,  iospbrorbit (3430) :Frame  3,632 :Surface  529 )"
60614038958,16648000,Display 1,533,"Direct to Display (Surface  533 ,  iospbrorbit (3430) :Frame  3,633 :Surface  533 )"
60630686958,16647958,Display 1,532,"Direct to Display (Surface  532 ,  iospbrorbit (3430) :Frame  3,634 :Surface  532 )"
60647334916,16653959,Display 1,529,"Direct to Display (Surface  529 ,  iospbrorbit (3430) :Frame  3,635 :Surface  529 )"
60663988875,16642916,Display 1,533,"Direct to Display (Surface  533 ,  iospbrorbit (3430) :Frame  3,636 :Surface  533 )"
60680631791,16647250,Display 1,532,"Direct to Display (Surface  532 ,  iospbrorbit (3430) :Frame  3,637 :Surface  532 )"
60697279041,16648042,Display 1,529,"Direct to Display (Surface  529 ,  iospbrorbit (3430) :Frame  3,638 :Surface  529 )"
60713927083,16647208,Display 1,533,"Direct to Display (Surface  533 ,  iospbrorbit (3430) :Frame  3,639 :Surface  533 )"
60730574291,16647750,Display 1,532,"Direct to Display (Surface  532 ,  iospbrorbit (3430) :Frame  3,640 :Surface  532 )"
60747222041,16647542,Display 1,529,"Direct to Display (Surface  529 ,  iospbrorbit (3430) :Frame  3,641 :Surface  529 )"
60763869583,16647833,Display 1,533,"Direct to Display (Surface  533 ,  iospbrorbit (3430) :Frame  3,642 :Surface  533 )"
60780517416,16648750,Display 1,532,"Direct to Display (Surface  532 ,  iospbrorbit (3430) :Frame  3,643 :Surface  532 )"
60797166166,16652084,Display 1,529,"Direct to Display (Surface  529 ,  iospbrorbit (3430) :Frame  3,644 :Surface  529 )"
60813818250,16645083,Display 1,533,"Direct to Display (Surface  533 ,  iospbrorbit (3430) :Frame  3,645 :Surface  533 )"
60830463333,16648292,Display 1,532,"Direct to Display (Surface  532 ,  iospbrorbit (3430) :Frame  3,646 :Surface  532 )"
60847111625,16648708,Display 1,529,"Direct to Display (Surface  529 ,  iospbrorbit (3430) :Frame  3,647 :Surface  529 )"
60863760333,16655125,Display 1,533,"Direct to Display (Surface  533 ,  iospbrorbit (3430) :Frame  3,648 :Surface  533 )"
60880415458,16643792,Display 1,532,"Direct to Display (Surface  532 ,  iospbrorbit (3430) :Frame  3,649 :Surface  532 )"
60897059250,16649000,Display 1,529,"Direct to Display (Surface  529 ,  iospbrorbit (3430) :Frame  3,650 :Surface  529 )"
60913708250,16649166,Display 1,533,"Direct to Display (Surface  533 ,  iospbrorbit (3430) :Frame  3,651 :Surface  533 )"
60930357416,16648417,Display 1,532,"Direct to Display (Surface  532 ,  iospbrorbit (3430) :Frame  3,652 :Surface  532 )"
60947005833,16648708,Display 1,529,"Direct to Display (Surface  529 ,  iospbrorbit (3430) :Frame  3,653 :Surface  529 )"
60963654541,16650000,Display 1,533,"Direct to Display (Surface  533 ,  iospbrorbit (3430) :Frame  3,654 :Surface  533 )"
60980304541,16651750,Display 1,532,"Direct to Display (Surface  532 ,  iospbrorbit (3430) :Frame  3,655 :Surface  532 )"
60996956291,16645042,Display 1,529,"Direct to Display (Surface  529 ,  iospbrorbit (3430) :Frame  3,656 :Surface  529 )"
61013601333,16649042,Display 1,533,"Direct to Display (Surface  533 ,  iospbrorbit (3430) :Frame  3,657 :Surface  533 )"
61030250375,16649750,Display 1,532,"Direct to Display (Surface  532 ,  iospbrorbit (3430) :Frame  3,658 :Surface  532 )"
61046900125,16648666,Display 1,529,"Direct to Display (Surface  529 ,  iospbrorbit (3430) :Frame  3,659 :Surface  529 )"
61063548791,16648500,Display 1,533,"Direct to Display (Surface  533 ,  iospbrorbit (3430) :Frame  3,660 :Surface  533 )"
61080197291,16654375,Display 1,532,"Direct to Display (Surface  532 ,  iospbrorbit (3430) :Frame  3,661 :Surface  532 )"
61096851666,16644125,Display 1,529,"Direct to Display (Surface  529 ,  iospbrorbit (3430) :Frame  3,662 :Surface  529 )"
61113495791,16648292,Display 1,533,"Direct to Display (Surface  533 ,  iospbrorbit (3430) :Frame  3,663 :Surface  533 )"
61130144083,16650958,Display 1,532,"Direct to Display (Surface  532 ,  iospbrorbit (3430) :Frame  3,664 :Surface  532 )"
61146795041,16651167,Display 1,529,"Direct to Display (Surface  529 ,  iospbrorbit (3430) :Frame  3,665 :Surface  529 )"
61163446208,16645958,Display 1,533,"Direct to Display (Surface  533 ,  iospbrorbit (3430) :Frame  3,666 :Surface  533 )"
61180092166,16645250,Display 1,532,"Direct to Display (Surface  532 ,  iospbrorbit (3430) :Frame  3,667 :Surface  532 )"
61196737416,16653584,Display 1,529,"Direct to Display (Surface  529 ,  iospbrorbit (3430) :Frame  3,668 :Surface  529 )"
61213391000,16644208,Display 1,533,"Direct to Display (Surface  533 ,  iospbrorbit (3430) :Frame  3,669 :Surface  533 )"
61230035208,16648333,Display 1,532,"Direct to Display (Surface  532 ,  iospbrorbit (3430) :Frame  3,670 :Surface  532 )"
61246683541,16647792,Display 1,529,"Direct to Display (Surface  529 ,  iospbrorbit (3430) :Frame  3,671 :Surface  529 )"
61263331333,16649125,Display 1,533,"Direct to Display (Surface  533 ,  iospbrorbit (3430) :Frame  3,672 :Surface  533 )"
61279980458,16651500,Display 1,532,"Direct to Display (Surface  532 ,  iospbrorbit (3430) :Frame  3,673 :Surface  532 )"
61296631958,16644542,Display 1,529,"Direct to Display (Surface  529 ,  iospbrorbit (3430) :Frame  3,674 :Surface  529 )"
61313276500,16649041,Display 1,533,"Direct to Display (Surface  533 ,  iospbrorbit (3430) :Frame  3,675 :Surface  533 )"
61329925541,16650584,Display 1,532,"Direct to Display (Surface  532 ,  iospbrorbit (3430) :Frame  3,676 :Surface  532 )"
61346576125,16641708,Display 1,529,"Direct to Display (Surface  529 ,  iospbrorbit (3430) :Frame  3,677 :Surface  529 )"
61363217833,16654667,Display 1,533,"Direct to Display (Surface  533 ,  iospbrorbit (3430) :Frame  3,678 :Surface  533 )"
61379872500,16647500,Display 1,532,"Direct to Display (Surface  532 ,  iospbrorbit (3430) :Frame  3,679 :Surface  532 )"
61396520000,16653208,Display 1,529,"Direct to Display (Surface  529 ,  iospbrorbit (3430) :Frame  3,680 :Surface  529 )"
61413173208,16641667,Display 1,533,"Direct to Display (Surface  533 ,  iospbrorbit (3430) :Frame  3,681 :Surface  533 )"
61429814875,16645333,Display 1,532,"Direct to Display (Surface  532 ,  iospbrorbit (3430) :Frame  3,682 :Surface  532 )"
61446460208,16650708,Display 1,529,"Direct to Display (Surface  529 ,  iospbrorbit (3430) :Frame  3,683 :Surface  529 )"
61463110916,16641750,Display 1,533,"Direct to Display (Surface  533 ,  iospbrorbit (3430) :Frame  3,684 :Surface  533 )"
61479752666,16654459,Display 1,532,"Direct to Display (Surface  532 ,  iospbrorbit (3430) :Frame  3,685 :Surface  532 )"
61496407125,16640791,Display 1,529,"Direct to Display (Surface  529 ,  iospbrorbit (3430) :Frame  3,686 :Surface  529 )"
61513047916,16646875,Display 1,533,"Direct to Display (Surface  533 ,  iospbrorbit (3430) :Frame  3,687 :Surface  533 )"
61529694791,16641792,Display 1,532,"Direct to Display (Surface  532 ,  iospbrorbit (3430) :Frame  3,688 :Surface  532 )"
61546336583,16652792,Display 1,529,"Direct to Display (Surface  529 ,  iospbrorbit (3430) :Frame  3,689 :Surface  529 )"
61562989375,16649500,Display 1,533,"Direct to Display (Surface  533 ,  iospbrorbit (3430) :Frame  3,690 :Surface  533 )"
61579638875,16641041,Display 1,532,"Direct to Display (Surface  532 ,  iospbrorbit (3430) :Frame  3,691 :Surface  532 )"
61596279916,16654000,Display 1,529,"Direct to Display (Surface  529 ,  iospbrorbit (3430) :Frame  3,692 :Surface  529 )"
61612933916,16645667,Display 1,533,"Direct to Display (Surface  533 ,  iospbrorbit (3430) :Frame  3,693 :Surface  533 )"
61629579583,16646583,Display 1,532,"Direct to Display (Surface  532 ,  iospbrorbit (3430) :Frame  3,694 :Surface  532 )"
61646226166,16650209,Display 1,529,"Direct to Display (Surface  529 ,  iospbrorbit (3430) :Frame  3,695 :Surface  529 )"
61662876375,16650541,Display 1,533,"Direct to Display (Surface  533 ,  iospbrorbit (3430) :Frame  3,696 :Surface  533 )"
61679526916,16643250,Display 1,532,"Direct to Display (Surface  532 ,  iospbrorbit (3430) :Frame  3,697 :Surface  532 )"
61696170166,33297750,Display 1,529,"Direct to Display (Surface  529 ,  iospbrorbit (3430) :Frame  3,698 :Surface  529 )"
61729467916,16646584,Display 1,532,"Direct to Display (Surface  532 ,  iospbrorbit (3430) :Frame  3,700 :Surface  532 )"
61746114500,16648125,Display 1,529,"Direct to Display (Surface  529 ,  iospbrorbit (3430) :Frame  3,701 :Surface  529 )"
61762762625,16642750,Display 1,533,"Direct to Display (Surface  533 ,  iospbrorbit (3430) :Frame  3,702 :Surface  533 )"
61779405375,16652750,Display 1,532,"Direct to Display (Surface  532 ,  iospbrorbit (3430) :Frame  3,703 :Surface  532 )"
61796058125,16647458,Display 1,529,"Direct to Display (Surface  529 ,  iospbrorbit (3430) :Frame  3,704 :Surface  529 )"
61812705583,16646875,Display 1,533,"Direct to Display (Surface  533 ,  iospbrorbit (3430) :Frame  3,705 :Surface  533 )"
61829352458,16646167,Display 1,532,"Direct to Display (Surface  532 ,  iospbrorbit (3430) :Frame  3,706 :Surface  532 )"
61845998625,16645166,Display 1,529,"Direct to Display (Surface  529 ,  iospbrorbit (3430) :Frame  3,707 :Surface  529 )"
61862643791,16644917,Display 1,533,"Direct to Display (Surface  533 ,  iospbrorbit (3430) :Frame  3,708 :Surface  533 )"
61879288708,16657625,Display 1,532,"Direct to Display (Surface  532 ,  iospbrorbit (3430) :Frame  3,709 :Surface  532 )"
61895946333,16637583,Display 1,529,"Direct to Display (Surface  529 ,  iospbrorbit (3430) :Frame  3,710 :Surface  529 )"
61912583916,16648875,Display 1,533,"Direct to Display (Surface  533 ,  iospbrorbit (3430) :Frame  3,711 :Surface  533 )"
61929232791,16647334,Display 1,532,"Direct to Display (Surface  532 ,  iospbrorbit (3430) :Frame  3,712 :Surface  532 )"
61945880125,16641750,Display 1,529,"Direct to Display (Surface  529 ,  iospbrorbit (3430) :Frame  3,713 :Surface  529 )"
61962521875,16653458,Display 1,533,"Direct to Display (Surface  533 ,  iospbrorbit (3430) :Frame  3,714 :Surface  533 )"
61979175333,16646542,Display 1,532,"Direct to Display (Surface  532 ,  iospbrorbit (3430) :Frame  3,715 :Surface  532 )"
61995821875,16647250,Display 1,529,"Direct to Display (Surface  529 ,  iospbrorbit (3430) :Frame  3,716 :Surface  529 )"
62012469125,16647833,Display 1,533,"Direct to Display (Surface  533 ,  iospbrorbit (3430) :Frame  3,717 :Surface  533 )"
62029116958,16647792,Display 1,532,"Direct to Display (Surface  532 ,  iospbrorbit (3430) :Frame  3,718 :Surface  532 )"
62045764750,16649166,Display 1,529,"Direct to Display (Surface  529 ,  iospbrorbit (3430) :Frame  3,719 :Surface  529 )"
62062413916,16653167,Display 1,533,"Direct to Display (Surface  533 ,  iospbrorbit (3430) :Frame  3,720 :Surface  533 )"
62079067083,16642208,Display 1,532,"Direct to Display (Surface  532 ,  iospbrorbit (3430) :Frame  3,721 :Surface  532 )"
62095709291,16647709,Display 1,529,"Direct to Display (Surface  529 ,  iospbrorbit (3430) :Frame  3,722 :Surface  529 )"
62112357000,16647958,Display 1,533,"Direct to Display (Surface  533 ,  iospbrorbit (3430) :Frame  3,723 :Surface  533 )"
62129004958,16647250,Display 1,532,"Direct to Display (Surface  532 ,  iospbrorbit (3430) :Frame  3,724 :Surface  532 )"
62145652208,16647167,Display 1,529,"Direct to Display (Surface  529 ,  iospbrorbit (3430) :Frame  3,725 :Surface  529 )"
62162299375,16646833,Display 1,533,"Direct to Display (Surface  533 ,  iospbrorbit (3430) :Frame  3,726 :Surface  533 )"
62178946208,16648542,Display 1,532,"Direct to Display (Surface  532 ,  iospbrorbit (3430) :Frame  3,727 :Surface  532 )"
62195594750,16647791,Display 1,529,"Direct to Display (Surface  529 ,  iospbrorbit (3430) :Frame  3,728 :Surface  529 )"
62212242541,16648334,Display 1,533,"Direct to Display (Surface  533 ,  iospbrorbit (3430) :Frame  3,729 :Surface  533 )"
62228890875,16647625,Display 1,532,"Direct to Display (Surface  532 ,  iospbrorbit (3430) :Frame  3,730 :Surface  532 )"
62245538500,16648291,Display 1,529,"Direct to Display (Surface  529 ,  iospbrorbit (3430) :Frame  3,731 :Surface  529 )"
62262186791,16648125,Display 1,533,"Direct to Display (Surface  533 ,  iospbrorbit (3430) :Frame  3,732 :Surface  533 )"
62278834916,16649084,Display 1,532,"Direct to Display (Surface  532 ,  iospbrorbit (3430) :Frame  3,733 :Surface  532 )"
62295484000,16648708,Display 1,529,"Direct to Display (Surface  529 ,  iospbrorbit (3430) :Frame  3,734 :Surface  529 )"
62312132708,16648708,Display 1,533,"Direct to Display (Surface  533 ,  iospbrorbit (3430) :Frame  3,735 :Surface  533 )"
62328781416,16648709,Display 1,532,"Direct to Display (Surface  532 ,  iospbrorbit (3430) :Frame  3,736 :Surface  532 )"
62345430125,16648666,Display 1,529,"Direct to Display (Surface  529 ,  iospbrorbit (3430) :Frame  3,737 :Surface  529 )"
62362078791,16648917,Display 1,533,"Direct to Display (Surface  533 ,  iospbrorbit (3430) :Frame  3,738 :Surface  533 )"
62378727708,16647875,Display 1,532,"Direct to Display (Surface  532 ,  iospbrorbit (3430) :Frame  3,739 :Surface  532 )"
62395375583,16648500,Display 1,529,"Direct to Display (Surface  529 ,  iospbrorbit (3430) :Frame  3,740 :Surface  529 )"
62412024083,16648167,Display 1,533,"Direct to Display (Surface  533 ,  iospbrorbit (3430) :Frame  3,741 :Surface  533 )"
62428672250,16648291,Display 1,532,"Direct to Display (Surface  532 ,  iospbrorbit (3430) :Frame  3,742 :Surface  532 )"
62445320541,16654042,Display 1,529,"Direct to Display (Surface  529 ,  iospbrorbit (3430) :Frame  3,743 :Surface  529 )"
62461974583,16643875,Display 1,533,"Direct to Display (Surface  533 ,  iospbrorbit (3430) :Frame  3,744 :Surface  533 )"
62478618458,16647958,Display 1,532,"Direct to Display (Surface  532 ,  iospbrorbit (3430) :Frame  3,745 :Surface  532 )"
62495266416,16649709,Display 1,529,"Direct to Display (Surface  529 ,  iospbrorbit (3430) :Frame  3,746 :Surface  529 )"
62511916125,16650083,Display 1,533,"Direct to Display (Surface  533 ,  iospbrorbit (3430) :Frame  3,747 :Surface  533 )"
62528566208,16654583,Display 1,532,"Direct to Display (Surface  532 ,  iospbrorbit (3430) :Frame  3,748 :Surface  532 )"
62545220791,16642125,Display 1,529,"Direct to Display (Surface  529 ,  iospbrorbit (3430) :Frame  3,749 :Surface  529 )"
62561862916,16646709,Display 1,533,"Direct to Display (Surface  533 ,  iospbrorbit (3430) :Frame  3,750 :Surface  533 )"
62578509625,16646041,Display 1,532,"Direct to Display (Surface  532 ,  iospbrorbit (3430) :Frame  3,751 :Surface  532 )"
62595155666,16642917,Display 1,529,"Direct to Display (Surface  529 ,  iospbrorbit (3430) :Frame  3,752 :Surface  529 )"
62611798583,16648292,Display 1,533,"Direct to Display (Surface  533 ,  iospbrorbit (3430) :Frame  3,753 :Surface  533 )"
62628446875,16652958,Display 1,532,"Direct to Display (Surface  532 ,  iospbrorbit (3430) :Frame  3,754 :Surface  532 )"
62645099833,16643250,Display 1,529,"Direct to Display (Surface  529 ,  iospbrorbit (3430) :Frame  3,755 :Surface  529 )"
62661743083,16653625,Display 1,533,"Direct to Display (Surface  533 ,  iospbrorbit (3430) :Frame  3,756 :Surface  533 )"
62678396708,16647458,Display 1,532,"Direct to Display (Surface  532 ,  iospbrorbit (3430) :Frame  3,757 :Surface  532 )"
62695044166,16647584,Display 1,529,"Direct to Display (Surface  529 ,  iospbrorbit (3430) :Frame  3,758 :Surface  529 )"
62711691750,16645666,Display 1,533,"Direct to Display (Surface  533 ,  iospbrorbit (3430) :Frame  3,759 :Surface  533 )"
62728337416,16646917,Display 1,532,"Direct to Display (Surface  532 ,  iospbrorbit (3430) :Frame  3,760 :Surface  532 )"
62744984333,33293958,Display 1,529,"Direct to Display (Surface  529 ,  iospbrorbit (3430) :Frame  3,761 :Surface  529 )"
62778278291,16649500,Display 1,532,"Direct to Display (Surface  532 ,  iospbrorbit (3430) :Frame  3,763 :Surface  532 )"
62794927791,16645792,Display 1,529,"Direct to Display (Surface  529 ,  iospbrorbit (3430) :Frame  3,764 :Surface  529 )"
62811573583,16653542,Display 1,533,"Direct to Display (Surface  533 ,  iospbrorbit (3430) :Frame  3,765 :Surface  533 )"
62828227125,16644041,Display 1,532,"Direct to Display (Surface  532 ,  iospbrorbit (3430) :Frame  3,766 :Surface  532 )"
62844871166,16647709,Display 1,529,"Direct to Display (Surface  529 ,  iospbrorbit (3430) :Frame  3,767 :Surface  529 )"
62861518875,16648500,Display 1,533,"Direct to Display (Surface  533 ,  iospbrorbit (3430) :Frame  3,768 :Surface  533 )"
62878167375,16647291,Display 1,532,"Direct to Display (Surface  532 ,  iospbrorbit (3430) :Frame  3,769 :Surface  532 )"
62894814666,16647292,Display 1,529,"Direct to Display (Surface  529 ,  iospbrorbit (3430) :Frame  3,770 :Surface  529 )"
62911461958,16647375,Display 1,533,"Direct to Display (Surface  533 ,  iospbrorbit (3430) :Frame  3,771 :Surface  533 )"
62928109333,16647083,Display 1,532,"Direct to Display (Surface  532 ,  iospbrorbit (3430) :Frame  3,772 :Surface  532 )"
62944756416,16646709,Display 1,529,"Direct to Display (Surface  529 ,  iospbrorbit (3430) :Frame  3,773 :Surface  529 )"
62961403125,16648000,Display 1,533,"Direct to Display (Surface  533 ,  iospbrorbit (3430) :Frame  3,774 :Surface  533 )"
62978051125,16648291,Display 1,532,"Direct to Display (Surface  532 ,  iospbrorbit (3430) :Frame  3,775 :Surface  532 )"
62994699416,16641709,Display 1,529,"Direct to Display (Surface  529 ,  iospbrorbit (3430) :Frame  3,776 :Surface  529 )"
63011341125,16652083,Display 1,533,"Direct to Display (Surface  533 ,  iospbrorbit (3430) :Frame  3,777 :Surface  533 )"
63027993208,16646750,Display 1,532,"Direct to Display (Surface  532 ,  iospbrorbit (3430) :Frame  3,778 :Surface  532 )"
63044639958,16646792,Display 1,529,"Direct to Display (Surface  529 ,  iospbrorbit (3430) :Frame  3,779 :Surface  529 )"
63061286750,16649875,Display 1,533,"Direct to Display (Surface  533 ,  iospbrorbit (3430) :Frame  3,780 :Surface  533 )"
63077936625,16645375,Display 1,532,"Direct to Display (Surface  532 ,  iospbrorbit (3430) :Frame  3,781 :Surface  532 )"
63094582000,16651791,Display 1,529,"Direct to Display (Surface  529 ,  iospbrorbit (3430) :Frame  3,782 :Surface  529 )"
63111233791,16643459,Display 1,533,"Direct to Display (Surface  533 ,  iospbrorbit (3430) :Frame  3,783 :Surface  533 )"
63127877250,16647916,Display 1,532,"Direct to Display (Surface  532 ,  iospbrorbit (3430) :Frame  3,784 :Surface  532 )"
63144525166,16647750,Display 1,529,"Direct to Display (Surface  529 ,  iospbrorbit (3430) :Frame  3,785 :Surface  529 )"
63161172916,16641792,Display 1,533,"Direct to Display (Surface  533 ,  iospbrorbit (3430) :Frame  3,786 :Surface  533 )"
63177814708,16647875,Display 1,532,"Direct to Display (Surface  532 ,  iospbrorbit (3430) :Frame  3,787 :Surface  532 )"
63194462583,16651750,Display 1,529,"Direct to Display (Surface  529 ,  iospbrorbit (3430) :Frame  3,788 :Surface  529 )"
63211114333,16649875,Display 1,533,"Direct to Display (Surface  533 ,  iospbrorbit (3430) :Frame  3,789 :Surface  533 )"
63227764208,16647542,Display 1,532,"Direct to Display (Surface  532 ,  iospbrorbit (3430) :Frame  3,790 :Surface  532 )"
63244411750,16646791,Display 1,529,"Direct to Display (Surface  529 ,  iospbrorbit (3430) :Frame  3,791 :Surface  529 )"
63261058541,16652000,Display 1,533,"Direct to Display (Surface  533 ,  iospbrorbit (3430) :Frame  3,792 :Surface  533 )"
63277710541,16643917,Display 1,532,"Direct to Display (Surface  532 ,  iospbrorbit (3430) :Frame  3,793 :Surface  532 )"
63294354458,16651458,Display 1,529,"Direct to Display (Surface  529 ,  iospbrorbit (3430) :Frame  3,794 :Surface  529 )"
63311005916,16644667,Display 1,533,"Direct to Display (Surface  533 ,  iospbrorbit (3430) :Frame  3,795 :Surface  533 )"
63327650583,16642417,Display 1,532,"Direct to Display (Surface  532 ,  iospbrorbit (3430) :Frame  3,796 :Surface  532 )"
63344293000,16648250,Display 1,529,"Direct to Display (Surface  529 ,  iospbrorbit (3430) :Frame  3,797 :Surface  529 )"
63360941250,16655000,Display 1,533,"Direct to Display (Surface  533 ,  iospbrorbit (3430) :Frame  3,798 :Surface  533 )"
63377596250,16645666,Display 1,532,"Direct to Display (Surface  532 ,  iospbrorbit (3430) :Frame  3,799 :Surface  532 )"
63394241916,16650625,Display 1,529,"Direct to Display (Surface  529 ,  iospbrorbit (3430) :Frame  3,800 :Surface  529 )"
63410892541,16643000,Display 1,533,"Direct to Display (Surface  533 ,  iospbrorbit (3430) :Frame  3,801 :Surface  533 )"
63427535541,16648792,Display 1,532,"Direct to Display (Surface  532 ,  iospbrorbit (3430) :Frame  3,802 :Surface  532 )"
63444184333,16647417,Display 1,529,"Direct to Display (Surface  529 ,  iospbrorbit (3430) :Frame  3,803 :Surface  529 )"
63460831750,16648000,Display 1,533,"Direct to Display (Surface  533 ,  iospbrorbit (3430) :Frame  3,804 :Surface  533 )"
63477479750,16648208,Display 1,532,"Direct to Display (Surface  532 ,  iospbrorbit (3430) :Frame  3,805 :Surface  532 )"
63494127958,16648625,Display 1,529,"Direct to Display (Surface  529 ,  iospbrorbit (3430) :Frame  3,806 :Surface  529 )"
63510776583,16647917,Display 1,533,"Direct to Display (Surface  533 ,  iospbrorbit (3430) :Frame  3,807 :Surface  533 )"
63527424500,16648000,Display 1,532,"Direct to Display (Surface  532 ,  iospbrorbit (3430) :Frame  3,808 :Surface  532 )"
63544072500,16647541,Display 1,529,"Direct to Display (Surface  529 ,  iospbrorbit (3430) :Frame  3,809 :Surface  529 )"
63560720041,16643084,Display 1,533,"Direct to Display (Surface  533 ,  iospbrorbit (3430) :Frame  3,810 :Surface  533 )"
63577363125,16654166,Display 1,532,"Direct to Display (Surface  532 ,  iospbrorbit (3430) :Frame  3,811 :Surface  532 )"
63594017291,16648292,Display 1,529,"Direct to Display (Surface  529 ,  iospbrorbit (3430) :Frame  3,812 :Surface  529 )"
63610665583,16648542,Display 1,533,"Direct to Display (Surface  533 ,  iospbrorbit (3430) :Frame  3,813 :Surface  533 )"
63627314125,16647625,Display 1,532,"Direct to Display (Surface  532 ,  iospbrorbit (3430) :Frame  3,814 :Surface  532 )"
63643961750,16653708,Display 1,529,"Direct to Display (Surface  529 ,  iospbrorbit (3430) :Frame  3,815 :Surface  529 )"
63660615458,16640500,Display 1,533,"Direct to Display (Surface  533 ,  iospbrorbit (3430) :Frame  3,816 :Surface  533 )"
63677255958,16642375,Display 1,532,"Direct to Display (Surface  532 ,  iospbrorbit (3430) :Frame  3,817 :Surface  532 )"
63693898333,16647250,Display 1,529,"Direct to Display (Surface  529 ,  iospbrorbit (3430) :Frame  3,818 :Surface  529 )"
63710545583,16652208,Display 1,533,"Direct to Display (Surface  533 ,  iospbrorbit (3430) :Frame  3,819 :Surface  533 )"
63727197791,16643167,Display 1,532,"Direct to Display (Surface  532 ,  iospbrorbit (3430) :Frame  3,820 :Surface  532 )"
63743840958,16648042,Display 1,529,"Direct to Display (Surface  529 ,  iospbrorbit (3430) :Frame  3,821 :Surface  529 )"
63760489000,16652333,Display 1,533,"Direct to Display (Surface  533 ,  iospbrorbit (3430) :Frame  3,822 :Surface  533 )"
63777141333,16646833,Display 1,532,"Direct to Display (Surface  532 ,  iospbrorbit (3430) :Frame  3,823 :Surface  532 )"
63793788166,16648500,Display 1,529,"Direct to Display (Surface  529 ,  iospbrorbit (3430) :Frame  3,824 :Surface  529 )"
63810436666,16646667,Display 1,533,"Direct to Display (Surface  533 ,  iospbrorbit (3430) :Frame  3,825 :Surface  533 )"
63827083333,16652750,Display 1,532,"Direct to Display (Surface  532 ,  iospbrorbit (3430) :Frame  3,826 :Surface  532 )"
63843736083,16647333,Display 1,529,"Direct to Display (Surface  529 ,  iospbrorbit (3430) :Frame  3,827 :Surface  529 )"
63860383416,16641500,Display 1,533,"Direct to Display (Surface  533 ,  iospbrorbit (3430) :Frame  3,828 :Surface  533 )"
63877024916,16646375,Display 1,532,"Direct to Display (Surface  532 ,  iospbrorbit (3430) :Frame  3,829 :Surface  532 )"
63893671291,16645375,Display 1,529,"Direct to Display (Surface  529 ,  iospbrorbit (3430) :Frame  3,830 :Surface  529 )"
63910316666,16651417,Display 1,533,"Direct to Display (Surface  533 ,  iospbrorbit (3430) :Frame  3,831 :Surface  533 )"
63926968083,16639208,Display 1,532,"Direct to Display (Surface  532 ,  iospbrorbit (3430) :Frame  3,832 :Surface  532 )"
63943607291,16652792,Display 1,529,"Direct to Display (Surface  529 ,  iospbrorbit (3430) :Frame  3,833 :Surface  529 )"
63960260083,16638917,Display 1,533,"Direct to Display (Surface  533 ,  iospbrorbit (3430) :Frame  3,834 :Surface  533 )"
63976899000,16640125,Display 1,532,"Direct to Display (Surface  532 ,  iospbrorbit (3430) :Frame  3,835 :Surface  532 )"
63993539125,16657416,Display 1,529,"Direct to Display (Surface  529 ,  iospbrorbit (3430) :Frame  3,836 :Surface  529 )"
64010196541,16642584,Display 1,533,"Direct to Display (Surface  533 ,  iospbrorbit (3430) :Frame  3,837 :Surface  533 )"
64026839125,16645291,Display 1,532,"Direct to Display (Surface  532 ,  iospbrorbit (3430) :Frame  3,838 :Surface  532 )"
64043484416,16646292,Display 1,529,"Direct to Display (Surface  529 ,  iospbrorbit (3430) :Frame  3,839 :Surface  529 )"
64060130708,16639583,Display 1,533,"Direct to Display (Surface  533 ,  iospbrorbit (3430) :Frame  3,840 :Surface  533 )"
64076770291,16648667,Display 1,532,"Direct to Display (Surface  532 ,  iospbrorbit (3430) :Frame  3,841 :Surface  532 )"
64093418958,16645208,Display 1,529,"Direct to Display (Surface  529 ,  iospbrorbit (3430) :Frame  3,842 :Surface  529 )"
64110064166,16639250,Display 1,533,"Direct to Display (Surface  533 ,  iospbrorbit (3430) :Frame  3,843 :Surface  533 )"
64126703416,16645667,Display 1,532,"Direct to Display (Surface  532 ,  iospbrorbit (3430) :Frame  3,844 :Surface  532 )"
64143349083,16651708,Display 1,529,"Direct to Display (Surface  529 ,  iospbrorbit (3430) :Frame  3,845 :Surface  529 )"
64160000791,16639709,Display 1,533,"Direct to Display (Surface  533 ,  iospbrorbit (3430) :Frame  3,846 :Surface  533 )"
64176640500,16646166,Display 1,532,"Direct to Display (Surface  532 ,  iospbrorbit (3430) :Frame  3,847 :Surface  532 )"
64193286666,16652584,Display 1,529,"Direct to Display (Surface  529 ,  iospbrorbit (3430) :Frame  3,848 :Surface  529 )"
64209939250,16641333,Display 1,533,"Direct to Display (Surface  533 ,  iospbrorbit (3430) :Frame  3,849 :Surface  533 )"
64226580583,16655958,Display 1,532,"Direct to Display (Surface  532 ,  iospbrorbit (3430) :Frame  3,850 :Surface  532 )"
64243236541,16645167,Display 1,529,"Direct to Display (Surface  529 ,  iospbrorbit (3430) :Frame  3,851 :Surface  529 )"
64259881708,16647708,Display 1,533,"Direct to Display (Surface  533 ,  iospbrorbit (3430) :Frame  3,852 :Surface  533 )"
64276529416,16652667,Display 1,532,"Direct to Display (Surface  532 ,  iospbrorbit (3430) :Frame  3,853 :Surface  532 )"
64293182083,16642208,Display 1,529,"Direct to Display (Surface  529 ,  iospbrorbit (3430) :Frame  3,854 :Surface  529 )"
64309824291,16641417,Display 1,533,"Direct to Display (Surface  533 ,  iospbrorbit (3430) :Frame  3,855 :Surface  533 )"
64326465708,16652167,Display 1,532,"Direct to Display (Surface  532 ,  iospbrorbit (3430) :Frame  3,856 :Surface  532 )"
64343117875,16641291,Display 1,529,"Direct to Display (Surface  529 ,  iospbrorbit (3430) :Frame  3,857 :Surface  529 )"
64359759166,16646500,Display 1,533,"Direct to Display (Surface  533 ,  iospbrorbit (3430) :Frame  3,858 :Surface  533 )"
64376405666,16656375,Display 1,532,"Direct to Display (Surface  532 ,  iospbrorbit (3430) :Frame  3,859 :Surface  532 )"
64393062041,16637125,Display 1,529,"Direct to Display (Surface  529 ,  iospbrorbit (3430) :Frame  3,860 :Surface  529 )"
64409699166,16646875,Display 1,533,"Direct to Display (Surface  533 ,  iospbrorbit (3430) :Frame  3,861 :Surface  533 )"
64426346041,16650959,Display 1,532,"Direct to Display (Surface  532 ,  iospbrorbit (3430) :Frame  3,862 :Surface  532 )"
64442997000,16650291,Display 1,529,"Direct to Display (Surface  529 ,  iospbrorbit (3430) :Frame  3,863 :Surface  529 )"
64459647291,16650125,Display 1,533,"Direct to Display (Surface  533 ,  iospbrorbit (3430) :Frame  3,864 :Surface  533 )"
64476297416,16643209,Display 1,532,"Direct to Display (Surface  532 ,  iospbrorbit (3430) :Frame  3,865 :Surface  532 )"
64492940625,16652166,Display 1,529,"Direct to Display (Surface  529 ,  iospbrorbit (3430) :Frame  3,866 :Surface  529 )"
64509592791,16635417,Display 1,533,"Direct to Display (Surface  533 ,  iospbrorbit (3430) :Frame  3,867 :Surface  533 )"
64526228208,16653250,Display 1,532,"Direct to Display (Surface  532 ,  iospbrorbit (3430) :Frame  3,868 :Surface  532 )"
64542881458,16647375,Display 1,529,"Direct to Display (Surface  529 ,  iospbrorbit (3430) :Frame  3,869 :Surface  529 )"
64559528833,16651625,Display 1,533,"Direct to Display (Surface  533 ,  iospbrorbit (3430) :Frame  3,870 :Surface  533 )"
64576180458,16636875,Display 1,532,"Direct to Display (Surface  532 ,  iospbrorbit (3430) :Frame  3,871 :Surface  532 )"
64592817333,16659708,Display 1,529,"Direct to Display (Surface  529 ,  iospbrorbit (3430) :Frame  3,872 :Surface  529 )"
64609477041,16641417,Display 1,533,"Direct to Display (Surface  533 ,  iospbrorbit (3430) :Frame  3,873 :Surface  533 )"
64626118458,16642667,Display 1,532,"Direct to Display (Surface  532 ,  iospbrorbit (3430) :Frame  3,874 :Surface  532 )"
64642761125,16656875,Display 1,529,"Direct to Display (Surface  529 ,  iospbrorbit (3430) :Frame  3,875 :Surface  529 )"
64659418000,16645250,Display 1,533,"Direct to Display (Surface  533 ,  iospbrorbit (3430) :Frame  3,876 :Surface  533 )"
64676063250,16653083,Display 1,532,"Direct to Display (Surface  532 ,  iospbrorbit (3430) :Frame  3,877 :Surface  532 )"
64692716333,16643292,Display 1,529,"Direct to Display (Surface  529 ,  iospbrorbit (3430) :Frame  3,878 :Surface  529 )"
64709359625,16650333,Display 1,533,"Direct to Display (Surface  533 ,  iospbrorbit (3430) :Frame  3,879 :Surface  533 )"
64726009958,16643417,Display 1,532,"Direct to Display (Surface  532 ,  iospbrorbit (3430) :Frame  3,880 :Surface  532 )"
64742653375,16653500,Display 1,529,"Direct to Display (Surface  529 ,  iospbrorbit (3430) :Frame  3,881 :Surface  529 )"
64759306875,16658291,Display 1,533,"Direct to Display (Surface  533 ,  iospbrorbit (3430) :Frame  3,882 :Surface  533 )"
64775965166,16639334,Display 1,532,"Direct to Display (Surface  532 ,  iospbrorbit (3430) :Frame  3,883 :Surface  532 )"
64792604500,16650041,Display 1,529,"Direct to Display (Surface  529 ,  iospbrorbit (3430) :Frame  3,884 :Surface  529 )"
64809254541,16648084,Display 1,533,"Direct to Display (Surface  533 ,  iospbrorbit (3430) :Frame  3,885 :Surface  533 )"
64825902625,16648458,Display 1,532,"Direct to Display (Surface  532 ,  iospbrorbit (3430) :Frame  3,886 :Surface  532 )"
64842551083,16648542,Display 1,529,"Direct to Display (Surface  529 ,  iospbrorbit (3430) :Frame  3,887 :Surface  529 )"
64859199625,16648250,Display 1,533,"Direct to Display (Surface  533 ,  iospbrorbit (3430) :Frame  3,888 :Surface  533 )"
64875847875,16647083,Display 1,532,"Direct to Display (Surface  532 ,  iospbrorbit (3430) :Frame  3,889 :Surface  532 )"
64892494958,16648167,Display 1,529,"Direct to Display (Surface  529 ,  iospbrorbit (3430) :Frame  3,890 :Surface  529 )"
64909143125,16651958,Display 1,533,"Direct to Display (Surface  533 ,  iospbrorbit (3430) :Frame  3,891 :Surface  533 )"
64925795083,16642083,Display 1,532,"Direct to Display (Surface  532 ,  iospbrorbit (3430) :Frame  3,892 :Surface  532 )"
64942437166,16650250,Display 1,529,"Direct to Display (Surface  529 ,  iospbrorbit (3430) :Frame  3,893 :Surface  529 )"
64959087416,16642417,Display 1,533,"Direct to Display (Surface  533 ,  iospbrorbit (3430) :Frame  3,894 :Surface  533 )"
64975729833,16651958,Display 1,532,"Direct to Display (Surface  532 ,  iospbrorbit (3430) :Frame  3,895 :Surface  532 )"
64992381791,16649292,Display 1,529,"Direct to Display (Surface  529 ,  iospbrorbit (3430) :Frame  3,896 :Surface  529 )"
65009031083,16648333,Display 1,533,"Direct to Display (Surface  533 ,  iospbrorbit (3430) :Frame  3,897 :Surface  533 )"
65025679416,16642625,Display 1,532,"Direct to Display (Surface  532 ,  iospbrorbit (3430) :Frame  3,898 :Surface  532 )"
65042322041,16648792,Display 1,529,"Direct to Display (Surface  529 ,  iospbrorbit (3430) :Frame  3,899 :Surface  529 )"
65058970833,16648958,Display 1,533,"Direct to Display (Surface  533 ,  iospbrorbit (3430) :Frame  3,900 :Surface  533 )"
65075619791,16655500,Display 1,532,"Direct to Display (Surface  532 ,  iospbrorbit (3430) :Frame  3,901 :Surface  532 )"
65092275291,16644459,Display 1,529,"Direct to Display (Surface  529 ,  iospbrorbit (3430) :Frame  3,902 :Surface  529 )"
65108919750,16661500,Display 1,533,"Direct to Display (Surface  533 ,  iospbrorbit (3430) :Frame  3,903 :Surface  533 )"
65125581250,16643541,Display 1,532,"Direct to Display (Surface  532 ,  iospbrorbit (3430) :Frame  3,904 :Surface  532 )"
65142224791,16651750,Display 1,529,"Direct to Display (Surface  529 ,  iospbrorbit (3430) :Frame  3,905 :Surface  529 )"
65158876541,16652084,Display 1,533,"Direct to Display (Surface  533 ,  iospbrorbit (3430) :Frame  3,906 :Surface  533 )"
65175528625,16641666,Display 1,532,"Direct to Display (Surface  532 ,  iospbrorbit (3430) :Frame  3,907 :Surface  532 )"
65192170291,16654875,Display 1,529,"Direct to Display (Surface  529 ,  iospbrorbit (3430) :Frame  3,908 :Surface  529 )"
65208825166,16643042,Display 1,533,"Direct to Display (Surface  533 ,  iospbrorbit (3430) :Frame  3,909 :Surface  533 )"
65225468208,16654125,Display 1,532,"Direct to Display (Surface  532 ,  iospbrorbit (3430) :Frame  3,910 :Surface  532 )"
65242122333,16652625,Display 1,529,"Direct to Display (Surface  529 ,  iospbrorbit (3430) :Frame  3,911 :Surface  529 )"
65258774958,16642917,Display 1,533,"Direct to Display (Surface  533 ,  iospbrorbit (3430) :Frame  3,912 :Surface  533 )"
65275417875,16656541,Display 1,532,"Direct to Display (Surface  532 ,  iospbrorbit (3430) :Frame  3,913 :Surface  532 )"
65292074416,16642709,Display 1,529,"Direct to Display (Surface  529 ,  iospbrorbit (3430) :Frame  3,914 :Surface  529 )"
65308717125,16659333,Display 1,533,"Direct to Display (Surface  533 ,  iospbrorbit (3430) :Frame  3,915 :Surface  533 )"
65325376458,16649083,Display 1,532,"Direct to Display (Surface  532 ,  iospbrorbit (3430) :Frame  3,916 :Surface  532 )"
65342025541,16644125,Display 1,529,"Direct to Display (Surface  529 ,  iospbrorbit (3430) :Frame  3,917 :Surface  529 )"
65358669666,16650917,Display 1,533,"Direct to Display (Surface  533 ,  iospbrorbit (3430) :Frame  3,918 :Surface  533 )"
65375320583,16653167,Display 1,532,"Direct to Display (Surface  532 ,  iospbrorbit (3430) :Frame  3,919 :Surface  532 )"
65391973750,16642625,Display 1,529,"Direct to Display (Surface  529 ,  iospbrorbit (3430) :Frame  3,920 :Surface  529 )"
65408616375,16650958,Display 1,533,"Direct to Display (Surface  533 ,  iospbrorbit (3430) :Frame  3,921 :Surface  533 )"
65425267333,16655625,Display 1,532,"Direct to Display (Surface  532 ,  iospbrorbit (3430) :Frame  3,922 :Surface  532 )"
65441922958,16652833,Display 1,529,"Direct to Display (Surface  529 ,  iospbrorbit (3430) :Frame  3,923 :Surface  529 )"
65458575791,16643917,Display 1,533,"Direct to Display (Surface  533 ,  iospbrorbit (3430) :Frame  3,924 :Surface  533 )"
65475219708,16648875,Display 1,532,"Direct to Display (Surface  532 ,  iospbrorbit (3430) :Frame  3,925 :Surface  532 )"
65491868583,16648792,Display 1,529,"Direct to Display (Surface  529 ,  iospbrorbit (3430) :Frame  3,926 :Surface  529 )"
65508517375,16643291,Display 1,533,"Direct to Display (Surface  533 ,  iospbrorbit (3430) :Frame  3,927 :Surface  533 )"
65525160666,16648209,Display 1,532,"Direct to Display (Surface  532 ,  iospbrorbit (3430) :Frame  3,928 :Surface  532 )"
65541808875,16658791,Display 1,529,"Direct to Display (Surface  529 ,  iospbrorbit (3430) :Frame  3,929 :Surface  529 )"
65558467666,16639709,Display 1,533,"Direct to Display (Surface  533 ,  iospbrorbit (3430) :Frame  3,930 :Surface  533 )"
65575107375,16656375,Display 1,532,"Direct to Display (Surface  532 ,  iospbrorbit (3430) :Frame  3,931 :Surface  532 )"
65591763750,16643708,Display 1,529,"Direct to Display (Surface  529 ,  iospbrorbit (3430) :Frame  3,932 :Surface  529 )"
65608407458,16655417,Display 1,533,"Direct to Display (Surface  533 ,  iospbrorbit (3430) :Frame  3,933 :Surface  533 )"
65625062875,16643625,Display 1,532,"Direct to Display (Surface  532 ,  iospbrorbit (3430) :Frame  3,934 :Surface  532 )"
65641706500,16649208,Display 1,529,"Direct to Display (Surface  529 ,  iospbrorbit (3430) :Frame  3,935 :Surface  529 )"
65658355708,16654167,Display 1,533,"Direct to Display (Surface  533 ,  iospbrorbit (3430) :Frame  3,936 :Surface  533 )"
65675009875,16653833,Display 1,532,"Direct to Display (Surface  532 ,  iospbrorbit (3430) :Frame  3,937 :Surface  532 )"
65691663708,16638542,Display 1,529,"Direct to Display (Surface  529 ,  iospbrorbit (3430) :Frame  3,938 :Surface  529 )"
65708302250,16648750,Display 1,533,"Direct to Display (Surface  533 ,  iospbrorbit (3430) :Frame  3,939 :Surface  533 )"
65724951000,16648375,Display 1,532,"Direct to Display (Surface  532 ,  iospbrorbit (3430) :Frame  3,940 :Surface  532 )"
65741599375,16656500,Display 1,529,"Direct to Display (Surface  529 ,  iospbrorbit (3430) :Frame  3,941 :Surface  529 )"
65758255875,16646166,Display 1,533,"Direct to Display (Surface  533 ,  iospbrorbit (3430) :Frame  3,942 :Surface  533 )"
65774902041,16642584,Display 1,532,"Direct to Display (Surface  532 ,  iospbrorbit (3430) :Frame  3,943 :Surface  532 )"
65791544625,16658291,Display 1,529,"Direct to Display (Surface  529 ,  iospbrorbit (3430) :Frame  3,944 :Surface  529 )"
65808202916,16644167,Display 1,533,"Direct to Display (Surface  533 ,  iospbrorbit (3430) :Frame  3,945 :Surface  533 )"
65824847083,16647250,Display 1,532,"Direct to Display (Surface  532 ,  iospbrorbit (3430) :Frame  3,946 :Surface  532 )"
65841494333,16647000,Display 1,529,"Direct to Display (Surface  529 ,  iospbrorbit (3430) :Frame  3,947 :Surface  529 )"
65858141333,16644917,Display 1,533,"Direct to Display (Surface  533 ,  iospbrorbit (3430) :Frame  3,948 :Surface  533 )"
65874786250,16654750,Display 1,532,"Direct to Display (Surface  532 ,  iospbrorbit (3430) :Frame  3,949 :Surface  532 )"
65891441000,16649375,Display 1,529,"Direct to Display (Surface  529 ,  iospbrorbit (3430) :Frame  3,950 :Surface  529 )"
65908090375,16648458,Display 1,533,"Direct to Display (Surface  533 ,  iospbrorbit (3430) :Frame  3,951 :Surface  533 )"
65924738833,16647958,Display 1,532,"Direct to Display (Surface  532 ,  iospbrorbit (3430) :Frame  3,952 :Surface  532 )"
65941386791,16648792,Display 1,529,"Direct to Display (Surface  529 ,  iospbrorbit (3430) :Frame  3,953 :Surface  529 )"
65958035583,16648458,Display 1,533,"Direct to Display (Surface  533 ,  iospbrorbit (3430) :Frame  3,954 :Surface  533 )"
65974684041,16643000,Display 1,532,"Direct to Display (Surface  532 ,  iospbrorbit (3430) :Frame  3,955 :Surface  532 )"
65991327041,16648250,Display 1,529,"Direct to Display (Surface  529 ,  iospbrorbit (3430) :Frame  3,956 :Surface  529 )"
66007975291,16652709,Display 1,533,"Direct to Display (Surface  533 ,  iospbrorbit (3430) :Frame  3,957 :Surface  533 )"
66024628000,16643958,Display 1,532,"Direct to Display (Surface  532 ,  iospbrorbit (3430) :Frame  3,958 :Surface  532 )"
66041271958,16660500,Display 1,529,"Direct to Display (Surface  529 ,  iospbrorbit (3430) :Frame  3,959 :Surface  529 )"
66057932458,16647417,Display 1,533,"Direct to Display (Surface  533 ,  iospbrorbit (3430) :Frame  3,960 :Surface  533 )"
66074579875,16643833,Display 1,532,"Direct to Display (Surface  532 ,  iospbrorbit (3430) :Frame  3,961 :Surface  532 )"
66091223708,16645208,Display 1,529,"Direct to Display (Surface  529 ,  iospbrorbit (3430) :Frame  3,962 :Surface  529 )"
66107868916,16648792,Display 1,533,"Direct to Display (Surface  533 ,  iospbrorbit (3430) :Frame  3,963 :Surface  533 )"
66124517708,16651667,Display 1,532,"Direct to Display (Surface  532 ,  iospbrorbit (3430) :Frame  3,964 :Surface  532 )"
66141169375,16643083,Display 1,529,"Direct to Display (Surface  529 ,  iospbrorbit (3430) :Frame  3,965 :Surface  529 )"
66157812458,16644417,Display 1,533,"Direct to Display (Surface  533 ,  iospbrorbit (3430) :Frame  3,966 :Surface  533 )"
66174456875,16654208,Display 1,532,"Direct to Display (Surface  532 ,  iospbrorbit (3430) :Frame  3,967 :Surface  532 )"
66191111083,16648375,Display 1,529,"Direct to Display (Surface  529 ,  iospbrorbit (3430) :Frame  3,968 :Surface  529 )"
66207759458,16650375,Display 1,533,"Direct to Display (Surface  533 ,  iospbrorbit (3430) :Frame  3,969 :Surface  533 )"
66224409833,16649417,Display 1,532,"Direct to Display (Surface  532 ,  iospbrorbit (3430) :Frame  3,970 :Surface  532 )"
66241059250,16650375,Display 1,529,"Direct to Display (Surface  529 ,  iospbrorbit (3430) :Frame  3,971 :Surface  529 )"
66257709625,16656833,Display 1,533,"Direct to Display (Surface  533 ,  iospbrorbit (3430) :Frame  3,972 :Surface  533 )"
66274366458,16649875,Display 1,532,"Direct to Display (Surface  532 ,  iospbrorbit (3430) :Frame  3,973 :Surface  532 )"
66291016333,16632375,Display 1,529,"Direct to Display (Surface  529 ,  iospbrorbit (3430) :Frame  3,974 :Surface  529 )"
66307648708,16654417,Display 1,533,"Direct to Display (Surface  533 ,  iospbrorbit (3430) :Frame  3,975 :Surface  533 )"
66324303125,16655625,Display 1,532,"Direct to Display (Surface  532 ,  iospbrorbit (3430) :Frame  3,976 :Surface  532 )"
66340958750,16649541,Display 1,529,"Direct to Display (Surface  529 ,  iospbrorbit (3430) :Frame  3,977 :Surface  529 )"
66357608291,16650625,Display 1,533,"Direct to Display (Surface  533 ,  iospbrorbit (3430) :Frame  3,978 :Surface  533 )"
66374258916,16654584,Display 1,532,"Direct to Display (Surface  532 ,  iospbrorbit (3430) :Frame  3,979 :Surface  532 )"
66390913500,16641750,Display 1,529,"Direct to Display (Surface  529 ,  iospbrorbit (3430) :Frame  3,980 :Surface  529 )"
66407555250,16653125,Display 1,533,"Direct to Display (Surface  533 ,  iospbrorbit (3430) :Frame  3,981 :Surface  533 )"
66424208375,16653625,Display 1,532,"Direct to Display (Surface  532 ,  iospbrorbit (3430) :Frame  3,982 :Surface  532 )"
66440862000,16633708,Display 1,529,"Direct to Display (Surface  529 ,  iospbrorbit (3430) :Frame  3,983 :Surface  529 )"
66457495708,16659958,Display 1,533,"Direct to Display (Surface  533 ,  iospbrorbit (3430) :Frame  3,984 :Surface  533 )"
66474155666,16644084,Display 1,532,"Direct to Display (Surface  532 ,  iospbrorbit (3430) :Frame  3,985 :Surface  532 )"
66490799750,16651708,Display 1,529,"Direct to Display (Surface  529 ,  iospbrorbit (3430) :Frame  3,986 :Surface  529 )"
66507451458,16652875,Display 1,533,"Direct to Display (Surface  533 ,  iospbrorbit (3430) :Frame  3,987 :Surface  533 )"
66524104333,16654125,Display 1,532,"Direct to Display (Surface  532 ,  iospbrorbit (3430) :Frame  3,988 :Surface  532 )"
66540758458,16648500,Display 1,529,"Direct to Display (Surface  529 ,  iospbrorbit (3430) :Frame  3,989 :Surface  529 )"
66557406958,16645292,Display 1,533,"Direct to Display (Surface  533 ,  iospbrorbit (3430) :Frame  3,990 :Surface  533 )"
66574052250,16646875,Display 1,532,"Direct to Display (Surface  532 ,  iospbrorbit (3430) :Frame  3,991 :Surface  532 )"
66590699125,16652750,Display 1,529,"Direct to Display (Surface  529 ,  iospbrorbit (3430) :Frame  3,992 :Surface  529 )"
66607351875,16643583,Display 1,533,"Direct to Display (Surface  533 ,  iospbrorbit (3430) :Frame  3,993 :Surface  533 )"
66623995458,16644292,Display 1,532,"Direct to Display (Surface  532 ,  iospbrorbit (3430) :Frame  3,994 :Surface  532 )"
66640639750,16649750,Display 1,529,"Direct to Display (Surface  529 ,  iospbrorbit (3430) :Frame  3,995 :Surface  529 )"
66657289500,16658625,Display 1,533,"Direct to Display (Surface  533 ,  iospbrorbit (3430) :Frame  3,996 :Surface  533 )"
66673948125,16647208,Display 1,532,"Direct to Display (Surface  532 ,  iospbrorbit (3430) :Frame  3,997 :Surface  532 )"
66690595333,16633042,Display 1,529,"Direct to Display (Surface  529 ,  iospbrorbit (3430) :Frame  3,998 :Surface  529 )"
66707228375,16662500,Display 1,533,"Direct to Display (Surface  533 ,  iospbrorbit (3430) :Frame  3,999 :Surface  533 )"
66723890875,16637583,Display 1,532,"Direct to Display (Surface  532 ,  iospbrorbit (3430) :Frame  4,000 :Surface  532 )"
66740528458,16650375,Display 1,529,"Direct to Display (Surface  529 ,  iospbrorbit (3430) :Frame  4,001 :Surface  529 )"
66757178833,16645250,Display 1,533,"Direct to Display (Surface  533 ,  iospbrorbit (3430) :Frame  4,002 :Surface  533 )"
66773824083,16652875,Display 1,532,"Direct to Display (Surface  532 ,  iospbrorbit (3430) :Frame  4,003 :Surface  532 )"
66790476958,16648875,Display 1,529,"Direct to Display (Surface  529 ,  iospbrorbit (3430) :Frame  4,004 :Surface  529 )"
66807125833,16646750,Display 1,533,"Direct to Display (Surface  533 ,  iospbrorbit (3430) :Frame  4,005 :Surface  533 )"
66823772583,16644625,Display 1,532,"Direct to Display (Surface  532 ,  iospbrorbit (3430) :Frame  4,006 :Surface  532 )"
66840417208,16647417,Display 1,529,"Direct to Display (Surface  529 ,  iospbrorbit (3430) :Frame  4,007 :Surface  529 )"
66857064625,16651708,Display 1,533,"Direct to Display (Surface  533 ,  iospbrorbit (3430) :Frame  4,008 :Surface  533 )"
66873716333,16644542,Display 1,532,"Direct to Display (Surface  532 ,  iospbrorbit (3430) :Frame  4,009 :Surface  532 )"
66890360875,16649708,Display 1,529,"Direct to Display (Surface  529 ,  iospbrorbit (3430) :Frame  4,010 :Surface  529 )"
66907010583,16646250,Display 1,533,"Direct to Display (Surface  533 ,  iospbrorbit (3430) :Frame  4,011 :Surface  533 )"
66923656833,16648167,Display 1,532,"Direct to Display (Surface  532 ,  iospbrorbit (3430) :Frame  4,012 :Surface  532 )"
66940305000,16649625,Display 1,529,"Direct to Display (Surface  529 ,  iospbrorbit (3430) :Frame  4,013 :Surface  529 )"
66956954625,16649666,Display 1,533,"Direct to Display (Surface  533 ,  iospbrorbit (3430) :Frame  4,014 :Surface  533 )"
66973604291,16648667,Display 1,532,"Direct to Display (Surface  532 ,  iospbrorbit (3430) :Frame  4,015 :Surface  532 )"
66990252958,16643208,Display 1,529,"Direct to Display (Surface  529 ,  iospbrorbit (3430) :Frame  4,016 :Surface  529 )"
67006896166,16661042,Display 1,533,"Direct to Display (Surface  533 ,  iospbrorbit (3430) :Frame  4,017 :Surface  533 )"
67023557208,16643292,Display 1,532,"Direct to Display (Surface  532 ,  iospbrorbit (3430) :Frame  4,018 :Surface  532 )"
67040200500,16650583,Display 1,529,"Direct to Display (Surface  529 ,  iospbrorbit (3430) :Frame  4,019 :Surface  529 )"
67056851083,16656042,Display 1,533,"Direct to Display (Surface  533 ,  iospbrorbit (3430) :Frame  4,020 :Surface  533 )"
67073507125,16640708,Display 1,532,"Direct to Display (Surface  532 ,  iospbrorbit (3430) :Frame  4,021 :Surface  532 )"
67090147833,16644750,Display 1,529,"Direct to Display (Surface  529 ,  iospbrorbit (3430) :Frame  4,022 :Surface  529 )"
67106792583,16663042,Display 1,533,"Direct to Display (Surface  533 ,  iospbrorbit (3430) :Frame  4,023 :Surface  533 )"
67123455625,16649166,Display 1,532,"Direct to Display (Surface  532 ,  iospbrorbit (3430) :Frame  4,024 :Surface  532 )"
67140104791,16645459,Display 1,529,"Direct to Display (Surface  529 ,  iospbrorbit (3430) :Frame  4,025 :Surface  529 )"
67156750250,16646916,Display 1,533,"Direct to Display (Surface  533 ,  iospbrorbit (3430) :Frame  4,026 :Surface  533 )"
67173397166,16647292,Display 1,532,"Direct to Display (Surface  532 ,  iospbrorbit (3430) :Frame  4,027 :Surface  532 )"
67190044458,16653292,Display 1,529,"Direct to Display (Surface  529 ,  iospbrorbit (3430) :Frame  4,028 :Surface  529 )"
67206697750,16643708,Display 1,533,"Direct to Display (Surface  533 ,  iospbrorbit (3430) :Frame  4,029 :Surface  533 )"
67223341458,16642875,Display 1,532,"Direct to Display (Surface  532 ,  iospbrorbit (3430) :Frame  4,030 :Surface  532 )"
67239984333,16658375,Display 1,529,"Direct to Display (Surface  529 ,  iospbrorbit (3430) :Frame  4,031 :Surface  529 )"
67256642708,16642708,Display 1,533,"Direct to Display (Surface  533 ,  iospbrorbit (3430) :Frame  4,032 :Surface  533 )"
67273285416,16649167,Display 1,532,"Direct to Display (Surface  532 ,  iospbrorbit (3430) :Frame  4,033 :Surface  532 )"
67289934583,16652417,Display 1,529,"Direct to Display (Surface  529 ,  iospbrorbit (3430) :Frame  4,034 :Surface  529 )"
67306587000,16649083,Display 1,533,"Direct to Display (Surface  533 ,  iospbrorbit (3430) :Frame  4,035 :Surface  533 )"
67323236083,16653833,Display 1,532,"Direct to Display (Surface  532 ,  iospbrorbit (3430) :Frame  4,036 :Surface  532 )"
67339889916,16637084,Display 1,529,"Direct to Display (Surface  529 ,  iospbrorbit (3430) :Frame  4,037 :Surface  529 )"
67356527000,16649125,Display 1,533,"Direct to Display (Surface  533 ,  iospbrorbit (3430) :Frame  4,038 :Surface  533 )"
67373176125,16649125,Display 1,532,"Direct to Display (Surface  532 ,  iospbrorbit (3430) :Frame  4,039 :Surface  532 )"
67389825250,16646416,Display 1,529,"Direct to Display (Surface  529 ,  iospbrorbit (3430) :Frame  4,040 :Surface  529 )"
67406471666,16647542,Display 1,533,"Direct to Display (Surface  533 ,  iospbrorbit (3430) :Frame  4,041 :Surface  533 )"
67423119208,16649333,Display 1,532,"Direct to Display (Surface  532 ,  iospbrorbit (3430) :Frame  4,042 :Surface  532 )"
67439768541,16648500,Display 1,529,"Direct to Display (Surface  529 ,  iospbrorbit (3430) :Frame  4,043 :Surface  529 )"
67456417041,16643292,Display 1,533,"Direct to Display (Surface  533 ,  iospbrorbit (3430) :Frame  4,044 :Surface  533 )"
67473060333,16654875,Display 1,532,"Direct to Display (Surface  532 ,  iospbrorbit (3430) :Frame  4,045 :Surface  532 )"
67489715208,16656000,Display 1,529,"Direct to Display (Surface  529 ,  iospbrorbit (3430) :Frame  4,046 :Surface  529 )"
67506371208,16642000,Display 1,533,"Direct to Display (Surface  533 ,  iospbrorbit (3430) :Frame  4,047 :Surface  533 )"
67523013208,16651375,Display 1,532,"Direct to Display (Surface  532 ,  iospbrorbit (3430) :Frame  4,048 :Surface  532 )"
67539664583,16647458,Display 1,529,"Direct to Display (Surface  529 ,  iospbrorbit (3430) :Frame  4,049 :Surface  529 )"
67556312041,16646334,Display 1,533,"Direct to Display (Surface  533 ,  iospbrorbit (3430) :Frame  4,050 :Surface  533 )"
67572958375,16659875,Display 1,532,"Direct to Display (Surface  532 ,  iospbrorbit (3430) :Frame  4,051 :Surface  532 )"
67589618250,16644291,Display 1,529,"Direct to Display (Surface  529 ,  iospbrorbit (3430) :Frame  4,052 :Surface  529 )"
67606262541,16648459,Display 1,533,"Direct to Display (Surface  533 ,  iospbrorbit (3430) :Frame  4,053 :Surface  533 )"
67622911000,16650208,Display 1,532,"Direct to Display (Surface  532 ,  iospbrorbit (3430) :Frame  4,054 :Surface  532 )"
67639561208,16651917,Display 1,529,"Direct to Display (Surface  529 ,  iospbrorbit (3430) :Frame  4,055 :Surface  529 )"
67656213125,16643000,Display 1,533,"Direct to Display (Surface  533 ,  iospbrorbit (3430) :Frame  4,056 :Surface  533 )"
67672856125,16647166,Display 1,532,"Direct to Display (Surface  532 ,  iospbrorbit (3430) :Frame  4,057 :Surface  532 )"
67689503291,16643042,Display 1,529,"Direct to Display (Surface  529 ,  iospbrorbit (3430) :Frame  4,058 :Surface  529 )"
67706146333,16650458,Display 1,533,"Direct to Display (Surface  533 ,  iospbrorbit (3430) :Frame  4,059 :Surface  533 )"
67722796791,16651250,Display 1,532,"Direct to Display (Surface  532 ,  iospbrorbit (3430) :Frame  4,060 :Surface  532 )"
67739448041,16642667,Display 1,529,"Direct to Display (Surface  529 ,  iospbrorbit (3430) :Frame  4,061 :Surface  529 )"
67756090708,16643083,Display 1,533,"Direct to Display (Surface  533 ,  iospbrorbit (3430) :Frame  4,062 :Surface  533 )"
67772733791,16663500,Display 1,532,"Direct to Display (Surface  532 ,  iospbrorbit (3430) :Frame  4,063 :Surface  532 )"
67789397291,16641709,Display 1,529,"Direct to Display (Surface  529 ,  iospbrorbit (3430) :Frame  4,064 :Surface  529 )"
67806039000,16650666,Display 1,533,"Direct to Display (Surface  533 ,  iospbrorbit (3430) :Frame  4,065 :Surface  533 )"
67822689666,16645209,Display 1,532,"Direct to Display (Surface  532 ,  iospbrorbit (3430) :Frame  4,066 :Surface  532 )"
67839334875,16641750,Display 1,529,"Direct to Display (Surface  529 ,  iospbrorbit (3430) :Frame  4,067 :Surface  529 )"
67855976625,16662041,Display 1,533,"Direct to Display (Surface  533 ,  iospbrorbit (3430) :Frame  4,068 :Surface  533 )"
67872638666,16640084,Display 1,532,"Direct to Display (Surface  532 ,  iospbrorbit (3430) :Frame  4,069 :Surface  532 )"
67889278750,16645291,Display 1,529,"Direct to Display (Surface  529 ,  iospbrorbit (3430) :Frame  4,070 :Surface  529 )"
67905924041,16658125,Display 1,533,"Direct to Display (Surface  533 ,  iospbrorbit (3430) :Frame  4,071 :Surface  533 )"
67922582166,16651209,Display 1,532,"Direct to Display (Surface  532 ,  iospbrorbit (3430) :Frame  4,072 :Surface  532 )"
67939233375,16638333,Display 1,529,"Direct to Display (Surface  529 ,  iospbrorbit (3430) :Frame  4,073 :Surface  529 )"
67955871708,16647625,Display 1,533,"Direct to Display (Surface  533 ,  iospbrorbit (3430) :Frame  4,074 :Surface  533 )"
67972519333,16647625,Display 1,532,"Direct to Display (Surface  532 ,  iospbrorbit (3430) :Frame  4,075 :Surface  532 )"
67989166958,16646750,Display 1,529,"Direct to Display (Surface  529 ,  iospbrorbit (3430) :Frame  4,076 :Surface  529 )"
68005813708,16646625,Display 1,533,"Direct to Display (Surface  533 ,  iospbrorbit (3430) :Frame  4,077 :Surface  533 )"
68022460333,16645375,Display 1,532,"Direct to Display (Surface  532 ,  iospbrorbit (3430) :Frame  4,078 :Surface  532 )"
68039105708,16646958,Display 1,529,"Direct to Display (Surface  529 ,  iospbrorbit (3430) :Frame  4,079 :Surface  529 )"
68055752666,16654917,Display 1,533,"Direct to Display (Surface  533 ,  iospbrorbit (3430) :Frame  4,080 :Surface  533 )"
68072407583,16636833,Display 1,532,"Direct to Display (Surface  532 ,  iospbrorbit (3430) :Frame  4,081 :Surface  532 )"
68089044416,16656917,Display 1,529,"Direct to Display (Surface  529 ,  iospbrorbit (3430) :Frame  4,082 :Surface  529 )"
68105701333,16654750,Display 1,533,"Direct to Display (Surface  533 ,  iospbrorbit (3430) :Frame  4,083 :Surface  533 )"
68122356083,16649000,Display 1,532,"Direct to Display (Surface  532 ,  iospbrorbit (3430) :Frame  4,084 :Surface  532 )"
68139005083,16647833,Display 1,529,"Direct to Display (Surface  529 ,  iospbrorbit (3430) :Frame  4,085 :Surface  529 )"
68155652916,16642917,Display 1,533,"Direct to Display (Surface  533 ,  iospbrorbit (3430) :Frame  4,086 :Surface  533 )"
68172295833,16644833,Display 1,532,"Direct to Display (Surface  532 ,  iospbrorbit (3430) :Frame  4,087 :Surface  532 )"
68188940666,16653125,Display 1,529,"Direct to Display (Surface  529 ,  iospbrorbit (3430) :Frame  4,088 :Surface  529 )"
68205593791,16646875,Display 1,533,"Direct to Display (Surface  533 ,  iospbrorbit (3430) :Frame  4,089 :Surface  533 )"
68222240666,16646959,Display 1,532,"Direct to Display (Surface  532 ,  iospbrorbit (3430) :Frame  4,090 :Surface  532 )"
68238887625,16646958,Display 1,529,"Direct to Display (Surface  529 ,  iospbrorbit (3430) :Frame  4,091 :Surface  529 )"
68255534583,16654125,Display 1,533,"Direct to Display (Surface  533 ,  iospbrorbit (3430) :Frame  4,092 :Surface  533 )"
68272188708,16636000,Display 1,532,"Direct to Display (Surface  532 ,  iospbrorbit (3430) :Frame  4,093 :Surface  532 )"
68288824708,16649833,Display 1,529,"Direct to Display (Surface  529 ,  iospbrorbit (3430) :Frame  4,094 :Surface  529 )"
68305474541,16652334,Display 1,533,"Direct to Display (Surface  533 ,  iospbrorbit (3430) :Frame  4,095 :Surface  533 )"
68322126875,16654666,Display 1,532,"Direct to Display (Surface  532 ,  iospbrorbit (3430) :Frame  4,096 :Surface  532 )"
68338781541,16643875,Display 1,529,"Direct to Display (Surface  529 ,  iospbrorbit (3430) :Frame  4,097 :Surface  529 )"
68355425416,16648500,Display 1,533,"Direct to Display (Surface  533 ,  iospbrorbit (3430) :Frame  4,098 :Surface  533 )"
68372073916,16653625,Display 1,532,"Direct to Display (Surface  532 ,  iospbrorbit (3430) :Frame  4,099 :Surface  532 )"
68388727541,16647917,Display 1,529,"Direct to Display (Surface  529 ,  iospbrorbit (3430) :Frame  4,100 :Surface  529 )"
68405375458,16646375,Display 1,533,"Direct to Display (Surface  533 ,  iospbrorbit (3430) :Frame  4,101 :Surface  533 )"
68422021833,16644875,Display 1,532,"Direct to Display (Surface  532 ,  iospbrorbit (3430) :Frame  4,102 :Surface  532 )"
68438666708,16658042,Display 1,529,"Direct to Display (Surface  529 ,  iospbrorbit (3430) :Frame  4,103 :Surface  529 )"
68455324750,16644000,Display 1,533,"Direct to Display (Surface  533 ,  iospbrorbit (3430) :Frame  4,104 :Surface  533 )"
68471968750,16647958,Display 1,532,"Direct to Display (Surface  532 ,  iospbrorbit (3430) :Frame  4,105 :Surface  532 )"
68488616708,16640958,Display 1,529,"Direct to Display (Surface  529 ,  iospbrorbit (3430) :Frame  4,106 :Surface  529 )"
68505257666,16644500,Display 1,533,"Direct to Display (Surface  533 ,  iospbrorbit (3430) :Frame  4,107 :Surface  533 )"
68521902166,16659792,Display 1,532,"Direct to Display (Surface  532 ,  iospbrorbit (3430) :Frame  4,108 :Surface  532 )"
68538561958,16641625,Display 1,529,"Direct to Display (Surface  529 ,  iospbrorbit (3430) :Frame  4,109 :Surface  529 )"
68555203583,16642125,Display 1,533,"Direct to Display (Surface  533 ,  iospbrorbit (3430) :Frame  4,110 :Surface  533 )"
68571845708,16655917,Display 1,532,"Direct to Display (Surface  532 ,  iospbrorbit (3430) :Frame  4,111 :Surface  532 )"
68588501625,16640000,Display 1,529,"Direct to Display (Surface  529 ,  iospbrorbit (3430) :Frame  4,112 :Surface  529 )"
68605141625,16655833,Display 1,533,"Direct to Display (Surface  533 ,  iospbrorbit (3430) :Frame  4,113 :Surface  533 )"
68621797458,16648375,Display 1,532,"Direct to Display (Surface  532 ,  iospbrorbit (3430) :Frame  4,114 :Surface  532 )"
68638445833,16646583,Display 1,529,"Direct to Display (Surface  529 ,  iospbrorbit (3430) :Frame  4,115 :Surface  529 )"
68655092416,16652792,Display 1,533,"Direct to Display (Surface  533 ,  iospbrorbit (3430) :Frame  4,116 :Surface  533 )"
68671745208,16644417,Display 1,532,"Direct to Display (Surface  532 ,  iospbrorbit (3430) :Frame  4,117 :Surface  532 )"
68688389625,16652666,Display 1,529,"Direct to Display (Surface  529 ,  iospbrorbit (3430) :Frame  4,118 :Surface  529 )"
68705042291,16641250,Display 1,533,"Direct to Display (Surface  533 ,  iospbrorbit (3430) :Frame  4,119 :Surface  533 )"
68721683541,16641667,Display 1,532,"Direct to Display (Surface  532 ,  iospbrorbit (3430) :Frame  4,120 :Surface  532 )"
68738325208,16653625,Display 1,529,"Direct to Display (Surface  529 ,  iospbrorbit (3430) :Frame  4,121 :Surface  529 )"
68754978833,16654958,Display 1,533,"Direct to Display (Surface  533 ,  iospbrorbit (3430) :Frame  4,122 :Surface  533 )"
68771633791,16642375,Display 1,532,"Direct to Display (Surface  532 ,  iospbrorbit (3430) :Frame  4,123 :Surface  532 )"
68788276166,33296500,Display 1,529,"Direct to Display (Surface  529 ,  iospbrorbit (3430) :Frame  4,124 :Surface  529 )"
68821572666,16647500,Display 1,532,"Direct to Display (Surface  532 ,  iospbrorbit (3430) :Frame  4,126 :Surface  532 )"
68838220166,16641292,Display 1,529,"Direct to Display (Surface  529 ,  iospbrorbit (3430) :Frame  4,127 :Surface  529 )"
68854861458,16657708,Display 1,533,"Direct to Display (Surface  533 ,  iospbrorbit (3430) :Frame  4,128 :Surface  533 )"
68871519166,16639750,Display 1,532,"Direct to Display (Surface  532 ,  iospbrorbit (3430) :Frame  4,129 :Surface  532 )"
68888158916,16653709,Display 1,529,"Direct to Display (Surface  529 ,  iospbrorbit (3430) :Frame  4,130 :Surface  529 )"
68904812625,16643583,Display 1,533,"Direct to Display (Surface  533 ,  iospbrorbit (3430) :Frame  4,131 :Surface  533 )"
68921456208,16648333,Display 1,532,"Direct to Display (Surface  532 ,  iospbrorbit (3430) :Frame  4,132 :Surface  532 )"
68938104541,16663792,Display 1,529,"Direct to Display (Surface  529 ,  iospbrorbit (3430) :Frame  4,133 :Surface  529 )"
68954768333,16634792,Display 1,533,"Direct to Display (Surface  533 ,  iospbrorbit (3430) :Frame  4,134 :Surface  533 )"
68971403125,16655166,Display 1,532,"Direct to Display (Surface  532 ,  iospbrorbit (3430) :Frame  4,135 :Surface  532 )"
68988058291,16650209,Display 1,529,"Direct to Display (Surface  529 ,  iospbrorbit (3430) :Frame  4,136 :Surface  529 )"
69004708500,16642416,Display 1,533,"Direct to Display (Surface  533 ,  iospbrorbit (3430) :Frame  4,137 :Surface  533 )"
69021350916,16655000,Display 1,532,"Direct to Display (Surface  532 ,  iospbrorbit (3430) :Frame  4,138 :Surface  532 )"
69038005916,16648459,Display 1,529,"Direct to Display (Surface  529 ,  iospbrorbit (3430) :Frame  4,139 :Surface  529 )"
69054654375,16649791,Display 1,533,"Direct to Display (Surface  533 ,  iospbrorbit (3430) :Frame  4,140 :Surface  533 )"
69071304166,16649000,Display 1,532,"Direct to Display (Surface  532 ,  iospbrorbit (3430) :Frame  4,141 :Surface  532 )"
69087953166,16651375,Display 1,529,"Direct to Display (Surface  529 ,  iospbrorbit (3430) :Frame  4,142 :Surface  529 )"
69104604541,16645792,Display 1,533,"Direct to Display (Surface  533 ,  iospbrorbit (3430) :Frame  4,143 :Surface  533 )"
69121250333,16652792,Display 1,532,"Direct to Display (Surface  532 ,  iospbrorbit (3430) :Frame  4,144 :Surface  532 )"
69137903125,16637125,Display 1,529,"Direct to Display (Surface  529 ,  iospbrorbit (3430) :Frame  4,145 :Surface  529 )"
69154540250,16654458,Display 1,533,"Direct to Display (Surface  533 ,  iospbrorbit (3430) :Frame  4,146 :Surface  533 )"
69171194708,16646292,Display 1,532,"Direct to Display (Surface  532 ,  iospbrorbit (3430) :Frame  4,147 :Surface  532 )"
69187841000,16642375,Display 1,529,"Direct to Display (Surface  529 ,  iospbrorbit (3430) :Frame  4,148 :Surface  529 )"
69204483375,16657708,Display 1,533,"Direct to Display (Surface  533 ,  iospbrorbit (3430) :Frame  4,149 :Surface  533 )"
69221141083,16646833,Display 1,532,"Direct to Display (Surface  532 ,  iospbrorbit (3430) :Frame  4,150 :Surface  532 )"
69237787916,16645459,Display 1,529,"Direct to Display (Surface  529 ,  iospbrorbit (3430) :Frame  4,151 :Surface  529 )"
69254433375,16653041,Display 1,533,"Direct to Display (Surface  533 ,  iospbrorbit (3430) :Frame  4,152 :Surface  533 )"
69271086416,16644125,Display 1,532,"Direct to Display (Surface  532 ,  iospbrorbit (3430) :Frame  4,153 :Surface  532 )"
69287730541,16653042,Display 1,529,"Direct to Display (Surface  529 ,  iospbrorbit (3430) :Frame  4,154 :Surface  529 )"
69304383583,16643125,Display 1,533,"Direct to Display (Surface  533 ,  iospbrorbit (3430) :Frame  4,155 :Surface  533 )"
69321026708,16656792,Display 1,532,"Direct to Display (Surface  532 ,  iospbrorbit (3430) :Frame  4,156 :Surface  532 )"
69337683500,16632541,Display 1,529,"Direct to Display (Surface  529 ,  iospbrorbit (3430) :Frame  4,157 :Surface  529 )"
69354316041,16647667,Display 1,533,"Direct to Display (Surface  533 ,  iospbrorbit (3430) :Frame  4,158 :Surface  533 )"
69370963708,16651875,Display 1,532,"Direct to Display (Surface  532 ,  iospbrorbit (3430) :Frame  4,159 :Surface  532 )"
69387615583,16646542,Display 1,529,"Direct to Display (Surface  529 ,  iospbrorbit (3430) :Frame  4,160 :Surface  529 )"
69404262125,16652458,Display 1,533,"Direct to Display (Surface  533 ,  iospbrorbit (3430) :Frame  4,161 :Surface  533 )"
69420914583,16640708,Display 1,532,"Direct to Display (Surface  532 ,  iospbrorbit (3430) :Frame  4,162 :Surface  532 )"
69437555291,16645792,Display 1,529,"Direct to Display (Surface  529 ,  iospbrorbit (3430) :Frame  4,163 :Surface  529 )"
69454201083,16648125,Display 1,533,"Direct to Display (Surface  533 ,  iospbrorbit (3430) :Frame  4,164 :Surface  533 )"
69470849208,16641167,Display 1,532,"Direct to Display (Surface  532 ,  iospbrorbit (3430) :Frame  4,165 :Surface  532 )"
69487490375,16650958,Display 1,529,"Direct to Display (Surface  529 ,  iospbrorbit (3430) :Frame  4,166 :Surface  529 )"
69504141333,16648875,Display 1,533,"Direct to Display (Surface  533 ,  iospbrorbit (3430) :Frame  4,167 :Surface  533 )"
69520790208,16645833,Display 1,532,"Direct to Display (Surface  532 ,  iospbrorbit (3430) :Frame  4,168 :Surface  532 )"
69537436041,16649459,Display 1,529,"Direct to Display (Surface  529 ,  iospbrorbit (3430) :Frame  4,169 :Surface  529 )"
69554085500,16648000,Display 1,533,"Direct to Display (Surface  533 ,  iospbrorbit (3430) :Frame  4,170 :Surface  533 )"
69570733500,16653166,Display 1,532,"Direct to Display (Surface  532 ,  iospbrorbit (3430) :Frame  4,171 :Surface  532 )"
69587386666,16635875,Display 1,529,"Direct to Display (Surface  529 ,  iospbrorbit (3430) :Frame  4,172 :Surface  529 )"
69604022541,16648209,Display 1,533,"Direct to Display (Surface  533 ,  iospbrorbit (3430) :Frame  4,173 :Surface  533 )"
69620670750,16655125,Display 1,532,"Direct to Display (Surface  532 ,  iospbrorbit (3430) :Frame  4,174 :Surface  532 )"
69637325875,16648000,Display 1,529,"Direct to Display (Surface  529 ,  iospbrorbit (3430) :Frame  4,175 :Surface  529 )"
69653973875,16647833,Display 1,533,"Direct to Display (Surface  533 ,  iospbrorbit (3430) :Frame  4,176 :Surface  533 )"
69670621708,16644000,Display 1,532,"Direct to Display (Surface  532 ,  iospbrorbit (3430) :Frame  4,177 :Surface  532 )"
69687265708,16647958,Display 1,529,"Direct to Display (Surface  529 ,  iospbrorbit (3430) :Frame  4,178 :Surface  529 )"
69703913666,16648459,Display 1,533,"Direct to Display (Surface  533 ,  iospbrorbit (3430) :Frame  4,179 :Surface  533 )"
69720562125,16662750,Display 1,532,"Direct to Display (Surface  532 ,  iospbrorbit (3430) :Frame  4,180 :Surface  532 )"
69737224875,16647000,Display 1,529,"Direct to Display (Surface  529 ,  iospbrorbit (3430) :Frame  4,181 :Surface  529 )"
69753871875,16638541,Display 1,533,"Direct to Display (Surface  533 ,  iospbrorbit (3430) :Frame  4,182 :Surface  533 )"
69770510416,16647750,Display 1,532,"Direct to Display (Surface  532 ,  iospbrorbit (3430) :Frame  4,183 :Surface  532 )"
69787158166,16647417,Display 1,529,"Direct to Display (Surface  529 ,  iospbrorbit (3430) :Frame  4,184 :Surface  529 )"
69803805583,16647125,Display 1,533,"Direct to Display (Surface  533 ,  iospbrorbit (3430) :Frame  4,185 :Surface  533 )"
69820452708,16644375,Display 1,532,"Direct to Display (Surface  532 ,  iospbrorbit (3430) :Frame  4,186 :Surface  532 )"
69837097083,16655667,Display 1,529,"Direct to Display (Surface  529 ,  iospbrorbit (3430) :Frame  4,187 :Surface  529 )"
69853752750,16656708,Display 1,533,"Direct to Display (Surface  533 ,  iospbrorbit (3430) :Frame  4,188 :Surface  533 )"
69870409458,16640125,Display 1,532,"Direct to Display (Surface  532 ,  iospbrorbit (3430) :Frame  4,189 :Surface  532 )"
69887049583,16646458,Display 1,529,"Direct to Display (Surface  529 ,  iospbrorbit (3430) :Frame  4,190 :Surface  529 )"
69903696041,16648292,Display 1,533,"Direct to Display (Surface  533 ,  iospbrorbit (3430) :Frame  4,191 :Surface  533 )"
69920344333,16648208,Display 1,532,"Direct to Display (Surface  532 ,  iospbrorbit (3430) :Frame  4,192 :Surface  532 )"
69936992541,16647625,Display 1,529,"Direct to Display (Surface  529 ,  iospbrorbit (3430) :Frame  4,193 :Surface  529 )"
69953640166,16642667,Display 1,533,"Direct to Display (Surface  533 ,  iospbrorbit (3430) :Frame  4,194 :Surface  533 )"
69970282833,16653875,Display 1,532,"Direct to Display (Surface  532 ,  iospbrorbit (3430) :Frame  4,195 :Surface  532 )"
69986936708,16648625,Display 1,529,"Direct to Display (Surface  529 ,  iospbrorbit (3430) :Frame  4,196 :Surface  529 )"
